no,UID,no_spk,title_spk,date_spk,vendor,kapal_spk,del_time,franco_spk,syarat_bayar,transport_spk,discount_spk,received,place_rec,no_rec,date_rec,status,inv_date,paid_date,status_proc,datesent_email,del_agree,type_spk,odoo,sent_type,sent_fee,sent_loc,sent_ket,logger,datelog,reim_trns,conn_inv,dirpek,investment,target_ai,docking,payment,terminpaid,date_paid,real_spksentdate,agreed_receiptdate,ket_revdate,noOFterm,invoicenom,monitor_recv,date_update_rec
1,DAr@U$zJyxO3qf!8uHkiaN5eV,0376.SPK/BA.17/BA010102/2024,Pengadaan Battery Accu,2024-02-20,1,21,2,,,,0,full,,,2024-02-23,inv2,2025-01-29,,proc,2024-02-20,,,,,,,,,,,0,,,,,paid,,,,,,0,0,,
2,OfqKPGa$lbWkv5tYhj9uUeirI,0375.SPK/BA.17/BA010102/2024,Pengadaan Obat-Obatan,2024-02-20,1,,2,,,,0,full,,,,inv,,,proc,2024-02-20,,,,,,,,,,,0,,,,,paid,,,,,,0,0,,
3,XwI4b6ZfNO$S37eWitsxuV)dq,0344.SPK/BA.17/BA010102/2024,Pengadaan Running Store,2024-02-15,2,21,7,,,,0,full,,,2024-02-27,inv,,,proc,2024-02-15,,,,,,,,,,,0,,,,,paid,,,,,,0,0,,
4,rlpL@V8eMYnXHE*fJQujK!Uy),0345.SPK/BA.17/BA010102/2024,Pengadaan Running Store,2024-02-15,3,21,10,"PT Pelayaran Bahtera Adhiguna, Jl. Kalibesar Timur No. 10-12. Jakarta Barat",,0,0,full,,,,inv2,2025-01-28,,,2024-02-15,,,,,,,,,,,0,,,,,paid,,,,,,0,0,,
5,f6N9!@xBnLzOSPZh0wG8abquV,0300.SPK/BA.17/BA010102/2024,Pengadaan Material Cat,2024-02-07,4,21,13,,,,0,full,,,,inv2,2025-01-21,,proc,2024-02-07,,,,,,,,,,,0,,,,,paid,,,,,,0,0,,
6,*JI8rGl7ikL^AaNpMVH1(nqT%,0343.SPK/BA.17/BA010102/2024,Pengadaan Buku IAMSAR Volume III,2024-02-07,6,23,7,,,,0,full,,,,inv2,2025-01-28,,proc,2024-02-15,,,,,,,,,,,0,,,,,paid,,,,,,0,0,,
7,Q@Iv5P*oNxYg6VS2iZz!hltDe,0342.SPK/BA.17/BA010102/2024,Pengadaan Material Cat,2024-02-15,4,23,13,,,,0,full,,,,inv2,2025-01-28,,proc,2024-02-16,,,,,,,,,,,0,,,,,paid,,,,,,0,0,,
8,gAw2Ht9lIr8ik7@Kja4yQ*Sfh,0385.SPK/BA.17/BA010102/2024,Running Store,2024-02-20,1,,14,,,,0,full,,,,inv2,2025-01-29,,proc,2024-06-11,,,,,,,,,,,0,,,,,paid,,,,,,0,0,,
11,oz9$)VwAxLsdR!4BCjXJqyuT%,0393.SPK/BA.17/BA010102/2024,Pengadaan Tali Mooring,2024-02-22,2,3,7,PLTU Suralaya - Onboard MV. Rasuna Baruna,,3500000,0,full,,,,inv2,2025-01-29,,proc,2024-02-22,,,,,,,,,,,0,,,,,paid,,,,,,0,0,,
12,Hbp2v$(Nfl8q)oKJEGk6aBerZ,0384.SPK/BA.17/BA010102/2024,Running Store - Supply Pipa Hydraulic,2024-02-19,7,3,7,PLTU Piton - Onboard MV Rasuna Baruna,,0,0,full,,,,inv2,2025-01-29,,,2024-02-19,,,,,,,,,,,0,,,,,paid,,,,,,0,0,,
13,y$rf*gI!qHSpT3zFcCOoh40mP,0365.SPK/BA.17/BA010102/2024,Pengadaan AIS EPIRB,2024-02-19,9,20,3,"PT Pelayaran Bahtera Adhiguna, Jl. Kalibesar Timur No. 10-12. Jakarta Barat",,0,0,full,,,,inv2,2025-01-29,,,2024-02-19,,,,,,,,,,,0,,,,,paid,,,,,,0,0,,
14,@^n0ZhgpNVrEkG$qSb2IP)UW4,0356.SPK/BA.17/BA010102/2024,Pengadaan Wire Grab,2024-02-18,10,20,9,Kantor Agen PT Adhiguna Putera Cab. Pangkalan Susu,,0,0,full,,,,inv2,2025-01-28,,,2024-02-18,,,,,,,,,,,0,,,,,paid,,,,,,0,0,,
15,2mfPZJ9LETHokqaNKuxAsD()@,0351.SPK/BA.17/BA010102/2024,Pengadaan Sparepart OWS,2024-02-19,11,1,60,"PT Pelayaran Bahtera Adhiguna, Jl. Kalibesar Timur No. 10-12. Jakarta Barat",,0,0,full,,,,inv2,2025-01-28,,,2024-02-19,,,,,,,,,,,0,,,,,paid,,,,,,0,0,,
16,cPLS^pkDoWA(Ez9!b61F0UYmg,0335.SPK/BA.302/BA010102/2024,Running Store - Peta Indonesia,2024-02-15,1,3,2,"PT Pelayaran Bahtera Adhiguna, Jl. Kalibesar Timur No. 10-12. Jakarta Barat",,0,0,full,,,,inv2,2025-01-28,,proc,2024-02-15,,,,,,,,,,,0,,,,,paid,,,,,,0,0,,
17,5AIJ(^D3BZbo0xrtH*cNVkRa$,0328.SPK/BA.302/BA010102/2024,Pengadaan Sparepart LO Pump Assy.,2024-02-13,12,1,60,"PT Pelayaran Bahtera Adhiguna, Jl. Kalibesar Timur No. 10-12. Jakarta Barat",,0,0,full,,,,inv,,,,2024-02-13,,,,,,,,,,,0,,,,,paid,,,,,,0,0,,
18,0O5S(Vm!8NPCM$EZXARi7acql,0340.SPK/BA.17/BA010102/2024,Pengadaan Engine Consumables,2024-02-15,1,20,7,"PT Pelayaran Bahtera Adhiguna, Jl. Kalibesar Timur No. 10-12. Jakarta Barat",,0,0,full,,,,inv2,2025-01-28,,,2024-02-15,,,,,,,,,,,0,,,,,paid,,,,,,0,0,,
19,Qs%Ztb)wmM^pcTfYFkLrR!7nW,0296.SPK/BA.17/BA010102/2024,Pengadaan Running Store,2024-02-06,1,23,6,"PT Pelayaran Bahtera Adhiguna, Jl. Kalibesar Timur No. 10-12. Jakarta Barat",,0,0,full,,,,inv2,2025-01-21,,proc,2024-02-06,,,,,,,,,,,0,,,,,paid,,,,,,0,0,,
20,aI8q%v5knX@HO$uP*L)31C7Ye,0258.SPK/BA.302/BA010102/2024,Permintaan Bahan Bakar / Minyak Lumas,2024-02-05,1,4,14,"PT Pelayaran Bahtera Adhiguna, Jl. Kalibesar Timur No. 10-12. Jakarta Barat",,0,0,full,,,,inv2,2025-01-28,,,2024-02-05,,,,,,,,,,,0,,,,,paid,,,,,,0,0,,
21,T$moAdqS%JbFBHc9g1XEekW8D,0295.SPK/BA.17/BA010102/2024,Pengadaan Running Store,2024-02-06,2,23,15,"PT Pelayaran Bahtera Adhiguna, Jl. Kalibesar Timur No. 10-12. Jakarta Barat",,0,0,full,,,,inv2,2024-12-26,,proc,2024-02-06,,,,,,,,,,,0,,,,,paid,,,,,,0,0,,
22,fmQlHs19itaxV5vo^%AhG4Z80,0341.SPK/BA.17/BA010102/2024,Pengadaan Engine Consumables,2024-02-15,2,20,7,"PT Pelayaran Bahtera Adhiguna, Jl. Kalibesar Timur No. 10-12. Jakarta Barat",,0,0,full,,,,inv2,2025-01-28,,,2024-02-15,,,,,,,,,,,0,,,,,paid,,,,,,0,0,,
23,7BWK!tr8p^D(bkRO$AExyzPdT,0259.SPK/BA.17/BA010102/2024,Pengadaan Spare Parts ME,2024-01-05,17,7,10,"PT Pelayaran Bahtera Adhiguna, Jl. Kalibesar Timur No. 10-12. Jakarta Barat",,0,0,full,,,,inv,,,,2024-01-05,,,,,,,,,,,0,,,,,paid,,,,,,0,0,,
24,QAbF9g3R8KjOfd5G*YUoB)1Vm,0292.SPK/BA.17/BA010102/2024,Pengadaan Sparepart Air Cooler ME 6S-50 MC-C,2024-02-08,11,2,12,PT Pelayaran Bahtera Adhiguna Kantor Kota Tua,,0,0,full,,,,inv2,2025-01-21,,,2024-02-08,,,,,,,,,,,0,,,,,paid,,,,,,0,0,,
25,4aJze^RkVWUn$vpOm8sDdBT@A,0006.SPBJ/PR.103/BA010400/2024,Pengadaan Material Spare Part Aux Engine Daihatsu 5DC-17 MV Kartini Baruna,2024-02-02,12,1,180,"PT Pelayaran Bahtera Adhiguna, Jl. Kalibesar Timur No. 10-12. Jakarta Barat",,0,0,full,,,,inv2,,,,2024-02-02,,,log,,0,Jakarta,Kota Tua,,,,0,,,,,paid,,,,,,0,0,,
26,qn^gT5E!DM6KbAN*0UFrasJp8,0401.SPK/BA.17/BA010102/2024,Running Store,2024-02-21,24,6,7,"PT Pelayaran Bahtera Adhiguna, Jl. Kalibesar Timur No. 10-12. Jakarta Barat",,2000000,0,full,,,,inv2,2025-01-29,,,2024-02-21,,,,,,,,,,,0,,,,,paid,,,,,,0,0,,
27,s0uFDzEW*6lkIXodNv@5wVct4,0141.SPK/BA.17/BA010102/2024,Pengadaan Sparepart Screw Compressor,2024-01-19,32,17,21,Meutia Baruna,,0,0,full,,,,inv2,2025-01-21,,proc,,,,,,,,,,,,0,,,,,paid,,,,,,0,0,,
28,5yiF$vQV0jW8MKkCXpgbhz)7!,0274.SPK/BA.17/BA010102/2024,Pengadaan Running Store & Consumables,2024-01-08,2,16,7,"PT Pelayaran Bahtera Adhiguna, Jl. Kalibesar Timur No. 10-12. Jakarta Barat",,0,0,full,,,,inv2,2024-12-19,,proc,2024-01-08,,,,,,,,,,,0,,,,,paid,,,,,,0,0,,
29,xEsT69R5f*GIhgozk0Xb1Dj%Y,0386.SPK/BA.17/BA010102/2024,Running Store,2024-02-21,2,6,7,"PT Pelayaran Bahtera Adhiguna, Jl. Kalibesar Timur No. 10-12. Jakarta Barat",,0,0,full,,,,inv2,2025-01-29,,proc,2024-02-21,,,,,,,,,,,0,,,,,paid,,,,,,0,0,,
30,X2y0qeFT6(MU*SNa$us)h^igC,0299.SPK/BA.17/BA010102/2024,Pengadaan Running Store & Consumables,2024-02-07,2,7,7,"PT Pelayaran Bahtera Adhiguna, Jl. Kalibesar Timur No. 10-12. Jakarta Barat",,0,0,full,,,,inv2,2025-01-28,,proc,2024-02-07,,,,,,,,,,,0,,,,,paid,,,,,,0,0,,
31,bBa)AHKjS8C0gIPXerRiNMw1*,0400.SPK/BA.17/BA010102/2024,Running Store,2024-02-20,2,12,7,"PT Pelayaran Bahtera Adhiguna, Jl. Kalibesar Timur No. 10-12. Jakarta Barat",,0,0,full,,,,inv,,,proc,2024-02-20,,,,,,,,,,,0,,,,,paid,,,,,,0,0,,
32,O6ih5zr1$RKFVCAsvUYM*fWZG,0046a.SPK/BA.17/BA010102/2024,Pengadaan Running Store & Consumables,2024-01-08,10,16,14,"PT Pelayaran Bahtera Adhiguna, Jl. Kalibesar Timur No. 10-12. Jakarta Barat",,0,0,full,,,,inv,,,,,,,,,,,,,,,0,,,,,paid,,,,,,0,0,,
33,KT1Zz6B7Vb2aYn3FguIfyl8pv,0415.SPK/BA.17/BA010102/2024,Running Store Pengadaan Steel Pipe,2024-02-27,3,17,5,Meutia Baruna,,9000000,0,full,,,,inv2,2025-01-29,,,2024-02-27,,,,,,,,,,,0,,,,,paid,,,,,,0,0,,
34,mnOFDEau45iKjSf(9$gI673qQ,0432.SPK/BA.302/BA010102/2024,Pengadaan Spareparts AE & ME,2024-02-28,17,23,10,"PT Pelayaran Bahtera Adhiguna, Jl. Kalibesar Timur No. 10-12. Jakarta Barat",,0,0,full,,,,inv2,2025-01-29,,proc,2024-02-28,,,,,,,,,,,0,,,,,paid,,,,,,0,0,,
35,7oviKqyXuARrS6(PWtng^F5O1,0369.SPK/BA.17/BA010102/2024,Pengadaan Material Cat,2024-02-21,4,17,21,Meutia Baruna,,0,0,full,,,,inv2,2025-01-29,,,2024-02-21,,,,,,,,,,linked,3024,,,,,paid,,,,,,0,0,,
36,k*aIq69MtZ0sDrfdGQ5)gNFHv,0433.SPK/BA.17/BA010102/2024,Running Store,2024-02-28,2,6,7,"PT Pelayaran Bahtera Adhiguna, Jl. Kalibesar Timur No. 10-12. Jakarta Barat",,0,0,full,,,,inv2,2025-01-29,,proc,2024-02-28,,,,,,,,,,,0,,,,,paid,,,,,,0,0,,
37,kAFd)f3xeo$pm5laN1*MtED(8,0431.SPK/BA.17/BA010102/2024,Pengadaan Cat Kapal,2024-02-28,33,20,3,AGP Cab. Merak,,0,0,full,,,,inv2,2025-01-29,,,2024-02-28,,,,,,,,,,,0,,,,,paid,,,,,,0,0,,
38,M6$C9UiqhI@TyEx54ruJ3(QSa,0171.SPK/BA.17/BA010102/2024,Pengadaan Consumables,2024-01-25,21,4,7,"PT Pelayaran Bahtera Adhiguna, Jl. Kalibesar Timur No. 10-12. Jakarta Barat",,0,0,full,,,,inv2,,,,2024-01-25,,,,,,,,,,,0,,,,,paid,,,,,,0,0,,
39,qin18DAGTzaE6CUPuyJHL9sNS,0123.SPK/BA.17/BA010102/2024,Pengadaan Cat Jotun,2024-01-16,13,7,8,"PT Pelayaran Bahtera Adhiguna, Jl. Kalibesar Timur No. 10-12. Jakarta Barat",,0,0,full,,,,inv2,,,proc,2024-01-16,,,,,,,,,,,0,,,,,paid,,,,,,0,0,,
40,ZU3XYlMJb5!cFTSBOzryoV%DI,0198.SPK/BA.17/BA010102/2024,Pengadaan Running Store,2024-01-26,2,7,7,"PT Pelayaran Bahtera Adhiguna, Jl. Kalibesar Timur No. 10-12. Jakarta Barat",,0,0,full,,,,inv2,2024-12-26,,proc,2024-01-26,,,,,,,,,,,0,,,,,paid,,,,,,0,0,,
41,N8)!h6eLtsO7^KMX$Ea(YoA4u,0046d.SPK/BA.17/BA010102/2024,Pengadaan Running Store & Consumables,2024-01-08,10,21,14,"PT Pelayaran Bahtera Adhiguna, Jl. Kalibesar Timur No. 10-12. Jakarta Barat",,0,0,full,,,,inv,,,,,,,,,,,,,,,0,,,,,paid,,,,,,0,0,,
42,@5zwiF$NvOIU7gA86bL4Pa3C2,0046b.SPK/BA.17/BA010102/2024,Pengadaan Running Store & Consumables,2024-01-08,10,10,14,"PT Pelayaran Bahtera Adhiguna, Jl. Kalibesar Timur No. 10-12. Jakarta Barat",,0,0,full,,,,inv,,,,,,,,,,,,,,,0,,,,,paid,,,,,,0,0,,
43,sxEd6LHi9(XMRpK@g%UP!FJGA,0046c.SPK/BA.17/BA010102/2024,Pengadaan Running Store & Consumables,2024-01-08,10,23,14,"PT Pelayaran Bahtera Adhiguna, Jl. Kalibesar Timur No. 10-12. Jakarta Barat",,0,0,full,,,,inv,,,,,,,,,,,,,,,0,,,,,paid,,,,,,0,0,,
44,2Lk(WtyQJI@sU1DGh)5Cf6FuS,0184.SPK/BA.17/BA010102/2024,Pengadaan Running Store & Consumables,2024-01-25,10,29,7,"PT Pelayaran Bahtera Adhiguna, Jl. Kalibesar Timur No. 10-12. Jakarta Barat",,1300000,0,full,,,,inv,,,,,,,,,,,,,,,0,,,,,paid,,,,,,0,0,,
45,KUMFc)g2PW3DLGrnNjsm0JiI6,0435.SPK/BA.17/BA010102/2024,Pengadaan Spareparts Main Air Compressor Tanabe H-74,2024-02-29,17,7,18,"PT Pelayaran Bahtera Adhiguna, Jl. Kalibesar Timur No. 10-12. Jakarta Barat",,0,0,full,,,,inv2,2025-01-29,,proc,2024-02-29,,,,,,,,,,,0,,,,,paid,,,,,,0,0,,
46,kvw$6TF@e*fS9Qs1EVyRMHLlU,0476.SPK/BA.17/BA010102/2024,Pengadaan Sparepart Wire Luffing & Hoisting,2024-03-04,35,3,4,Onboard Rasuna Baruna,,0,0,full,,,,inv2,2025-01-29,,,2024-03-04,,,,,,,,,,,0,,,,,paid,,,,,,0,0,,
47,bU!tEZkMphfX*CHrd2g5lSjQT,0474.SPK/BA.17/BA010102/2024,Pengadaan HD Degreaser (Chemical),2024-03-01,1,21,2,PT BAg Kantor Kota Tua,,0,0,full,,,,inv2,2025-01-29,,proc,2024-03-01,,,,,,,,,,,0,,,,,paid,,,,,,0,0,,
48,*xJTS7oIj3AZ@rcg!sK$Pn4(F,0327.SPK/BA.104/BA010102/2024,Pengadaan Special Tool Ballast Water Treatment System,2024-02-13,36,20,30,Onboard Latifah Baruna,,5750000,0,full,,,,inv2,2024-12-26,,,2024-05-13,,,,,,,,,,,0,,,,,paid,,,,,,0,0,,
49,r!(tgQd6%YOnKHfm8$B^e0wb@,0478.SPK/BA.302/BA010102/2024,Sparepart Purifier Self Ejector,2024-03-04,11,16,7,"PT Pelayaran Bahtera Adhiguna, Jl. Kalibesar Timur No. 10-12. Jakarta Barat",,0,0,full,,,,inv2,2025-01-29,,proc,2024-03-07,,,,,,,,,,,0,,,,,paid,,,,,,0,0,,
50,KBAF%k!nqY$eHOJjLc(8C^d*t,0203.SPK/BA.17/BA010102/2024,Pengadaan Air Motor,2024-01-29,37,1,30,"PT Pelayaran Bahtera Adhiguna, Jl. Kalibesar Timur No. 10-12. Jakarta Barat",,0,0,full,,,,inv,,,proc,2024-01-29,,,,,,,,,,,0,,,,,paid,,,,,,0,0,,
51,Dxep3loK5GO0EdbIj)FfAMCr6,0291.SPK/BA.17/BA010102/2024,Pengadaan Sparepart AE Yanmar 6N18L-EV,2024-02-07,17,2,15,"PT Pelayaran Bahtera Adhiguna, Jl. Kalibesar Timur No. 10-12. Jakarta Barat",,0,0,full,,,,inv2,2025-01-21,,,2024-02-07,,,,,,,,,,,0,,,,,paid,,,,,,0,0,,
52,VAoa2LjEKgqUPst%0!bv(ZJdf,0249.SPK/BA.17/BA010102/2024,Pengadaan Spareparts SW Pump Auxiliary Engine,2024-02-02,17,4,25,"PT Pelayaran Bahtera Adhiguna, Jl. Kalibesar Timur No. 10-12. Jakarta Barat",,0,0,full,,,,inv2,2025-01-21,,,,,,,,,,,,,,0,,,,,paid,,,,,,0,0,,
53,w)G1N7PlJrdz@Yk%Hjmb$82Ke,0333.SPK/BA.302/BA010102/2024,Pengadaan Running Store & Consumables,2024-02-26,2,7,7,"PT Pelayaran Bahtera Adhiguna, Jl. Kalibesar Timur No. 10-12. Jakarta Barat",,0,0,full,,,,inv2,2025-01-29,,proc,2024-02-13,,,,,,,,,,,0,,,,,paid,,,,,,0,0,,
54,hkjv@IMQ6fz5p!q1U4nH7DlF3,0410.SPK/BA.17/BA010102/2024,Pengadaan Running Store,2024-02-26,2,7,7,"PT Pelayaran Bahtera Adhiguna, Jl. Kalibesar Timur No. 10-12. Jakarta Barat",,0,0,full,,,,inv2,,,,2024-02-26,,,,,,,,,,,0,,,,,paid,,,,,,0,0,,
55,KzWA7pXm9$RQjy0H@feq2a!*i,0169.SPK/BA.17/BA010102/2024,Pengadaan Sparepart LO Cooler,2024-01-24,17,1,14,"PT Pelayaran Bahtera Adhiguna, Jl. Kalibesar Timur No. 10-12. Jakarta Barat",,0,0,full,,,,inv,,,proc,,,,,,,,,,,,0,,,,,paid,,,,,,0,0,,
56,wJlv98hjFsqd42x$zCQV5)S1P,0479.SPK/BA.17/BA010102/2024,Pengadaan Batteray,2024-03-04,2,23,4,"PT Pelayaran Bahtera Adhiguna, Jl. Kalibesar Timur No. 10-12. Jakarta Barat",,0,0,full,,,,inv2,2025-01-29,,proc,2024-03-04,,,,,,,,,,,0,,,,,paid,,,,,,0,0,,
57,hA!H4zas5u3nkc)*WoPdDy0Qq,0011.SPBJ/PR.103/BA010400/2024,Pengadaan Sparepart Auxiliary Engine MV Malahayati Baruna,2024-02-28,16,2,50,"PT Pelayaran Bahtera Adhiguna, Jl. Kalibesar Timur No. 10-12. Jakarta Barat",,0,0,full,,,,inv2,,,,2024-02-28,,,,,,,,,,,0,1,,,2025,paid,,,,,,0,0,,
58,QG!0ceqiAso5M)r@kTNaVdKhx,0504.SPK/BA.302/BA010102/2024,Running Store,2024-03-07,2,25,7,"PT Pelayaran Bahtera Adhiguna, Jl. Kalibesar Timur No. 10-12. Jakarta Barat",,0,0,full,,,,inv2,2025-01-29,,proc,2024-03-07,,,,,,,,,,,0,,,,,paid,,,,,,0,0,,
59,S9QaKm)lCIY4Or6M$PH!^(eAW,0514.SPK/BA.302/BA010102/2024,Pengadaan Engine Running Store,2024-03-08,6,8,7,"PT Pelayaran Bahtera Adhiguna, Jl. Kalibesar Timur No. 10-12. Jakarta Barat",,0,0,full,,,,inv2,2025-01-29,,,2024-03-08,,,,,,,,,,,0,,,,,paid,,,,,,0,0,,
60,i!C1E@xjuFU)PMyLz46RZYa7d,0515.SPK/BA.302/BA010102/2024,Pengadaan Running Store,2024-03-08,1,21,6,"PT Pelayaran Bahtera Adhiguna, Jl. Kalibesar Timur No. 10-12. Jakarta Barat",,0,0,full,,,,inv2,2025-01-29,,proc,2024-03-08,,,,,,,,,,,0,,,,,paid,,,,,,0,0,,
61,f3r09yu%FnDIs*ZVxOHmvGdNj,0477.SPK/BA.302/BA010102/2024,Pengadaan Material Cat,2024-03-04,4,17,21,Meutia Baruna,,0,0,full,,,,inv2,2025-01-29,,proc,2024-03-04,,,,,,,,,,,0,,,,,paid,,,,,,0,0,,
62,7TuaM%WBOF9CySsPK@0reAzU*,0416.SPK/BA.17/BA010102/2024,Pengadaan Unit Radio SSB,2024-02-28,38,17,5,Meutia Baruna di PLTU Paiton,,0,0,full,,,,inv2,2025-01-29,,proc,2024-02-28,,,,,,,,,,,0,,,,,paid,,,,,,0,0,,
63,(0i4YrgK^o)T*J72MyzvBVLOx,0436.SPK/BA.302/BA010102/2024,Pengadaan Spareparts Main Air Compressor Sauer WP-200,2024-03-01,17,17,12,"PT Pelayaran Bahtera Adhiguna, Jl. Kalibesar Timur No. 10-12. Jakarta Barat",,0,0,full,,,,inv2,2025-01-29,,proc,2024-03-01,,,,,,,,,,,0,,,,,paid,,,,,,0,0,,
64,O5yvZYK*p6dew^HzbqELRPBUS,0498.SPK/BA.302/BA010102/2024,Sparepart Intercooler Auxiliary Engine,2024-03-07,17,5,40,AGP Cab. Merak,,0,0,full,,,,inv2,2025-01-29,,,2024-03-07,,,,,,,,,,,0,,,,,paid,,,,,,0,0,,
65,M!moEkTc%CDg27l5SZAO$^QHf,0497.SPK/BA.302/BA010102/2024,Spareparts Auxiliary Engine,2024-03-07,17,5,40,AGP Cab. Merak,,0,0,full,,,,inv2,2025-01-29,,,2024-03-07,,,,,,,,,,,0,,,,,paid,,,,,,0,0,,
66,B5vNy%fh7eYubcKF!8Srdp^V1,0500.SPK/BA.302/BA010102/2024,Running Store And Consumables,2024-03-07,2,16,7,"PT Pelayaran Bahtera Adhiguna, Jl. Kalibesar Timur No. 10-12. Jakarta Barat",,0,0,full,,,,inv2,2025-01-29,,proc,2024-03-07,,,,,,,,,,,0,,,,,paid,,,,,,0,0,,
67,M4rRghX!xn7oUypBYezZf@C%N,0503.SPK/BA.17/BA010102/2024,Running Store,2024-03-07,2,12,7,"PT Pelayaran Bahtera Adhiguna, Jl. Kalibesar Timur No. 10-12. Jakarta Barat",,0,0,full,,,,inv2,2025-01-29,,proc,2024-03-07,,,,,,,,,,,0,,,,,paid,,,,,,0,0,,
68,cNs8b49iPWkq1lh5zpKwte0!J,0501.SPK/BA.17/BA010102/2024,Pengadaan Cat,2024-03-07,4,25,7,"PT Pelayaran Bahtera Adhiguna, Jl. Kalibesar Timur No. 10-12. Jakarta Barat",,0,0,full,,,,inv2,,,proc,2024-03-07,,,,,,,,,,,0,,,,,paid,,,,,,0,0,,
69,EizL9c*qG18bW%mDXRvwoHfYa,0507.SPK/BA.302/BA010102/2024,Pengadaan Carbon Steel Pipe,2024-03-08,24,1,16,Kartini Baruna di Jepara,,0,0,full,,,,inv2,2025-01-29,,,2024-03-08,,,,,,,,,,,0,,,,,paid,,,,,,0,0,,
70,NoKrCgxv0(sUO%BP8!2LH5lAi,0506.SPK/BA.302/BA010102/2024,Pengadaan Carbon Steel Pipe,2024-03-08,24,1,14,Kartini Baruna di Jepara,,7500000,0,full,,,,inv2,,,,2024-03-08,,,,,,,,,,,0,,,,,paid,,,,,,0,0,,
71,ubgH6E59vUy8hei1LXBoqCkFW,0505.SPK/BA.302/BA010102/2024,Pengadaan Carbon Steel Pipe,2024-03-08,21,1,14,Kartini Baruna di Jepara,,8000000,0,full,,,,inv2,2025-01-29,,,2024-03-08,,,,,,,,,,,0,,,,,paid,,,,,,0,0,,
72,cvNedI9qBPLOofUbX%7F)K^V3,0510.SPK/BA.302/BA010102/2024,Material Running Store,2024-03-08,2,16,7,"PT Pelayaran Bahtera Adhiguna, Jl. Kalibesar Timur No. 10-12. Jakarta Barat",,0,0,full,,,,inv2,2025-01-29,,proc,2024-03-08,,,,,,,,,,,0,,,,,paid,,,,,,0,0,,
73,69HfmYOyI0vt@7!hqikXQ(BRZ,0512.SPK/BA.302/BA010102/2024,Sparepart Engine,2024-03-08,11,7,7,"PT Pelayaran Bahtera Adhiguna, Jl. Kalibesar Timur No. 10-12. Jakarta Barat",,0,0,full,,,,inv2,,,proc,2024-03-08,,,,,,,,,,,0,,,,,paid,,,,,,0,0,,
74,Si$opQEJVxbyzuUsFMOa@893m,0511.SPK/BA.302/BA010102/2024,Pengadaan Spare Parts,2024-03-08,17,7,10,"PT Pelayaran Bahtera Adhiguna, Jl. Kalibesar Timur No. 10-12. Jakarta Barat",,0,0,full,,,,inv2,2025-01-29,,,2024-03-08,,,,,,,,,,,0,,,,,paid,,,,,,0,0,,
75,ko^P(!XdArFyH6Mn$Ob@%GuUm,0526.SPK/BA.302/BA010102/2024,Pengadaan Engine Running Store,2024-03-13,2,20,7,AGP Cab. Merak,,1500000,0,full,,,,inv2,2025-01-22,,proc,2024-03-13,,,,,,,,,,,233,,,,,paid,,,,,,0,0,,
76,dEaN$IAiT9kBMFUt2YD)n7r5s,0531.SPK/BA.302/BA010102/2024,Pengadaan Spareparts Auxiliary Boiler,2024-03-14,17,1,14,"PT Pelayaran Bahtera Adhiguna, Jl. Kalibesar Timur No. 10-12. Jakarta Barat",,0,0,full,,,,inv2,2025-01-29,,,2024-03-14,,,,,,,,,,,0,,,,,paid,,,,,,0,0,,
77,%yGMci(3q@Zh5muCs9X2$VEgN,0525.SPK/BA.302/BA010102/2024,Pengadaan Engine Running Store,2024-03-13,21,20,7,AGP Cab. Merak,,2300000,0,full,,,,inv2,2025-01-29,,,2024-03-13,,,,,,,,,,,0,,,,,paid,,,,,,0,0,,
78,3O2y4HLfeKWuv9bDwQjElB0iS,0439.SPK/BA.302/BA010102/2024,Pengadaan Sparepart Ballast Pump,2024-02-29,34,4,10,AGP Cab. Merak,,0,0,full,,,,inv2,2025-01-29,,proc,2024-02-29,,,,,,,,,,,0,,,,,paid,,,,,,0,0,,
79,vSqx%NOLI$JD*VyEWBh7gowZ!,0442.SPK/BA.302/BA010102/2024,Additional Part FW Cooling Pump AE,2024-02-29,34,4,3,Adhiguna Tarahan,,0,0,full,,,,inv2,2025-01-29,,,2024-02-29,,,,,,,,,,,0,,,,,paid,,,,,,0,0,,
80,BNZAnMuRaS5TsLj19xtJfl2(I,0187.SPK/BA.17/BA010102/2024,Pengadaan Jangkar Stockless Hall dan Aksesoris,2024-01-26,31,12,40,AGP Cab. Padang,,0,0,full,,,,inv2,2024-12-26,,,2024-01-26,,,,,,,,,,,0,,,,,paid,,,,,,0,0,,
81,fd@iNDPKQv2(heIUupsj*)8AV,0293.SPK/BA.17/BA010102/2024,Pengadaan Sparepart Pillow Bearing,2024-02-07,32,4,7,"PT Pelayaran Bahtera Adhiguna, Jl. Kalibesar Timur No. 10-12. Jakarta Barat",,0,0,full,,,,inv,,,,2024-02-07,,,,,,,,,,,0,,,,,paid,,,,,,0,0,,
82,p^SL5lhKyRPHvI)Z1A7Od3kXn,0288.SPK/BA.17/BA010102/2024,Pengadaan Spareparts Main Engine Sea Water Pump,2024-02-06,17,4,30,"PT Pelayaran Bahtera Adhiguna, Jl. Kalibesar Timur No. 10-12. Jakarta Barat",,0,0,full,,,,inv2,2025-01-21,,proc,2024-02-08,,,,,,,,,,,0,,,,,paid,,,,,,0,0,,
83,iG7Mcfg9ax45$2T*n!bEvQ0@k,0267.SPK/BA.17/BA010102/2024,Pengadaan Mooring Rope,2024-02-05,2,27,7,"PT Pelayaran Bahtera Adhiguna, Jl. Kalibesar Timur No. 10-12. Jakarta Barat",,5500000,0,full,,,,inv,,,,2024-02-05,,,,,,,,,,,0,,,,,paid,,,,,,0,0,,
84,$Jt!LjVhX2BPFxOeTNlYsQ8z5,0514.SPK/BA.302/BA010102/2024,Pengadaan Engine Running Store,2024-03-08,6,8,7,"PT Pelayaran Bahtera Adhiguna, Jl. Kalibesar Timur No. 10-12. Jakarta Barat",,0,0,full,,,,inv2,2025-01-29,,,2024-03-08,,,,,,,,,,,0,,,,,paid,,,,,,0,0,,
85,TaPYAZcF6jtwC2^*H(pVQmeux,0557.SPK/BA.302/BA010102/2024,"Pengadaan Kanter Shackle, Rantai Galvanis & Ban Dapra",2024-03-18,24,10,6,"PT Pelayaran Bahtera Adhiguna, Jl. Kalibesar Timur No. 10-12. Jakarta Barat",,1000000,0,full,,,,inv2,2025-01-29,,proc,2024-03-19,,,,,,,,,,,0,,,,,paid,,,,,,0,0,,
86,Socdp^lfqOyE@nX47khGuFBm(,0559.SPK/BA.17/BA010102/2024,Pengadaan Running Store,2024-03-18,24,23,7,"PT Pelayaran Bahtera Adhiguna, Jl. Kalibesar Timur No. 10-12. Jakarta Barat",,1500000,0,full,,,,inv2,2025-01-29,,proc,2024-03-18,,,,,,,,,,,0,,,,,paid,,,,,,0,0,,
87,LQC5HrfUySnhwuGI6jql^NcJg,0558.SPK/BA.17/BA010102/2024,Pengadaan Mooring Line,2024-03-18,2,21,7,"PT Pelayaran Bahtera Adhiguna, Jl. Kalibesar Timur No. 10-12. Jakarta Barat",,0,0,full,,,,inv2,2025-01-29,,proc,2024-03-18,,,,,,,,,,,0,,,,,paid,,,,,,0,0,,
88,K)0B5^YG6qJEXAH!W(8@9hnZD,0551.SPK/BA.302/BA010102/2024,"Pengadaan Solenoid, Limit Switch & Relay",2024-03-18,11,21,6,"PT Pelayaran Bahtera Adhiguna, Jl. Kalibesar Timur No. 10-12. Jakarta Barat",,0,0,full,,,,inv2,2025-01-29,,proc,2024-03-18,,,,,,,,,,,0,,,,,paid,,,,,,0,0,,
89,6yZA^qzeGvr3FOYbU0JmH5iPV,0538.SPK/BA.302/BA010102/2024,Permintaan Cat,2024-03-15,13,7,7,AGP Cab. Merak,,0,0,full,,,,inv2,2025-01-29,,proc,2024-03-15,,,,,,,,,,,0,,,,,paid,,,,,,0,0,,
90,K%q^bOjt50c(GENYiFoBP*RL!,0547.SPK/BA.302/BA010102/2024,Permintaan Running Store,2024-03-18,2,7,7,AGP Cab. Merak,,0,0,full,,,,inv2,2025-01-29,,proc,2024-03-18,,,,,,,,,,,0,,,,,paid,,,,,,0,0,,
91,4kdSsJZ6Df3b!vV^GF*xB97e1,0552.SPK/BA.302/BA010102/2024,Sparepart Auxiliary Engine: Daihatsu D 6 PL 24,2024-03-18,17,4,30,"PT Pelayaran Bahtera Adhiguna, Jl. Kalibesar Timur No. 10-12. Jakarta Barat",,0,0,full,,,,inv2,2025-01-29,,,2024-03-18,,,,,,,,,,,0,,,,,paid,,,,,,0,0,,
92,mzFTPn2CBJcwZIj$SY(Mu53Vy,0225.SPK/BA.17/BA010102/2024,Running Store,2024-01-30,40,6,5,"PT Pelayaran Bahtera Adhiguna, Jl. Kalibesar Timur No. 10-12. Jakarta Barat",,0,0,full,,,,inv,,,proc,2024-01-30,,,,,,,,,,,0,,,,,paid,,,,,,0,0,,
93,4xz9Q^m$W2EanD)gGKs5j(rPZ,0566.SPK/BA.302/BA010102/2024,Plate Heat Exchanger,2024-03-19,17,5,15,AGP Cab. Merak,,0,0,full,,,,inv2,2025-01-29,,proc,2024-03-19,,,,,,,,,,,0,,,,,paid,,,,,,0,0,,
94,7GCPSLjYqZyQxsaw$lKRNgT2A,0563.SPK/BA.302/BA010102/2024,Pengadaan Wire Grab,2024-03-20,21,3,7,AGP Cab. Paiton,,7500000,0,full,,,,inv2,2025-01-29,,proc,2024-03-20,,,,,,,,,,,0,,,,,paid,,,,,,0,1,,
95,ASXVFy*2K3E6vwOUxuHLD7^dk,0569.SPK/BA.302/BA010102/2024,Sparepart Main Engine,2024-03-19,17,7,9,AGP Cab. Merak,,0,0,full,,,,inv2,2025-01-29,,proc,2024-03-19,,,,,,,,,,,0,,,,,paid,,,,,,0,0,,
96,tJd^Fb(6iOQlwCXzo$HjA4x@h,0545.SPK/BA.302/BA010102/2024,Sparepart Main Engine,2024-03-19,32,7,15,AGP Cab. Merak,,0,0,full,,,,inv2,2025-01-29,,proc,2024-03-19,,,,,,,,,,,0,,,,,paid,,,,,,0,0,,
97,LZKC8qprcmJwUNIvgBnWOzj3R,0570.SPK/BA.302/BA010102/2024,Sparepart Main Engine,2024-03-19,19,7,43,AGP Cab. Merak,,13000000,0,full,,,,inv2,,,proc,2024-03-19,,,,,,,,,,,0,,,,,paid,,,,,,0,0,,
98,MZ8B6vwjp3gy5n^FRblhtN!2D,0579.SPK/BA.302/BA010102/2024,Conveyor Belt,2024-03-20,41,4,45,AGP Cab. Merak,,0,0,full,,,,inv2,2025-01-29,,,2024-03-20,,,,,,,,,,,0,,,,,paid,,,,,,0,0,,
99,8*Mq0fkO5AVS1RdYC6Uyonp9g,0578.SPK/BA.302/BA010102/2024,Pengadaan Cable Grab,2024-03-20,42,2,2,"PT Pelayaran Bahtera Adhiguna, Jl. Kalibesar Timur No. 10-12. Jakarta Barat",,0,0,full,,,,inv2,2025-01-29,,,2024-03-20,,,,,,,,,,,0,,,,,paid,,,,,,0,0,,
100,QMl!Bvqa$OTdfn4C%)Ee59k*Z,0562.SPK/BA.302/BA010102/2024,Pengadaan Cat,2024-03-20,13,8,14,AGP Cab. Sibolga,,0,0,full,,,,inv2,2025-01-29,,,2024-03-20,,,,,,,,,,,0,,,,,paid,,,,,,0,0,,
101,^oGNqK3y8p2P)OuzXMIwFbrWe,0561.SPK/BA.302/BA010102/2024,Pengadaan Cat,2024-03-20,13,4,14,AGP Cab. Merak,,0,0,full,,,,inv2,2025-01-29,,proc,2024-03-20,,,,,,,,,,,0,,,,,paid,,,,,,0,0,,
102,T3V^rx$4i7kJygeHKnz6!LUoX,0574.SPK/BA.302/BA010102/2024,Fabrikasi As Kemudi,2024-03-19,43,21,10,"PT Pelayaran Bahtera Adhiguna, Jl. Kalibesar Timur No. 10-12. Jakarta Barat",,0,0,full,,,,inv2,2025-01-29,,proc,2024-03-19,,,,,,,,,,,0,,,,,paid,,,,,,0,0,,
103,JgudBZ!oO^%WvUqSA7GTkt08h,0586.SPK/BA.104/BA010102/2024,Jasa Fabrikasi Dudukan Elmot GS Pump,2024-03-21,43,1,30,"PT Pelayaran Bahtera Adhiguna, Jl. Kalibesar Timur No. 10-12. Jakarta Barat",,0,0,full,,,,inv,,,,2024-03-21,,,,,,,,,,,0,,,,,paid,,,,,,0,0,,
104,KcLwZHS)RO*Cg8nf5txFDhTV(,0214.SPK/BA.17/BA010102/2024,Spareparts Auxiliary Engine Type: Daihatsu D 6 PL 24,2024-01-30,17,4,30,"PT Pelayaran Bahtera Adhiguna, Jl. Kalibesar Timur No. 10-12. Jakarta Barat",,0,0,full,,,,inv2,2024-12-26,,,2024-01-30,,,,,,,,,,,0,,,,,paid,,,,,,0,0,,
105,tS$Xw*cs57D1VeN4U)Y!B2d%R,0571.SPK/BA.302/BA010102/2024,Running Store,2024-03-21,24,16,7,"PT Pelayaran Bahtera Adhiguna, Jl. Kalibesar Timur No. 10-12. Jakarta Barat",,0,0,full,,,,inv2,2025-01-29,,proc,2024-03-26,,,,,,,,,,,0,,,,,paid,,,,,,0,0,,
106,!h*FGitM2qJu)N9HkaT^E7R@0,0573.SPK/BA.302/BA010102/2024,Running Store,2024-03-21,2,16,7,"PT Pelayaran Bahtera Adhiguna, Jl. Kalibesar Timur No. 10-12. Jakarta Barat",,0,0,full,,,,inv2,,,proc,2024-03-26,,,,,,,,,,,0,,,,,paid,,,,,,0,0,,
107,TnpjgzV9xPdbJ%YfLslXu)GwF,0163.SPK/BA.17/BA010102/2024,Pengadaan Sparepart FO Purifier,2024-01-23,44,17,20,"PT Pelayaran Bahtera Adhiguna, Jl. Kalibesar Timur No. 10-12. Jakarta Barat",,0,0,full,,,,inv,,,proc,2024-01-23,,,,,,,,,,,0,,,,,paid,,,,,,0,0,,
108,CBUW^D!0KgdSnkjN3ZxQPJ4l*,0613.SPK/BA.302/BA010102/2024,Pengadaan DO Booster Pump (Repeat Order),2024-03-25,17,4,40,Adhiguna Tarahan,,0,0,full,,,,inv2,,,,2024-03-25,,,,,,,,,,,0,,,,,paid,,,,,,0,0,,
109,jP6p1qTLvJmZOlIRG8d4gBCzD,0609.SPK/BA.17/BA010102/2024,Pengadaan Anchor Chain dan Shackles,2024-03-25,31,10,4,SB 2002,,0,0,full,,,,inv2,,,,2024-03-25,,,,,,,,,,,0,,,,,paid,,,,,,0,0,,
110,UbatAdmi82FshjK4fWzr%P9YI,0530.SPK/BA.302/BA010102/2024,Pengadaan Running Store,2024-03-14,10,2,14,"PT Pelayaran Bahtera Adhiguna, Jl. Kalibesar Timur No. 10-12. Jakarta Barat",,0,0,full,,,,inv2,2025-01-29,,,2024-03-14,,,,,,,,,,,0,,,,,paid,,,,,,0,0,,
111,9N5!tB0gM8DWJk^RZeC7@YV$f,0897.SPK/BA.104/BA010102/2023,Exhaust Valve,2023-11-01,11,4,7,"PT Pelayaran Bahtera Adhiguna, Jl. Kalibesar Timur No. 10-12. Jakarta Barat",,0,0,full,,,,,,,,,,,,,,,,,,,0,,,,,paid,,,,,,0,0,,
112,dQA*VZOzsqt(H$w@fG^Xu5ygL,0300.SPBJ/PR.103/BA010400/2023,Engine Niigata,2023-11-01,17,4,7,"PT Pelayaran Bahtera Adhiguna, Jl. Kalibesar Timur No. 10-12. Jakarta Barat",,0,0,full,,,,,,,,2024-01-30,,,,,,,,,,,0,,,,,paid,,,,,,0,0,,
113,ep%6aV$)@2At3cm7*fg!^5Th9,0293.SPK/PR.103/BA010400/2023,Part Meutia,2023-11-08,17,17,7,"PT Pelayaran Bahtera Adhiguna, Jl. Kalibesar Timur No. 10-12. Jakarta Barat",,0,0,full,,,,,,,,,,,,,,,,,,,0,,,,,,,,,,,0,0,,
114,e8p73F1zBkCaEDsQ4!Yj9nUHo,0556.SPK/BA.302/BA010102/2024,Turbocharger Enpaco-Man B&W,2024-03-18,45,17,2,"PT Pelayaran Bahtera Adhiguna, Jl. Kalibesar Timur No. 10-12. Jakarta Barat",,0,0,full,,,,inv2,2025-01-29,,,2024-03-18,,,,,,,,,,,0,,,,,paid,,,,,,0,0,,
115,c)lB*9StjHCAg^r1b(fxEKMqp,0650.SPK/BA.302/BA010102/2024,Running Store,2024-04-01,40,25,15,"PT Pelayaran Bahtera Adhiguna, Jl. Kalibesar Timur No. 10-12. Jakarta Barat",,0,0,full,,,,inv2,,,proc,2024-04-01,,,,,,,,,,,0,,,,,,,,,,,0,0,,
116,L$0kuqU9fEmZr%CSzRVas3iFA,0620.SPK/ BA.302/BA010102/2024,Pengadaan Sparepart Main Engine,2024-03-24,46,1,14,"PT Pelayaran Bahtera Adhiguna, Jl. Kalibesar Timur No. 10-12. Jakarta Barat",,0,0,full,,,,inv2,,,,2024-03-27,,,,,,,,,,,0,,,,,paid,,,,,,0,0,,
117,(TxDyX^M1wIr40dh2zs$gepCm,0618.SPK/BA.302/BA010102/2024,Pengadaan Sparepart Hydraulic Pump,2024-03-26,16,2,14,"PT Pelayaran Bahtera Adhiguna, Jl. Kalibesar Timur No. 10-12. Jakarta Barat",,0,0,full,,,,inv2,,,,2024-03-26,,,,,,,,,,,0,,,,,paid,,,,,,0,0,,
118,pO^GAs8lQu4$Xr%wJf6btzZ2M,0619.SPK/BA.302/BA010102/2024,Pengadaan Sparepart Main Engine,2024-03-27,17,1,10,"PT Pelayaran Bahtera Adhiguna, Jl. Kalibesar Timur No. 10-12. Jakarta Barat",,0,0,full,,,,inv2,,,,2024-03-27,,,,,,,,,,,0,,,,,paid,,,,,,0,0,,
119,WX5BzLRvsVeGhjtixdQ7f0JmU,0608.SPK/BA.104/BA010102/2024,Fabrikasi Shaft Gear,2024-03-25,43,4,7,"PT Pelayaran Bahtera Adhiguna, Jl. Kalibesar Timur No. 10-12. Jakarta Barat",,0,0,full,,,,inv2,,,,2024-03-25,,,,,,,,,,,0,,,,,paid,,,,,,0,0,,
120,sG6^vI@Tk)EwCohjDUey5Kgtf,0607.SPK/BA.104/BA010102/2024,Pemeliharaan Rutin,2024-03-27,7,4,10,"PT Pelayaran Bahtera Adhiguna, Jl. Kalibesar Timur No. 10-12. Jakarta Barat",,0,0,,,,,,,,,,,,,,,,,,,,0,,,,,,,,,,,0,0,,
121,$aM(3^GKiILQzZ8R@utgAxYhf,0628.SPK/BA.302/BA010102/2024,Pengadaan Set Gear Crane,2024-03-27,36,3,7,Onboard Rasuna Baruna,,0,0,full,,,,inv2,,,,2024-03-27,,,,,,,,,,,0,,,,,paid,,,,,,0,0,,
122,Z@GQEq4iVO2CJaPFW*l9f^MRr,0627.SPK/BA.302/BA010102/2024,Pengadaan Engine Running Store,2024-03-27,14,1,7,Onboard Kartini Baruna,,2500000,0,full,,,,inv2,,,,2024-03-27,,,,,,,,,,,0,,,,,paid,,,,,,0,0,,
123,NvZR%KGCM*O23PIJzsbdHp^tq,0635.SPK/BA.302/BA010102/2024,"Pengadaan Solenoid, Limit Switch, dan Relay",2024-03-28,11,23,6,"PT Pelayaran Bahtera Adhiguna, Jl. Kalibesar Timur No. 10-12. Jakarta Barat",,0,0,full,,,,inv2,2025-01-29,,proc,2024-03-28,,,,,,,,,,,0,,,,,paid,,,,,,0,0,,
124,DLKa0XS(Q97N)IrZPoHjE6sCn,0631.SPK/BA.17/BA010102/2024,Pengadaan Running Store,2024-03-27,3,21,8,"PT Pelayaran Bahtera Adhiguna, Jl. Kalibesar Timur No. 10-12. Jakarta Barat",,0,0,full,,,,inv2,,,,2024-04-29,,,,,,,,,,,0,,,,,paid,,,,,,0,0,,
125,64xVj^1PLm%fJ$TUb0Y!nl@g(,0632.SPK/BA.302/BA010102/2024,Pengadaan Running Store,2024-03-27,1,21,7,"PT Pelayaran Bahtera Adhiguna, Jl. Kalibesar Timur No. 10-12. Jakarta Barat",,0,0,,,,,,,,proc,,,,,,,,,,,,0,,,,,,,,,,,0,0,,
126,^N%rz9v7HRDOjxmQlnIB$4Tdo,0010.SPBJ/PR.103/BA010400/2024,Pengadaan Sparepart Main Engine MV Malahayati Baruna,2024-02-28,17,2,28,"PT Pelayaran Bahtera Adhiguna, Jl. Kalibesar Timur No. 10-12. Jakarta Barat",,0,0,full,,,,inv2,,,,2024-02-28,,,,,,,,,,,0,,,,,paid,,,,,,0,0,,
127,r@Sd)N(TsUZx5tE1qBa$94PFy,0104.SPK/BA.17/BA010102/2024,"Pengadaan Sparepart Shaft With Gear Wheel, Long and Short",2024-01-15,17,17,12,"PT Pelayaran Bahtera Adhiguna, Jl. Kalibesar Timur No. 10-12. Jakarta Barat",,0,0,full,,,,inv2,,,proc,2024-01-15,,,,,,,,,,,0,,,,,paid,,,,,,0,0,,
128,LDX)gqhdpZbwmk0U*cTx9QFJu,0589.SPK/BA.302/BA010102/2024,Pengadaan Chemical,2024-03-28,47,1,20,Onboard Kartini Baruna,,0,0,full,,,,inv2,,,,2024-03-28,,,,,,,,,,,0,,,,,paid,,,,,,0,0,,
129,3xh^lOFtSWBi45puHj0Zo@qer,0588.SPK/BA.302/BA010102/2024,Pengadaan Chemical,2024-03-28,47,2,20,Onboard Malahayati Baruna,,0,0,full,,,,inv2,,,,2024-03-28,,,,,,,,,,,0,,,,,paid,,,,,,0,0,,
130,LqiRKUVJFvIXBtmlwn0G6M4TZ,0640.SPK/BA.302/BA010102/2024,Pengadaan Spare Parts,2024-04-01,17,7,40,AGP Cab. Merak,,0,0,full,,,,inv2,,,proc,2024-04-01,,,,,,,,,,,0,,,,,paid,,,,,,0,0,,
131,!m@zKxIUw8QnYrPTt4ug7WE(2,0639.SPK/BA.302/BA010102/2024,Pengadaan Spare Parts (Gear Pump),2024-04-01,32,7,21,AGP Cab. Merak,,0,0,full,,,,inv2,,,proc,2024-04-01,,,,,,,,,,,0,,,,,paid,,,,,,0,0,,
132,Vz*jHiFQ$ow2xIKRyc@T7^eqk,0638.SPK/BA.302/BA010102/2024,Pengadaan Spare Parts,2024-04-01,11,7,40,AGP Cab. Merak,,0,0,full,,,,inv2,,,proc,2024-04-01,,,,,,,,,,,0,,,,,paid,,,,,,0,0,,
133,kvtS%HLAg^3O0hmYV2l681ZwP,0651.SPK/BA.302/BA010102/2024,Pengadaan Running Store,2024-04-01,2,27,14,"PT Pelayaran Bahtera Adhiguna, Jl. Kalibesar Timur No. 10-12. Jakarta Barat",,0,0,full,,,,inv2,,,,2024-04-01,,,,,,,,,,,0,,,,,paid,,,,,,0,0,,
134,yeN3HKT%W6bunVRD*CYs0pxXf,0285.SPBJ/PR.103/BA010400/2023,Seal Exhause Valve,2023-10-11,12,5,120,PT Pelayaran Bahtera Adhiguna,,0,0,full,,,,,,,,,,,,,,,,,,,0,,,,,paid,,,,,,0,0,,
135,*iA(5R7J!6bXWudn2rfsKYGgE,0895.SPK/BA.17/BA010102/2013,Housing fuel injection pump,2023-11-01,17,4,120,Kota tua,,0,0,full,,,,inv2,,,proc,,,,,,,,,,,,0,,,,,,,,,,,0,0,,
136,es3o0HMGuaSmj!nJpgx)6rtbO,0679.SPK/BA.302/BA010102/2024,Bearing Adhiguna Tarahan,2024-04-01,17,4,30,Kota tua,,0,0,full,,,,inv2,,,proc,2024-04-05,,,,,,,,,,,0,,,,,paid,,,,,,0,0,,
137,eMfW*!k$1UXT^dF5DrISlnYb@,0657.SPK/BA.302/BA010102/2024,Pengadaan Sparepart Deck Crane,2024-04-03,17,20,30,PT Pelayaran Bahtera Adhiguna,,0,0,full,,,,inv2,,,,2024-04-03,,,,,,,,,,,0,,,,,paid,,,,,,0,0,,
138,K5gCAkvswV)PTXHxdfqNRl2eM,0081.SPK/BA.302/BA010102/2024,Pengadaan Sparepart Gran SMAG Hyd 60,2024-01-11,17,2,30,"PT Pelayaran Bahtera Adhiguna, Jl. Kalibesar Timur No. 10-12. Jakarta Barat",,0,0,full,,,,inv2,,,,2024-01-11,,,,,,,,,,,0,,,,,paid,,,,,,0,0,,
139,)sZ^tXA0J$Pc!igHu(5WnmTI*,0202.SPBJ/PR.103/BA010400/2023,Hydraulic Deck Crane,2023-07-08,37,3,190,"PT Pelayaran Bahtera Adhiguna, Jl. Kalibesar Timur No. 10-12. Jakarta Barat",,0,0,full,,,,,,,,,,,,,,,,,,,0,,,,,paid,,,,,,0,0,,
140,!5@eAnYs3G6uRcD)LMX*ftv1O,0646.SPK/PR.204/BA010101/2024,Jasa Administrasi Pelaksanaan Mobilisasi Material Pipa dan Plat Besi ke MV Martha Baruna,2024-03-31,48,16,30,Salira,,0,0,full,,,,inv2,,,,,,,,,,,,,,,0,,,,,paid,,,,,,0,0,,
141,6YK(gxRvbPVUw4ItFWCBOZ%1l,0645.SPK/PR.204/BA010101/2024,Jasa Angkut dan Transportasi Material MV Malahayati Baruna dan Arimbi Baruna ke Salira (Merak),2024-03-31,48,2,30,Salira,,0,0,full,,,,inv2,,,,,,,,,,,,,,,0,,,,,paid,,,,,,0,0,,
142,E2ZA8L7boxYeg(Wq9SRK3iy$M,0652.SPK/BA.302/BA010102/2024,Pengadaan Running Store,2024-04-01,21,27,14,PT Pelayaran Bahtera Adhiguna,,0,0,full,,,,inv2,,,,2024-04-01,,,,,,,,,,,0,,,,,paid,,,,,,0,0,,
143,J8B5khXjt7f2Nu$iS*mzq3@x(,0666.SPK/BA.302/BA010102/2024,Pengadaan Spare Part,2024-04-04,17,7,40,PT Pelayaran Bahtera Adhiguna,,0,0,full,,,,inv2,,,proc,2024-04-04,,,,,,,,,,,0,,,,,paid,,,,,,0,0,,
144,8x)7W9vAf0GqEkNJa65LD%BgV,0702.SPK/BA.302/BA010102/2024,Pengadaan Mooring Equipment,2024-04-17,31,8,20,onboard SB 2001,,0,0,full,,,,inv2,,,,2024-04-17,,,,,,,,,,,0,,,,,paid,,,,,,0,0,,
145,lP3KNQYzpV(n9^6wGij!@cR4U,0680.SPK/BA.302/BA010102/2024,Sparepart Auxiliary Engine,2024-04-05,17,4,25,onboard Adhiguna Tarahan,,0,0,full,,,,inv2,,,,2024-04-05,,,,,,,,,,,0,,,,,paid,,,,,,0,0,,
146,do5(HPt9y^vlfrDTgeOMYmzLc,0677.SPK/BA.101/BA010102/2024,"Pengadaan Sparepart DO Transfer Pump, Stern Tube LO Pump, dan Crank Chamber Bilge Pump",2024-04-16,32,2,56,PT Pelayaran Bahtera Adhiguna,,0,0,full,,,,inv2,,,,2024-04-16,,,,,,,,,,,0,,,,,paid,,,,,,0,0,,
147,3eVf@zgp7yR0qwEiP*HShWxB$,0696.SPK/BA.17/BA010102/2024,Running Store - Permintaan Cat,2024-04-17,13,5,7,AGP Merak,,0,0,full,,,,inv2,,,proc,2024-04-17,,,,,,,,,,,0,,,,,paid,,,,,,0,0,,
148,SNwBavmj^Voe7F!p)I5t*ckCJ,0701.SPK/BA.101/BA010102/2024,Pengadaan Sparepart Ballast Pump dan Bilge Pump (Docking),2024-04-17,17,2,60,PT Pelayaran Bahtera Adhiguna,,0,0,full,,,,,,,,,,,,,,,,,,,0,,,,,paid,,,,,,0,0,,
149,3MYxi!%5qJQED*tCAvj^1N6TB,0678.SPK/BA.101/BA010102/2024,"Pengadaan Spareparts FO Transfer Pump, Main LO Pump, dan Partial Fire & GS Pump (Docking)",2024-04-17,11,2,60,PT Pelayaran Bahtera Adhiguna,,0,0,full,,,,inv2,,,,2024-04-17,,,,,,,,,,,0,,,,,paid,,,,,,0,0,,
150,wE4m@J3VaLkKqAGThlB*Wd!p0,0694.SPK/BA.17/BA010102/2024,Running Store,2024-04-17,1,5,3,AGP Merak,,500000,0,full,,,,inv2,,,proc,2024-04-17,,,,,,,,,,,0,,,,,paid,,,,,,0,0,,
151,hS)1rJcopfXdEMFl3tx(Ykmq!,0693.SPK/BA.17/BA010102/2024,Running Store,2024-04-17,24,5,8,AGP Merak,,2500000,0,full,,,,inv2,,,proc,2024-06-17,,,,,,,,,,,0,,,,,paid,,,,,,0,0,,
152,uoPHFp8j)TU1wvr2y*gN(RDA4,0695.SPK/BA.17/BA010102/2024,Running Store,2024-04-17,2,5,7,AGP Merak,,2000000,0,full,,,,inv2,,,proc,2024-04-17,,,,,,,,,,,0,,,,,paid,,,,,,0,0,,
153,vl$MQIt4pVubm)1OB7ZFqyxD*,0293.SPBJ/PR.103/BA010400/2023,Pengadaan Spareparts,2023-11-01,17,17,80,PT Pelayaran Bahtera Adhiguna - Kota Tua,,0,0,full,,,,,,,,,,,,,,,,,,,0,,,,,paid,,,,,,0,0,,
154,8PEqAdX9)1DT^js@IGyC7ehno,0720.SPK/BA.302/BA010102/2024,Running Store,2024-04-22,2,3,7,Franco Onboard (reimburse),,0,0,full,,,,inv2,2025-01-29,,,2024-04-22,,,,,,,,,,,0,,,,,paid,,,,,,0,0,,
155,w5u0$3lNLD@8Egy%K6n9UkXF^,0703.SPK/BA.17/BA010102/2024,Running Store,2024-04-17,2,12,7,Franco Onboard (reimburse),,0,0,full,,,,inv2,,,proc,2024-04-17,,,,,,,,,,,0,,,,,paid,,,,,,0,0,,
156,4kmKMUZtCicSON*BELGd6eF8f,0697.SPK/BA.17/BA010102/2024,Running Store,2024-04-17,2,6,7,onboard Intan Baruna,,0,0,full,,,,inv2,,,proc,2024-04-17,,,,,,,,,,linked,414,,,,,paid,,,,,,0,0,,
157,uZhK*1!yrPInAlsEWpMc%fO4N,0706.SPK/BA.302/BA010102/2024,Electrical Store,2024-04-18,32,16,42,Franco Onboard (reimburse),,0,0,full,,,,inv2,2025-01-29,,proc,2024-04-18,,,,,,,,,,,0,,,,,paid,,,,,,0,0,,
158,u6GsMwkbd2EmxrzJ(9U4q%lV5,0709.SPK/BA.302/BA010102/2024,Running Store (Cat),2024-04-18,4,12,10,Franco Onboard (reimburse),,0,0,full,,,,inv2,,,,2024-04-18,,,,,,,,,,,0,,,,,paid,,,,,,0,0,,
159,sG@fJge^yuH!71DUhmPA(vZYQ,0714.SPK/BA.101/BA010102/2024,"Pengadaan Spareparts Main Coolong FW Pump, Aux Cooling Pump, dan FO Circulating Pump (Docking)",2024-04-22,17,2,60,Franco Onboard (reimburse),,0,0,full,,,,inv2,,,,2024-04-22,,,,,,,,,,,0,,,,,paid,,,,,,0,0,,
160,a$gYKWndRe*S%1sqyf69jQw3Z,0712.SPK/BA.101/BA010102/2024,Pengadaan Spareparts Emergency Fire Pump dan GS Pump (Docking),2024-04-22,11,2,60,Franco Onboard (reimburse),,0,0,full,,,,inv2,,,,2024-04-22,,,,,,,,,,,0,,,,,paid,,,,,,0,0,,
161,EVjfG@71qXobiv8IlO^zadTt6,0739.SPK/BA.302/BA010102/2024,Pengadaan Running Store,2024-04-25,1,21,5,Franco Onboard (reimburse),,0,0,full,,,,inv2,,,proc,2024-04-29,,,,,,,,,,,0,,,,,paid,,,,,,0,0,,
162,@b19H($KY4A2^skpQ5vu3TyVC,0785/SPK/BA.17/BA010102/2024,Pengadaan Consumables,2024-05-03,3,23,5,Franco Onboard (reimburse),,0,0,full,,,,inv2,2025-01-30,,proc,2024-05-03,,,,,,,,,,,0,,,,,paid,,,,,,0,0,,
163,h7eXljvpDo4!dY@aPsTVWGIcH,0737.SPK/PR.104/BA010102/2024,Spareparts,2024-04-24,16,2,10,Franco Onboard (reimburse),,0,0,full,,,,inv2,,,proc,2024-04-25,,,,,,,,,,,0,,,,,paid,,,,,,0,0,,
164,bL17Xp3gPZj9Ic)^dVHBfCQs6,0662.SPK/BA.302/BA010102/2024,Pengadaan Mooring Equipment,2024-04-03,22,27,20,Franco Onboard (reimburse),,0,0,full,,,,inv2,,,,2024-04-25,,,,,,,,,,,0,,,,,paid,,,,,,0,0,,
165,%Z5UJO9bIcL8mtqSaV@hCsN$e,0740.SPK/BA.302/BA010102/2024,Pengadaa Flange,2024-04-25,21,1,14,Franco Onboard (reimburse),,0,0,full,,,,inv2,2025-01-29,,,2024-04-25,,,,,,,,,,,0,,,,,paid,,,,,,0,0,,
166,O9CShtzsiau31nm40IcgRFQe7,0748.SPK/BA.302/BA010102/2024,Pengadaan Cat Kapal,2024-04-25,13,2,10,Franco Onboard (reimburse),,0,0,full,,,,inv2,,,,2024-04-25,,,,,,,,,,,0,,,,,paid,,,,,,0,0,,
167,^BVAsiNm8dLY%6X0Hl)DTc4PO,0736.SPK/BA.302/BA010102/2024,Spareparts,2024-04-24,11,7,7,Franco Onboard (reimburse),,0,0,full,,,,inv2,,,proc,2024-04-26,,,,,,,,,,,0,,,,,paid,,,,,,0,0,,
168,UQZ@!FkN6q1LwjDlAPnu)8K0$,0738.SPK/BA.302/BA010102/2024,Running Store,2024-04-26,21,3,5,Franco Onboard (reimburse),,0,0,full,,,,inv2,2025-01-29,,proc,2024-04-26,,,,,,,,,,,0,,,,,paid,,,,,,0,0,,
169,lNeL(A9cFW!82*X1VifxKr7h6,0755.SPK/BA.302/BA010102/2024,Running Store,2024-04-26,2,7,7,Franco Onboard (reimburse),,0,0,full,,,,inv2,,,proc,2024-04-26,,,,,,,,,,,0,,,,,paid,,,,,,0,0,,
170,pk$R*qZEj7xLbJMgrcNv1%K(),0754.SPK/BA.302/BA010102/2024,Running Store,2024-04-26,24,7,7,Franco Onboard (reimburse),,0,0,full,,,,inv2,,,proc,2024-04-26,,,,,,,,,,,0,,,,,paid,,,,,,0,0,,
171,rT$nMwzUf9lNAcB*Odb(xaQ6h,0753.SPK/BA.302/BA010102/2024,Pengadaa Cat,2024-04-26,13,16,7,Franco Onboard (reimburse),,0,0,full,,,,inv2,2025-01-09,,proc,2024-04-26,,,,,,,,,,,0,,,,,paid,,,,,,0,0,,
172,)ei(VXf759ZF^ka$q!D3Uw*cl,0767.SPK/BA.302/BA010102/2024,Spareparts,2024-04-30,17,7,10,Franco Onboard (reimburse),,0,0,full,,,,inv2,,,proc,2024-04-30,,,,,,,,,,,0,,,,,paid,,,,,,0,0,,
173,)73goaPb45d9urq@!YmITsnle,0756.SPK/BA.302/BA010102/2024,Spare,2024-04-26,17,4,20,Franco Onboard (reimburse),,0,0,full,,,,inv2,2025-01-29,,proc,2024-04-29,,,,,,,,,,,0,,,,,paid,,,,,,0,0,,
174,4^x$j@TXiwZNsp%v67mPUMrY5,0768.SPK/BA.302/BA010102/2024,Running Store,2024-04-30,22,5,2,Franco Onboard (reimburse),,0,0,full,,,,inv2,2025-01-29,,proc,2024-04-30,,,,,,,,,,,0,,,,,paid,,,,,,0,0,,
175,uw4NMq5DFY%rRmXp2xZ)1Ca8K,0769.SPK/BA.302/BA010102/2024,Running Store,2024-04-30,1,7,3,Franco Onboard (reimburse),,0,0,full,,,,inv2,2025-01-29,,proc,2024-05-02,,,,,,,,,,,0,,,,,paid,,,,,,0,0,,
176,QyJlW9Pm0kA!)bsjngceRqZM@,0770.SPK/BA.302/BA010102/2024,Running Store,2024-05-02,2,7,7,Franco Onboard (reimburse),,0,0,full,,,,inv2,2025-06-29,,proc,2024-05-02,,,,,,,,,,,0,,,,,paid,,,,,,0,0,,
177,k!NtLyrb^fZ(nwO2s@xW4*zRd,0771.SPK/BA.302/BA010102/2024,Running Store,2024-04-30,1,2,3,Franco Onboard (reimburse),,0,0,full,,,,inv2,2025-01-29,,,2024-05-02,,,,,,,,,,,0,,,,,paid,,,,,,0,0,,
178,JfQ9B5mlXjHZAthRD3g8%KFeS,0777.SPK/BA.202/BA010102/2024,Pengadaan Running Store,2024-05-02,24,2,14,AGP Merak,,5000000,0,full,,,,inv2,,,,2024-05-03,,,,,,,,,,,0,,,,,paid,,,,,,0,0,,
179,r0E3FkiC5dURP)jthlSY8o2DI,0776.SPK/BA.202/BA010102/2024,Pengadaan Deck Running Store,2024-05-02,10,2,14,Onboard Malahayati Baruna,,3000000,0,full,,,,,,,,2024-05-06,,,,,,,,,,linked,673,,,,,paid,,,,,,0,0,,
180,URFNZ73xMoDVLHeI!qcEAP)G5,0797.SPK/BA.17/BA010102/2024,Spareparts Main Engine and Auxiliary Engine,2024-05-07,17,12,2,Franco Onboard (reimburse),,0,0,full,,,,inv2,,,proc,2024-05-08,,,,,,,,,,,0,,,,,paid,,,,,,0,0,,
181,yV!3bKeP%aFNTwSg@i*nkmDjC,0794.SPK/BA.302/BA010102/2024,Sparepart,2024-05-06,17,3,10,Franco Onboard (reimburse),,0,0,full,,,,inv2,,,proc,2024-05-06,,,,,,,,,,,0,,,,,paid,,,,,,0,0,,
182,NLSR0nsbdtC68J*9hi$MA)mEk,0813.SPK/BA.17/BA010102/2024,Crankshaft,2024-05-13,17,23,3,Fanco Onboard (Reimburse),,0,0,full,,,,inv2,,,,2024-05-13,,,,,,,,,,,0,,,,,paid,,,,,,0,0,,
183,JeY^V)dbfs$mC4GS7uy6AIcij,0733.SPK/BA.105/BA010102/2024,Penggantian Spareparts Peralatan Navigasi,2024-05-03,49,2,7,Onboard Malahayati Baruna,,0,0,full,,,,inv2,,,,2024-05-03,,,,,,,,,,,0,,,,,paid,,,,,,0,0,,
184,Qxtuhjcls@iv07y4(21YwkBmd,0775.SPK/BA.202/BA010102/2024,Pengadaan Deck Running Store,2024-05-02,2,2,14,AGP Merak,,1500000,0,full,,,,inv2,,,,2024-05-03,,,,,,,,,,,0,,,,,paid,,,,,,0,0,,
185,xHtbNi^76qVCvRS5uQGpIZl9m,0782.SPK/BA.202/BA010102/2024,Running Store,2024-05-03,21,5,4,Franco Onboard (reimburse),,0,0,full,,,,inv2,,,proc,2024-05-06,,,,,,,,,,,0,,,,,paid,,,,,,0,0,,
186,HXp0xake5oi2qh6tLGdn*^7us,0804.SPK/BA.17/BA010102/2024,Pengadaan Spareparts Main Engine,2024-05-08,16,2,20,Franco Onboard (reimburse),,0,0,full,,,,inv,,,,2024-05-08,,,,,,,,,,,0,,,,,paid,,,,,,0,0,,
187,TOzXiC2o)Lm@yvW0lFngpqPN%,0798.SPK/BA.17/BA010102/2024,Pengadaan Hydraulic Hatch Cover Pump,2024-05-07,42,1,7,PT Pelayaran Bahtera Adhiguna,,0,0,full,,,,inv2,,,,2024-05-08,,,,,,,,,,,0,,,,,paid,,,,,,0,0,,
188,LGZD3q5XkWzAR*7KM1pFaeHr),0799.SPK/BA.17/BA010102/2024,Inverter BNWAS,2024-05-04,50,16,42,Franco Onboard (reimburse),,0,0,full,,,,inv2,,,proc,2024-05-08,,,,,,,,,,,0,,,,,paid,,,,,,0,0,,
189,!vT8eNyK)XYZQlCxP6$G@L3Bm,0801.SPK/BA.17/BA010102/2024,Running Store,2024-07-05,2,6,7,Franco Onboard (reimburse),,0,0,full,,,,inv2,2024-12-02,,,2024-05-13,,,,,,,,,,,248,1,,,,paid,,2024-12-12,,,,0,0,,
190,eBu)^12$Uh6M0Yi*XWryR!GsC,0802.SPK/BA.17/BA010102/2024,Running Store,2024-05-07,24,6,8,Franco Onboard (reimburse),,0,0,full,,,,inv2,,,proc,2024-05-13,,,,,,,,,,,0,,,,,paid,,,,,,0,0,,
191,VAWNnJHfIvxc3mRkj5rZeG1wY,0800.SPK/BA.17/BA010102/2024,Running Store,2024-05-07,2,12,7,Franco Onboard (reimburse),,0,0,full,,,,inv2,,,proc,2024-05-13,,,,,,,,,,,0,,,,,paid,,,,,,0,0,,
192,e8nZW)4Rg*CAusl(@hY%6kt1V,0821.SPK/BA.302/BA010102/2024,Sparepart,2024-05-13,17,4,30,Franco Onboard (reimburse),,0,0,full,,,,inv2,,,,2024-05-13,,,,,,,,,,,0,,,,,paid,,,,,,0,0,,
193,HjOyYp6Jx7AnP$%lkKWc@MiE9,0814.SPK/BA.302/BA010102/2024,Sparepart,2024-05-13,17,4,30,Franco Onboard (reimburse),,0,0,full,,,,inv2,,,,2024-05-13,,,,,,,,,,,0,,,,,paid,,,,,,0,0,,
194,agjDUqbul7wL^MXPnTB6%Ge!(,0823.SPK/BA.302/BA010102/2024,Sparepart - LO Purifier SJ10G,2024-05-13,11,3,10,Franco Onboard (reimburse),,0,0,full,,,,inv2,,,proc,2024-05-13,,,,,,,,,,,0,,,,,paid,,,,,,0,0,,
195,UJDjG9QW6e5y(LPZ4KHxSaq37,0815.SPK/BA.302/BA010102/2024,Pengadaan Alat Ukur,2024-05-13,1,1,10,PT BAg,,0,0,full,,,,inv2,,,proc,2024-05-14,,,,,,,,,,,0,,,,,paid,,,,,,0,0,,
196,*LUHEeqJ82o@N)bv9iSRsFBa7,0825.SPK/BA.302/BA010102/2024,Spareparts Aux Boiler,2024-05-13,17,6,12,Franco Onboard (reimburse),,0,0,full,,,,inv2,,,proc,2024-05-13,,,,,,,,,,,0,,,,,paid,,,,,,0,0,,
197,9LEl2xpiMtPJBa1gNe(A!nbsZ,0822.SPK/BA.302/BA010102/2024,Spareparts,2024-05-13,17,6,9,Franco Onboard (reimburse),,0,0,full,,,,inv2,,,proc,2024-05-13,,,,,,,,,,,0,,,,,paid,,,,,,0,0,,
198,e6WckMF7n3Qp0GXUu9$Pij4x5,0819.SPK/BA.302/BA010102/2024,Sparepart,2024-05-13,35,3,4,AGP Paiton,,0,0,full,,,,inv,,,proc,2024-05-13,,,,,,,,,,,0,,,,,paid,,,,,,0,0,,
199,xYn7NAtcXhfZ1T3RdB0FPb$Hp,0842.SPK/BA.302/BA010102/2024,Sparepart Auxiliary Engine,2024-05-16,37,25,2,Franco Onboard (reimburse),,0,0,full,,,,inv2,2025-01-08,,proc,2024-05-17,,,,,,,,,,,0,,,,,paid,,,,,,0,0,,
200,oi4dJVhky(pgZG7CQNt@wXn)R,0847.SPK/BA.302/BA010102/2024,Spareparts,2024-05-16,17,12,3,Franco Onboard (reimburse),,0,0,full,,,,inv2,,,proc,2024-05-17,,,,,,,,,,,0,,,,,paid,,,,,,0,0,,
201,eaLFXnjU!)EOb21kRmoy7%HQW,0730.SOK/BA.104/BA010102/2024,Turbocharger AUX. Engine No. 3,2024-04-23,17,4,45,Franco Onboard (reimburse),,0,0,full,,,,inv2,,,,2024-04-23,,,,,,,,,,,0,,,,,paid,,,,,,0,0,,
202,OauKv4w^8tAsnYNPGZx10$bWg,0828.SPK/BA.302/BA010102/2024,Running Store,2024-05-14,24,17,7,Franco Onboard (reimburse),,0,0,full,,,,inv2,,,proc,2024-05-15,,,,,,,,,,,0,,,,,paid,,,,,,0,0,,
203,87kDyCo^Kz5PN26jM0feTZ*tq,0829.SPK/BA.302/BA010102/2024,Running Store,2024-05-14,2,17,7,Franco Onboard (reimburse),,0,0,full,,,,inv2,2025-04-06,,proc,2024-05-15,,,,,,,,,,linked,615,,,,,paid,,,,,,0,0,,
204,07EUqlW@31OrmpzbKSuHkGdQw,0827.SPK/BA.302/BA010102/2024,Pengadaan Sparepart Main Air Compressor,2024-05-14,17,20,30,Franco Onboard (reimburse),,0,0,full,,,,inv2,,,,2024-05-15,,,,,,,,,,,0,,,,,paid,,,,,,0,0,,
205,$HIk93qQC0ixMT(WAvK4t*5y!,0838.SPK/BA.17/BA010102/2024,Pengadaan Engine Running Store,2024-05-16,2,20,30,Franco Onboard (reimburse),,0,0,full,,,,inv2,2025-03-23,,,2024-05-16,,,,,,,,,,,0,,,,,paid,,,,,,0,0,,
206,d^5zUafKhuX*s4g9xV@78N1%j,0839.SPK/BA.17/BA010102/2024,Pengadaan Engine Running Store,2024-05-16,21,20,30,Franco Onboard (reimburse),,0,0,full,,,,inv2,,,,2024-05-16,,,,,,,,,,,0,,,,,paid,,,,,,0,0,,
207,M1kHqYB$UxouwdRO9)@a4hv*K,0873.SPK/BA.202/BA010102/2024,Pengadaan Running Store,2024-05-22,1,23,5,Franco Onboard (reimburse),,0,0,full,,,,inv2,,,proc,2024-05-22,,,,,,,,,,,0,,,,,paid,,,,,,0,0,,
208,c9RGLe7jH%m)u46ENQb3!(af8,0836.SPK/BA.302/BA010102/2024,ME NIGATA,2024-05-21,17,4,30,Franco Kapal,,0,0,full,,,,inv2,,,,2024-05-16,,,,,,,,,,,0,,,,,paid,,,,,,0,0,,
209,*HJgzM7TdmxI(Ks5!A$ibVQ%3,0841.SPK/BA.17/BA010102/2024,Running Store,2024-05-16,2,25,7,Franco Onboard (reimburse),,0,0,full,,,,inv2,,,proc,2024-05-16,,,,,,,,,,,0,,,,,paid,,,,,,0,0,,
210,kjEo$AeRg1@9fUTH3%tN5ChPL,0846.SPK/BA.302/BA010102/2024,Spareparts,2024-05-16,17,6,20,Franco Onboard (reimburse),,0,0,full,,,,inv2,,,proc,2024-05-16,,,,,,,,,,,0,,,,,paid,,,,,,0,0,,
211,)tqepoaAKFRDwYsETW73uL6kv,0845.SPK/BA.302/BA010102/2024,Running Store,2024-05-17,24,5,7,Franco Onboard (reimburse),,0,0,full,,,,inv2,,,proc,2024-05-17,,,,,,,,,,,0,,,,,paid,,,,,,0,0,,
212,MhpByklKWgfEntodRI6Sb3T!H,0848.SPK/BA.202/BA010102/2024,Running Store,2024-05-17,2,3,7,Franco Sesuai Kesepakatan (Reimburse),,0,0,full,,,,inv2,,,,2024-05-17,,,,,,,,,,,0,,,,,paid,,,,,,0,0,,
213,75!kiVEH3lIp@yhZ^U%$z(xoj,0849.SPK/BA.202/BA010102/2024,Running Store,2024-05-17,21,3,7,Franco Sesuai Kesepakatan (Reimburse),,0,0,full,,,,inv2,,,,2024-05-17,,,,,,,,,,,0,,,,,paid,,,,,,0,0,,
214,X3oGqj)bYZpU$Qda5VAyDfKMu,0835.SPK/BA.302/BA010102/2024,Sparepart,2024-05-16,11,4,33,Franco Sesuai Kesepakatan (Reimburse),,0,0,full,,,,inv2,,,,2024-05-16,,,,,,,,,,,0,,,,,paid,,,,,,0,0,,
215,6facED$1voq*(ytbZiPGI4x2u,0856.SPK/BA.202/BA010102/2024,Pengadaan Wire Grab Bucket,2024-05-17,2,3,14,Franco Sesuai Kesepakatan (Reimburse),,0,0,full,,,,inv2,,,proc,2024-05-17,,,,,,,,,,,0,,,,,paid,,,,,,0,0,,
216,iV6^2e5LDn4hcXMjpyvb1!RkK,0858.SPK/BA.202/BA010102/2024,Pengadaan Cat,2024-05-20,51,27,10,franco Tarahan-Lampung,,0,0,,,,,,,,,2024-05-20,,,,,,,,,,,0,,,,,,,,,,,0,0,,
217,XEz@op^k73A$trxeP1jV%8D64,0862.SPK/BA.202/BA010102/2024,Sparepart,2024-05-20,2,14,11,Franco Sesuai Kesepakatan (Reimburse),,0,0,full,,,,inv2,,,proc,2024-05-20,,,,,,,,,,,0,,,,,paid,,,,,,0,0,,
218,1wn8*NISy4Ta@QkpEBGjUg$9v,0855.SPK/BA.202/BA010102/2024,Spareparts Sea Water Pump and Emergency Fire Pump,2024-06-07,17,16,47,Franco Onboard (reimburse),,0,0,full,,,,inv2,,,proc,2024-05-21,,,,,,,,,,,0,,,,,paid,,,,,,0,0,,
219,txZTwIp(SsgcOnu5YV4eW*Q^i,0864.SPK/BA.202/BA010102/2024,Spa,2024-05-20,2,3,11,Franco Sesuai Kesepakatan (Reimburse),,0,0,full,,,,inv2,,,proc,2024-05-21,,,,,,,,,,linked,699,,,,,paid,,,,,,0,0,,
220,Mq$lS5WgIeiau^QhA01GJmo62,0866.SPK/BA.202/BA010102/2024,Pengadaan Cat,2024-05-21,13,3,10,Franco Sesuai Kesepakatan (Reimburse),,0,0,full,,,,inv2,,,proc,2024-05-21,,,,,,,,,,,0,,,,,paid,,,,,,0,0,,
221,z1pMNholdJS7TVviB*Aua%@6),C.3271/PR.103/DIV.RENDALHAR-2024,Sparepart,2024-04-22,7,3,7,Onboard Rasuna Baruna,,0,0,full,,,,inv2,,,,2024-05-21,,,,,,,,,,,0,,,,,paid,,,,,,0,0,,
222,3EoWZqPxX%NCYQUga(hV!Gj6i,0863.SPK/BA.202/BA010102/2024,Pengadaan Spareparts Main Engine dan Auxiliary Engine,2024-05-21,37,10,7,Onboard SB 2002,,0,0,full,,,,inv2,2025-03-23,,,2024-05-21,,,,,,,,,,,0,,,,,paid,,,,,,0,0,,
223,Et6BqVH)ln$f3SwXaC!oi(WAJ,0861.SPK/BA.202/BA010102/2024,Pengadaan Crankpin Bearing,2024-05-21,17,1,70,Franco Onboard (reimburse),,0,0,full,,,,inv2,,,,2024-05-21,,,,,,,,,,,0,,,,,paid,,,,,,0,0,,
224,2p17YquKSHeDn)jcv3BQhA09T,0872.SPK/BA.202/BA010102/2024,Running Store Kebutuhan Deck,2024-05-22,2,4,12,Franco Sesuai Kesepakatan (Reimburse),,0,0,full,,,,inv2,,,,2024-05-22,,,,,,,,,,,0,,,,,paid,,,,,,0,0,,
225,!3r%GLA581jhH$(ik@OTWVYMF,0870.SPK/BA.202/BA010102/2024,Running Store,2024-05-22,40,4,10,Franco Sesuai Kesepakatan (Reimburse),,0,0,full,,,,inv2,,,,2024-05-22,,,,,,,,,,,0,,,,,paid,,,,,,0,0,,
226,*Dku2V8g3owzqWyb%f$pRiEB9,0871.SPK/BA.202/BA010102/2024,Pemeliharaan Rutin,2024-05-22,49,3,15,Franco Sesuai Kesepakatan (Reimburse),,300,0,full,,,,inv,,,proc,2024-05-22,,,,,,,,,,,0,,,,,paid,,,,,,0,0,,
227,XSmuhswTdnc85FJ)!i3vI2*Ra,0869.SPK/BA.202/BA010102/2024,Pengadaan Spareparts Main Engine dan Auxiliary Engine,2024-05-21,37,1,14,Onboard Kartini Baruna,,0,0,full,,,,inv2,,,,2024-05-22,,,,,,,,,,,0,,,,,paid,,,,,,0,0,,
228,6uy$phtakcPSsHgV3^v*zwAWL,0887.SPK/BA.202/BA010102/2024,Sparepart,2024-05-27,17,4,30,Franco Sesuai Kesepakatan (Reimburse),,0,0,full,,,,inv2,,,,2024-05-27,,,,,,,,,,,0,,,,,paid,,,,,,0,0,,
229,fuopN67PvleERCh%r2dS8snZL,0889.SPK/BA.202/BA010102/2024,Pengadaan Deck Running Store,2024-05-27,2,20,10,Franco Sesuai Kesepakatan (Reimburse),,0,0,full,,,,inv2,,,,2024-05-28,,,,,,,,,,,0,,,,,paid,,,,,,0,0,,
230,o@MWlmLHOi5t0fkFg6GACyzS1,0895.SPK/BA.202/BA010102/2024,Pengadaan Spareparts Case Water Pump Auxiliary Engine,2024-05-28,11,21,4,Franco Sesuai Kesepakatan (Reimburse),,0,0,full,,,,inv,,,,2024-05-28,,,,,,,,,,,0,,,,,,,,,,,0,0,,
231,cbQeSRlP7gBLo$V9UG26EasnC,0898.SPK/BA.17/BA010102/2024,Pengadaan Sparepart ME & AE,2024-05-28,11,21,7,Franco Sesuai Kesepakatan (Reimburse),,0,0,full,,,,inv2,,,proc,2024-05-28,,,,,,,,,,,0,,,,,paid,,,,,,0,0,,
232,cwL8$nplfmbu)tZO(GjBVHy!*,0900.SPK/BA.17/BA010102/2024,Pengadaan Consumables,2024-05-28,1,21,5,Franco Sesuai Kesepakatan (Reimburse),,0,0,full,,,,inv2,,,proc,2024-05-28,,,,,,,,,,,0,,,,,paid,,,,,,0,0,,
233,4e3goJF)zDUTKqOiIA(7xWN@9,0888.SPK/BA.202/BA010102/2024,Pengadaan Engine Running Store,2024-05-27,2,2,10,Onboard Malahayati Baruna,,0,0,full,,,,inv2,,,,2024-05-28,,,,,,,,,,,0,,,,,paid,,,,,,0,0,,
234,6ubpV(JTRj0EqFA1Qxs5Omn9M,0890.SPK/BA.202/BA010102/2024,Pengadaan Sparepart Auxiliary Engine,2024-05-27,17,20,20,Franco Onboard (reimburse),,0,0,full,,,,inv2,,,,2024-05-28,,,,,,,,,,,0,,,,,paid,,,,,,0,0,,
235,oQ*V4OTpCYJN$5A76l(RvWytd,0904.SPK/BA.202/BA010102/2024,Sparepart,2024-05-29,12,4,60,Franco Sesuai Kesepakatan (Reimburse),,0,0,full,,,,inv2,,,,2024-05-29,,,,,,,,,,,0,,,,,paid,,,,,,0,0,,
236,XkoWMEcLm5RUV1f)ABSr0vGQD,0903.SPK/BA.202/BA010102/2024,Sparepart,2024-05-29,21,3,6,Franco Onboard (reimburse),,0,0,full,,,,inv2,,,,2024-05-29,,,,,,,,,,,0,,,,,paid,,,,,,0,0,,
237,nN3Djq8R0g7Lrf9SUE!%bJGpM,0906.SPK/BA.202/BA010102/2024,Running Store,2024-05-29,2,5,7,Franco Onboard (reimburse),,0,0,full,,,,inv2,,,,2024-05-29,,,log,,1500000,Suralaya - Merak,Agen,,,,86,,,,,paid,,,,,,0,0,,
238,DZq4VBOJ^(*1fsuQck)tvaj0b,0905.SPK/BA.202/BA010102/2024,Sparepart Auxiliary Engine,2024-05-29,17,7,7,Franco Onboard (reimburse),,0,0,full,,,,inv2,,,,2024-05-29,,,,,,,,,,,0,,,,,paid,,,,,,0,0,,
239,VF%EGmbune3R*KN9^tYcD6Qv4,0907.SPK/BA.202/BA010102/2024,Spareparts,2024-05-29,17,6,15,Franco Onboard (reimburse),,0,0,full,,,,inv2,,,,2024-05-30,,,,,,,,,,,0,,,,,paid,,,,,,0,0,,
240,wPkiDWHgsxRoBFjObaLedGXz$,0911.SPK/BA.202/BA010102/2024,Running Store,2024-05-29,13,4,10,Franco Sesuai Kesepakatan (Reimburse),,0,0,full,,,,inv2,,,,2024-05-31,,,,,,,,,,,0,,,,,paid,,,,,,0,0,,
241,bI^yLuBe5g17V6SzrtT(CqMRj,0928.SPK/BA.202/BA010102/2024,Pengadaan peralatan Windlass,2024-06-04,3,23,7,Franco Sesuai Kesepakatan (Reimburse),,0,0,full,,,,inv2,,,proc,2024-06-04,,,,,,,,,,,0,,,,,paid,,,,,,0,0,,
242,min47e50EsNOZv@cfj*PQ)(9o,0022.SPBJ/PR.103/BA010400/2024,Pengadaan Spare Part Deck Crane MV Latifah Baruna,2024-05-14,37,20,30,Franco Onboard (reimburse),,0,0,full,,,,,,,,2024-05-14,,,,,,,,,,,0,,invest,,,paid,,,,,,0,0,,
243,kOF*^rHNAn5pTu(t9ybK8hgsX,0874.SPK/BA.202/BA010102/2024,Pengadaan Cat,2024-05-22,4,27,14,Franco Sesuai Kesepakatan (Reimburse),,0,0,full,,,,inv2,,,proc,2024-05-22,,,,,,,,,,,0,,,,,paid,,,,,,0,0,,
244,WcAm$qDk!Ms0BT7Q8PownK%g2,0925.SPK/BA.302/BA010102/2024,Pengadaan Sparepart FO Purifier,2024-06-04,17,20,40,Franco Sesuai Kesepakatan (Reimburse),,0,0,full,,,,inv2,,,,2024-06-04,,,,,,,,,,,0,,,,,paid,,,,,,0,0,,
245,lmGCcBpT6hP249)wx$8dMDRZg,0922.SPK/BA.202/BA010102/2024,Running Store,2024-06-04,1,4,5,Franco Sesuai Kesepakatan (Reimburse),,0,0,full,,,,inv2,,,,2024-06-04,,,,,,,,,,,0,,,,,paid,,,,,,0,0,,
246,P!lkf(piI%W5qmYM)7gs$zbTE,0924.SPK/BA.302/BA010102/2024,Sparepart,2024-06-04,12,3,65,Franco Sesuai Kesepakatan (Reimburse),,0,0,full,,,,inv2,,,,2024-06-04,,,,,,,,,,,0,,,,,paid,,,,,,0,0,,
247,FAtIDYqfdlVUe*@JB8x0w1Wzi,0923.SPK/BA.302/BA010102/2024,Sparepart,2024-06-04,17,3,25,Franco Sesuai Kesepakatan (Reimburse),,0,0,full,,,,inv2,,,,2024-06-04,,,,,,,,,,,0,,,,,paid,,,,,,0,0,,
248,3J%$MNqSDE21UL5hyjrpmieu8,0921.SPK/BA.202/BA010102/2024,Running Store,2024-06-04,4,14,10,Franco Sesuai Kesepakatan (Reimburse),,0,0,full,,,,inv2,,,,2024-06-04,,,,,,,,,,,0,,,,,paid,,,,,,0,0,,
249,9g(yUR37Ni@WF*TAp0k!D^hCz,0926.SPK/BA.302/BA010102/2024,Pengadaan Hydraulic Pump Cover,2024-06-04,36,20,10,Franco Sesuai Kesepakatan (Reimburse),,0,0,full,,,,inv,,,,2024-06-04,,,,,,,,,,,0,,,,,paid,,,,,,0,0,,
250,D5zbXc@BRdZl*!WmTV^tAfQSH,0930.SPK/BA.302/BA010102/2024,Pengadaan Spareparts Main Compressor,2024-06-04,17,1,10,Onboard Kartini Baruna,,0,0,full,,,,inv2,,,,2024-06-04,,,,,,,,,,,0,,,,,paid,,,,,,0,0,,
251,Tz^V*Qlcg3sP0$WCOGwuSi%F5,0932.SPK/BA.302/BA010102/2024,Sparepart,2024-06-04,37,3,15,Franco Sesuai Kesepakatan (Reimburse),,0,0,full,,,,inv2,,,,2024-06-05,,,,,,,,,,,0,,,,,paid,,,,,,0,0,,
252,9k5FgTNc6$mas3HEZdp!4wA17,0745.SPK/TU.006/VPRENDALHAR/20,Jasa Pengiriman Material Kapal,2024-04-20,48,7,30,Franco Sesuai Kesepakatan (Reimburse),,0,0,full,,,,inv2,,,,2024-04-20,,,,,,,,,,,0,,,,,paid,,,,,,0,0,,
253,Xl40TIGKeiBQw()1m32kcq*W!,0920.SPK/BA.202/BA010102/2024,Pengadaan Spareparts HFO Purifier,2024-06-03,32,1,30,Onboard Kartini Baruna,,0,0,full,,,,inv2,,,proc,2024-06-05,,,,,,,,,,,0,,,,,paid,,,,,,0,0,,
254,gqDBlvztphrmiQaw%1*UXN6sA,0929.SPK/BA.302/BA010102/2024,Pengadaan Sparepart Turbocharger,2024-06-05,17,1,20,Onboard Kartini Baruna,,0,0,full,,,,inv2,,,,2024-06-06,,,,,,,,,,,0,,,,,paid,,,,,,0,0,,
255,eHCYw@%KNRmr7fDSk20WoIUtb,0938.SPK/BA.302/BA010102/2024,Sparepart,2024-06-06,1,14,5,Franco Sesuai Kesepakatan (Reimburse),,0,0,full,,,,inv2,,,,2024-06-06,,,,,,,,,,,0,,,,,paid,,,,,,0,0,,
256,z$MrAbmfGOT%5NVkWn9BZUFxH,0941.SPK/BA.302/BA010102/2024,Spareparts Auxiliary Engine,2024-06-06,17,7,9,Franco Sesuai Kesepakatan (Reimburse),,0,0,full,,,,inv2,,,,2024-06-06,,,,,,,,,,,0,,,,,paid,,,,,,0,0,,
257,06uQ@%L9vxd2)7paioXnDINR3,0919.SPK/BA.101/BA010102/2024,Pengadaan Bearing,2024-06-06,10,2,20,Onboard Malahayati Baruna,,0,0,full,,,,inv2,2025-03-23,,,2024-06-06,,,,,,,,,,,0,,,,,paid,,,,,,0,0,,
258,2jF$nLAT1WKR%4a*5qlIBN9VO,0946.SPK/BA.202/BA010102/2024,Running Store,2024-06-06,3,7,7,Franco Sesuai Kesepakatan (Reimburse),,0,0,full,,,,inv2,,,proc,2024-06-06,,,,,,,,,,,0,,,,,paid,,,,,,0,0,,
259,K1Aj4(Qa*y753H9Ged0iRVJZh,0947.SPK/BA.302/BA010102/2024,Spareparts Lubricant,2024-06-06,17,6,20,Franco Sesuai Kesepakatan (Reimburse),,0,0,full,,,,inv2,,,proc,2024-06-06,,,,,,,,,,,0,,,,,paid,,,,,,0,0,,
260,sWekaJ^di8o5z9fjtxFT6A31g,0944.SPK/BA.202/BA010102/2024,Consumable and Store,2024-06-06,4,29,10,Franco Sesuai Kesepakatan (Reimburse),,0,0,full,,,,inv2,,,,2024-06-06,,,,,,,,,,,0,,,,,paid,,,,,,0,0,,
261,N6QOEvrK7Xj@*!hHnwYRByG^a,0940.SPK/BA.302/BA010102/2024,SPAREPARTS AUXILIARY ENGINE,2024-06-06,32,25,10,Franko Dan Biaya Transportasi Reimbusable,,0,0,full,,,,inv2,,,proc,2024-06-06,,,,,,,,,,,0,,,,,paid,,,,,,0,0,,
262,MjfzCEN%9Fxp5JavBAnt8LYZ(,0931.SPK/BA.302/BA010102/2024,PENGADAAN SPAREPARTS AUXILIARY ENGINE,2024-06-05,14,1,20,Franco MV. Kartini Baruna (Biaya transportasi Reimbursable sesuai dengan Kesepakatan),,0,0,full,,,,inv2,,,,2024-06-10,,,,,,,,,,,0,,,,,paid,,,,,,0,0,,
263,iGd%$By4P!rWgspSDTH6jlhOx,0965.SPK/BA.202/BA010102/2024,RUNNING STORE (VINYL),2024-06-10,21,4,7,Franko : Sesuai dengan kesepakatan,,0,0,full,,,,inv2,,,,2024-06-10,,,,,,,,,,,0,,,,,paid,,,,,,0,0,,
264,zApjU7J3xkt*VWDwb1E42OGT9,0960.SPK/BA.105/BA010102/2024,PEMELIHARAAN RUTIN,2024-06-10,49,17,10,Franko : Sesuai dengan kesepakatan,,0,0,full,,,,inv,,,,2024-06-10,,,,,,,,,,,0,,,,,paid,,,,,,0,0,,
265,q(nHXQN4ivglfjeT29aUmEkyB,0933.SPK/BA.202/BA010102/2024,JASA PEMASANGAN COUPLING PENUMAFLEX ME KANAN,2024-06-05,52,4,2,Franco Suralaya/onboard MV. Adhiguna Tarahan,,0,0,,,,,,,,,,,,,,,,,,,,0,,,,,,,,,,,0,0,,
266,6Jhl74g$uef^RHrEQ(tZUasxn,0963.SPK/BA.302/BA010102/2024,PEMELIHARAAN RUTIN,2024-06-10,53,4,28,Franko : Sesuai dengan kesepakatan,,0,0,full,,,,inv2,,,,2024-06-10,,,,,,,,,,linked,384,,,,,paid,,,,,,0,0,,
267,Smj@RiOF*g()erCnE$PW7MwkI,0812.SPK/BA.17/BA010102/2024,PENGADAAAN ANODE BALLAST,2024-05-13,22,2,5,"Franco Kapal reimburse biaya-biaya yang timbul (service boat, perijinan)",,0,0,full,,,,inv,,,,2024-05-13,,,,,,,,,,,0,,,,,paid,,,,,,0,0,,
268,WiDRU3r4KSV(gAO0eblu%8*ov,0811.SPK/BA.17/BA010102/2024,PENGADAAAN ANODE HULL,2024-05-13,54,2,6,"Franco Kapal reimburse biaya-biaya yang timbul (service boat, perijinan)",,0,0,full,,,,inv2,,,,2024-05-13,,,,,,,,,,,0,,,,,paid,,,,,,0,0,,
269,Jw87uZn4csy$tWEagCGx!5)1v,0952.SPK/BA.17/BA010102/2024,PENGADAAN MATERIAL CAT HATCH COVER,2024-06-11,4,17,10,Franco sesuai dengan kesepakatan,,0,0,full,,,,inv2,,,proc,2024-06-11,,,,,,,,,,,0,,,,,paid,,,,,,0,0,,
270,0ZX%u4qH$wY87@vJMx3jFdE^V,0975.SPK/BA.302/BA010102/2024,ELECTRIC TOOLS,2024-06-11,7,6,28,On Board (Biaya Transportasi Reimbursable Sesuai Dengan Kesepakatan),,0,0,full,,,,inv2,,,proc,2024-06-11,,,,,,,,,,,0,,,,,paid,,,,,,0,0,,
271,$2M5icFhyCnqlL!dX@Roz3e4s,0972.SPK/BA.202/BA010102/2024,PERMINTAAN CAT,2024-06-11,13,7,10,Franko Dan Transportasi Reimbursable sesuai dengan kesepakatan,,0,0,full,,,,inv2,2025-01-09,,proc,2024-06-11,,,,,,,,,,,0,,,,,paid,,,,,,0,0,,
272,GybYp!WzA34jdm@kqMDN0VgLX,0977.SPK/BA.302/BA010102/2024,SPAREPARTS AUXILIARY ENGINE,2024-06-11,11,5,12,On Board. (Biaya Transportasi Reimbursable Sesuai Dengan Kesepakatan),,0,0,full,,,,inv2,,,,2024-06-13,,,,,,,,,,,0,,,,,paid,,,,,,0,0,,
273,$dbVX8NB!SQEveIhnJxrAK%@O,0859.SPK/PR.202/BA010102/2024,SPAREPART,2024-05-20,17,4,30,Franko : Sesuai dengan kesepakatan,,0,0,full,,,,inv2,2025-03-23,,proc,2024-06-13,,,,,,,,,,,0,,,,,paid,,,,,,0,0,,
274,Ao3t*V%Fz2xD9JrjK8GN05Iiw,0998.SPK/BA.202/BA010102/2024,RUNNING STORE,2024-06-12,2,3,12,Franko : Sesuai dengan kesepakatan,,0,0,full,,,,inv2,,,,2024-06-13,,,,,,,,,,,0,,,,,paid,,,,,,0,0,,
275,RO8G%N!)JpKyL@nctbE7C5Via,0999/SPK/BA.17/BA010102/2024,RUNNING STORE,2024-06-12,2,14,10,Franko : Sesuai dengan kesepakatan,,0,0,full,,,,inv2,,,,2024-06-13,,,,,,,,,,,0,,,,,paid,,,,,,0,0,,
276,HEy2bZNauCW9LmSJM6!FABrdV,1018.SPK/BA.17/BA010102/2024,RUNNING STORE,2024-06-13,2,16,9,On Board (Biaya Transportasi Reimbursable Sesuai Dengan Kesepakatan),,0,0,full,,,,inv2,,,proc,2024-06-13,,,,,,,,,,,0,,,,,paid,,,,,,0,0,,
277,6DNwg$9%0JXqVkWb8mM1AFSyE,1019.SPK/BA.202/BA010102/2024,BRAKE LINING TOOLS,2024-06-13,21,16,7,On Board (Biaya Transportasi Reimbursable Sesuai Dengan Kesepakatan),,0,0,full,,,,inv2,,,proc,2024-06-13,,,,,,,,,,,0,,,,,paid,,,,,,0,0,,
278,vVcqNbEk(96fi03zaKtSwD)xX,1025.SPK/BA.302/BA010102/2024,SPAREPART,2024-06-13,11,14,4,Franko : Sesuai dengan kesepakatan,,0,0,full,,,,inv,,,,2024-06-13,,,,,,,,,,,0,,,,,paid,,,,,,0,0,,
279,02(mpeUrDhK%aLtM)wnxus!N3,1024.SPK/BA.302/BA010102/2024,SPAREPART,2024-06-13,37,29,5,Franko : Sesuai dengan kesepakatan,,0,0,full,,,,inv2,,,,2024-06-13,,,,,,,,,,,0,,,,,paid,,,,,,0,0,,
280,Mv%9T@LEd1$aBy8kcDXmlon6s,1023.SPK/BA.202/BA010102/2024,RUNNING STORE,2024-06-13,2,7,9,On Board dan Biaya Transportasi Reimbursable Sesuai Dengan Kesepakatan,,0,0,full,,,,inv2,,,proc,2024-06-13,,,,,,,,,,,0,,,,,paid,,,,,,0,0,,
281,5WR@YUia(QM%6djs8GhOSVPqn,1022.SPK/BA.17/BA010102/2024,RUNNING STORE,2024-06-13,3,7,9,On Board dan Biaya Transportasi Reimbursable Sesuai Dengan Kesepakatan,,0,0,full,,,,inv2,2024-09-17,,proc,2024-06-13,,,,,,,,,,,0,,,,,paid,,,,,,0,0,,
282,)i*kZ3Ydb$A@SHq4vPy0L!CBs,0978.SPK/BA.302/BA010102/2024,SPAREPARTS AUXILIARY ENGINE,2024-06-11,12,5,60,On Board (Biaya Transportasi Reimbursable Sesuai Dengan Kesepakatan),,0,0,full,,,,inv2,,,proc,2024-06-13,,,,,,,,,,,0,,,,,paid,,,,,,0,0,,
283,N@CyzBe*%YlLdb!tDupIrij9f,0973.SPK/BA.302/BA010102/2024,PENGADAAN MOORING EQUIPMENT,2024-06-11,26,8,5,Franco TB Srikandi Baruna 2001,,0,0,full,,,,inv2,,,,2024-06-14,,,,,,,,,,,0,,,,,paid,,,,,,0,0,,
284,hvb9$0XT8^qQJye1(*jHIzWN@,0979.SPK/BA.302/BA010102/2024,PENGADAAN SPAREPARTS AUXILIARY ENGINE,2024-06-12,12,1,60,Franco MV. Kartini Baruna (Biaya Transportasi Reimbursable sesuai dengan Kesepakatan),,0,0,full,,,,inv2,,,,2024-06-14,,,,,,,,,,,0,,,,,paid,,,,,,0,0,,
285,%btYnDSaLVgP(IRU$p^A1T0*u,1031.SPK/BA.302/BA010102.2024,SPAREPART,2024-06-14,17,4,20,Franko : Sesuai dengan kesepakatan,,0,0,full,,,,inv2,,,,2024-06-14,,,,,,,,,,,0,,,,,paid,,,,,,0,0,,
286,w*$3aA!Jd^suCTbnEO(D4tirv,1030.SPK/BA.302/BA010102/2024,PENGADAAN DINAMO STARTER 12V,2024-06-14,3,10,7,Franco Kantor PT. Pelayaran Bahtera Adhiguna Jl. Kalibesar Timur No. 10-12 Jakarta,,0,0,full,,,,inv2,,,proc,2024-06-14,,,,,,,,,,,0,,,,,paid,,,,,,0,0,,
287,V2GNYshPufyClKAo@qIQ7MFmL,1020.SPK/BA.17/BA010102/2024,"PENGADAAN BUKU, PETA & LOG BOOK",2024-06-13,3,21,7,Franco Onboard (Biaya transportasi reimbursable sesuai kesepakatan),,0,0,full,,,,inv2,,,proc,2024-06-14,,,,,,,,,,,0,,,,,paid,,,,,,0,0,,
288,dVCkjHhME79WenibqSaoA(2*Y,0985.SPK/BA.17/BA010102/2024,PENGADAAN BLENDER LAS,2024-06-11,2,23,7,Franco Kantor PT. Pelayaran Bahtera Adhiguna Jl. Kalibesar Timur No. 10-12 Jakarta,,0,0,full,,,,inv2,,,proc,2024-06-12,,,,,,,,,,,0,,,,,paid,,,,,,0,0,,
289,2*PxUHgh7eCA5JzZcms%blQF),1026.SPK/BA.17/BA010102/2024,RUNNING STORE,2024-06-13,2,3,12,On Board (Biaya Transportasi Reimbursable Sesuai Dengan Kesepakatan),,0,0,full,,,,inv2,,,,2024-06-14,,,,,,,,,,,0,,,,,paid,,,,,,0,0,,
290,Q35a2mRvXT9EK*nfobDBpyHzN,1027.SPK/BA.202/BA010102/2024,RUNNING STORE,2024-06-13,24,3,10,On Board (Biaya Transportasi Reimbursable Sesuai Dengan Kesepakatan),,0,0,full,,,,inv2,,,,2024-06-14,,,,,,,,,,,0,,,,,paid,,,,,,0,0,,
291,2R(L!CNWS7AEG8Vyk$*Irs0@e,0715.SPK/BA.101/BA010102/2024,Pengadaan Spareparts Boiler FO Burning Pump dan FO Booster Pump (Docking),2024-04-25,17,2,110,Franco Onboard (reimburse),,0,0,full,,,,inv2,,,proc,2024-04-25,,,,,,,,,,,0,,,,,paid,,,,,,0,0,,
293,z3BHenOEAvaCrV0cI7FL4dKN%,1045.SPK/BA.302/BA010102/2024,SPAREPARTS FO PURIFIER,2024-06-19,37,6,24,On Board (Biaya Transportasi Reimbursable Sesuai Dengan Kesepakatan),,0,0,full,,,,inv2,,,proc,2024-06-19,,,,,,,,,,,0,,,,,paid,,,,,,0,0,,
294,N$)OqF*gdIeSL918vMtl4(2Xa,1044.SPK/BA.302/BA010102/2024,SPAREPARTS FO & LO PURIFIER,2024-06-19,32,5,31,On Board (Biaya Transportasi Reimbursable Sesuai Dengan Kesepakatan),,0,0,full,,,,inv2,,,,2024-06-19,,,,,,,,,,,0,,,,,paid,,,,,,0,0,,
295,$GtK6S0WD59o4HL7%j@kzP^v1,0014.SPBJ/PR.103/BA010102/2024,Pengadaan Conveyor Belt,2024-04-25,41,4,45,Pelayaran Bahtera Adhiguna (Jakarta),,0,0,full,,,,inv,,,,2024-04-25,,,,,,,,,,linked,567,,invest,,,paid,,,,,,0,0,,
296,I*1BurXz)4F^TqdM0yLsgS%pw,0917.SPK/BA.202/BA010102/2024,Running Store,2024-06-10,1,16,7,Reimburse sesuai kesepakatan,,0,0,full,,,,inv2,,,proc,2024-06-10,,,,,,,,,,,0,,,,,paid,,,,,,0,0,,
297,QTF*U)xzIPRkVe1N0ZWmj2biA,1060.SPK/BA.302/BA010102/2024,Pengadaan LO Cooler,2024-06-20,11,21,4,biaya reimburse dan lokasi sesuai kesepakatan,,0,0,full,,,,inv2,,,proc,2024-06-21,,,,,,,,,,,0,,,,,paid,,,,,,0,0,,
298,f%RwCFms1B2vH*7S86ZTutr^h,0796.SPK/BA.17/BA010102/2024,PENGADAAN SPAREPARTS AE,2024-05-06,11,23,2,Franco On Board (Biaya Transportasi Reimbursable Sesuai dengan Kesepakatan),,0,0,full,,,,inv2,,,proc,2024-05-06,,,,,,,,,,,0,,,,,paid,,,,,,0,0,,
299,Gfp8F6PK%1McyAzhE4Vt3eUBR,0795.SPK/BA.202/BA010102/2024,REKONDISI CYL. HEAD MAIN ENGINE DAN AUXILIARY ENGINE,2024-05-06,17,7,10,On Board,,0,0,full,,,,inv2,,,proc,2024-05-06,,,,,,,,,,,0,,,,,paid,,,,,,0,0,,
300,iTZq!)^C*mRb7c(Irtu$e@GFY,0896.SPBJ/PR.104/BA010102/2023,SPAREPARTS,2024-05-31,12,4,30,On Board,,0,0,full,,,,inv2,2025-03-23,,proc,,,,,,,,,,,,0,,,,,paid,,,,,,0,0,,
301,(Dd!rORwVTigtZG@b69kW^J8m,0948.SPK/KU.007/BA010102/2024,PENGADAAN UNIT FEED PUMP,2024-06-12,32,2,135,Franco On Board MV. Malahayati Baruna (Biaya Transportasi Reimbursable sesuai dengan Kesepakatan),,0,0,full,,,,inv2,2025-06-17,,,2025-06-12,,,,,,,,,,linked,781,,,,,paid,,,,,,0,0,,
302,5s82PtLbQrHlfCg3XnZ4wd^Y7,1067.SPK/PR.202/BA010102/2024,PENGADAAN JASA FABRIKASI SEA CHEST STRAINER,2024-06-24,43,2,14,Franco MV. Malahayati Baruna (Biaya Transportasi reimbursable sesuai dengan Kesepakatan),,0,0,full,,,,inv,,,,2024-06-24,,,,,,,,,,,0,,,,,paid,,,,,,0,0,,
303,huvefVjC8ZoM4$6cPRH5NITsk,1052.SPK/PR.202/BA010102/2024,PENGADAAN HYDRAULIC PUMP HATCH COVER,2024-06-24,53,20,120,Franco Reimbursable sesuai dengan Kesepakatan,,0,0,full,,,,inv2,,,,2024-06-24,,,,,,,,,,,0,,,,,paid,,,,,,0,0,,
304,DzJZbe1N2PuIkGj(Uwv3$F*8f,1029.SPK/BA.202/BA010102/2024,RUNNING STORE (REPEAT ORDER),2024-06-24,1,16,7,Franko Dan Biaya Transportasi Reimbusable Sesuai Dengan Kesepakatan,,0,0,full,,,,inv2,,,,2024-06-24,,,,,,,,,,,0,,,,,paid,,,,,,0,0,,
305,b0pk$1GRwz*N3VAt)i(lj@FPB,1051.SPK/BA.302/BA010102/2024,PENGADAAN SPAREPARTS DAN BEARING FO PURIFIER,2024-06-11,17,20,26,Franco Reimbursable sesuai dengan Kesepakatan,,0,0,full,,,,inv2,,,,2024-06-11,,,,,,,,,,,0,,,,,paid,,,,,,0,0,,
307,lK3OTk29jrJuieRIvaGxg!^HL,1096.SPK/BA.202/BA010102/2024,FABRICATE BRIDGE GUIDE,2024-06-28,17,7,5,Franko Sesuai Kesepakatan,,0,0,full,,,,inv2,2025-03-23,,,2024-06-28,,,,,,,,,,,0,,,,,paid,,,,,,0,0,,
308,5^ZeEIaC4WhsXiHBn2tL8T6y$,1097.SPK/BA.202/BA010102/2024,SPAREPART,2024-06-28,17,7,5,Franko : Sesuai dengan kesepakatan,,0,0,full,,,,inv2,2025-06-17,,,2024-06-28,,,,,,,,,,linked,407,,,,,paid,,,,,,0,0,,
309,yQAzYNwEv7!o%MTJLns19I)58,1075.SPK/BA.101/BA010102/2024,PENGADAAN SPAREPARTS COMPRESSOR,2024-06-25,37,2,20,Franco MV. Malahayati Baruna (Biaya Transportasi reimbursable sesuai dengan Kesepakatan),,0,0,full,,,,inv2,,,,2024-06-25,,,,,,,,,,,0,,,,,paid,,,,,,0,0,,
310,jdsI9Bt1PZvaDoAXE0*8(VQMx,1021.SPK/BA.17/BA010102/2024,Pengiriman 5 Unit Grab Bucket ke Paiton,2024-06-13,17,3,14,Paiton,,0,0,full,,,,inv2,,,,2024-06-13,,,,,,,,,,,0,,,,,paid,,,,,,0,0,,
311,Q%jehyR6SXcsCLv2Pf9gqEDnI,1106.SPK/BA.202/BA010102/2024,PENGADAAN FILTER MAIN ENGINE DAN AUXILIARY ENGINE,2024-07-02,11,27,7,"franco TB. Srikandi Baruna 2204 di Tarahan, Lampung (Biaya Transportasi Reimbursable sesuai dengan Kesepakatan)",,0,0,full,,,,inv2,,,,2024-07-03,,,,,,,,,,,0,,,,,paid,,,,,,0,0,,
312,j*OM3$Azw9N8Uhx@^2)WD6LbR,1131.SPK/BA.202/BA010102/2024,PENGADAAN AC SPLIT ANJUNGAN,2024-07-05,2,5,5,"Franco Kantor PT. Pelayaran Bahtera Adhiguna (Jl. Kalibesar Timur No. 10-12, Jakarta Barat)",,0,0,full,,,,inv2,,,,2024-07-05,,,,,,,,,,,0,,,,,paid,,,,,,0,0,,
313,H07a!cyVu4EG^AFXnlr%qY@D(,1109.SPK/PR.202/BA010102/2024,PENGADAAN JASA FABRIKASI BOLT DAN NUT INTERMEDIATE SHAFT,2024-07-03,43,1,20,Franco Reimbursable sesuai dengan Kesepakatan,,0,0,full,,,,inv2,,,,2024-07-03,,,,,,,,,,non-reimburse,0,1,,,,paid,,,,,,0,0,,
314,)%1x4dt!CzUKJawV2yZiqu*FS,1110.SPK/BA.302/BA010102/2024,PENGADAAN ADDITIONAL SPAREPARTS AUXILIARY ENGINE,2024-07-03,37,2,20,Franco MV. Malahayati Baruna (Biaya Transportasi reimbursable sesuai dengan Kesepakatan),,0,0,full,,,,inv2,,,,2024-07-03,,,,,,,,,,,0,,,,,paid,,,,,,0,0,,
315,r4LTtlisU%jhHPVA15n@wYpQy,1118.SPK/PR.202/BA010102/2024,FABRIKASI SPROCKLET,2024-07-04,11,7,30,On Board (Biaya Transportasi Reimbursable Sesuai Dengan Kesepakatan),,0,0,full,,,,inv2,2024-11-13,,,2024-07-04,,,,,,,,,,linked,887,,,,,paid,,,,,,0,0,,
316,0(uaO92TNSYRBVjmdtPH4eAKz,1116.SPK/BA.302/BA010102/2024,RUNNING STORE,2024-07-04,3,16,7,On Board (Biaya Transportasi Reimbursable Sesuai Dengan Kesepakatan),,0,0,full,,,,inv2,,,,2024-07-25,,,,,,,,,,,0,,,,,paid,,,,,,0,0,,
317,MHbeXyxCwugJSY(j3^KzcQ)di,1122.SPK/PR.202/BA010102/2024,RUNNING STORE,2024-07-04,3,6,7,On Board (Biaya Transportasi Reimbursable Sesuai Dengan Kesepakatan),,0,0,full,,,,inv2,,,,2024-07-04,,,,,,,,,,,0,1,,,,paid,,2024-10-24,,,,0,0,,
318,1peshWw*SK!r)ID47tFlqY%JT,1120.SPK/BA.302/BA010102/2024,RUNNING STORE,2024-07-04,3,5,7,On Board (Biaya Transportasi Reimbursable Sesuai Dengan Kesepakatan),,0,0,full,,,,inv2,,,,2024-07-04,,,,,,,,,,,0,,,,,paid,,,,,,0,0,,
319,cfCPD7KOtGF$ihzrxdRZ3W8(p,1119.SPK/BA.302/BA010102/2024,PENGADAAN LO COOLER ASSY GEARBOX,2024-07-05,16,25,140,On Board (Biaya Transportasi Reimbursable Sesuai Dengan Kesepakatan),,0,0,full,,,,inv2,2024-11-19,,,2024-07-05,,,,,,,,,,,0,,,,,paid,,,,,,0,0,,
320,wb9*KS$lanEkx^mGD(QWX2)qf,1105.SPK/BA.105/BA010102/2024,Pengadaan Extender Untuk Operasional Kapal Milik,2024-07-01,56,2,5,Franco MV. Malahayati Baruna,,0,0,full,,,,inv2,,,proc,2024-07-01,,,,,,,,,,,0,,,,,paid,,,,,,0,0,,
321,4iAGs6Tfn!v5@BJ7LQP8FRbcW,1124.SPK/BA.101/BA010102/2024,PENGADAAN ADDITIONAL BARANG DAN JASA M/E AFTER DISMANTLE,2024-07-04,57,2,14,Franco MV. Malahayati Baruna (Biaya Transportasi reimbursable sesuai dengan Kesepakatan),,0,0,full,,,,inv2,,,,2024-07-04,,,,,,,,,,,0,,,,,paid,,,,,,0,0,,
322,7kyR1*m^iPK4bdVe(WAngNt!2,1127.SPK/BA.302/010102/2024,SPAREPARTS AUXILLIARY ENGINE (FUEL INJETION VALVE ASSY,2024-07-08,17,7,7,Franco sesuai dengan Kesepakatan,,0,0,full,,,,inv2,,,,2024-07-08,,,,,,,,,,,0,,,,,paid,,,,,,0,0,,
323,BLCwVy@HGjt%kx!J*4MIA$ROK,0926A.SPK/BA.302/BA010102/2024,PENGADAAN SPAREPARTS DAN BEARING FO PURIFIER,2024-06-11,17,20,40,Franco Reimbursable sesuai dengan kesepakatan,,0,0,full,,,,inv2,,,,2024-06-11,,,,,,,,,,,0,,,,,paid,,,,,,0,0,,
324,MsV*4ycKJ3gFiwC2)%XAHZtr6,1147.SPK/BA.302/BA010102/2024,HATCH COVER PUMP,2024-07-09,53,16,50,On Board (Biaya Transportasi Reimbursable Sesuai Dengan Kesepakatan),,0,0,full,,,,inv2,,,,2024-07-09,,,,,,,,,,,0,,,,,paid,,,,,,0,0,,
325,GK4P@noLmrT)^iaZjdWMfRgQY,1146.SPK/PR.202/BA010102/2024,REKONDISI BATTERY GRAB,2024-07-09,50,16,13,On Board (Biaya Transportasi Reimbursable Sesuai Dengan Kesepakatan),,0,0,full,,,,inv2,,,,2024-07-09,,,,,,,,,,,0,,,,,paid,,,,,,0,0,,
326,@gkTx3(m)VYrXCRU1nSioDlsZ,1158.SPK/BA.302/BA010102/2024,PENGADAAN RUBBER IMPELLER,2024-07-11,11,10,5,Franco sesuai dengan kesepakatan,,0,0,full,,,,inv2,,,proc,2024-07-11,,,,,,,,,,,0,,,,,paid,,,,,,0,0,,
327,s$r(Lp%GhnxlRg71)kO5EVMKz,1157.SPK/BA.202/BA010102/2024,PENGADAAN TALI MONOFILAMENT CIR 10,2024-07-09,40,23,5,Franco sesuai dengan kesepakatan,,0,0,full,,,,inv2,2024-11-20,,proc,2024-07-09,,,,,,,,,,linked,997,,,,,paid,,,,,,0,0,,
328,uL(w2DjBdClPG58rK6yZ0fbUR,1156.SPK/PR.202/BA010102/2024,PENGADAAN JASA REKONDISI INJECTOR TEST PRESSURE TOOLS,2024-07-11,43,20,7,Franco Reimbursable sesuai dengan Kesepakatan,,0,0,full,,,,inv,,,,,,,,,,,,,,,0,,,,,paid,,,,,,0,0,,
329,!RBNjSEhzG*MrHlDayFLb)9p4,1117.SPK/BA.202/BA010102/2024,SPAREPARTS FO AND LO PURIFIER,2024-07-04,17,7,9,On Board (Biaya Transportasi Reimbursable Sesuai Dengan Kesepakatan),,0,0,full,,,,inv2,,,,2024-07-04,,,,,,,,,,,0,,,,,paid,,,,,,0,0,,
330,NpXaVsdJw8zOu4v^@RqFxEc*K,1112.SPK/BA.202/BA010102/2024,PENGADAAN ENGINE RUNNING STORE,2024-07-03,2,27,20,Franco TB. Srikandi Baruna 2204 (Biaya Transportasi Reimbursable sesuai dengan Kesepakatan),,0,0,full,,,,inv2,,,,2024-07-04,,,,,,,,,,,0,,,,,paid,,,,,,0,0,,
331,DZeqy8TGuFro)m6LB$EtdbU!3,1173.SPK/BA.302/BA010102/2024,PENGADAAN TALI TROSS,2024-07-15,2,6,10,Franco MV. Intan Baruna (Biaya Transportasi Reimbursable sesuai dengan Kesepakatan),,0,0,full,,,,inv2,,,,2024-07-15,,,,,,,,,,,0,,,,,paid,,,,,,0,0,,
332,h8v$RMPVF*nGfC!Nzk^qoweES,1175.SPK/BA.302/BA010102/2024,PENGADAAN SPAREPARTS MAIN AIR COMPRESSOR,2024-07-16,32,16,26,Franco MV. Martha Baruna (Biaya Transportasi Reimbursable sesuai dengan Kesepakatan),,0,0,full,,,,inv2,,,,2024-07-16,,,,,,,,,,,0,,,,,paid,,,,,,0,0,,
333,DRAptnYWKCB9ozekJab61TjLI,1174.SPK/BA.302/BA010102/2024,PENGADAAN SPAREPARTS,2024-07-16,37,7,10,Franco MV. Arimbi Baruna (Biaya Transportasi Reimbursable sesuai dengan Kesepakatan),,0,0,full,,,,inv2,,,,2024-07-16,,,,,,,,,,,0,,,,,paid,,,,,,0,0,,
334,HMhJmnD4$N6KRUbFA%WkwS)7c,1153.SPK/PR.202/BA010102/2024,PENGADAAN JASA  OVERHAUL DAN KALIBRASI ULANG FUEL INJECTION PUMP,2024-07-11,11,2,7,Franco MV. Malahayati Baruna di Multi Ocean Shipyard (Biaya Transportasi Reimbursable sesuai dengan kesepakatan),,0,0,full,,,,inv2,,,,,,,,,,,,,,,0,,,,,paid,,,,,,0,0,,
335,BkY!0jt%QqySrAJni2wbPF7)6,1053.SPK/BA.302/BA010102/2024,PENGADAAN SPAREPARTS DECK CRANE NO. 4,2024-07-15,7,20,28,Franco Jakarta (Biaya Transportasi Reimbursable sesuai dengan kesepakatan),,0,0,full,,,,inv2,,,,2024-07-15,,,,,,,,,,,0,,,,,paid,,,,,,0,0,,
336,z(6u9*@RdM75$LP)Ib^GjUcmO,1177.SPK/BA.302/BA010102/2024,PENGADAAN CONNECTING ROD AUXILIARY ENGINE,2024-07-16,17,4,14,Franco Jakarta (Biaya Transport Reimbursable sesuai dengan kesepakatan),,0,0,full,,,,inv2,,,,2024-07-16,,,,,,,,,,,0,,,,,paid,,,,,,0,0,,
337,I^8Ynj!WXHkhm@4FMD1*0rxKG,1179.SPK/BA.202/BA010102/2024,"PENGADAAN RUNNING STORES (DECK DEPARTMENT) RANTAI, TALI SIR, DAN BAN DAPRA",2024-07-16,2,29,8,Franco TB. Srikandi Baruna 2205 & BG Baruna Power 3004 (Biaya Transportasi Reimbursable sesuai dengan kesepakatan),,0,0,full,,,,inv2,,,,2024-07-16,,,,,,,,,,,0,,,,,paid,,,,,,0,0,,
338,eB*QjaH%qLnR2GlT61gSmrpcX,1059.SPK/BA.202/BA010102/2024,RUNNING STORE,2024-06-21,2,3,10,Franko : Sesuai dengan Kesepakatan,,0,0,full,,,,inv2,,,,2024-06-21,,,,,,,,,,,0,,,,,paid,,,,,,0,0,,
339,JO*Y$)@ijRPFE^WsKU4gpyo%I,1202.SPK/BA.302/BA010102/2024,PENGADAAN SPAREPARTS MAIN ENGINE,2024-07-19,16,2,80,Franco MV. MALAHAYATI BARUNA (Biaya Transportasi Reimbursable sesuai dengan Kesepakatan),,0,0,full,,,,inv2,2024-11-18,,,2024-07-19,,,,,,,,,,,0,,,,,paid,,,,,,0,0,,
340,JGnsCzgmS7VU4oD%PEWdMkv(N,1217.SPK/BA.302/BA010102/2024,SPAREPART,2024-07-22,17,4,3,Franko : Sesuai dengan kesepakatan,,0,0,full,,,,inv2,,,,,,,,,,,,,,,0,,,,,paid,,,,,,0,0,,
341,ZkKph6%l@sgXUrbxYjID)0!aN,"1189.SPK/BA.302,BA010102/2024",PENGADAAN ELECTROMOTOR LO PRIMING PUMP AE & HYDRAULIC GOVERNOR AE,2024-07-18,16,2,14,Franco MV. Malahayati Baruna (Biaya Transportasi reimbursable sesuai dengan Kesepakatan),,0,0,full,,,,inv2,2024-11-19,,,2024-07-18,,,,,,,,,,,0,,,,,paid,,,,,,0,0,,
342,1Qd2mVl8EuF0w45s^hDx!MPy6,1196.SPK/BA.302/BA010102/2024,PENGADAAN SPAREPARTS AUX BOILER DAN FRICTION PULLEY PURIFIER,2024-07-18,17,1,20,Franco MV. Kartini Baruna (Biaya Transportasi reimbursable sesuai dengan Kesepakatan),,0,0,full,,,,inv2,,,,2024-07-18,,,,,,,,,,,0,,,,,paid,,,,,,0,0,,
343,rE2Mj7T!(%c4vg9QSoywINWk$,0939.SPK/BA.302/BA010102/2024,SPAREPARTS SEA WATER PUMP AND EMERGENCY FIRE PUMP,2024-06-11,17,16,7,On Board (Biaya Transportasi Reimbursable Sesuai Dengan Kesepakatan),,0,0,full,,,,inv2,,,,2024-06-11,,,,,,,,,,,0,,,,,paid,,,,,,0,0,,
344,YM^ZdT!Pe$8UxGqr6vghts%fE,1121.SPK/PR.202/BA010102/2024,RUNNING STORE,2024-07-04,22,7,5,Franko Sesuai Kesepakatan,,0,0,full,,,,inv,,,,,,,,,,,,,,,0,,,,,paid,,,,,,0,0,,
345,O9NL(fzyMXq4wh8Ju)d51ZPkV,1207.SPK/BA.17/BA010102/2024,SPAREPARTS DECK CRANE,2024-07-18,37,20,10,Franco Reimbursable sesuai dengan Kesepakatan,,0,0,full,,,,inv2,,,proc,2024-07-18,,,,,,,,,,,0,,,,,paid,,,,,,0,0,,
346,fj^Rv29UpBFw@TKA1%dhV07G$,1204.SPK/BA.302/BA010102/2024,PENGADAAN SPAREPARTS HYDROPHORE PUMP,2024-07-18,17,2,35,Franco MV. Malahayati Baruna (Biaya Transportasi Reimbursable sesuai dengan Kesepakatan),,0,0,full,,,,inv2,,,,2024-07-18,,,,,,,,,,,0,,,,,paid,,,,,,0,0,,
347,e0TfDlI^a)W9jHcEnxsZ3GRS2,1197.SPK/BA.17/BA010102/2024,PENGADAAN RUNING STORE PIPE & PLATE,2024-07-18,2,1,8,Franco MV. Kartini Baruna (Biaya Transportasi Reimbursable sesuai dengan Kesepakatan),,0,0,full,,,,,,,,2024-08-03,,,,,,,,,,,0,1,,,,paid,,2024-09-01,,,,0,0,,
348,pKmt$2dBSr56(VaZhu4C3^HEk,1188.SPK/BA.17/BA010102/2024,PENGADAAN MOORING EQUIPMENT,2024-07-18,2,2,20,Franco MV. Malahayati Baruna di Galangan Multi Ocean Shipyard (Biaya Transportasi Reimbursable sesuai dengan Kesepakatan),,0,0,full,,,,inv2,2024-11-07,,,2024-07-18,,,,,,,,,,,0,,,,,paid,,,,,,0,0,,
349,vkSzqnNshIPmfB^gQaRl*YAT$,1211.SPK/BA.302/BA010102/2024,PENGADAAN ENGINE RUNNING STORE,2024-07-18,1,8,14,Franco TB. Srikandi 2001 (Biaya Transportasi Reimbursable sesuai dengan Kesepakatan),,0,0,full,,,,inv2,,,,2024-07-18,,,,,,,,,,,0,,,,,paid,,,,,,0,0,,
350,wLCpQH0^yRhuoDxF9ZqnBJkaU,0392.SPK/BA.104/BA010102/2024,Pengadaan Jasa Overhaul Turbocharger AE #2 MV Sartika Baruna,2024-02-22,57,5,20,Onboard Sartika Baruna,,0,0,full,,,,inv2,,,,2024-02-22,,,,,,,,,,,0,,,,,paid,,,,,,0,1,,
351,RfMhQ4bBg5KdGSqjzXC6nuD0A,1201.SPK/BA.17/BA010102/2024,PENGADAAN DECK RUNNING STORE,2024-07-18,10,2,14,Franco MV. Malahayati Baruna (Biaya Transportasi reimbursable sesuai dengan Kesepakatan),,0,0,full,,,,inv2,2024-12-03,,,2024-07-18,,,,,,,,,,,0,,,,,paid,,,,,,0,0,,
352,7yowUO3Qhn0EXR!*mV%Iz^lHe,0805.SPK/TU.309/BA010102/2024,Pengadaan Jasa Replating Winch House,2024-05-08,58,12,14,onboard SB 2401,,0,0,full,,,,inv2,,,,2024-05-08,,,,,,,,,,,0,,,,,paid,,,,,,0,0,,
353,be%xf1o5R^CAXPulvw7mzYZ$n,0916.SPK/BA.202/BA010102/2024,Running Store,2024-06-10,2,16,9,Franco Onboard (reimburse),,0,0,full,,,,inv2,,,,,,,,,,,,,,linked,502,,,,,paid,,,,,,0,0,,
354,TICGpoqcPJ^21tV*fDhFd(LUv,1132.SPK/BA.302/BA010102/2024,Pengadaan Barang Wire Deck Crane,2024-07-05,21,3,6,Franco Onboard (reimburse),,0,0,full,,,,inv2,,,,2024-07-05,,,,,,,,,,,0,,,,,paid,,,,,,0,0,,
355,OWF%c4fSr8zkT@GdEetCJ)lZq,1162.SPK/BA.302/BA010102/2024,PENGADAAN BARANG TAPPET AUXILLIARY ENGINE,2024-07-12,17,5,10,Franco MV. Sartika Baruna (Biaya Transportasi Reimbursable sesuai dengan Kesepakatan),,0,0,full,,,,inv2,,,,2024-07-15,,,,,,,,,,,0,,,,,paid,,,,,,0,0,,
356,c%ZW@VIwFl0pN!bh9UtQYvS4q,0713.SPK/BA.101/BA010102/2024,Pengadaan Spareparts Emergency Fire Pump dan GS Pumps (Docking),2024-04-22,11,2,60,On Board (Biaya Transportasi Reimbursable Sesuai Dengan Kesepakatan),,0,0,full,,,,inv2,,,,2024-04-22,,,,,,,,,,,0,,,,,paid,,,,,,0,0,,
357,f2wtrSN%iHQuLTFoEyXAzYpjk,C.3422/BA.305/DIV.RENDALHAR-2024,Repair Roller Sheaved Grab No. 3,2024-05-17,7,6,31,Franco Onboard (reimburse),,0,0,full,,,,inv2,,,,,,,,,,,,,,,0,,,,,paid,,,,,,0,0,,
358,Kl8uw)d@CLpM^F54Vb7P6nsDJ,C.3540/PR.103/DIV.RENDALHAR-2024,PEMELIHARAAN RUTIN,2024-06-05,7,3,20,Franko : Onboard,,7200000,0,full,,,,inv2,,,,2024-06-05,,,,,,,,,,,0,,,,,paid,,,,,,0,0,,
359,G1SiXx8j6ZPT2Ro(Q$nv45t@B,C.3400/PR.103/DIV.RENDALHAR-2024,Pemeliharaan Rutin,2024-05-13,7,17,7,Franco Onboard (reimburse),,4000000,0,full,,,,inv2,,,,2024-05-13,,,,,,,,,,,0,,,,,paid,,,,,,0,0,,
360,F(Po!jTCMrlL9nzdI2O7Dg^bZ,0784.SPK/BA.202/BA010102/2024,Fabrikasi Bantalan Ponton,2024-05-03,17,7,10,Franco Onboard (reimburse),,0,0,full,,,,inv2,,,,2024-05-03,,,,,,,,,,,0,,,,,paid,,,,,,0,0,,
361,TgZHDt3db8R(YIqQ51UJ7Kw2A,1102.SPK/BA.202/BA010102/2024,"Pengadaan Harga Ban Dapra, Rantai, Segel, Tali Cir & Showcase",2024-06-27,40,23,5,Franco Onboard (reimburse),,0,0,full,,,,inv2,2024-10-30,,,2024-06-27,,,,,,,,,,,0,,,,,paid,,,,,,0,0,,
362,iX@Mjru0SbeY7TIHlxsP1vALz,1255.SPK/BA.302/BA010102/2024,PENGADAAN SPAREPARTS AUXILIARY ENGINE,2024-07-22,37,23,3,Franco sesuai dengan kesepakatan,,0,0,full,,,,inv2,,,,2024-07-22,,,,,,,,,,,0,,,,,paid,,,,,,0,0,,
363,neWXQdG7q3zlg9(Fkp0fw1JHK,1262.SPK/BA.302/BA010102/2024,PENGADAAN SPAREPARTS MAIN ENGINE YANMAR,2024-08-01,17,23,17,Franco sesuai dengan kesepakatan,,0,0,full,,,,inv2,,,,2024-07-01,,,,,,,,,,,0,,,,,paid,,,,,,0,0,,
364,%3mT^4s7Q9128yIiMJShBnu(U,1210.SPK/BA.17/BA010102/2024,PENGADAAN DECK RUNNING STORE,2024-07-18,2,8,10,Franco TB. Srikandi Baruna 2001 (Biaya Transportasi Reimbursable sesuai dengan kesepakatan),,0,0,full,,,,inv2,,,,2024-07-18,,,,,,,,,,,0,,,,,paid,,,,,,0,0,,
365,Q(OuaAB!R97KntgUzZjNiySDP,1209.SPK/BA.17/BA010102/2024,RNNING STORE (CAT),2024-07-23,4,25,12,On Board (Biaya Transportasi Reimbursable Sesuai Dengan Kesepakatan),,0,0,full,,,,inv2,,,,2024-07-23,,,,,,,,,,,0,,,,,paid,,,,,,0,0,,
366,eJRZcYI83BnV912at)6WD%Ovh,1192.SPK/BA.302/BA010102/2024,PENGADAAN AIR COOLER ASSY AUXILIARY ENGINE,2024-07-25,16,2,20,Franco MV. Malahayati Baruna ke Galangan Multi Ocean Shipyard Tj. Balai Karimun (Biaya Transportasi reimbursable sesuai dengan Kesepakatan),,0,0,full,,,,inv2,2024-11-19,,,2024-07-25,,,,,,,,,,linked,0,,,,,paid,,,,,,0,0,,
367,PpyVETaDH@B!G2uk8FCfQ*AW$,1234.SPK/BA.302/BA010102/2024,SPAREPART PEMULIHAN AUX. ENGINE NO.2,2024-07-24,17,4,20,Franko : Sesuai dengan kesepakatan,,0,0,full,,,,inv2,,,,2024-07-24,,,,,,,,,,,0,,,,,paid,,,,,,0,0,,
368,(T8$cvR5u*%snNEw0C)izZayU,1236.SPK/BA.202/BA010102/2024,PERBAIKAN ELMOT LT COOLING FW PUMP NO.3,2024-07-25,7,17,5,Franko : Sesuai dengan kesepakatan,,0,0,full,,,,inv2,,,,,,,,,,,,,,,0,,,,,paid,,,,,,0,0,,
369,cFi2EXGLOMS4qU9mTrsbgat7d,1205.SPK/BA.302/BA010102/2024,PENGADAAN SPAREPARTS PRESSURE DAN COMPOUND,2024-07-19,3,2,14,Franco MV. Malahayati Baruna di Multi Ocean Shipyard (Biaya Transportasi Reimbursable sesuai dengan Kesepakatan),,0,0,full,,,,inv2,,,,2024-07-19,,,,,,,,,,,0,,,,,paid,,,,,,0,0,,
370,@b7qVdk*TDcF%w!EUx5OCl3HN,1238.SPK/BA.202/BA010102/2024,RUNNING STORE,2024-07-26,2,6,10,On Board (Biaya Transportasi Reimbursable Sesuai Dengan Kesepakatan),,0,0,full,,,,inv2,,,,2024-07-26,,,,,,,,,,,0,,,,,paid,,,,,,0,0,,
371,ihwPFzbG!42uMk1rn^%Z3Kl0T,1237.SPK/BA.302/BA010102/2024,SPAREPARTS INTERCOOLER,2024-07-26,17,6,20,On Board (Biaya Transportasi Reimbursable Sesuai Dengan Kesepakatan),,0,0,full,,,,inv2,,,,,,,,,,,,,,,0,,,,,paid,,,,,,0,0,,
372,D^N5SMrahRX48*)JcQkbH!UpK,1254.SPK/BA.302/BA010102/2024,PENGADAAN SPAREPARTS MAIN ENGINE,2024-07-29,17,2,16,Franco MV. Malahayati Baruna di Galangan Multi Ocean Shipyard (Biaya Transportasi Reimbursable sesuai dengan Kesepakatan),,0,0,full,,,,inv2,,,,2024-07-29,,,,,,,,,,,0,,,,,paid,,,,,,0,0,,
373,uDMoTjO$x5g@L9NpEYrqQtFya,1256.SPK/BA.202/BA010102/2024,FABRIKASI DAN REKONDISI SHAFT PROVISION CRANE,2024-07-29,43,20,10,"Kantor PT. Pelayaran Bahtera Adhiguna (Jl. Kalibesar Timur No. 10-12, Jakarta Barat)",,0,0,full,,,,inv2,,,,2024-07-29,,,,,,,,,,,0,,,,,paid,,,,,,0,0,,
374,$4De(Y15oUwtGR0uaJ2n^jk68,1253.SPK/BA.302/BA010102/2024,PENGADAAN WIRE GRAB,2024-07-29,10,20,7,Franco Reimbursable sesuai dengan Kesepakatan,,0,0,full,,,,inv2,2024-11-04,,,2024-07-29,,,,,,,,,,,0,,,,,paid,,,,,,0,0,,
375,xpECd9zZ*U3^FqntTjAuQRSDy,1266.SPK/BA.202/BA010102/2024,RUNNING STORE (CAT & THINNER),2024-07-30,4,10,10,Franco TB. Srikandi Baruna 2002 (Biaya Transportasi Reimbursable sesuai dengan Kesepakatan),,0,0,full,,,,inv2,,,,2024-07-30,,,,,,,,,,,0,,,,,paid,,,,,,0,0,,
376,w1G8ex@YBRcsmIVO5*3(PHMW9,1265.SPK/BA.302/BA010102/2024,PENGADAAN SPAREPARTS REFRIGERATOR PROVISION,2024-07-30,46,5,5,Franco MV. Sartika Baruna (Biaya Transportasi Reimbursable sesuai dengan Kesepakatan),,0,0,full,,,,inv2,,,,2024-07-30,,,,,,,,,,,0,,,,,paid,,,,,,0,0,,
377,J2$tqa)A8wYsvH3109ZF!e%gy,1224.SPK/PR.202/BA010102/2024,JASA PERBAIKAN SHAFT REXPELLER (PORTSIDE),2024-07-29,5,5,10,Franco MV. Sartika Baruna (Pembongkaran dilakukan di daerah Suralaya dan Pemasangan di daerah Tarahan)),,0,0,full,,,,inv2,,,,2024-07-29,,,,,,,,,,,0,,,,,paid,,,,,,0,0,,
378,^8EVptv(@i%F!2yZTNwCfR4Dn,1280.SPK/PR.202/BA010102/2024,PENGADAAN PEMASANGAN PRESSURE,2024-08-02,7,20,30,Onboard MV. Latifah Baruna,,0,0,full,,,,inv2,,,,2024-08-02,,,,,,,,,,,0,,,,,paid,,,,,,0,0,,
379,@zH2EtmpvaynRVD56hXJAGiKg,1231.SPK/BA.302/BA010102/2024,Special Tool Main Engine,2024-07-24,36,3,2,Franco Onboard (reimburse),,0,0,full,,,,inv2,,,,,,,,,,,,,,,0,,,,,paid,,,,,,0,0,,
380,!nDR13pxs0N6CGlWda5Q)zIHM,1293.SPK/BA.202/BA010102/2024,PENGADAAN BATTERY KERING (DRY) EMERGENCY GENERATOR,2024-08-06,46,5,8,Franco MV. Sartika Baruna (Biaya Transportasi Reimbursable sesuai dengan Kesepakatan),,0,0,full,,,,inv2,,,,2024-08-06,,,,,,,,,,,0,,,,,paid,,,,,,0,0,,
381,@v(0V$Eqlw9uMZQ3PenKTFOyz,0057.SPK/BA.17/BA010102/2024,Pengadaan Unit Sheave Mounting,2024-01-09,17,17,9,Franco Jakarta,,0,0,full,,,,inv2,,,proc,2024-01-09,,,,,,,,,,,0,,,,,paid,,,,,,0,0,,
382,FIc*!Da$9kpvTtA(4jU8nXJS3,0773.SPK/PR.202/BA010102/2024,Pemeliharaan Rutin,2024-05-02,43,4,25,Franco Onboard (reimburse),,0,0,full,,,,inv2,,,,2024-05-02,,,,,,,,,,,0,,,,,paid,,,,,,0,0,,
383,nWBe*a)CYgPR$ANrfm8VFTHyL,1308.SPK/BA.202/BA010102/2024,Pengadaan Consumable Engine,2024-08-07,1,21,5,Franco Sesuai Kesepakatan (Reimburse),,0,0,full,,,,inv2,,,,2024-08-07,,,,,,,,,,,0,,,,,paid,,,,,,0,0,,
384,euBt@TU*I7kS6flCgsvdQ3Gaz,1288.SPK/BA.202/BA010102/2024,PENGADAAN CAT,2024-08-05,4,21,12,Franco sesuai dengan Kesepakatan,,0,0,full,,,,inv2,,,,2024-08-05,,,,,,,,,,,0,,,,,paid,,,,,,0,0,,
385,1BPTG*(kWSV0jgiq9cM6%274O,1243.SPK/BA.202/BA010102/2024,RUNNING STORE,2024-08-03,21,10,3,Franco TB. Srikandi Baruna 2002 (Biaya Transportasi Reimbursable sesuai dengan Kesepakatan),,0,0,full,,,,inv2,,,,2024-08-03,,,,,,,,,,,0,,,,,paid,,,,,,0,0,,
386,MvBJ61)N4KVWaoZhUHq*fGcim,1328.SPK/BA.202/BA010102/2024,CONSUMABLE DECK,2024-08-09,2,21,12,Franco sesuai dengan kesepakatan,,0,0,full,,,,inv2,,,,2024-08-09,,,,,,,,,,,0,,,,,paid,,,,,,0,0,,
387,%z@Dv9xM8FwJA3yaZIpR^Q1Pu,1155.SPK/PR.202/BA010102/2024,JASA REKONDISI HYDRAULIC JACK,2024-07-15,61,1,20,"Franco Kantor PT. Pelayaran Bahtera Adhiguna, Jl. Kalibesar Timur No. 10-12, Jakarta",,0,0,full,,,,inv2,,,,2024-07-15,,,,,,,,,,,0,,,,,paid,,,,,,0,0,,
388,DjrUX(eoMBR6C8hk794cf3Od^,1276.SPK/BA.202/BA010102/2024,Running Store (Cat),2024-08-02,4,12,18,Franco Onboard (reimburse),,0,0,full,,,,inv2,,,,2024-08-02,,,,,,,,,,,0,,,,,paid,,,,,,0,0,,
389,^yAPCM!5)2ur%Dsc01Bb9i$ap,1339.SPK/BA.202/BA010102/2024,PENGADAAN CAT,2024-08-12,4,23,14,Franco sesuai kesepakatan,,0,0,full,,,,,,,,2024-08-12,,,,,,,,,,,0,,,,,paid,,,,,,0,0,,
390,4sRBNv^uqiMdEbrH1205I$LFc,1260.SPK/PR.202/BA010102/2024,PENGADAAN FABRIKASI RODA HATCH COVER,2024-07-29,61,1,18,Franco MV. Kartini Baruna (Biaya Transportasi Reimbursable sesuai dengan Kesepakatan),,0,0,full,,,,inv2,,,,2024-07-29,,,,,,,,,,,0,,,,,paid,,,,,,0,0,,
391,8U2b3BpqyOScdzafvIE9$5%Y(,1338.SPK/BA.302/BA010102/2024,SPAREPARTS MAIN ENGINE,2024-08-12,11,25,7,On Board (Biaya Transportasi Reimbursable Sesuai Dengan Kesepakatan),,0,0,full,,,,inv2,,,,2024-08-12,,,,,,,,,,,0,,,,,paid,,,,,,0,0,,
392,Xh@RWPbFBD*tgTYypqA3N)kvd,0852.SPK/BA.104/BA010102/2024,Pemeliharaan Rutin,2024-05-17,7,3,10,Franco Onboard (reimburse),,14400000,0,full,,,,,,,,,,,,,,,,,,,0,,,,,paid,,,,,,0,0,,
393,%2sZTVr8JAfDP3UhX)G$O@bcv,1313.SPK/PR.302/BA010102/2024,Sparepart Gyrocompass,2024-08-08,62,4,9,Franco Sesuai Kesepakatan (Reimburse),,0,0,full,,,,,,,,2024-08-08,,,,,,,,,,,0,,,,,paid,,,,,,0,0,,
394,1y$thpS8OPvVW^oCgQXGsflz6,1244.SPK/BA.17/BA010102/2024,Running Store,2024-07-26,1,16,5,Franco Onboard (reimburse),,0,0,full,,,,inv2,,,,,,,,,,,,,,,0,,,,,paid,,,,,,0,0,,
395,$BDQPki^bMgU(0!@Gc%TKjCRF,1263.SPK/PR.202/BA010102/2024,REKONDISI JACKET COOLING MAIN ENGINE,2024-07-30,63,20,10,Franco MV. Latifah Baruna (Biaya Transportasi Reimbursable sesuai dengan Kesepakatan),,0,0,full,,,,inv2,,,,2024-07-30,,,,,,,,,,,0,,,,,paid,,,,,,0,0,,
396,ilUnkoVIC*8dsgqMaBGhrD592,1347.SPK/PR.202/BA010102/2024,PENGADAAN FABRIKASI O-RING MAIN ENGINE,2024-08-14,64,20,10,"Franco Kantor PT. Pelayaran Bahtera Adhiguna, (Jl. Kalibesar Timur No. 10-12, Jakarta Barat)",,0,0,full,,,,,,,,,,,,,,,,,,,0,,,,,,,,,,,0,0,,
397,6^wcnl2dy0t9MbF8OZkNo3s!C,1398.SPK/BA.202/BA010102/2024,RUNNING STORES,2024-08-23,21,29,7,Franco ; sesuai dengan Kesepakatan,,0,0,full,,,,inv2,,,,2024-08-23,,,,,,,,,,,0,,,,,paid,,,,,,0,0,,
398,W359xE@gVMBd)UPNawuyC6XHe,1373.SPK/BA.202/BA010102/2024,RUNNING STORE,2024-08-23,2,29,10,Franco : sesuai dengan kesepakatan,,0,0,full,,,,inv2,,,,2024-08-23,,,,,,,,,,linked,385,,,,,paid,,,,,,0,0,,
399,Tr)(oFgyWzlBnfOu04KtdV87s,1344.SPK/BA.302/BA010102/2024,SPAREPART MAC ATLAS COPCO BV-200,2024-08-12,17,17,12,Franco : sesuai dengan kesepakatan,,0,0,full,,,,,,,proc,,,,,,,,,,,,0,,,,,paid,,,,,,0,0,,
400,m9c^g(r587kQKI!plj3v%Zxwo,1346.SPK/BA.202/BA010102/2024,PENGADAAN BARANG BAGIAN DECK GALLEY,2024-08-12,40,17,7,Franco MV. Meutia Baruna (Biaya Transportasi Reimbursable sesuai dengan Kesepakatan),,0,0,full,,,,,,,,2024-08-12,,,,,,,,,,,0,,,,,paid,,,,,,0,0,,
401,yoG5lQVWtcTMx3uPs$JzmN0F7,1351.SPK/PR.202/BA010102/2024,FABRIKASI HOUSING PINION GEARBOX,2024-08-13,43,4,14,Franko : Sesuai dengan kesepakatan,,0,0,full,,,,inv2,,,,,,,,,,,,,,,0,,,,,paid,,,,,,0,0,,
402,!Z(74BYw^Pl9HGXjurd3RpNx6,1352.SPK/PR.202/BA010102/2024,REKONDISI LO PUMP AUX. ENGINE,2024-08-13,43,4,7,Franko : Sesuai dengan kesepakatan,,0,0,full,,,,inv2,,,,,,,,,,,,,,,0,,,,,paid,,,,,,0,0,,
403,dT5bea^O(8Kht%Mp0jirRGzxF,1353.SPK/BA.202/BA010102/2024,RUNNING STORE DECK,2024-08-13,24,3,7,Franko : Sesuai dengan kesepakatan,,0,0,full,,,,inv2,,,,2024-08-13,,,,,,,,,,,0,,,,,paid,,,,,,0,0,,
404,6S82yBV(%^nMcmTI3ziLAbl@j,1336.SPK/BA.202/BA010102/2024,RUNNING STORE,2024-08-12,1,25,5,On Board (Biaya Transportasi Reimbursable Sesuai Dengan Kesepakatan),,0,0,full,,,,inv2,,,,2024-08-12,,,,,,,,,,,0,,,,,paid,,,,,,0,0,,
405,sgMw3fN@KavE6^ozlkYT9XrIU,1342.SPK/PR.202/BA010102/2024,PERBAIKAN LIST KACA DAN STEP HOUSING CRANE NO.1,2024-08-13,58,16,10,On Board (Biaya Transportasi Reimbursable Sesuai Dengan Kesepakatan),,0,0,full,,,,inv2,,,,2024-08-13,,,log,,18000000,Merak - Tarahan,2 Lokasi,,,,0,,,,,paid,,,,,,0,0,,
406,ibgwAnd!K23eMqYB(NVJ8a0Ph,1337.SPK/BA.202/BA010102/2024,RUNNING STORE,2024-08-12,40,25,9,On Board (Biaya Transportasi Reimbursable Sesuai Dengan Kesepakatan),,0,0,full,,,,inv2,,,,2024-08-12,,,,,,,,,,,0,,,,,paid,,,,,,0,0,,
407,$P2@vJYDSI6CdLkbzmG^ylK(%,1315.SPK/BA.302/BA010102/2024,PENGADAAN ACTUATOR VIT MAIN ENGINE,2024-08-09,17,2,10,Franco MV. Malahayati Baruna (Biaya Transportasi reimbursable sesuai dengan Kesepakatan),,0,0,full,,,,inv2,,,proc,2024-08-09,,,,,,,,,,,0,,,,,paid,,,,,,0,0,,
408,TWx2GAPqoiDbs)3(7%9aMNQpO,1345.SPK/BA.202/BA010102/2024,PENGADAAN BATTERY DAN DECK RUNNING STORE,2024-08-12,1,1,7,Biaya Transportasi Reimbursable sesuai dengan Kesepakatan,,0,0,full,,,,,,,,2024-08-12,,,,,,,,,,,0,,,,,paid,,,,,,0,0,,
409,GstYA2^MNJO)LmlS*(yZkK@wD,1326.SPK/PR.202/BA010102/2024,BOLT & NUT COUPLING CONVEYOR,2024-08-09,43,4,2,Franko : Sesuai dengan kesepakatan,,0,0,full,,,,inv2,,,,2024-08-09,,,,,,,,,,,0,,,,,paid,,,,,,0,0,,
410,Asbx^TguDaW90Lo*cdZ!@4qRz,1359.SPK/BA.202/BA010102/2024,PENGADAAN DECK RUNNING STORE,2024-08-14,2,20,10,Biaya Transportasi Reimbursable sesuai dengan Kesepakatan,,0,0,full,,,,,,,,2025-05-26,,,,,,,,,,,0,,,,,paid,,,,,,0,0,,
411,rfRc82QBKj94Xp)sVn(3%Ca@D,1371.SPK/BA.202/BA010102/2024,PENGADAAN SPAREPARTS HOISTING CONTROL VALVE CRANE,2024-08-19,21,2,40,Biaya Transportasi Reimbursable sesuai dengan Kesepakatan,,0,0,full,,,,inv2,2024-11-13,,,2024-08-19,,,log,,3450000,Suralaya - Merak,onboard kapal,,,,244,,,,,paid,,,,,,0,0,,
412,STQmoEP()8J@GXr40!Flv$1I2,1381.SPK/BA.404/BA010102/2024,PENGADAAN HOISTING DAN LUFFING PUMP DECK CRANE,2024-08-19,36,2,7,Biaya Transportasi Reimbursable sesuai dengan Kesepakatan,,0,0,full,,,,,,,,,,,,,,,,,,,0,,,,,paid,,,,,,0,0,,
413,QbcAaLI5CKr1Mgy@uhj4pn3*$,1333.SPK/BA.302/BA010102/2024,PENGADAAN SPAREPARTS HYDRAULIC LUFFING CIRCUIT CRANE,2024-08-12,11,20,45,Biaya Transportasi Reimbursable sesuai dengan Kesepakatan,,0,0,full,,,,inv2,2024-11-28,,,2024-08-12,,,,,,,,,,linked,0,,,,,paid,,,,,,0,0,,
414,eFCIo)a302MqNrxGQPVU1tidl,0610.SPK/BA.104/BA010102/2024,Jasa Perbaikan Peralatan Navigasi Kapal,2024-03-25,49,2,7,Franco Onboard (reimburse),,0,0,full,,,,inv2,,,,2024-03-25,,,,,,,,,,,0,,,,,paid,,,,,,0,0,,
415,s$bZ!0mGnlkcYILJqpPMrz15@,1301.SPK/BA.302/BA010102/2024,PENGADAAN SPAREPARTS ENGINE,2024-08-08,11,21,23,Franco : sesuai dengan kesepakatan,,0,0,full,,,,inv2,,,,2024-08-08,,,,,,,,,,,0,,,,,paid,,,,,,0,0,,
416,hmFMaDR4Ptc3kVOIyigvesn6Y,1388.SPK/BA.202/BA010102/2024,SPAREPARTS MAIN ENGINE,2024-08-21,11,14,5,Franko : Sesuai dengan kesepakatan,,0,0,full,,,,inv2,,,,2024-08-21,,,,,,,,,,,0,,,,,paid,,,,,,0,0,,
417,OJ!F9P%EhNZosrkvmtU6fjKIH,1379.SPK/BA.202/BA010102/2024,PENGADAAN CONSUMABLES,2024-08-19,1,23,6,Franco sesuai dengan kesepakatan,,0,0,full,,,,inv2,,,,2024-08-19,,,,,,,,,,,0,,,,,paid,,,,,,0,0,,
418,7I^fBG*h!acnP3(HMpu)NJwYg,1235.SPK/BA.302/BA010102/2024,PENGADAAN SPAREPARTS MAIN ENGINE YANMAR,2024-07-24,11,23,165,Franco sesuai dengan kesepakatan,,0,0,full,,,,inv2,2025-06-29,,proc,2024-07-24,,,,,,,,,,,0,,,,,paid,,,,,,0,0,,
419,Ar^gX*7VeK9c@RqWN%CLjvh4Q,0974.SPK/BA.101/BA010102/2024,Jasa Ultrasonic Thickness Measurement Pre-Docking Survey KM Meutia Baruna,2024-06-11,65,17,30,Franco Onboard,,0,0,full,,,,inv2,2024-12-16,,,2024-06-11,,,,,,,,,,,0,,,,,paid,,,,,,0,0,,
420,IDyiake4j2M18hPTtCKXsQ7Ux,1239.SPK/BA.302/BA010102/2024,Hose Hydraulic Jack ME,2024-07-26,17,6,7,Franco Onboard (reimburse),,0,0,full,,,,inv2,,,,2024-07-26,,,,,,,,,,,0,,,,,paid,,,,,,0,0,,
421,khv!@r%ewDx6b^f)RgdZt(YiF,1233.SPK/BA.302/BA010102/2024,PENGADAAN BARANG SPAREPARTS LIFEBOAT,2024-07-24,32,5,6,Franco MV. Sartika Baruna (Biaya Transportasi Reimbursable sesuai dengan kesepakatan),,0,0,full,,,,inv2,,,,2024-07-24,,,,,,,,,,,0,,,,,paid,,,,,,0,0,,
422,aeD^Xr5oTC1xQF2usW49Y!b6S,1225.SPK/PE.601/BA010102/2024,Jasa Penyewaan Generator Set Selama Satu Bulan,2024-07-23,66,4,30,Franco Onboard (reimburse),,0,0,full,,,,inv2,,,,2024-07-23,,,,,,,,,,,0,,,,,paid,,,,,,0,0,,
423,qo8wLInZ$hxbr!M^Bp*OGaz%4,0824.SPK/PR.202/BA010102/2024,Pemeliharaan Rutin,2024-05-14,52,4,4,Franco Onboard,,1500000,0,full,,,,inv2,,,,2024-05-14,,,,,,,,,,,0,,,,,paid,,,,,,0,0,,
424,(TCpyY1FR*WfJsXbh5rInk$%x,1159.SPK/PR.202/BA010102/2024,Pengadaan Material dan Jasa Replating TB. Srikandi Baruna 2201 & BP 3004,2024-07-12,5,21,3,Franco Onboard,,0,0,full,,,,inv2,,,,2024-07-12,,,,,,,,,,,0,,,,,paid,,,,,,0,0,,
425,UHAI@!stRXo%6(9WCad)YlvDL,1424.SPK/BA.302/BA010102/2024,Pengadaan Control Valve EY.P110054T.VS,2024-08-30,42,2,3,Franco Sesuai Kesepakatan (Reimburse),,0,0,full,,,,inv2,,,,2024-09-06,,,,,,,,,,,0,,,,,paid,,,,,,0,0,,
426,r@BGMl5)bU4q0dtmv(encO1KY,1340.SPK/BA.302/BA010102/2024,PENGADAAN SPAREPARTS TURBOCHARGER AE,2024-08-12,17,1,21,Biaya Transportasi Reimbursable sesuai dengan Kesepakatan,,0,0,full,,,,inv2,2024-11-05,,,2024-08-12,,,,,,,,,,,0,,,,,paid,,,,,,0,0,,
427,dkMziUf1KyT742*egmL5APhG!,0364.SPK/BA.104/BA010102/2024,Jasa Overhaul Auxiliary Engine No. 1 Daihatsu 6PL24,2024-02-19,17,4,23,Franco Onboard (reimburse),,0,0,full,,,,inv2,,,,2024-02-19,,,,,,,,,,,0,,,,,paid,,,,,,0,0,,
428,@hr!JcZKWf8tM(dFQ)B%4uSyV,1076.SPK/BA.302/BA010102/2024,Coupling Pneumaflex ME Kanan,2024-06-25,63,4,12,Franco Onboard,,3000000,0,full,,,,inv2,2025-03-23,,,2024-06-25,,,,,,,,,,,0,,,,,paid,,,,,,0,0,,
429,N1Qb*tpjmYCqf8RgrK$kU90h4,1383.SPK/PR.202/BA010102/2024,Pengadaan Jasa Perbaikan Lunas,2024-08-20,58,6,10,Franco Onboard (reimburse),,0,0,full,,,,,,,,2024-08-20,,,,,,,,,,,0,,,,,paid,,,,,,0,0,,
430,It(%Jokh$NRS)Az5KOgq1^rpV,1387.SPK/PR.202/BA010102/2024,Perbaikan Winch Aft,2024-08-21,58,16,7,Franco Onboard (reimburse),,0,0,full,,,,inv2,,,,2024-08-21,,,,,,,,,,,0,,,,,paid,,,,,,0,0,,
431,wBLUM5)r9F(ZI3npy6XK*mY8G,0001.SPBJ/PR.103/BA010400/2024,Deck Crane Mcgregor MV Meutia Baruna,2024-01-03,17,17,70,Franco Jakarta,,0,0,full,,,,inv2,,,,2024-01-03,pengadaan,,log,,0,Jakarta,Kota Tua,,,,0,,,,,paid,,,,,,0,0,,
432,izL5qV6M)WpaJd(NQBm@Zufgb,0002.SPBJ/PR.103/BA010400/2024,Pengadaan Spare Part Auxiliary Engine Meutia Baruna COM,2024-01-03,17,17,28,Franco Jakarta,,0,0,full,,,,inv2,,,,2024-01-03,,,log,,0,Jakarta,Kota Tua,,,,0,,,,,paid,,,,,,0,0,,
433,gWnqfobu*dzj1r9wNiA3MHDBP,0003.SPBJ/PR.103/BA010400/2024,Pengadaan Spare Part Auxiliary Engine Meutia Baruna COO,2024-01-03,37,17,49,Franco Jakarta,,0,0,full,,,,inv2,,,,2024-01-03,,,,,,,,,,,0,,,,,paid,,,,,,0,0,,
434,QrHSiD5G(wIYn9eB*A04EOV%h,0008.SPBJ/PR.103/BA010400/2024,Gearbox For Hoisting Cargo Crane No. 3 MV Rasuna Baruna,2024-02-28,17,3,5,Franco Jakarta,,0,0,full,,,,inv2,,,,2024-02-28,,,,,,,,,,linked,0,,,,,paid,,,,,,0,0,,
435,4T@kQXJzLd3i2H%p8v(KhGu$U,0009.SPBJ/PR.103/BA010400/2024,Intercooler Auxiliary Engine MV Kartini Baruna,2024-02-28,37,1,10,Franco Jakarta,,0,0,full,,,,inv2,2025-01-29,,,2024-02-28,,,,,,,,,,,0,,,,,paid,,,,,,0,0,,
436,!3aOK9D6$YvonfgsGwxZpiqHJ,1093.SPK/BA.202/BA010102/2024,Running Store,2024-06-28,2,17,12,Franco Sesuai Kesepakatan (Reimburse),,0,0,full,,,,inv2,2024-12-31,,,2024-06-28,,,,,,,,,,linked,495,,,,,paid,,,,,,0,0,,
437,MOnJN6SgF0*$@TZXqueyRkzDl,1399.SPK/BA.202/BA010102/2024,PENGADAAN SHOWCASE DAN BLENDER,2024-08-26,1,21,5,Franco sesuai dengan kesepakatan,,0,0,full,,,,inv2,,,,2024-08-26,,,,,,,,,,,0,,,,,paid,,,,,,0,0,,
438,%rcJXU8Y0vLbSFWMn9lGkifgO,1389.SPK/BA.302/BA010102/2024,SPAREPARTS LO PURIFIER,2024-08-21,40,7,14,Franco Sesuai Kesepakatan (Reimburse),,0,0,full,,,,inv2,,,,2024-08-21,,,,,,,,,,,0,,,,,paid,,,,,,0,0,,
439,NrA41y%SYsLw$EPDgQz7qk^fd,1366.SPK/PR.202/BA010102/2024,FABRIKASI KAMPAS PROVISION CRANE,2024-08-15,61,4,7,Franko : Sesuai dengan kesepakatan,,0,0,full,,,,inv2,,,,2024-08-15,,,,,,,,,,,0,,,,,paid,,,,,,0,0,,
440,zoa82njpOkqt$Z@4BCWcAR0Is,1504.SPK/BA.302/BA010102/2024,Pengadaan Gasket High Temperature of Heat Exchanger,2024-09-12,32,5,45,Franco Sesuai Kesepakatan (Reimburse),,0,0,full,,,,inv2,2024-11-18,,proc,2024-09-12,,,,,,,,,,,208,,,,,paid,,,,,,0,0,,
441,InaLR4jzYG@PH71^S$uc9EQWJ,1502.SPK/PR.202/BA010102/2024,Fabrikasi Part Gearbox Conveyor Main Drive (Spare),2024-09-12,17,4,30,Franco Sesuai Kesepakatan (Reimburse),,0,0,full,,,,inv2,,,proc,2024-09-12,,,log,,0,Merak,onboard kapal,,,,0,,,,,paid,,,,,,0,0,,
442,$2iUTMQJrzItfZ)V4aeYvsjbG,1503.SPK/BA.302/BA010102/2024,Pengadaan Sparepart Aux. Engine 3,2024-09-12,17,4,15,Franco Sesuai Kesepakatan (Reimburse),,0,0,full,,,,inv2,2024-11-19,,proc,2024-09-12,,,,,,,,,,,0,,,,,paid,,,,,,0,0,,
443,Cagy8sNt2cHuSZJBAnM7DTQw@,1498.SPK/PR.202/BA010102/2024,Kalibrasi Governor Set AE Daihatsu 5DK20,2024-09-12,11,5,12,Franco Sesuai Kesepakatan (Reimburse),,0,0,full,,,,,,,proc,,,,,,,,,,,,0,,,,,paid,,,,,,0,0,,
444,1H%^JjW30bg8mVEuvtM7SK$zN,1349.SPK/BA.202/BA010102/2024,RUNNING STORE,2024-08-13,2,16,14,On Board (Biaya Transportasi Reimbursable Sesuai Dengan Kesepakatan),,0,0,full,,,,inv2,2025-01-23,,,2024-08-13,,,,,,,,,,,0,,,,,paid,,,,,,0,0,,
445,Mj%Yio5Vw60^)Q9vN7nyerhTW,1412.SPK/BA.302/BA010102/2024,PENGADAAN CONTROL VALVE HATCH COVER,2024-09-29,17,2,7,Franco : Sesuai dengan kesepakatan,,0,0,full,,,,inv2,,,proc,2024-09-29,,,,,,,,,,,0,,,,,paid,,,,,,0,0,,
446,0@xnVl57jrPKRDYNJsWdfIbCU,1423.SPK/BA.202/BA010102/2024,RUNNING STORE (CAT dan THINNER),2024-08-30,4,17,12,Franko : Sesuai dengan kesepakatan,,0,0,full,,,,inv2,2024-12-03,,proc,2024-10-18,,,,,,,,,,,0,,,,,paid,,,,,,0,0,,
447,*7fct(lB)rwPbM0p61!SO%g3D,1432.SPK/PR..202/BA010102/2024,BIAYA TRANSPORTASI PERBAIKAN LUNAS MV.INTAN BARUNA,2024-09-03,58,6,7,Franko : Sesuai dengan kesepakatan,,0,0,full,,,,inv2,2024-11-07,,,2024-09-03,,,,,,,,,,,0,,,,,paid,,,,,,0,0,,
448,M$UvQJez@VE^Bl)tiDm6CWF8%,1450.SPK/BA.105/BA010102/2024,PEKERJAAN PENGADAAN UPGRADE SARANA PLANNED MAINTENANCE SYSTEM MV KARTINI BARUNA,2024-09-06,56,1,4,On Board (Biaya Transportasi Reimbursable Sesuai Dengan Kesepakatan),,O,0,,,,,inv2,2025-07-22,,,,,,,,,,,,,,0,,,,,,,,,,,0,0,,
449,Ky$zEtW0PgwknQG1SrqaeAvU4,1446.SPK/BA.202/BA010102/2024,RUNNING STORE CAT,2024-09-04,13,6,9,On Board (Biaya Transportasi Reimbursable Sesuai Dengan Kesepakatan),,0,0,full,,,,inv2,2024-12-05,,,2024-09-04,,,,,,,,,,linked,563,,,,,paid,,,,,,0,0,,
450,6vFhpJMzIURen!xTaB8wbCA42,1443.SPK/BA.202/BA010102/2024,RUNNING STORE,2024-09-04,1,16,5,On Board (Biaya Transportasi Reimbursable Sesuai Dengan Kesepakatan),,0,0,full,,,,inv2,,,,2024-09-04,,,,,,,,,,,0,,,,,paid,,,,,,0,0,,
451,AaHiJ0omGMveuxtgqFfbV@y4I,1431.SPK/BA.202/BA010102/2024,PERBAIKAN ELMOT SEA WATER COOLING PUMP NO.3,2024-09-02,7,17,90,Franko : Sesuai dengan kesepakatan,,0,0,full,,,,inv2,2024-11-07,,proc,2024-09-02,,,,,,,,,,linked,684,,,,,paid,,,,,,0,0,,
452,FZKPVXTic%JtSGRB6xkyl7Ozg,1434.SPK/BA.202/BA010102/2024,RUNNING STORE (CAT) DECK DEPARTMENT,2024-09-03,13,5,9,Franko : Sesuai dengan kesepakatan,,0,0,full,,,,inv2,2024-10-31,,proc,2024-09-03,,,,,,,,,,,0,,,,,paid,,,,,,0,0,,
453,34RVS(q7J$siO0NmX1^6k%Ife,1433.SPK/BA.202/BA010102/2024,RUNNING STORE (CAT),2024-09-03,13,31,9,Franco : Balikpapan,,0,0,full,,,,inv2,2024-12-11,,proc,2024-09-03,,,,,,,,,,linked,589,,,,,paid,,,,,,0,0,,
454,qhc@uIyQY(Dskg)WTBzm4o*n$,1490.SPK/BA.202/BA010102/2024,PENGADAAN CAT,2024-09-12,13,8,7,Franco Onboard (reimburse),,0,0,full,,,,inv2,2024-10-31,,proc,2024-09-12,,,,,,,,,,,0,,,,,paid,,,,,,0,0,,
455,cYn0Eqo)3DawRl%t$mAdzBSrJ,1497.SPK/BA.202/BA010102/2024,PENGADAAN MESIN CUCI,2024-09-12,1,8,3,Biaya Transportasi Reimbursable sesuai dengan kesepakatan,,0,0,full,,,,inv2,,,,2024-09-12,,,odoo,,,,,,,,0,,,,,paid,,,,,,0,0,,
456,WZLaM6PYo89mhCvBg5Hf(n*FS,1452.SPK/BA.202/BA010102/2024,RUNNING STORE (MESIN LAS),2024-09-06,3,31,3,Franco : Sesuai Kesepekatan,,0,0,full,,,,inv2,,,,2024-09-06,,,,,,,,,,,0,,,,,paid,,,,,,0,0,,
457,%wrv2dgP(3sA$b18IWq4FKBQC,1494.SPK/BA.302/BA010102/2024,PENGADAAN PLUNGER ASSY FUEL OIL INJECTION PUMP (AUX. ENGINE 5DK20),2024-09-11,12,5,90,Franco : Sesuai Kesepekatan,,0,0,full,,,,inv2,2024-12-16,,proc,2024-09-11,,,,,,,,,,,0,,,,,paid,,,,,,0,0,,
458,Tf92ybGL@mzF5WeQ6qC(ESwhY,1499.SPK/PR.202/BA010102/2024,FABRIKASI BEVEL GEAR BOOM CONVEYOR MATERIAL SCM440,2024-09-12,17,5,45,Franco : Sesuai Kesepekatan,,0,0,full,,,,inv2,2024-11-29,,proc,2024-09-12,,,,,,,,,,,0,,,,,paid,,,,,,0,0,,
459,N63!tJ9C@nevObA)2pHsDmoKi,1491.SPK/PR.202/BA010102/2024,UPGRADE PANEL AUXILIARY ENGINE,2024-09-18,5,14,7,SESUAI DENGAN KESEPAKATAN,,1500000,0,full,,,,inv2,,,proc,2024-09-11,,,,,,,,,,,0,,,,,paid,,,,,,0,0,,
460,^Kt0(SpN8hokPCD5gBUOf24Lc,1474.SPK/PR.202/BA010102/2024,REPLATING/REPAIR TONGKANG,2024-09-09,5,9,5,SESUAI DENGAN KESEPAKATAN,,0,0,full,,,,inv2,,,proc,2024-09-09,,,,,,,,,,,0,,,,,paid,,,,,,0,0,,
461,rp)h*zSFeXom6g85RkuCUKTqW,1440.SPK/BA.302/BA010102/2024,PENGADAAN GOVERNOR AUXILIARY ENGINE,2024-09-11,12,5,60,SESUAI DENGAN KESEPAKATAN (REIMBURSEABLE),,0,0,full,,,,inv2,2024-12-03,,proc,2024-09-11,,,,,,,,,,,0,,,,,paid,,,,,,0,0,,
462,js)Cpfu$Db4N*9ndaB0TL@vxQ,1496.SPK/BA.302/BA010102/2024,CYLINDER COVER 341A,2024-09-11,16,3,40,SESUAI DENGAN KESEPAKATAN (REIMBURSEABLE),,0,0,full,,,,inv2,2024-11-11,,proc,2024-09-11,,,odoo,,,,,,,,0,,,,,paid,,,,,,0,0,,
463,6snMQkm0zj2WVRxZL^EwdXKJO,1459.SPK/BA.302/BA010102/2024,PENGADAAN SPAREPARTS POMPA,2024-09-06,1,23,6,Franco sesuai dengan kesepakatan,,0,0,full,,,,inv2,,,,2024-09-06,,,,,,,,,,,0,,,,,paid,,,,,,0,0,,
464,VXTb%QxFkqjPwpL4O8YRotGc),1476.SPK/BA.202/BA010102/2024,SPAREPART,2024-09-10,37,14,7,SESUAI DENGAN KESEPAKATAN (REIMBURSEABLE),,0,0,partial,,,,,,,proc,,,,,,,,,,,,0,,,,,,,,,,,0,0,,
465,UDRutEHwNS^LZicn5l4jWeBI3,1501.SPK/BA.302/BA010102/2024,HYDRAULIC PUMP HATCH COVER,2024-09-12,17,6,10,ON BOARD (REIMBURSEABLE),,0,0,full,,,,inv2,2024-11-19,,proc,2024-09-12,,,odoo,,,,,,,,0,,,,,paid,,,,,,0,0,,
466,!LN^%meSsycK*av5pHzErYZQT,1463.SPK/BA.202/BA010102/2024,PENGADAAN RUNNING STORE (PLATE DAN PIPA),2024-09-09,5,2,2,ON BOARD (TARAHAN),,1250000,0,full,,,,inv2,,,proc,2024-09-09,,,,,,,,,,,0,,,,,paid,,,,,,0,0,,
467,@b9whfZCLskv%aoIpHdOyq$u(,1458.SPK/BA.202/BA010102/2024,PENGADAAN FILTER,2024-09-06,2,23,13,Franco sesuai dengan kesepakatan,,0,0,full,,,,inv2,,,,2024-09-06,,,,,,,,,,,0,,,,,paid,,,,,,0,0,,
468,Wu80%4Yg7mC3)2NB(fKbO6XG^,1467.SPK/BA.202/BA010102/2024,PENGADAAN RUNNING STORE (CAT DAN THINNER),2024-09-10,4,29,14,SESUAI DENGAN KESEPAKATAN (REIMBURSEABLE),,0,0,full,,,,inv2,2024-11-12,,proc,2024-09-10,,,,,,,,,,linked,552,,,,,paid,,,,,,0,0,,
469,)gK8B3UfxqzES1n4hW$tZ7^jJ,1475.SPK/PR.202/BA010102/2024,DECK MACHINERY,2024-09-10,7,3,10,SESUAI DENGAN KESEPAKATAN (REIMBURSEABLE),,0,0,full,,,,,,,proc,2025-06-05,,,,,,,,,,,0,,,,,paid,,,,,,0,0,,
470,nlxP!m%BLjzwc0SYHvWXZ9Q1N,1527.SPK/BA.202/BA010102/2024,PENGADAAN UNIT AC + JASA PASANG,2024-09-18,5,21,5,Franco sesuai dengan kesepakatan,,0,0,full,,,,inv2,,,proc,2024-09-18,,,,,,,,,,,0,,,,,paid,,,,,,0,0,,
471,t(qb68!$PMLDr9xWAh7KXJEg),1470.SPK/PR.202/BA010102/2024,Fabrikasi Steel Disc Return Roll,2024-10-09,58,5,60,SESUAI DENGAN KESEPAKATAN (REIMBURSEABLE),,0,0,full,,,,inv2,2025-01-08,,proc,2024-09-10,,,odoo,,,,,,,,0,,,,,paid,,,,,,0,0,,
472,GhmUdPv@0CpwgKxR2ak(4nQYW,C.3541/PR.103/DIV.RENDALHAR-2024,Pemeliharaan Rutin,2024-05-06,7,3,30,ON BOARD,,4000000,0,full,,,,inv2,,,proc,2024-06-05,,,,,,,,,,,0,,,,,paid,,,,,,0,0,,
473,%Z6AV^(JqXnyK97u4j1FLiBge,1530.SPK/BA.202/BA010102/2024,Pengadaan Laptop,2024-09-18,3,7,5,Franco Sesuai Kesepakatan (Reimburse),,0,0,full,,,,inv2,,,proc,2024-09-18,,,odoo,,,,,,,,0,,,,,paid,,,,,,0,0,,
474,edxym5RnhF!lJYS4tTLaPoAQi,1526.SPK/BA.202/BA010102/2024,OVERHAUL DAN PENGGANTIAN SERVO MOTOR GEAR (AUXILIARY ENGINE),2024-09-18,11,5,10,Franco : sesuai kesepakatan,,0,0,full,,,,inv2,2024-11-28,,proc,2024-09-18,,,,,,,,,,,0,,,,,paid,,,,,,0,0,,
475,Q)9t6ZXIqfJMjNyluv%THxURn,1515.SPK/BA.302/BA010102/2024,High Pressure Pipe FO Main Engine,2024-09-12,32,7,25,SESUAI DENGAN KESEPAKATAN (REIMBURSEABLE),,0,0,full,,,,inv2,2025-06-18,,proc,2024-09-18,,,,,,,,,,linked,712,,,,,paid,,,,,,0,0,,
476,4eUQkdmPXWy!FND9i$z%3vnSc,1538.SPK/BA.202/BA010102/2024,PENGADAAN LAPTOP DAN PRINTER (UNTUK LOADING MUATAN),2024-09-19,3,2,3,Franco : Sesuai Kesepekatan,,0,0,full,,,,inv2,,,proc,2024-09-19,,,,,,,,,,,0,,,,,paid,,,,,,0,0,,
477,R5mcLUvfAwJD7rWsGMIH$@QiT,1522.SPK/BA.202/BA010102/2024,RUNNING STORE (PLATE UNTUK DUDUKAN GRAB),2024-09-18,5,17,10,Franko : Sesuai kesepakatan,,0,0,full,,,,inv2,2024-11-11,,proc,2024-09-18,,,,,,,,,,linked,888,,,,,paid,,,,,,0,0,,
478,9ZOBm7riAWf2PgkYo!hRlb$*d,1523.SPK/BA.302/BA010102/2024,MAIN ENGINE TOOLS,2024-09-17,40,16,7,ON BOARD (REIMBURSEABLE),,0,0,full,,,,inv2,2024-11-28,,proc,2024-09-17,,,,,,,,,,,0,,,,,paid,,,,,,0,0,,
479,IJMnD!*O@r$GXoqZjmt%E6i2B,1544.SPK/BA.202/BA010102/2024,PENGADAAN CONSUMABLES DAN RUNNING STORE,2024-09-20,1,27,7,SESUAI DENGAN KESEPAKATAN (REIMBURSEABLE),,0,0,full,,,,inv2,2024-11-08,,proc,2024-09-20,,,,,,,,,,,0,,,,,paid,,,,,,0,0,,
480,c$8C)X(jHFYN@g!BRaLDOQIok,1540/SPK/BA.302/BA010102/2024,PENGADAAN FILTER MAIN ENGINE DAN AUXILIARY ENGINE,2024-09-02,1,27,3,SESUAI DENGAN KESEPAKATAN (REIMBURSEABLE),,0,0,full,,,,inv2,2024-11-11,,proc,2024-09-02,,,,,,,,,,,243,,,,,paid,,,,,,0,0,,
481,7phlyEb9B*HA)TnWu(dksv83Z,1531.SPK/BA.202/BA010102/2024,RUNNING STORE PIPA (ELBOW),2024-09-19,3,31,2,SESUAI DENGAN KESEPAKATAN (REIMBURSEABLE),,0,0,full,,,,inv2,,,proc,2024-09-19,,,,,,,,,,,0,,,,,paid,,,,,,0,0,,
482,cdgKmqsa4bDt^7yJV3wrAn(Ri,1324.SPK/BA.302/BA010102/2024,SPAREPARTS DCK CRANE,2024-08-09,32,20,217,SESUAI DENGAN KESEPAKATAN (REIMBURSEABLE),,0,0,,,,,,,,proc,,,,,,,,,,,,0,,,,,,,,,,,0,0,,
483,TeW8Yh!iPsH4A0myFDMJXxnBC,1536.SPK/BA.202/BA010102/2024,PENGADAAN MOORING EQUIPMENT,2024-09-19,31,27,7,PT. ADHIGUNA PUTERA CABANG TARAHAN (LAMPUNG),,0,0,full,,,,inv2,,,proc,2024-09-19,,,,,,,,,,,0,,,,,paid,,,,,,0,0,,
484,G96MgR)u1Y@IHfWw5k*d3!0ql,1468.SPK/BA.302/BA010102/2024,PENGADAAN CONTROL VALVE HATCH COVER,2024-09-10,17,31,12,Franco : Sesuai Kesepekatan,,0,0,full,,,,inv2,2024-11-04,,proc,2024-09-10,,,,,,,,,,,0,,,,,paid,,,,,,0,0,,
485,BEwXCH)2kVDymqIx^ebgF4W9R,1533.SPK.PR.202/BA010102/2024,RUNNING STORE,2024-09-20,2,16,7,ON BOARD (REIMBURSEABLE),,0,0,full,,,,inv2,,,proc,2024-09-20,,,,,,,,,,,0,,,,,paid,,,,,,0,0,,
486,SBMc!mhdDPJ8Y9^7VTaRuLzp6,1545.SPK/BA.302/BA010102/2024,SPAREPART ENGINE ARM ASSY,2024-09-20,17,6,23,ON BOARD (REIMBURSEABLE),,0,0,full,,,,,,,proc,,,,,,,,,,,,0,,,,,paid,,,,,,0,0,,
487,ILMcTm9Xri0*$JuAaK%6HERjU,1546.SPK/BA.202/BA010102/2024,PENGADAAN WIRE GRAB BUCKET,2024-09-20,17,3,10,SESUAI DENGAN KESEPAKATAN (REIMBURSEABLE),,0,0,full,,,,inv2,2024-11-11,,proc,2024-09-20,,,,,,,,,,,53,,,,,paid,,,,,,0,0,,
488,r28AkXIapEM^NhBvg@eVFq6uW,1542.SPK/BA.302/BA010102/2024,PENGADAAN SPAREPARTS AUXILIARY BOILER,2024-09-20,32,5,24,SESUAI DENGAN KESEPAKATAN (REIMBURSEABLE),,0,0,full,,,,inv2,2024-12-09,,proc,2024-09-20,,,,,,,,,,,260,,,,,paid,,,,,,0,0,,
489,T!XiAyneoq4a1K$8%g9)YQICp,1548.SPK/PR.202/BA010102/2024,FABRIKASI INJECTION PIPE MAIN ENGINE,2024-09-20,61,4,7,SESUAI DENGAN KESEPAKATAN (REIMBURSEABLE),,0,0,full,,,,inv2,2024-11-18,,proc,2024-09-20,,,,,,,,,,,0,,,,,paid,,,,,,0,0,,
490,0^gEKqZyMakUn7PFwv5!cVsud,1495.SPK/BA.302/BA010102/2024,PENGADAAN SPAREPARTS FUEL OIL INJECTION PUMP AUXILIARY ENGINE,2024-09-11,17,5,15,Franco : Sesuai Kesepekatan,,0,0,full,,,,inv2,2025-01-22,,proc,2024-09-11,,,,,,,,,,,0,,,,,paid,,,,,,0,0,,
491,boW2F3UavCQps5SxZ9zgm81YR,1547.SPK/BA.302/BA010102/2024,PENGADAAN ROLLER CONVEYOR,2024-09-20,17,4,14,SESUAI DENGAN KESEPAKATAN (REIMBURSEABLE),,0,0,full,,,,,,,proc,,,,,,,,,,,,0,,,,,paid,,,,,,0,0,,
492,ZYuIQ(O$q3%SR)FW!EAJhcf1U,1549.SPK/BA.202/BA010102/2024,WIRE HOISTING,2024-09-20,17,17,45,SESUAI DENGAN KESEPAKATAN (REIMBURSEABLE),,0,0,full,,,,inv2,2024-11-29,,proc,,,,,,,,,,,,0,,,,,paid,,,,,,0,0,,
493,JcPFy6uA)lvW(a5zkfn4B@ER9,1535.SPK/PR.202/BA010102/2024,PERBAIKAN VALVE BALLAST ( WITH ACUATOR HYDRAULIC),2024-09-26,7,31,7,SESUAI DENGAN KESEPAKATAN,,5000000,0,full,,,,inv2,,,proc,2024-09-26,,,,,,,,,,,0,,,,,paid,,,,,,0,0,,
494,6jIfF*cH)htuykN%V$oUJ0nm!,1553.SPK/PR.202/BA010102/2024,FABRIKASI SPAREPARTS GEAR BOOM CONVEYOR,2024-09-23,17,5,45,SESUAI DENGAN KESEPAKATAN (REIMBURSEABLE),,0,0,full,,,,,,,proc,2024-09-20,,,,,,,,,,,0,,,,,paid,,,,,,0,0,,
495,t)8JvgR$n3O6d*A0D^5Bw1%CT,1572.SPK/BA.202/BA010102/2024,PENGADAAN BATTERY CHARGER LIFEBOAT DAN KONTAKTOR,2024-09-26,24,17,8,SESUAI DENGAN KESEPAKATAN,,1500000,0,full,,,,inv2,2024-11-13,,proc,2024-09-26,,,,,,,,,,,302,,,,,paid,,,,,,0,0,,
496,oFzk@Cc3B7qglDIyw0^6(a8P5,1543.SPK/BA.302/BA010102/2024,PENGADAAN SPAREPARTS HOUSING FOR ROLLER GUIDE,2024-09-20,37,17,24,SESUAI DENGAN KESEPAKATAN (REIMBURSEABLE),,0,0,full,,,,inv2,2025-03-25,,proc,2024-09-20,,,,,,,,,,,0,,,,,paid,,,,,,0,0,,
497,tZ8S)T^mFLN%ad$APlI36W75c,1569.SPK/BA.202/BA010102/2024,RUNNING STORES (CUTTER WHEEL OF SCALLING MACHINE),2024-09-26,2,5,14,SESUAI DENGAN KESEPAKATAN (REIMBURSEABLE),,0,0,full,,,,,,,proc,,,,,,,,,,,,0,,,,,paid,,,,,,0,0,,
498,^aioP8JObt(hVgeDZ*p)2C1WM,1481.SPK/BA.202/BA010102/2024,POMPA GYDTAULIC HATCH COVER,2024-09-10,11,3,7,Franco : sesuai dengan kesepakatan,,0,0,full,,,,inv2,2024-12-04,,proc,2024-09-10,,,,,,,,,,,0,,,,,paid,,,,,,0,0,,
499,dRlkyvKq3CfOWBa$%U^nPrQb0,1439.SPK/BA.302/BA010102/2024,PENGADAAN SPAREPARTS M/E DAN A/E,2024-09-04,11,29,28,Franco : Sesuai Kesepekatan,,0,0,full,,,,inv2,2024-11-28,,proc,2024-09-04,,,,,,,,,,,0,,,,,paid,,,,,,0,0,,
500,H%JKc(LZYN5l^*hMEof2d$R74,1482.SPK/BA.302/BA010102/2024,PENGADAAN SPAREPART AUX. ENGINE 3,2024-09-10,12,4,90,Franco : Sesuai dengan kesepakatan,,0,0,full,,,,inv2,2024-12-09,,proc,2024-09-10,,,,,,,,,,,0,,,,,paid,,,,,,0,0,,
501,GsU698$4tfeQNcWBb07juFKM2,1453.SPK/BA.302/BA010102/2024,PENGADAAN SPAREPARTS DECK CRANE MACGREGOR,2024-09-06,17,17,14,Franco : Sesuai Kesepekatan,,0,0,full,,,,inv2,2024-11-19,,proc,2024-09-06,,,,,,,,,,,0,,,,,paid,,,,,,0,0,,
502,m@nM)o*T9SVqK6LxAvCt70PON,1555.SPK/BA.202/BA010102/2024,RUNNING STORE DECK AND ENGINE,2024-09-23,2,29,14,SESUAI DENGAN KESEPAKATAN (REIMBURSEABLE),,0,0,full,,,,inv2,2024-11-18,,proc,2024-09-23,,,log,,4650000,Tarahan,onboard kapal,,,,0,,,,,paid,,,,,,0,0,,
503,vcrPAuYw38(^oxLa2GRh%FqVn,1568.SPK/BA.202/BA010102/2024,RUNNING STORE ELECTRICAL (SEPTEMBER),2024-09-25,1,31,6,SESUAI DENGAN KESEPAKATAN (REIMBURSEABLE),,0,0,full,,,,inv2,,,proc,2024-09-25,,,,,,,,,,,0,,,,,paid,,,,,,0,0,,
504,3vEZq8uAza62y5bTfS0%)il*k,1571.SPK/BA.302/BA010102/2024,SPAREPARTS AUXILIARY ENGINE,2024-09-26,17,7,13,SESUAI DENGAN KESEPAKATAN (REIMBURSEABLE),,0,0,full,,,,inv2,2024-12-04,,proc,2024-09-26,,,,,,,,,,,0,,,,,paid,,,,,,0,0,,
505,MSveyp2o@jNJc*mPrlhKUX0L1,1552.SPK/BA.202/BA010102/2024,PENGADAAN CAT,2024-09-24,13,1,9,SESUAI DENGAN KESEPAKATAN (REIMBURSEABLE),,0,0,full,,,,inv2,2025-01-09,,proc,2024-09-24,,,,,,,,,,linked,474,,,,,paid,,,,,,0,0,,
506,@d1OBEz20rS%u)5exZyt$h!nU,1365.SPK/PR.202/BA010102/2024,PERBAIKAN FLUID COUPLING GEARBOX BOOM,2024-08-15,63,4,10,Franko : Sesuai dengan kesepakatan,,0,0,full,,,,inv2,,,,2024-08-15,,,,,,,,,,,0,,,,,paid,,,,,,0,0,,
507,p26kYEZ$CwGfe80FgSdHV(@WI,1448.SPK/BA.202/BA010102/2024,RUNNING STORE,2024-09-09,2,4,14,Franko : Sesuai dengan kesepakatan,,0,0,full,,,,inv2,2024-11-19,,proc,2024-09-09,,,,,,,,,,,205,,,,,paid,,,,,,0,0,,
508,*L(Pf4EhpoeugXbnvjr6Bz1K%,1539.SPK/BA.302/BA010102/2024,PENGADAAN SPAREPARTS AUXILIARY ENGINE (COM),2024-09-20,12,20,84,SESUAI DENGAN KESEPAKATAN (REIMBURSEABLE),,0,0,full,,,,inv2,2024-12-16,,proc,2024-09-20,,,,,,,,,,,0,,,,,paid,,,,,,0,0,,
509,s2NXl*)Kh0FOZ%bydTf!4qDLV,1583.SPK/PR.202/BA010102/2024,FABRIKASI BANTALAN PONTON (REPEAT ORDER),2024-09-27,17,7,15,ON BOARD (REIMBURSEABLE),,0,0,full,,,,inv2,,,proc,2024-09-27,,,log,,0,Jakarta,Kota Tua,,,,0,,,,,paid,,,,,,0,0,,
510,Aj!hpRUKb8elXiQ)19tw*aFz^,1585.SPK/BA.202/BA010102/2024,PENGADAAN ENGINE RUNNING STORE,2024-09-27,2,1,14,SESUAI DENGAN KESEPAKATAN (REIMBURSEABLE),,0,0,full,,,,inv2,2024-11-19,,proc,2024-09-27,,,,,,,,,,,0,,,,,paid,,,,,,0,0,,
511,0bFUE9Z%RVeWd7wSCtT3Npvry,1592.SPK/BA.302/BA010102/2024,PENGADAAN WILDEN PUMP DAN SUBMERSIBLE PUMP,2024-09-27,1,1,7,SESUAI DENGAN KESEPAKATAN (REIMBURSEABLE),,0,0,full,,,,inv2,,,proc,2024-09-27,,,,,,,,,,,0,,,,,paid,,,,,,0,0,,
512,ihCcb7)MFt9gPQuevRX*6lLUp,1581.SPK/BA.202/BA010102/2024,RUNNING STORE ELECTRICAL (SEPTEMBER),2024-09-26,1,5,7,SESUAI DENGAN KESEPAKATAN (REIMBURSEABLE),,0,0,full,,,,inv2,,,proc,2024-09-26,,,,,,,,,,,0,,,,,paid,,,,,,0,0,,
513,IBwc(HFa1EmAi3L6Np%2PsXzk,1582.SPK/BA.302/BA010102/2024,PENGADAAAN SPAREPARTS COMPRESSOR AC CENTRAL,2024-09-26,1,5,10,SESUAI DENGAN KESEPAKATAN (REIMBURSEABLE),,0,0,full,,,,,,,proc,,,,,,,,,,,,0,,,,,paid,,,,,,0,0,,
514,hkrF(8QKCptnb1vD6qJW0RVBo,1584.SPK/BA.202/BA010102/2024,RUNNING STORE ELECTRICAL STORE,2024-09-26,2,17,14,SESUAI DENGAN KESEPAKATAN (REIMBURSEABLE),,0,0,full,,,,inv2,2024-11-04,,proc,2024-09-26,,,,,,,,,,,0,,,,,paid,,,,,,0,0,,
515,m63Fz@LaRPvdN8y^B)lutecQ0,1565.SPK/BA.202/BA010102/2024,Pengiriman 2 Grab ke Rembang,2024-09-18,17,17,15,Rembang,,0,0,full,,,,inv2,2024-10-31,,,2024-09-18,,,,,,,,,,,0,,,,,paid,,,,,,0,0,,
516,2SUiMyd)4Zvq%!5VjOpT8X@9l,1566.SPK/BA.202/BA010102/2024,Pengiriman 3 Grab ke Paiton,2024-09-18,17,20,10,Paiton,,0,0,full,,,,inv2,2024-10-31,,,2024-09-18,,,,,,,,,,,0,,,,,paid,,,,,,0,0,,
517,W3JL*lnfxM!NaI9Xtc62o)DS7,1595.SPK/BA.302/BA010102/2024,PENGADAAN STORE FOR CRANE,2024-09-27,32,20,36,SESUAI DENGAN KESEPAKATAN (REIMBURSEABLE),,0,0,full,,,,inv2,2024-12-03,,proc,2024-09-27,,,,,,,,,,,0,,,,,paid,,,,,,0,0,,
518,K0k8WhAqpJEvt%MweUfyHYTlZ,1574.SPK/PR.202/BA010102/2024,JASA FABRIKASI ROLLER SHEAVE,2024-09-26,43,20,35,SESUAI DENGAN KESEPAKATAN (REIMBURSEABLE),,0,0,full,,,,inv2,2025-01-09,,proc,2024-09-26,,,log,,11000000,Paiton,onboard kapal,,,linked,480,,,,,paid,,,,,,0,0,,
519,wrp@OijxcdUnWKt8SM9%D1B2g,1620.SPK/BA.17/BA010102/2024,PENGADAAN HOISTING WIRE,2024-09-30,35,20,5,SESUAI DENGAN KESEPAKATAN (REIMBURSEABLE),,0,0,full,,,,inv2,,,proc,2024-09-30,,,,,,,,,,linked,386,,,,,paid,,,,,,0,0,,
520,)C$8aOuHgrLdYNeR!Kiw6oZG1,1601.SPK/PR.202/BA010102/2024,PENGADAAN AC BARU (INCLUDE PEMASANGAN),2024-09-27,5,25,5,SESUAI DENGAN KESEPAKATAN,,1500000,0,full,,,,,,,proc,,,,,,,,,,,,0,,,,,paid,,,,,,0,0,,
521,K9BenwQiLTHPyEpUCMO5Vxb(W,1580.SPK/BA.302/BA010102/2024,PENGADAAN SPAREPARTS WATER INGRESS DETECTOR,2024-09-26,32,17,15,SESUAI DENGAN KESEPAKATAN (REIMBURSEABLE),,0,0,full,,,,,,,proc,2024-09-26,,,,,,,,,,linked,347,,,,,paid,,,,,,0,0,,
522,BrOo3sIK18DPYbZqt^Cg(fSan,1480.SPK/BA.202/BA010102/2024,RUNNING STORE (CAT DAN THINNER),2024-09-10,13,2,12,Franco : On Board (Pangkalan Susu),,0,0,full,,,,inv2,2024-10-31,,proc,2024-09-10,,,log,,6900000,Pangkalan Susu,onboard kapal,,,,1158,,,,,paid,,,,,,0,0,,
523,ay)G91KDJIf$@AFrbNV2cXwne,1460.SPK/BA.202/BA010102/2024,RUNNING STORE,2024-09-06,2,6,18,On Board (Biaya Transportasi Reimbursable Sesuai Dengan Kesepakatan),,0,0,full,,,,inv2,2024-11-12,,proc,2024-09-27,,,,,,,,,,,0,,,,,paid,,,,,,0,0,,
524,uthGngj6im%^ocE8v1AOZJS)z,1442.SPK/BA.202/BA010102/2024,RUNNING STORE,2024-09-04,2,29,12,Franco : Sesuai Kesepekatan,,0,0,full,,,,inv2,2024-11-29,,proc,,,,,,,,,,,,204,,,,,paid,,,,,,0,0,,
525,NS9gRUlL5E!c%ZVbnrC0z43mf,1457.SPK/BA.202/BA010102/2024,RUNNING STORE,2024-09-06,40,12,7,On Board (Biaya Transportasi Reimbursable Sesuai Dengan Kesepakatan),,0,0,full,,,,inv2,2025-01-23,,proc,2024-09-06,,,,,,,,,,linked,1002,,,,,paid,,,,,,0,0,,
526,Kz7Fk^XeO860uGZP9DBr*y%AH,1456.SPK/BA.202/BA010102/2024,RUNNING STORE ENGINE,2024-09-06,2,6,14,On Board (Biaya Transportasi Reimbursable Sesuai Dengan Kesepakatan),,0,0,full,,,,inv2,2025-01-20,,,2024-09-06,,,,,,,,,,linked,500,,,,,paid,,,,,,0,0,,
527,C!2xoNPOZ)1VEBKcn(9bU7FQJ,1445.SPK/PR.202/BA010102/2024,RUNNING STORE,2024-09-04,2,7,10,Franco Sesuai Kesepekatan,,0,0,full,,,,inv2,,,,2024-09-04,,,,,,,,,,,0,,,,,paid,,,,,,0,0,,
528,T$%KI3X2xcyhsbfJCmVa6t(!v,1455.SPK/BA.202/BA010102/2024,RUNNING STORE ENGINE,2024-09-06,2,6,10,On Board (Biaya Transportasi Reimbursable Sesuai Dengan Kesepakatan),,0,0,full,,,,inv2,2024-11-12,,,2024-09-06,,,,,,,,,,,0,,,,,paid,,,,,,0,0,,
529,r*qktEma)A%i6uOQywNY^LIUV,1454.SPK/BA.302/BA010102/2024,SPAREPARTS PUMP,2024-10-06,37,6,30,On Board (Biaya Transportasi Reimbursable Sesuai Dengan Kesepakatan),,0,0,full,,,,inv2,2024-11-13,,,2024-09-06,,,,,,,,,,,0,,,,,paid,,,,,,0,0,,
530,9qYoe6Q2xPRtLF%aj0UOm8Alf,1559.SPK/BA.302/BA010102/2024,PENGADAAN FILTER,2024-09-24,1,21,5,SESUAI DENGAN KESEPAKATAN,,0,0,full,,,,inv2,,,proc,2024-09-24,,,log,,0,Jakarta,Kota Tua,,,,0,,,,,paid,,,,,,0,0,,
532,wt91TuKDf^QgRrvjA7LFe56EM,1554.SPK/PR.202/BA010102/2024,TROUBLESHOOTING & PERBAIKAN ELECTRIC STEERING KEMUDI,2024-09-23,5,8,5,ON BOARD,,0,0,full,,,,inv2,,,proc,2024-09-23,,,log,,0,onboard,include,,,,0,,,,,paid,,,,,,0,0,,
533,p8(zmVaRt*XG0TbM5SA)UeLn^,1596.SPK/BA.202/BA010102/2024,RUNNING STORE CAT (DECK & ENGINE DEPT - SEPTEMBER),2024-09-30,13,5,14,SESUAI DENGAN KESEPAKATAN (REIMBURSEABLE),,0,0,full,,,,inv2,2024-12-04,,proc,2024-09-30,,,,,,,,,,,0,,,,,paid,,,,,,0,0,,
534,(nFKi1vhMy3%EBJcS2Cb9@ajr,1578.SPK/BA.302/BA010102/2024,"RUNNING STORE DECK (NYLON HAWSER CIR 10"")",2024-09-26,67,5,5,SESUAI DENGAN KESEPAKATAN (REIMBURSEABLE),,0,0,full,,,,inv2,,,proc,2024-09-26,,,log,,2850000,Suralaya - Merak,onboard kapal,,,,44,,,,,paid,,,,,,0,0,,
536,G4gzq2M!WNa3FCmYtcbIx9w0l,1598.SPK/BA.202/BA010102/2024,RUNNING STORE DECK ( DESCALLING MACHINE DAN PARTS),2024-09-30,24,31,22,SESUAI DENGAN KESEPAKATAN (REIMBURSEABLE),,0,0,full,,,,inv2,2024-12-17,,proc,2024-09-30,,,log,,4000000,Jepara,onboard kapal,,,linked,353,,,,,paid,,,,,,0,0,,
537,ALXhi5s3ytoOnH0bJ9zQC!SRx,1589.SPK/BA.302/BA010102/2024,SPAREPART SELONOID GRAB,2024-09-27,68,3,45,SESUAI DENGAN KESEPAKATAN (REIMBURSEABLE),,0,0,full,,,,inv2,2024-12-02,,,2024-10-01,,,,,,,,,,,0,,,,,paid,,,,,,0,0,,
538,e)axUzyrXm2OAin%YwN3hj@F6,1635.SPK/PR.202/BA010102/2024,"SOLVING PROBLEM ME.S SHUTDOWN, CONNEECTION GEAR BROKEN",2024-09-30,17,4,14,SESUAI DENGAN KESEPAKATAN (REIMBURSEABLE),,0,0,full,,,,,,,proc,,,,,,,,,,,,0,,,,,paid,,,,,,0,0,,
539,Xqx5Rdg4AK7HhELiZ0)as1%8U,1627.SPK/PR.202/BA010102/2024,JASA PERBAIKAN MAIN AIIR COMPRESSOR,2024-09-30,7,20,3,SESUAI DENGAN KESEPAKATAN (REIMBURSEABLE),,0,0,full,,,,inv2,,,proc,2024-09-30,,,,,,,,,,,0,,,,,paid,,,,,,0,0,,
540,%RIY31jnzcDgUmAQMKXysL^*B,1647.SPK/BA.302/BA010102/2024,SPAREPARS ME DAN AE,2024-10-01,1,25,5,ON BOARD (REIMBURSEABLE),,0,0,full,,,,inv2,,,proc,2024-10-01,,,,,,,,,,,0,,,,,paid,,,,,,0,0,,
541,6s7ZKtVI9bRS3PDXH%ox$Qrg1,1626.SPK/BA.302/BA010102/2024,PENGADAAN SPAREPARTS DECK CRANE NO.4,2024-09-30,7,20,20,SESUAI DENGAN KESEPAKATAN (REIMBURSEABLE),,0,0,,,,,,,,proc,,,,,,,,,,,,0,,,,,,,,,,,0,0,,
542,!mDABLwUR47%V3SPYvHu*y6aM,1631.SPK/BA.302/BA010102/2024,PENGADAAN SPAREPARTS MAIN AIR COMPRESSOR,2024-09-30,44,20,17,SESUAI DENGAN KESEPAKATAN (REIMBURSEABLE),,0,0,full,,,,,,,proc,,,,,,,,,,,,0,,,,,paid,,,,,,0,0,,
543,2FK3VECb47ZjUaIMixRpBeN6g,1623.SPK/BA.202/BA010102/2024,PENGADAAN DECK RUNNING STORE,2024-09-30,10,1,10,SESUAI DENGAN KESEPAKATAN (REIMBURSEABLE),,0,0,full,,,,inv2,2024-10-31,,proc,2024-09-30,,,,,,,,,,linked,454,,,,,paid,,,,,,0,0,,
544,ROz1E)7cGiQk*3e0q$^V9Crgd,1561.SPK/BA.302/BA010102/2024,ELECTRICAL DECK CRANE,2024-09-24,24,3,7,SESUAI DENGAN KESEPAKATAN (REIMBURSEABLE),,0,0,full,,,,inv2,2025-04-30,,proc,2024-09-24,,,log,,4500000,Paiton,onboard kapal dari Surabaya,,,linked,750,,,,,paid,,,,,,0,0,,
545,kq(rG*2Za@U8R!IT0V$lC%d7W,1622.SPK/BA.302/BA010102/2024,PENGADAAN DECK RUNNING STORE,2024-09-30,1,1,10,SESUAI DENGAN KESEPAKATAN (REIMBURSEABLE),,0,0,full,,,,inv2,2025-06-23,,proc,2024-09-30,,,,,,,,,,,0,,,,,paid,,,,,,0,0,,
546,P0IKY1vmGhfMOqje@)R%zwy$k,1646.SPK/PR.202/BA010102/2024,REWINDING AND SUPPLY TOOLS,2024-10-01,5,12,7,ON BOARD,,1250000,0,full,,,,inv2,,,proc,2024-10-01,,,log,,0,onboard,include,,,,0,,,,,paid,,,,,,0,0,,
547,Ty3OMzg9FJ4Nex*Sts5mQGqBH,1512.SPK/BA.202/BA010102/2024,RUNNING STORE DECK (CAT DAN THINNER),2024-09-13,13,4,10,SESUAI DENGAN KESEPAKATAN (REIMBURSEABLE),,0,0,full,,,,inv2,2024-12-11,,proc,2024-09-13,,,,,,,,,,,0,,,,,paid,,,,,,0,0,,
548,pAm*(UhHPQM2fdeZuFnD40ylI,1511.SPK/PR.202/BA010102/2024,FABRIKASI CRANKSHAFT GEAR MAIN ENGINE KANAN,2024-09-13,17,4,35,SESUAI DENGAN KESEPAKATAN (REIMBURSEABLE),,0,0,,,,,,,,proc,,,,,,,,,,,,0,,,,,,,,,,,0,0,,
549,%*uRpNlH$O8m2JAK1I4)YSTdU,1505.SPK/BA.202/BA010102/2024,PENGADAAN SPAREPART WIRE LUFFING,2024-09-12,17,3,30,SESUAI DENGAN KESEPAKATAN (REIMBURSEABLE),,0,0,full,,,,inv2,2024-11-13,,proc,2024-09-12,,,,,,,,,,,0,,,,,paid,,,,,,0,0,,
550,nT%CoXgkazUQjJwbuWR*^cSLt,1521.SPK/BA.202/BA010102/2024,RUNNING STORE (FREON),2024-09-17,5,17,3,SESUAI DENGAN KESEPAKATAN,,0,0,full,,,,inv2,,,proc,2024-09-17,,,log,,0,onboard,include,,,,0,,,,,paid,,,,,,0,0,,
551,G@$Dtr)(CU1Na7yzQ2WFRBMZc,1586.SPK/BA.202/BA010102/2024,PENGADAAN ENGINE RUNNING STORE,2024-09-27,67,1,7,SESUAI DENGAN KESEPAKATAN (REIMBURSEABLE),,0,0,full,,,,inv2,2024-11-08,,proc,2024-09-27,,,,,,,,,,,0,,,,,paid,,,,,,0,0,,
552,$*(gbC84oJA7Z3F^uxR0Vt2)M,1629.SPK/BA.202/BA010102/2024,RUNNING STORE DECK (MUALIM II),2024-09-30,1,31,5,SESUAI DENGAN KESEPAKATAN (REIMBURSEABLE),,0,0,full,,,,,,,proc,,,,,,,,,,,,242,,,,,paid,,,,,,0,0,,
553,Ivl!H5@sE2RJr^GS4fLk)BOVD,0007.SKt/BA.202/BA010102/2024,Pengadaan Cat Jotun MV. Martha Baruna,2024-01-11,13,16,7,Franco Jakarta,,0,0,full,,,,inv2,2024-11-03,,,2024-01-11,,,,,,,,,,,0,1,,,,paid,,2025-05-26,,,,0,0,,
554,u8ZB1eH7@sQkbIAXClSfjFnKg,1657.SPK/BA17/BA010102/2024,PENGADAAN BAN DAPRA & SEGEL,2024-10-02,1,25,5,SESUAI DENGAN KESEPAKATAN,,0,0,full,,,,inv2,,,proc,2024-09-02,,,,,,,,,,,0,,,,,paid,,,,,,0,0,,
555,vceQ7PByua5jU^XpZrghso0AD,1648.SPK/BA.302/BA010102/2024,RUBBER COUPLING,2024-10-01,1,3,5,SESUAI DENGAN KESEPAKATAN (REIMBURSEABLE),,0,0,full,,,,inv2,,,proc,2024-10-01,,,log,,0,Jakarta,Kota Tua,,,,0,,,,,paid,,,,,,0,0,,
556,$ul@McopQNxOCr3*K!qn1AzXR,1666.SPK/BA.17/BA010102/2024,"PENGADAAN UNIT TALI,BAN DAPRA & SEGEL",2024-10-02,1,23,5,SESUAI DENGAN KESEPAKATAN,,0,0,full,,,,inv2,2024-11-28,,proc,2024-10-09,,,log,,19500000,Tarahan,onboard kapal,,,linked,1180,,,,,paid,,,,,,0,0,,
557,sivygCo$EXHRAF6Lqb*hfMBU@,1306.SPK/BA.105/BA010102/2024,Pekerjaan Pengadaan Upgrade Sarana Planned Maintenance System MV. Rasuna Baruna,2024-08-07,56,3,30,Franco Onboard,,0,0,full,,,,inv2,,,,2024-08-07,,,,,,,,,,,0,,,,,paid,,,,,,0,0,,
558,Si5lIN6aFWf8mTHJesG3PV)7^,"1450,SPK/BA.105/BA010102/2024",Pengadaan Upgrade Sarana Planned Maintenance System MV Kartini Baruna,2024-09-06,56,1,30,Franco Onboard,,0,0,full,,,,inv2,,,,2024-09-06,,,,,,,,,,,0,,,,,paid,,,,,,0,0,,
559,!Q^%lraCYKvUyoe3MJzNIG6dH,1357.SPK/BA.105/BA010102/2024,PEKERJAAN PENGADAAN UPGRADE SARANA PLANNED MAINTENANCE SYSTEM MV MALAHAYATI BARUNA,2024-08-14,56,2,4,ON BOARD,,0,0,full,,,,inv2,,,proc,2024-08-14,,,,,,,,,,,0,,,,,paid,,,,,,0,0,,
560,c!1ZW2SCXxA3(ePtBijmdf4Qa,1429.SPK/PR.202/BA010102/2024,Pengadaan Upgrade Sarana Planned Maintenance System MV Intan Baruna,2024-09-02,56,6,4,Franco Onboard,,0,0,full,,,,inv2,,,,2024-09-02,,,,,,,,,,,0,,,,,paid,,,,,,0,0,,
561,SDyJs%tLc1)h06vgaI$U7YXO!,1314.SPK/BA.105/BA010102/2024,Pengadaan Upgrade Sarana Planned Maintenance System MV Arimbi Baruna,2024-08-09,56,7,4,Franco Onboard,,0,0,full,,,,inv2,,,,2024-08-09,,,,,,,,,,,0,,,,,paid,,,,,,0,0,,
562,@uW^wnoTChqgRyAa(s750ixUb,1562.SPK/BA.302/BA010102/2024,ELECTRICAL ITEM,2024-09-25,24,3,7,SESUAI DENGAN KESEPAKATAN (REIMBURSEABLE),,0,0,full,,,,inv2,2024-12-17,,proc,2024-09-25,,,,,,,,,,linked,354,,,,,paid,,,,,,0,0,,
563,)JgixT719qHF0n5EQKmdYNwy@,1653.SPK/PR.202/BA010102/2024,"PENGADAAN JASA CLEANING AC, ISI FREON DAN PERBAIKAN AC ANJUNGAN",2024-09-02,5,23,5,ON BOARD,,0,0,full,,,,inv2,,,proc,2024-10-02,,,,,,,,,,,0,,,,,paid,,,,,,0,0,,
564,W2L0CBifyZdtlYRqTU!uDrxX3,1649.SPK/PR.202/BA010102/2024,RO PENGADAAN JASA REKONDISI COUPLING PNEUMAFLEX,2024-10-01,63,4,21,ON BOARD,,0,0,full,,,,inv2,2024-11-26,,proc,2024-10-01,,,,,,,,,,,0,,,,,paid,,,,,,0,0,,
565,KMfTO$Wg1G4%ELPmbaYrw*i9q,1532.SPK/BA.202/BA010102/2024,RUNNING STORE,2024-09-19,68,16,28,ON BOARD (REIMBURSEABLE),,0,0,full,,,,,,,proc,,,,,,,,,,,,0,,,,,paid,,,,,,0,0,,
566,2CwDsg09%1xmM$bfGqYItkO5*,1309.SPK/PR.202/BA010102/2024,Pengadaan Jasa Rewinding Elmot Provision Crane (Portside),2024-08-07,5,4,3,Franco : Sesuai dengan kesepakan,,0,0,full,,,,inv2,,,,2024-08-07,,,,,,,,,,,0,,,,,paid,,,,,,0,0,,
567,TVwjlNXhQPm2fReOG14(g6tks,0012.SPBJ/PR.103/BA010400/2024,Pengadaan Sparepart Main Engine MV Malahayati Baruna COM,2024-03-21,16,2,75,Jakarta,,0,0,full,,,,inv2,,,,2024-05-17,,,,,,,,,,,0,,,,,paid,,,,,,0,0,,
568,v1%Vcr7m!jtwGkKUHgOP@Eoyu,0092.SPK/BA.302/BA010102/2024,Pengadaan Sparepart AE Yanmar Y.6Y18AL,2024-01-12,17,6,8,Franco Jakarta,,0,0,full,,,,inv2,2025-01-21,,,2024-01-12,,,,,,,,,,,0,,,,,paid,,,,,,0,0,,
569,5nQk%8HpE)xqUMSFZYXIj@7wR,1537.SPK/PR.202/BA010102/2024,Pemeliharaan Rutin,2024-09-19,52,5,18,Franco Sesuai Kesepakatan,,0,0,full,,,,inv2,,,,2024-09-19,,,,,,,,,,,0,,,,,paid,,,,,,0,0,,
570,y$(JbLNvwExzaPtZIF4nTd8AW,1278.SPK/PR.202/BA010102/2024,Pengadaan Jasa Rekondisi Coupling Pneumaflex,2024-08-02,63,4,21,Franco Onboard,,0,0,,,,,,,,,,,,,,,,,,,,0,,,,,paid,,,,,,0,0,,
571,0jhQL1(nHy%xCz9)J5DeYtsPS,1403.SPK/BA.202/BA010102/2024,Pengadaan Ban Dapra (Repeat Order),2024-08-27,40,14,5,Franco Sesuai Kesepakatan,,0,0,full,,,,inv2,2024-10-31,,,2024-08-27,,,,,,,,,,,0,,,,,paid,,,,,,0,0,,
572,Z)0jM5gNc7H!lph8qTbxSrFWJ,1384.SPK/PR.202/BA010102/2024,Perbaikan Roller Sheave Crane No. 2,2024-08-20,7,17,20,Franco Sesuai Kesepakatan (Reimburse),,0,0,full,,,,inv2,,,,2024-08-20,,,,,,,,,,,0,,,,,paid,,,,,,0,0,,
573,)sLEVkX5QlvPzprA89^06I%x4,0013.SPBJ/PR.103/BA010400/2024,Pengadaan Strategic Part,2024-03-27,69,5,110,Franco Jakarta,,0,0,full,,,,inv2,,,,2024-03-27,,,,,,,,,,,0,1,,,,paid,,2024-06-28,,,,0,0,,
574,xuwF)zycmX06dZTtQWrp%9iEb,0018.SPBJ/PR.103/BA010102/2024,Pengadaan Gearbox For Hoisting Cargo Crane MV Rasuna Baruna,2024-05-02,17,3,52,Franco Jakarta,,0,0,full,,,,inv2,,,,2024-05-02,,,,,,,,,,,0,,,,,paid,,,,,,0,0,,
575,Ahk%5ULgFMTE7VZnN!ePKX@Ox,0020.SPBJ/PR.103/BA010400/2024,Pengadaan Jasa Perbaikan Auxiliary Engine 3 MV. Adhiguna Tarahan,2024-05-07,17,4,90,Franco Sesuai Kesepakatan,,0,0,full,,,,inv2,,,,2024-05-07,,,log,,0,Jakarta,Kota Tua,,,,0,,,,,paid,,,,,,0,0,,
576,rXYINhLM3cj2sTqWKxCZ@J!56,0021.SPBJ/PR.103/BA010400/2024,Pengadaan Intercooler Auxiliary Engine MV Rasuna Baruna MV Sartika Baruna dan MV Latifah Baruna,2024-05-14,17,3,45,Franco Merak-Cilegon,,0,0,full,,,,inv2,2024-12-02,,,2024-05-14,,,,,,,,,,,0,,,,,paid,,,,,,0,0,,
577,VSZURKCpW8*aJ)HPuMY(25^yO,0023.SPBJ/PR.103/BA010400/2024,Pengadaan Jasa Overhaul Main Engine MV Malahayati Baruna,2024-05-14,11,2,57,Franco Onboard,,0,0,full,,,,inv2,2024-12-02,,,2024-05-14,,,,,,,,,,,0,,,,,paid,,,,,,0,0,,
578,mV@GEZa)t(y5RIU^KY4kuMfxq,0024.SPBJ/PR.103/BA010400/2024,Pengadaan Grab Bucket Pada Kapal Milik BAg,2024-05-17,17,3,44,Franco Jakarta,,0,0,full,,,,inv2,,,,2024-05-17,,,,,,,,,,,0,,invest,,,paid,,,,,,0,0,,
579,%P8BhpDTmCr5JV4)Ego@$kZ!R,0025.SPBJ/PR.103/BA010400/2024,Pengadaan Jasa Overhaul Governor KM Malahayati Baruna,2024-05-20,70,2,18,Franco Onboard,,0,0,full,,,,,,,,2024-05-20,,,,,,,,,,,0,,,,,paid,,,,,,0,0,,
580,U(Q9Jk7gE^j$@yOvonXiRK*SI,0026.SPBJ/PR.103/BA010400/2024,Pengadaan Jasa Overhaul Turbocharger MV Malahayati Baruna,2024-05-20,57,2,18,Franco Onboard,,0,0,full,,,,inv2,2024-12-02,,,2024-05-20,,,,,,,,,,linked,3582,,,,,paid,,,,,,0,0,,
581,uK9DMn^bB12zsrq5INx*!hjLE,0027.SPBJ/PR.103/BA010400/2024,Pengadaan Jasa Overhaul Auxilary Engine MV Malahayati Baruna,2024-05-22,37,2,26,Franco Onboard,,0,0,,,,,,,,,2025-02-27,,,,,,,,,,,0,,,,,,,,,,,0,0,,
582,HPA%m@*!tLFKrSvi3jgdWZ79a,0028.SPBJ/PR.103/BA010400/2024,Pengadaan Material Cat Kebutuhan Docking MV Malahayati Baruna,2024-05-22,13,2,18,Franco Onboard,,0,0,full,,,,inv2,2024-12-02,,,2024-08-16,,,,,,,,,,,0,,,,,paid,,,,,,0,0,,
583,PNE@Dayf6K3BbdVr8IZLYh49s,0032.SPBJ/PR.103/BA010400/2024,Pengadaan Jasa Perbaikan ME Kanan MV Adhiguna Tarahan,2024-06-10,17,4,20,Franco Onboard,,0,0,full,,,,inv2,2024-12-02,,,2024-06-10,,,,,,,,,,,0,,,,,paid,,,,,,0,0,,
584,MN*dDBq4)mtWOyZgoSVHRc1El,1123.SPK/BA.101/BA010102/2024,Pengadaan Additional Barang dan Jasa A/E After Dismantle,2024-07-04,57,2,14,Franco Onboard,,0,0,full,,,,inv2,,,,2024-07-04,,,,,,,,,,,0,,,,,paid,,,,,,0,0,,
585,kvW)N4Hz*8r7%hwARyT!$(qs@,1687.SPK/BA.202/BA010102/2024,RUNNING STORE (PIPA DAN FLANGE UNTUK HYDRAULIC HATCH COVER),2024-10-09,21,17,7,SESUAI DENGAN KESEPAKATAN (REIMBURSEABLE),,0,0,full,,,,inv2,2024-11-13,,proc,2024-10-09,,,log,,11800000,Tarahan,onboard kapal,,,,255,,,,,paid,,,,,,0,0,,
586,mdolUWKq*kR$Mp1(P5I2H9SBu,C.3840/SP.902-2024,Perbaikan FO Cam Pada Auxiliary Engine No. 3,2024-07-16,17,3,7,Franco Onboard,,0,0,full,,,,inv2,2024-11-28,,proc,2024-07-16,,,,,,,,,,,0,,,,,paid,,,,,,0,0,,
587,Eh^t)WzC6ZKd$jQap0D*qT2e%,1675.SPK/BA.202/BA010102/2024,RUNNING STORE KEBUTUHAN DECK,2024-10-07,1,4,5,SESUAI DENGAN KESEPAKATAN (REIMBURSEABLE),,0,0,full,,,,inv2,2024-11-11,,proc,2024-10-07,,,log,,2500000,Suralaya-Merak,onboard kapal,,,,254,,,,,paid,,,,,,0,0,,
588,m0MSa5e1$X9F)nP@LNpEC(qct,1558.SPK/PR.202/BA010102/2024,Running Store Engine,2024-09-27,67,7,3,Franco Onboard (reimburse),,0,0,full,,,,inv2,2024-11-06,,proc,2024-09-27,,,log,,500000,Suralaya - Merak,onboard kapal,,,,241,,,,,paid,,,,,,0,0,,
589,^)cESV0wzd*e95%a3ZbUotGq@,1360.SPK/BA.302/BA010102/2024,Pengadaan Wilden Pump dan JIS Cast Iron,2024-08-14,24,20,10,Franco Onboard (reimburse),,0,0,full,,,,inv2,2024-11-13,,,2024-08-14,,,log,,5500000,Paiton,onboard kapal,,,linked,301,,,,,paid,,,,,,0,0,,
590,e@QxiS95)218muqto*bZwjd3F,1688.SPK/PR.202/BA010102/2024,FABRIKASI DOUBLE NEPEL,2024-10-09,43,2,7,SESUAI DENGAN KESEPAKATAN (REIMBURSEABLE),,0,0,full,,,,inv2,2024-11-28,,proc,2024-10-09,,,,,,,,,,,0,,,,,paid,,,,,,0,0,,
591,$6ZWlYh0kx)SXvQEiA4Dm^B3F,1444.SPK/BA.302/BA010102/2024,Running Store,2024-09-04,24,16,9,Franco Onboard (reimburse),,0,0,full,,,,inv2,2024-11-13,,,2024-09-04,,,,,,,,,,,246,,,,,paid,,,,,,0,0,,
592,I!Swj2Nyic6X3E0nCeLPR8QzD,1358.SPK/BA.202/BA010102/2024,Wire Rope Grab,2024-08-14,1,3,5,Franco Sesuai Kesepakatan,,o,0,full,,,,inv2,2024-11-28,,,2024-08-14,,,,,,,,,,,0,,,,,paid,,,,,,0,0,,
593,p$ZqKjt8zlN0SUGDawcE3!9FM,1361.SPK/BA.302/BA010102/2024,Pengadaan Wire Grab Guven dan Deck Running Store,2024-08-14,1,20,7,Franco Onboard (reimburse),,0,0,full,,,,inv2,2024-11-18,,,2024-08-14,,,,,,,,,,,0,,,,,paid,,,,,,0,0,,
594,twPdCy%zMjUDqbO7m1!0c@JZa,1319.SPK/PR.202/BA010102/2024,Pengadaan AC Split Anjungan,2024-08-14,2,5,14,Franco Onboard,,0,0,full,,,,inv2,2024-11-19,,,2024-08-14,,,,,,,,,,,0,,,,,paid,,,,,,0,0,,
595,WJZ9c2rV$F0A%zg(pNqXE6!xC,1684.SPK/BA.302/BA010102/2024,PENGADAAN TRANSFORMER FRESHWATER PUMP ME,2024-10-09,68,31,120,SESUAI DENGAN KESEPAKATAN (REIMBURSEABLE),,0,0,full,,,,,,,proc,,,,,,,,,,,,0,,,,,paid,,,,,,0,0,,
596,Z)KqAYcb%Q@tWhHr3OojG!yVS,1686.SPK/BA.202/BA010102/2024,ELECT STORE (BEARING DAN FREON),2024-10-09,1,31,7,SESUAI DENGAN KESEPAKATAN (REIMBURSEABLE),,0,0,full,,,,inv2,2024-11-14,,proc,2024-10-09,,,log,,15500000,Jepara,onboard kapal,,,,232,,,,,paid,,,,,,0,0,,
597,%eY18aC$Oyz*)BUI9wHT!rXnt,1658.SPK/PR.202/BA010102/2024,MODIF DAN PEMASANGAN GEARBOX HOSIT,2024-10-02,17,3,16,ON BOARD,,0,0,full,,,,inv2,2024-11-28,,proc,2024-10-02,,,,,,,,,,,0,,,,,paid,,,,,,0,0,,
598,^Z%myfiR8!Nq6EcUnBeAIV@b$,1677.SPK/PR.202/BA010102/2024,FABRIKASI FLEXIBLE EXHAUST MANIFOLD,2024-10-07,61,2,5,SESUAI DENGAN KESEPAKATAN (REIMBURSEABLE),,0,0,full,,,,,,,proc,,,,,,,,,,,,0,,,,,paid,,,,,,0,0,,
599,E5iP7)KLIp30BJ1s6nRQ8T%ly,1681.SPK/BA.302/BA010102/2024,PENGADAAN SPAREPART AUX. ENGINE DAIHATSU 5-DK20,2024-10-08,17,3,25,SESUAI DENGAN KESEPAKATAN (REIMBURSEABLE),,0,0,full,,,,inv2,2024-11-29,,proc,2024-10-08,,,,,,,,,,,0,,,,,paid,,,,,,0,0,,
600,kfghRq^I)G7Yca$OmnVWCu1wS,1665.SPK/PR.202/BA010102/2024,FABRIKASI ROLLER CONVEYOR,2024-10-02,43,4,45,SESUAI DENGAN KESEPAKATAN (REIMBURSEABLE),,0,0,full,,,,inv2,2024-11-19,,proc,2024-10-02,,,,,,,,,,,0,,,,,paid,,,,,,0,0,,
601,CyAM*nSY5dqwzT^go(suG)hBU,1676.SPK/BA.302/BA010102/2024,RUNNING STORE,2024-10-07,1,7,3,SESUAI DENGAN KESEPAKATAN,,0,0,full,,,,inv2,2024-11-12,,proc,2024-10-07,,,,,,,,,,,0,,,,,paid,,,,,,0,0,,
602,tg^ZTN)fBOK45X3rQS1LdVy8e,1660.SPK/BA.302/BA010102/2024,SPAREPART MAC ATLAS COPCO BV-200,2024-10-02,17,17,45,SESUAI DENGAN KESEPAKATAN (REIMBURSEABLE),,0,0,full,,,,inv2,2024-11-29,,proc,2024-10-02,,,,,,,,,,,0,,,,,paid,,,,,,0,0,,
603,WBhsHcbMEjZV!1*Pr7opqK0gw,1600.SPK/BA.202/BA010102/2024,RUNNING STORE (ELECTRONIC DECK),2024-09-30,21,25,7,SESUAI DENGAN KESEPAKATAN (REIMBURSEABLE),,0,0,full,,,,inv2,2024-11-18,,proc,2024-09-30,,,,,,,,,,,0,,,,,paid,,,,,,0,0,,
604,l0F%BGde25S8EO!)7@(aWjoCI,1680.SPK/BA.17/BA010102/2024,PENGADAAN PNEUMATIC RUBBER FENDERS,2024-10-07,37,2,14,SESUAI DENGAN KESEPAKATAN (REIMBURSEABLE),,0,0,full,,,,inv2,2024-12-05,,proc,2024-10-07,,,,,,,,,,linked,578,,invest,,,paid,,,,,,0,0,,
605,*o)!L9PIRCvmbNZU2Ya0D1Skz,1679.SPK/BA.202/BA010102/2024,RUNNING STORE DECK (TALI MULTIFILAMENT UNTUK MOORING EQUIPMENT),2024-10-07,1,31,7,SESUAI DENGAN KESEPAKATAN (REIMBURSEABLE),,0,0,full,,,,inv2,2024-11-14,,proc,2024-10-07,,,log,,0,Jepara,termasuk 1686.SPK,,,,232,,,,,paid,,,,,,0,0,,
606,gyTn@j$G1JBL)AKObCPctDo8l,1670.SPK/BA.17/BA010102/2024,PENGADAAN WIRE GRAB,2024-10-03,1,2,5,Franco sesuai dengan kesepakatan,,0,0,full,,,,inv2,2025-04-30,,proc,,,,,,,,,,,,0,,,,,paid,,,,,,0,0,,
607,!U7waGW@qiguZLHPtoY5DBQme,1682.SPK/BA.17/BA010102/2024,RUNNING STORE (INVENTORY DECK),2024-10-08,1,31,7,SESUAI DENGAN KESEPAKATAN (REIMBURSEABLE),,0,0,full,,,,inv2,2024-11-18,,proc,2024-10-08,,,log,,0,Jepara,termasuk 1686.SPK,,,,232,,,,,paid,,,,,,0,0,,
608,1wNSDu6LC9i@lbhQ7WYpBE!HG,1672.SPK/PR.202/BA010102/2024,FABRIKASI RODA DAN STOPPER HATCH COVER,2024-10-04,58,7,45,ON BOARD (REIMBURSEABLE),,0,0,full,,,,,,,proc,,,,,,,,,,,,0,,,,,paid,,,,,,0,0,,
609,WSABVErm4wuv03ao*7ipLdCFq,1678.SPK/BA.202/BA010102/2024,RUNNING STORES DECK (CAT DAN THINNER AFTER TECHNICIAN ON BOARD),2024-10-07,13,31,10,SESUAI DENGAN KESEPAKATAN (REIMBURSEABLE),,0,0,full,,,,inv2,2024-12-04,,proc,2024-10-07,,,,,,,,,,linked,632,,,,,paid,,,,,,0,0,,
610,QT3X)t6fmNwkGUEl1C7iV*s8o,1599.SPK/BA.202/BA010102/2024,RUNNING STORE DECK (MUALIM I),2024-09-30,2,31,14,SESUAI DENGAN KESEPAKATAN (REIMBURSEABLE),,0,0,full,,,,,,,proc,2025-06-20,,,log,,6500000,Jepara,onboard kapal,,,linked,501,,,,,paid,,,,,,0,0,,
611,Trc8z)NMlPDOs1aji5ehumnQ!,1696.SPK/BA.202/BA010102/2024,RUNNING STORE ENGINE DAN TUNNEL (PLATE),2024-10-10,21,5,10,Franco Onboard (reimburse),,0,0,full,,,,inv2,2024-11-14,,proc,2024-10-10,,,log,,9300000,Suralaya-Merak,termasuk 1704.SPK,,,,258,,,,,paid,,,,,,0,0,,
612,Xl8TWcUjg)zSyEkJZ1r6G5vOf,1699.SPK/BA.202/BA010102/2024,PENGADAAN RUNNING STORES (ELECTRICAL),2024-10-10,3,2,7,SESUAI DENGAN KESEPAKATAN (REIMBURSEABLE),,0,0,full,,,,inv2,2024-10-31,,proc,2024-10-10,,,,,,,,,,,0,,,,,paid,,,,,,0,0,,
613,6$iy47xZM*Ew^kVC(19LSAfuR,1655.SPK/PR.202/BA010102/2024,Perbaikan Grab No. 5,2024-10-02,7,3,90,Franco Onboard (reimburse),,0,0,full,,,,,,,proc,,,,,,,,,,,linked,581,,,,,paid,,,,,,0,0,,
614,Thp7lXj$tac2*IensEy!1DCix,1656.SPK/BA.302/BA010102/2024,RO Control Valve Hatch Cover,2024-10-02,7,3,30,Franco Onboard (reimburse),,0,0,full,,,,inv2,2024-11-07,,,2024-10-02,,,,,,,,,,,0,,,,,paid,,,,,,0,0,,
615,AP2%be!fQr^ziIM@CyswWY0Bj,1695.SPK/BA.202/BA010102/2024,"Pengadaan Pipa, Elbow, Flange, & Angle Bar",2024-10-09,2,21,10,Franco Sesuai Kesepakatan,,0,0,full,,,,inv2,2024-11-19,,proc,2024-10-09,,,,,,,,,,,0,,,,,paid,,,,,,0,0,,
616,8^1qJ4B%0u7G5Ds2UWC(LQnMj,1341.SPK/BA.302/BA010102/2024,PENGADAAN DECK SHEAVES CRANE,2024-08-12,17,2,50,Biaya Transportasi Reimbursable Sesuai Dengan Kesepakatan,,0,0,full,,,,inv2,2024-11-28,,,2024-08-12,,,,,,,,,,,0,,,,,paid,,,,,,0,0,,
617,KE752sN(qUvJrpo6*%WedhiB),1714.SPK/BA.202/BA010102/2024,RUNNING STORE DECK (OKTOBER),2024-10-11,1,10,7,SESUAI DENGAN KESEPAKATAN (REIMBURSEABLE),,0,0,full,,,,,,,proc,,,,,,,,,,,,475,,,,,paid,,,,,,0,0,,
618,RXVK3NBEdl%(gt2mi)cw*b@Cf,1689.SPK/PR.202/BA010102/2024,REKONDISI WINCH BP.3005,2024-10-09,43,24,25,ON BOARD,,0,0,full,,,,inv2,2024-11-26,,proc,2024-10-09,,,,,,,,,,,0,,,,,paid,,,,,,0,0,,
619,J0T1M2Ru3m%6@yoWbBk8)5tjY,1579.SPK/BA.202/BA010102/2024,RUNNING STORE ELECTRICAL (JULI),2024-09-26,24,17,10,SESUAI DENGAN KESEPAKATAN (REIMBURSEABLE),,0,0,full,,,,inv2,2024-11-29,,proc,2024-09-26,,,log,,3500000,Tarahan,onboard kapal,,,linked,302,,,,,paid,,,,,,0,0,,
620,lzrhF$nOG6EL8A%v(x2CwmR*5,1662.SPK/PR.202/BA010102/2024,FABRIKASI COTER/CLAMP SHAFT GEAR ME (KANAN),2024-10-02,17,4,20,SESUAI DENGAN KESEPAKATAN (REIMBURSEABLE),,0,0,full,,,,inv2,2024-11-20,,proc,2024-10-02,,,,,,,,,,,0,,,,,paid,,,,,,0,0,,
621,eCzKHs@N)qJdg03A4V6vIoha%,1709.SPK/PR.202/BA010102/2024,FABRIKASI MAIN ENGINE GEAR (IDLE GEAR),2024-10-10,17,4,35,SESUAI DENGAN KESEPAKATAN (REIMBURSEABLE),,0,0,full,,,,inv2,2024-12-19,,proc,2024-10-10,,,,,,,,,,,0,,,,,paid,,,,,,0,0,,
622,hC9)GDsj%3XLYa8gHITi!zZNK,1630.SPK/BA.202/BA010102/2024,Pengadaan Fabrikasi O-Ring Main Engine,2024-09-30,36,20,10,Franco Jakarta,,0,0,full,,,,inv2,,,,2024-09-30,,,log,,0,Suralaya - Merak,onboard kapal,,,,0,,,,,paid,,,,,,0,0,,
623,qN4khjw*5lMzWIUosi31$VmDg,1698.SPK/BA.202/BA010102/2024,DECK STORE (BARANG ELEKTRONIK),2024-10-10,2,5,10,SESUAI DENGAN KESEPAKATAN (REIMBURSEABLE),,0,0,full,,,,inv2,2024-11-26,,proc,2024-10-10,,,,,,,,,,,0,,,,,paid,,,,,,0,0,,
624,7@wa)XmSvh(xBstg8ODjW16M2,1693.SPK/PR.202/BA010102/2024,FABRIKASI BAUT CLAMP UNTUK SHAFT GEAR MAIN ENGINE,2024-10-10,43,4,4,SESUAI DENGAN KESEPAKATAN (REIMBURSEABLE),,0,0,full,,,,inv2,2024-11-19,,proc,2024-10-10,,,,,,,,,,,0,,,,,paid,,,,,,0,0,,
625,sn3DOfh4SEH9ALurYvK(NX2TP,1683.SPK/BA.302/BA010102/2024,PENGADAAN SPAREPART AUX.ENGINE NO.2,2024-10-08,12,3,45,SESUAI DENGAN KESEPAKATAN (REIMBURSEABLE),,0,0,full,,,,inv2,2024-12-16,,proc,2024-10-08,,,,,,,,,,,0,,,,,paid,,,,,,0,0,,
626,FOfBQh!q$dyvD63IiY42ZT)jk,1697.SPK/BA.302/BA010102/2024,SPAREPARTS ELECTRICIAN (OVERLOAD DAN KONTAKTOR),2024-10-10,2,5,14,SESUAI DENGAN KESEPAKATAN (REIMBURSEABLE),,0,0,full,,,,inv2,2024-11-28,,proc,2024-10-10,,,,,,,,,,,0,,,,,paid,,,,,,0,0,,
627,73F8ksCHInA4LUONB2hfYm^dj,1704.SPK/BA.17/BA010102/2024,RUNNING STORE TUNNEL (BEARING DAN BAUT),2024-10-10,21,5,10,SESUAI DENGAN KESEPAKATAN (REIMBURSEABLE),,0,0,full,,,,inv2,2024-11-20,,proc,,,,,,,,,,,,0,,,,,paid,,,,,,0,0,,
628,zXC0Ea9Pry$B1uI56Wtp)fUn@,1707.SPK/BA.17/BA010102/2024,RUNNING STORE DECK DAN ENGINE,2024-10-10,1,2,5,SESUAI DENGAN KESEPAKATAN (REIMBURSEABLE),,0,0,full,,,,inv2,2024-12-11,,proc,2024-10-10,,,,,,,,,,,234,,,,,paid,,,,,,0,0,,
629,c%E0n54sAmIdqZyGxkD73wPO6,1524.SPK/BA.302/BA010102/2024,SPAREPARTS AUX BOILER,2024-09-18,32,16,25,On Board (Biaya Transportasi Reimbursable Sesuai Dengan Kesepakatan),,0,0,full,,,,inv2,2024-11-26,,proc,2024-09-18,,,,,,,,,,,214,,,,,paid,,,,,,0,0,,
630,HACz(Dtu1O0i6UY*I%LbKP)lf,1717.SPK/PR.202/BA010102/2024,PENGADAAN JASA FABRIKASI GEAR WINCH & PINION GEAR,2024-10-14,43,24,24,SESUAI DENGAN KESEPAKATAN (REIMBURSEABLE),,0,0,full,,,,inv2,2024-12-16,,proc,2024-10-14,,,,,,,,,,,0,,,,,paid,,,,,,0,0,,
631,KJ*OQD)nxzXZEktUgcIy^8Vb3,1712.SPK/BA.302/BA010102/2024,PENGADAAN GEAR BOOM CONVEYOR,2024-10-11,17,5,55,SESUAI DENGAN KESEPAKATAN (REIMBURSEABLE),,0,0,full,,,,inv2,2024-12-18,,proc,2024-10-11,,,,,,,,,,,0,,,,,paid,,,,,,0,0,,
632,*5HtNylxYLaTMz7)odJODcsCE,1671.SPK/BA.302/BA010102/2024,CONTROL VALVE HATCH COVER,2024-10-14,53,16,60,ON BOARD (REIMBURSEABLE),,0,0,full,,,,inv2,2024-12-19,,proc,2024-10-14,,,,,,,,,,,0,,,,,paid,,,,,,0,0,,
633,Mg$6^vwc5P7Dri@QdWstLHu3p,1334.SPK/BA.302/BA010102/2024,PENGADAAN SPAREPARTS MOTOR HOISTING CRANE,2024-08-13,11,20,45,Biaya Transportasi Reimbursable Sesuai Dengan Kesepakatan,,0,0,full,,,,inv2,2024-11-28,,,2024-08-13,,,,,,,,,,,0,,,,,paid,,,,,,0,0,,
634,OtdQyM19YkNDsbxqIc3SRr6VZ,1335.SPK/BA.302/BA010102/2024,PENGADAAN SPAREPARTS HYDRAULIC SLEWING CIRCUIT DAN MOTOR HOISTING,2024-08-12,17,20,45,Biaya Transportasi Reimbursable Sesuai Dengan Kesepakatan,,0,0,full,,,,inv2,2024-11-28,,,2024-08-12,,,,,,,,,,,0,,,,,paid,,,,,,0,0,,
635,wdTSs*ABEiqlZgG%KpF0(D$vy,1298.SPK/BA.202/BA010102/2024,SPAREPARTS DECK CRANE & LIMIT SWITCH,2024-08-09,17,20,21,ON BOARD (REIMBURSEABLE),,0,0,full,,,,inv2,2025-01-23,,proc,2024-08-09,,,,,,,,,,,0,,,,,paid,,,,,,0,0,,
636,L%Pl*yck8woYQr9G2u$RUZ0Tq,1706.SPK/PR.202/BA010102/2024,PENGADAAN DAN PEMASANGAN AIR CONDITIONING (ENGINE CONTROL ROOM),2024-10-16,40,5,12,SESUAI DENGAN KESEPAKATAN (REIMBURSEABLE),,0,0,full,,,,inv2,2024-11-26,,proc,2024-10-16,,,,,,,,,,linked,1001,,,,,paid,,,,,,0,0,,
637,YAu5RlbW%X1pUJ($K*^S3ZQCH,1745.SPK/BA.202/BA010102/2024,RUNNING STORE TUNNEL,2024-10-17,1,5,7,SESUAI DENGAN KESEPAKATAN (REIMBURSEABLE),,0,0,full,,,,inv2,2024-12-15,,proc,2024-10-17,,,,,,,,,,,0,,,,,paid,,,,,,0,0,,
638,tIF5T^l12G0VpvnZ4wxEA@UHM,1748.SPK/BA.202/BA010102/2024,RUNNING STORE (MUALIM I),2024-10-17,21,5,14,SESUAI DENGAN KESEPAKATAN (REIMBURSEABLE),,0,0,full,,,,inv2,2024-11-18,,proc,2024-10-17,,,,,,,,,,,0,,,,,paid,,,,,,0,0,,
639,URfNGl5aAQtJF!@^Tc%2nOo3i,1746.SPK/BA.202/BA010102/2024,RUNNING STORE DECK (OKTOBER),2024-10-17,1,5,10,SESUAI DENGAN KESEPAKATAN (REIMBURSEABLE),,0,0,full,,,,inv2,2024-12-04,,proc,2024-10-17,,,,,,,,,,,0,,,,,paid,,,,,,0,0,,
640,hSZ6AG)(7o%Pj^C*ep@1x0LDQ,1744.SPK/BA.202/BA010102/2024,RUNNING STORE DECK (OKTOBER),2024-10-17,2,31,14,SESUAI DENGAN KESEPAKATAN (REIMBURSEABLE),,0,0,full,,,,inv2,2024-11-26,,,2024-10-17,,,,,,,,,,,0,,,,,paid,,,,,,0,0,,
641,LlGZjbJrEKBM)puxcU$@QhoqW,1749.SPK/BA.302/BA010102/2024,SPAREPART,2024-10-17,2,14,10,SESUAI DENGAN KESEPAKATAN (REIMBURSEABLE),,0,0,full,,,,inv2,2024-12-05,,proc,2024-10-17,,,,,,,,,,,0,,,,,paid,,,,,,0,0,,
642,6^o8YD9gAR7QcawEJd%zX)45e,1750.SPK/BA.302/BA010102/2024,PEMULIHAN AUX.ENGINE 6PL-24 (AUX.ENGINE NO.3),2024-10-17,17,4,9,SESUAI DENGAN KESEPAKATAN (REIMBURSEABLE),,0,0,full,,,,inv2,2024-12-04,,proc,2024-10-17,,,,,,,,,,,0,,,,,paid,,,,,,0,0,,
643,0JYjOtpFmdfv1sagzx3R%5eB^,1747.SPK/BA.302/BA010102/2024,BEARING ELECTROMOTOR,2024-10-17,1,17,4,SESUAI DENGAN KESEPAKATAN (REIMBURSEABLE),,0,0,full,,,,,,,proc,2025-06-30,,,,,,,,,,,0,,,,,paid,,,,,,0,0,,
644,pBGQ04FhIOybDlaT)$xLe%2MS,1742.SPK/BA.202/BA010102/2024,PENGADAAN FILTER,2024-10-17,1,21,5,SESUAI DENGAN KESEPAKATAN (REIMBURSEABLE),,0,0,full,,,,inv2,2024-12-09,,proc,2024-10-17,,,,,,,,,,,0,,,,,paid,,,,,,0,0,,
645,vcnltOQhswW8RBX(SC!u09AYE,1737.SPK/BA.302/BA010102/2024,PENGADAAN SPAREPART PLUNGER ASSY AUX.ENGINE NO.2,2024-10-16,12,3,90,SESUAI DENGAN KESEPAKATAN (REIMBURSEABLE),,0,0,full,,,,inv2,2024-12-20,,proc,2024-10-16,,,,,,,,,,,0,,,,,paid,,,,,,0,0,,
646,!VKwpq%gNjHyDC$3XJP*1^kAB,1738.SPK/BA.202/BA010102/2024,SPAREPART,2024-10-16,17,3,25,ON BOARD (REIMBURSEABLE),,0,0,full,,,,inv2,2024-11-11,,proc,2024-10-16,,,,,,,,,,,0,,,,,paid,,,,,,0,0,,
647,fe^T*bzLFHcRnwpsxZd1VGqy),1725.SPK/BA.101/BA010102/2024,PENGADAAN SPAREPARTS AUXILIARY ENGINE,2024-10-15,12,4,210,SESUAI DENGAN KESEPAKATAN (REIMBURSEABLE),,0,0,full,,,,inv2,2025-10-29,,proc,2024-10-15,,,,,,,,,,,0,1,,,,paid,,2025-10-08,,,,0,0,,
648,F!H9vrBQd7E$4TOsUoJ^D(liK,1729.SPK/BA.202/BA010102/2024,RUNNING STORE TOOLS DECK,2024-10-15,1,4,5,SESUAI DENGAN KESEPAKATAN (REIMBURSEABLE),,0,0,full,,,,inv2,2024-12-06,,proc,2024-10-15,,,,,,,,,,,0,,,,,paid,,,,,,0,0,,
649,L9hUQ0qRbYa$7Ox!K8sjNo4^Z,1726.SPK/BA.101/BA010102/2024,SPAREPARTS PLUNGER ASSY AUXILIARY ENGINE,2024-10-15,12,4,60,SESUAI DENGAN KESEPAKATAN (REIMBURSEABLE),,0,0,full,,,,inv2,2025-01-22,,proc,2024-10-15,,,,,,,,,,,0,,,,,paid,,,,,,0,0,,
650,*wPW9rBHz6IGbV8aNvkSZ0@RD,1176.SPK/BA.101/BA010102/2024,PENGADAAN ADDITIONAL JASA CLEANING INTERCOOLER AE,2024-07-16,37,2,20,ON BOARD (REIMBURSEABLE),,0,0,full,,,,inv2,2024-11-13,,proc,2024-07-16,,,,,,,,,,,0,,,,,paid,,,,2024-08-05,Sesuai Schedule kapal,0,0,,
651,WhBo(Fx@8jYzw9VmlR!y*cSk7,1732.SPK/BA.202/BA010102/2024,PENGADAAN ENGINE RUNNING STORE,2024-10-16,3,8,7,SESUAI DENGAN KESEPAKATAN (REIMBURSEABLE),,0,0,full,,,,inv2,2024-11-20,,,2024-10-16,,,,,,,,,,,0,,,,,paid,,,,,,0,0,,
652,@gQk9DJTsZ$x)e!jum0n(yVK4,1730.SPK/BA.202/BA010102/2024,PENGADAAN MOORING EQUIPMENT,2024-10-16,31,8,14,SESUAI DENGAN KESEPAKATAN (REIMBURSEABLE),,0,0,full,,,,inv2,2024-11-26,,proc,2024-10-16,,,,,,,,,,,250,,,,,paid,,,,,,0,0,,
653,xzjo(bWh2!^@regtfBIuMkNUn,1731.SPK/BA.101/BA010102/2024,PENGADAAN DECK RUNNING STORE,2024-10-16,3,4,10,SESUAI DENGAN KESEPAKATAN (REIMBURSEABLE),,0,0,full,,,,inv2,2024-12-03,,proc,2024-10-16,,,log,,6000000,Jakarta,onboard kapal,,,linked,565,,,,,paid,,,,,,0,0,,
654,l)N1i$qM%IoJ5Y*GPjv(W0Xah,1724.SPK/BA.302/BA010102/2024,Sparepart AC & HT,2024-10-15,24,6,9,Franco Onboard (reimburse),,0,0,full,,,,inv2,2024-11-20,,,2024-10-15,,,log,,3200000,Pacitan,onboard kapal,,,,0,,,,,paid,,,,,,0,0,,
655,UCxsy5YF2OIrVt@nHANfhzM8d,1377.SPK/BA.7/BA010102/2024,Jasa Ultrasonic Thickness Measurement KM Kartini Baruna,2024-08-19,71,1,7,Onboard Kartini Baruna,,0,0,full,,,,inv2,2024-11-20,,,2024-08-19,,,log,,0,onboard,include,,,,0,,,,,paid,,,,,,0,0,,
656,LRSJzG(q$3P@jld4Dhua8mpAM,1367.SPK/PR.202/BA010102/2024,Bongkar Pasang Gearbox Conveyor Portside,2024-08-15,52,4,15,Franco Sesuai Kesepakatan (Reimburse),,0,0,full,,,,inv2,,,,2024-08-15,,,,,,,,,,,0,,,,,paid,,,,,,0,0,,
657,H%QtV$YJdUZGFKprREz46e1PN,0033.SPBJ/PR.103/BA010102/2024,Pengadaan Spare Part Fuel Oil Purifier MV Latifah Baruna,2024-06-12,17,20,33,Franco Jakarta,,0,0,full,,,,inv2,2024-12-02,,,2024-06-12,,,,,,,,,,,0,,,,,paid,,,,,,0,0,,
658,nG75b)mfEpuVwHvN6F3jOcUqP,0034.SPBJ/PR.103/BA010102/2024,Pengadaan Spare Part Main Engine Mitsui MAN  B&W 7S50MC-C MV Kartini Baruna,2024-06-19,37,1,170,Franco Jakarta,,0,0,full,,,,inv2,2025-01-08,,,2024-06-19,,,log,,10500000,Jepara,onboard kapal,,,,239,,,,,paid,,,,,,0,0,,
659,GXpCLRcizN^j)6SaHW%foyv*3,0036.SPBJ/PR.103/BA010102/2024,Pengadaan Wire Hoisting MV Rasuna Baruna,2024-06-25,17,3,44,Franco Sesuai Kesepakatan (Reimburse),,0,0,full,,,,inv2,2024-12-02,,proc,2024-06-25,,,,,,,,,,,439,,,,,paid,,,,,,0,0,,
660,%sjKF0QxdUbkaJrlRDpuy*tPV,0037.SPBJ/PR.103/BA010102/2024,Pengadaan Spare Part Auxiliary Engine Yanmar 6N18L-EC MV Malahayati Baruna,2024-06-26,16,2,128,Franco Onboard,,0,0,full,,,,inv2,2024-11-05,,,2024-06-26,,,,,,,,,,,0,,,,,paid,,,,,,0,0,,
661,AzmUo)1fuViZb*$INTQ89LE!r,0038.SPBJ/PR.103/BA010102/2024,Pengadaan Sparepart Main Engine MV Adhiguna Tarahan,2024-07-01,37,4,45,Franco Onboard,,0,0,full,,,,inv2,2025-04-14,,,2024-07-01,,,,,,,,,,linked,576,,,,,paid,,,,,,0,0,,
662,)U2Q0W6j3%Zlf9XDCzG4uRMEx,0039.SPBJ/PR.103/BA010102/2024,Pengadaan Conveyor Belt KM Sartika Baruna,2024-07-03,41,5,60,Franco Agen Merak,,0,0,full,,,,inv2,2024-12-03,,,2024-07-03,,,,,,,,,,linked,1171,,invest,,,paid,,,,,,0,0,,
663,40locA*zhRsaBKZve2b3fITn8,0040.SPBJ/PR.103/BA010102/2024,Pengadaan Outer Belt dan Boom Belt KM Adhiguna Tarahan,2024-07-03,41,4,60,Franco Agen Merak,,0,0,full,,,,inv2,2024-12-02,,,2024-07-03,,,,,,,,,,,0,,invest,,,paid,,,,,,0,0,,
664,e2mpK6TOD^AU(t4nZRfLjQsGE,0041.SPBJ/PR.103/BA010102/2024,Pengadaan Inner Belt KM Adhiguna Tarahan,2024-07-03,72,4,180,Franco Agen Merak,,0,70087500,full,,,,inv2,2025-09-09,,,2024-07-03,,,,,,,,,,linked,1570,1,invest,2025,,paid,,2025-09-11,,,,0,0,,
665,hbi0^AwqE%(MO67!z4Ru28NXp,0043.SPBJ/PR.103/BA010102/2024,Pengadaan Pemulihan Main Engine MV Kartini Baruna,2024-07-04,11,1,32,Franco Onboard (reimburse),,0,0,full,,,,inv2,2024-12-03,,,2024-07-04,,,,,,,,,,,0,,,,,paid,,,,,,0,0,,
666,FA7TCXBo5sL@r)Dg1PHI8Sjy6,0044.SPBJ/PR.103/BA010102/2024,Repeat Order Pengadaan Grab Bucket Kapal Milik PT BAg,2024-07-05,17,17,62,Franco Jakarta,,0,0,full,,,,,,,,2024-07-05,,,,,,,,,,non-reimburse,0,1,invest,,,paid,,2024-09-12,,,,0,0,,
667,1DKVp%Edrq)bZUt2LYs6Q8Rhj,0047.SPBJ/PR.103/BA010102/2024,Repeat Order ke-2 Pengadaan Grab Bucket Kapal Milik PT BAg,2024-07-30,17,20,62,Franco Jakarta,,0,0,full,,,,inv2,2024-12-03,,,2024-07-30,,,,,,,,,,,0,,invest,,,paid,,,,,,0,0,,
668,1Uno$AuLvh6S!j7qTreimcdf4,1764.SPK/BA.202/BA010102/2024,RUNNING STORE,2024-10-21,40,7,9,ON BOARD (REIMBURSEABLE),,0,0,full,,,,inv2,2025-01-16,,proc,2024-10-21,,,,,,,,,,,0,,,,,paid,,,,,,0,0,,
669,x9yGuwmC38XVQn0D6qga)sSjb,1752.SPK/BA.302/BA010102/2024,PENGADAAN FABRIKASI RODA HATCH COVER (REPEAT ORDER),2024-10-18,61,1,18,ON BOARD (REIMBURSEABLE),,0,0,full,,,,,,,proc,,,,,,,,,,,,238,,,,,paid,,,,,,0,0,,
670,UjlETg^L6otx1e0Xnkw2ICYR),1761.SPK/PR.202/BA010102/2024,REWINDING ELECTROMOTOR OF WIRE CRANE TURBO COUPLING,2024-10-12,52,2,14,SESUAI DENGAN KESEPAKATAN (REIMBURSEABLE),,0,0,full,,,,,,,proc,,,,,,,,,,,,0,,,,,paid,,,,,,0,0,,
672,cwrZupmMoGa*W@y2g1BP(L5)v,1784.SPK/BA.202/BA010102/2024,PENGADAAN PIPA,2024-10-24,10,1,10,SESUAI DENGAN KESEPAKATAN (REIMBURSEABLE),,0,0,full,,,,,,,proc,,,,,,,,,,,,0,,,,,paid,,,,,,0,0,,
673,tIk7GXJR$@y*sb5F%lhVn9g2z,1795.SPK/BA.104/BA010102/2024,PENGADAAN INSTALL ALTERNATOR + WIRING MESIN JANGKAR,2024-10-25,5,22,5,ON BOARD (REIMBURSEABLE),,0,0,full,,,,inv2,2024-12-03,,proc,2024-10-25,,,,,,,,,,,0,,,,,paid,,,,,,0,0,,
674,s2b^DW@Y*3)Ih7yzv9ROldo4J,1785.SPK/BA.17/BA010102/2024,PENGADAAN CAT,2024-10-24,33,20,10,SESUAI DENGAN KESEPAKATAN (REIMBURSEABLE),,0,0,full,,,,inv2,2024-12-03,,proc,2024-10-24,,,,,,,,,,,0,,,,,paid,,,,,,0,0,,
675,xzm)7qchR%!12PjCd^Mywbitf,1799.SPK/BA.104/BA010102/2024,SPARE PLC FOR SELF UNLOADING (PLC-OMRON),2024-10-25,68,5,35,SESUAI DENGAN KESEPAKATAN (REIMBURSEABLE),,0,0,full,,,,,,,proc,,,,,,,,,,,,0,,,,,paid,,,,,,0,0,,
676,tES0ewpi^GQ2zB%Wg@Caq5lPH,1797.SPK/BA.104/BA010102/2024,SPAREPARTS VERTICAL COMPOSITE BOILER,2024-10-25,68,2,60,SESUAI DENGAN KESEPAKATAN (REIMBURSEABLE),,0,0,full,,,,inv2,2025-01-09,,proc,2024-10-25,,,,,,,,,,,0,,,,,paid,,,,,,0,0,,
677,9T4!%5cKgqDWA7l3@US*$^nsb,1791.SPK/BA.104/BA010102/2024,PENGADAAN PLUNGER ASSY FUEL OIL INJECTION PUMP AUXILIARY ENGINE (NO 2 & NO 3),2024-10-24,12,5,90,SESUAI DENGAN KESEPAKATAN (REIMBURSEABLE),,0,0,full,,,,inv2,2025-01-22,,proc,2024-10-24,,,,,,,,,,,0,,,,,paid,,,,,,0,0,,
678,RieL%^u*KIhWkSxws8GdqPr$Q,1772.SPK/BA.17/BA010102/2024,ELECTRICAL & CONVEYOR EQUIPMENT,2024-10-23,2,14,10,S,,0,0,full,,,,inv2,2024-12-19,,proc,2024-10-23,,,,,,,,,,,0,,,,,paid,,,,,,0,0,,
679,2@P!t0oB6cd$Kzh1GrwQaVTnv,1768.SPK/BA.202/BA010102/2024,RUNNING STORE DECK,2024-10-22,1,14,5,SESUAI DENGAN KESEPAKATAN (REIMBURSEABLE),,0,0,full,,,,inv2,2025-01-22,,proc,2024-10-29,,,log,,0,Merak,onboard kapal,,,,245,,,,,paid,,,,,,0,0,,
682,qW65y7cUTCdlGtfv^sra2bg8n,1789.SPK/BA.202/BA010102/2024,LUFFING WIRE,2024-10-24,17,17,45,ON BOARD (REIMBURSEABLE),,0,0,full,,,,inv2,2024-12-05,,proc,2024-10-24,,,,,,,,,,,58,,,,,paid,,,,,,0,0,,
683,*9dy^pKRFasgLD7tlkMOWuG5@,1798.SPK/BA.104/BA010102/2024,TROUBLESHOOT CONTROL PANEL BOILER (PLC-OMRON SYSMAC CQM1 CPU11),2024-10-25,11,5,25,SESUAI DENGAN KESEPAKATAN (REIMBURSEABLE),,0,0,full,,,,inv2,2024-11-28,,proc,2024-10-25,,,,,,,,,,,0,,,,,paid,,,,,,0,0,,
684,*ahb!6LCc4uro$QZeBPVNK%R7,0048.SPBJ/PR.103/BA010102/2024,Pengadaan Gearbox Main Drive Inner Conveyor Starboard MV Adhiguna Tarahan,2024-07-30,17,4,16,Franco Onboard,,0,0,full,,,,inv2,2024-12-03,,,2024-07-30,,,,,,,,,,,0,,,,,paid,,,,,,0,0,,
685,n327uZeAz8DdBwhJIbVo!Tg*y,0051.SPBJ/PR.103/BA010102/2024,Pengadaan Connecting Rod dan Crosshead Bearing Main Engine MV Kartini Baruna,2024-08-05,37,1,60,Franco Jakarta,,0,0,,,,,,,,proc,,,,log,,12450000,Jepara,,admin,2024-10-28,linked,577,,,,,paid,,,,,,0,0,,
686,KnM5YolFd^ANtIJ)HB!(X7hqG,0059.SPBJ/PR.103/BA010102/2024,Pengadaan Spare Part Lube Oil Purifier MV Latifah Baruna,2024-09-17,37,20,25,Franco Onboard,,0,0,full,,,,inv2,,,,2024-09-17,,,,,,,,admin,2024-10-28,,0,,,,,paid,,,,,,0,0,,
687,9JDt3c5$2xLa8%PQBnHmCwUA(,1807.SPK/BA.101/BA010102/2024,PENGADAAN RUNNING STORE TUNNEL,2024-10-25,21,4,10,SESUAI DENGAN KESEPAKATAN (REIMBURSEABLE),,0,0,full,,,,,,,proc,,,,,,,,,adit,2024-10-28,linked,574,,,,,paid,,,,,,0,0,,
688,sUc5JLEeI1VYB03S@7F2hCkWi,1809.SPK/BA.104/BA010102/2024,RUNNING STORE,2024-10-25,1,16,5,ON BOARD (REIMBURSEABLE),,0,0,full,,,,inv2,2024-11-26,,proc,,,,log,,5000000,Pacitan,onboard kapal,adit,2024-10-28,,257,,,,,paid,,,,,,0,0,,
689,s^oRtHprdvy91MGWhBE*z8uQ5,1808.spk/BA.104/BA010102/2024,RUNNING STORE,2024-10-25,5,16,2,ON BOARD,,800000,0,full,,,,inv2,2024-12-03,,proc,2024-10-25,,,,,,,,adit,2024-10-28,,0,,,,,paid,,,,,,0,0,,
690,%r2ZCXy4(9hJWPpQYVwRFEfn5,0056.SPBJ/PR.103/BA010400/2024,Pengadaan Gearbox Main Drive Inner Conveyor (Portside) MV Adhiguna Tarahan,2024-08-16,17,4,30,Franco Onboard,,0,0,full,,,,inv2,2024-12-03,,,2024-08-16,,,,,,,,admin,2024-10-28,,0,,,,,paid,,,,,,0,0,,
691,H6)DS%dIX91EgmnhiBaYqpG3^,0060.SPBJ/PR.103/BA010400/2024,Pengadaan Slewing Bearing Deck Crane Mitsubishi  H 30 T-26 MV Rasuna Baruna,2024-09-17,37,3,85,Franco Jakarta,,0,0,,,,,,,,,2025-06-12,,,,,,,,admin,2024-10-29,linked,1770,,,,,,,,,,,0,0,,
692,Kzj*W4dY5@InBqOHg7p)8ctXE,0061.SPBJ/PR.103/BA010400/2024,Pengadaan Luffing dan Hoisting Wire MV Latifah Baruna,2024-09-18,17,20,35,Franco Onboard,,0,0,full,,,,inv2,2024-11-05,,,,,,,,,,,admin,2024-10-29,,240,,,,,paid,,,,,,0,0,,
693,3(miH9ab*AgV4)KMepl8uTRno,1786.SPK/BA.202/BA010102/2024,PENGADAAN RUNNING STORE DECK,2024-10-24,2,20,14,SESUAI DENGAN KESEPAKATAN (REIMBURSEABLE),,0,0,full,,,,,,,proc,,,,,,,,,adit,2024-10-29,linked,572,,,,,paid,,,,,,0,0,,
694,2rmGA^4FqeKW7gxJpVnR5!bvt,1815.SPK/BA.17/BA010102/2024,ENGINE RUNNING STORE (OKTOBER),2024-10-28,2,31,5,SESUAI DENGAN KESEPAKATAN (REIMBURSEABLE),,0,0,full,,,,inv2,2024-12-04,,proc,2024-10-28,,,log,,5000000,Jepara,1500000,adit,2024-10-29,,196,,,,,paid,,,,,,0,0,,
695,)DR%zlFq!HN@(OXmVWeY9cMdZ,1816.SPK/BA.17/BA010102/2024,RUNNING STORE (MASINIS 1),2024-10-28,1,31,5,SESUAI DENGAN KESEPAKATAN (REIMBURSEABLE),,0,0,full,,,,inv2,2025-01-07,,proc,2024-10-28,,,,,,,,adit,2024-10-29,linked,613,,,,,paid,,,,,,0,0,,
696,iXOxle6ZqW)3g4It0C*vhHNm2,1378.SPK/BA.105/BA010102/2024,Repeat Order Jasa Penyewaan Generator Set Selama Satu Bulan,2024-08-19,66,4,30,Franco Onboard,,0,0,full,,,,,,,,2024-08-19,,,,,,,,admin,2024-10-29,,0,,,,,paid,,,,,,0,0,,
697,w3)P5diFt$Zcmkz@bjD(vVfrO,1451.SPK/BA.202/BA010102/2024,Pemeliharaan Rutin,2024-09-06,53,4,11,Franco Onboard (reimburse),,0,0,full,,,,inv2,2024-11-20,,proc,2024-09-06,,,,,,,,admin,2024-10-29,linked,383,,,,,paid,,,,,,0,0,,
698,k8AiCzYgd(%M!rpuJ^tHOs@PE,1369.SPK/PR.202/BA010102/2024,Perbaikan Grab No. 2 dan Hydraulic Grab No. 3,2024-08-15,7,3,90,Franco Sesuai Kesepakatan (Reimburse),,0,0,full,,,,inv2,2024-11-28,,proc,2024-08-15,,,,,,,,admin,2024-10-29,,0,,,,,paid,,,,,,0,0,,
699,@k4MpdlP*$cU!FW5wRiGLuKvS,1642.SPK/PR.202/BA010102/2024,Perbaikan Electric Motor Gang-Way Kanan,2024-10-07,7,31,14,Franco Sesuai Kesepakatan,,5000000,0,full,,,,inv2,2024-11-07,,proc,2024-10-07,,,,,,,,admin,2024-10-29,,0,,,,,paid,,,,,,0,0,,
700,14gCEi(lJ27obMLy3terOQ0xH,1760.SPK/BA.302/BA010102/2024,PIN TAPPET ROLLER DAIHATSU 5DK20 (AE NO 1),2024-10-21,37,5,7,Franco : Sesuai Kesepekatan,,0,0,full,,,,inv2,2024-11-29,,proc,2024-10-21,,,,,,,,alfin,2024-10-30,,0,,,,,paid,,,,,,0,0,,
701,n^mrUopahM3FZ8LfIug!59Bs0,1826.SPK/BA.17/BA010102/2024,RUNNING STORE ENGINE,2024-10-28,1,7,5,ON BOARD (REIMBURSEABLE),,0,0,full,,,,inv2,2024-12-05,,proc,2024-10-28,,,,,,,,adit,2024-10-30,,256,,,,,paid,,,,,,0,0,,
702,$k8n2RFpjxB^me1Q3KZw7%HIJ,1835.SPK/BA.302/BA010102/2024,SPAREPARTS AUXILIARY ENGINE (REPEAT ORDER),2024-10-30,17,7,7,ON BOARD (REIMBURSEABLE),,0,0,full,,,,inv2,2024-11-28,,,2024-10-30,,,,,,,,,2024-10-30,linked,0,,,,,paid,,,,,,0,0,,
703,F^d@boulRzx2BH$GP6T05(QN!,1836.SPK/BA.202/BA010102/2024,PENGADAAN DSHACKLES ANCHOR,2024-10-30,67,12,2,ON BOARD (REIMBURSEABLE),,0,0,full,,,,inv2,2024-11-26,,proc,2024-10-30,,,,,,,,adit,2024-10-30,,0,,,,,paid,,,,,,0,0,,
704,nCP$9v1DwERpLs7(8z2JHhoMT,1759.SPK/BA.202/BA010102/2024,RUNNING STORE ENGINE,2024-10-21,1,5,7,Franko : Sesuai Kesepakatan,,0,0,full,,,,inv2,2024-11-20,,proc,2024-10-21,,,,,,,,alfin,2024-10-31,,0,,,,,paid,,,,,,0,0,,
706,FHShtc9%^vf!i5OU3J(ALK$QE,1831.SPK/BA.202/BA010102/2024,RUNNING STORE DECK (TALI FOR MOORING AND LASHING),2024-10-29,31,2,5,SESUAI DENGAN KESEPAKATAN (REIMBURSEABLE),,0,0,full,,,,inv2,2025-10-19,,proc,2024-10-29,,,,,,,,adit,2024-11-01,linked,2226,,,,,paid,,,,,,0,0,,
707,RIYuoDUCezqbgWpT6jcNs5Jh),1817.SPK/BA.302/BA010102/2024,PENGADAAN SPRING PLUNGER OF FUEL INJECTION (DAIHATSU 5DK20),2024-10-25,37,5,5,SESUAI DENGAN KESEPAKATAN (REIMBURSEABLE),,0,0,full,,,,inv2,2024-12-03,,proc,2024-10-25,,,,,,,,adit,2024-11-01,,0,,,,,paid,,,,,,0,0,,
708,N3yk9Y$ETA^fXv*h@BgU1ZdtI,1837.SPK/BA.302/BA010102/2024,SPAREPARTS MAIN AIR COMPRESSOR,2024-10-31,17,16,9,ON BOARD (REIMBURSEABLE),,0,0,full,,,,,,,proc,,,,,,,,,adit,2024-11-01,,0,,,,,paid,,,,,,0,0,,
709,ldfouSg3aWUjeLPTvH1Y40RnK,1659.SPK/PR.202/BA010102/2024,PERBAIKAN GRAB NO.1,2024-10-02,7,17,90,SESUAI DENGAN KESEPAKATAN,,27675000,0,full,,,,,,,proc,,,,,,,,,adit,2024-11-01,,0,,,,,paid,,,,,,0,0,,
710,HLY65xW!vo%RDynTm7hZP^ilU,1838.SPK/BA.302/BA010102/2024,SPAREPARTS MAIN ENGINE,2024-10-30,17,7,12,ON BOARD (REIMBURSEABLE),,0,0,full,,,,inv2,2024-12-04,,,2024-10-30,,,,,,,,adit,2024-11-01,,0,,,,,paid,,,,,,0,0,,
711,6P(h1M*32coxderAlGVCgSpNm,1839.SPK/BA.302/BA010102/2024,SPAREPARTS MAIN ENGINE,2024-10-30,17,7,12,ON BOARD (REIMBURSEABLE),,0,0,full,,,,inv2,2024-12-04,,proc,2024-10-30,,,,,,,,adit,2024-11-01,,0,,,,,paid,,,,,,0,0,,
712,ePbSapzY95Ko1MRtf3(uEX8O!,1814.SPK/BA.17/BA010102/2024,Running Store (Masinis 1),2024-10-28,1,31,5,Franco Onboard (reimburse),,0,0,,,,,,,,,,,,,,,,,admin,2024-11-04,,0,,,,,,,,,,,0,0,,
713,83lR2UAhKunG6fiWkYLPJ*E@t,1685.SPK/BA.202/BA010102/2024,Running Store Engine (Baut dan Packing),2024-10-09,24,31,7,Franco Sesuai Kesepakatan (Reimburse),,0,0,full,,,,inv2,2024-11-28,,proc,2024-10-09,,,,,,,,admin,2024-11-05,,0,,,,,paid,,,,,,0,0,,
715,GTVWkLcvaR5bjPw@oFJEnehMB,1890.SPK/BA.302/BA010102/2024,PENGADAAN INNER GEAR COUPLING LUFFING,2024-11-05,36,20,5,SESUAI DENGAN KESEPAKATAN,,0,0,full,,,,inv2,2024-11-26,,proc,2024-11-05,,,,,,,,adit,2024-11-08,,0,,,,,paid,,,,,,0,0,,
716,jxa2fSpQ!gnP1$sVY^T3bX7(B,1863.SPK/BA.202/BA010102/2024,RUNNING STORE DECK,2024-11-01,3,4,9,SESUAI DENGAN KESEPAKATAN (REIMBURSEABLE),,0,0,full,,,,inv2,2024-12-03,,proc,2024-11-01,,,log,,3000000,Suralaya - Merak,onboard kapal,adit,2024-11-08,,237,,,,,paid,,,,,,0,0,,
717,bLylzWjUmv9h1wsYoaRNM^Du$,1888.SPK/BA.17/BA010102/2024,"PENGADAAN LAPTOP UNTUK KERJA ANJUNGAN (MASTER, ANJUNGAN, DAN PMS)",2024-11-07,56,2,5,SESUAI DENGAN KESEPAKATAN (REIMBURSEABLE),,0,0,full,,,,inv2,2024-12-09,,proc,2024-11-07,,,,,,,,adit,2024-11-08,,0,,,,,paid,,,,,,0,0,,
718,cuAbi@rDZ9qC(V%^TUG*oRQhm,1870.SPK/BA.302/BA010102/2024,PNEUMATIC CONTROL SYSTEM,2024-11-01,68,16,100,ON BOARD (REIMBURSEABLE),,0,0,full,,,,,,,proc,,,,,,,,,adit,2024-11-08,,0,,,,,paid,,,,,,0,0,,
719,*qd@Z6O4uXxygJIa!SWR2iKcC,1861.SPK/BA.302/BA010102/2024,PENGADAAN SPAREPARTS BOILER FEED PUMP,2024-11-01,21,3,45,JAKARTA (REIMBURSABLE),,0,0,full,,,,,,,proc,,,,,,,,,adit,2024-11-08,,0,,,,,paid,,,,,,0,0,,
720,uryO!*Le)YE5Ut($9qoAFdVsp,1876.SPK/BA.202/BA010102/2024,PENGADAAN MOORING EQUIPMENT,2024-11-03,26,8,3,ON BOARD,,1250000,0,full,,,,inv2,2024-12-03,,proc,2024-11-02,,,,,,,,adit,2024-11-08,,0,,,,,paid,,,,,,0,0,,
721,Ryr%UQTqKmc(w2kdB7ZDi6Xov,1880.SPK/BA.302/BA010102/2024,PENGADAAN SPAREPARTS DECK CRANE NO 1,2024-11-04,17,20,30,SESUAI DENGAN KESEPAKATAN (REIMBURSEABLE),,0,0,full,,,,inv2,2025-06-17,,proc,2024-11-04,,,,,,,,adit,2024-11-08,linked,0,1,,,,paid,,2025-06-24,,,,0,0,,
722,fZMJ6dFR0Drx@4E325ObNnIc*,1806.SPK/BA.101/BA010102/2024,PENGADAAN RUNNING STORE TUNNEL,2024-10-25,2,4,14,SESUAI DENGAN KESEPAKATAN (REIMBURSEABLE),,0,0,full,,,,inv2,2024-12-04,,proc,2024-10-25,,,,,,,,adit,2024-11-08,,198,,,,,paid,,,,,,0,0,,
723,RoCnVuwL@QIy^iJ8h1x2MpfdY,1850.SPK/PR.202/BA010102/2024,PERBAIKAN FLUID COUPLING FALK 1480 HFDD 132-1C99,2024-10-31,17,5,50,SESUAI DENGAN KESEPAKATAN (REIMBURSEABLE),,0,0,full,,,,inv2,2025-01-22,,proc,2024-10-31,,,,,,,,adit,2024-11-08,,0,,,,,paid,,,,,,0,0,,
724,5mMPD4xUfIs*kC)n^(QOV2AEB,1766.SPK/PR.202/BA010102/2024,Trouble shoot Control Conveyor Self Unloading,2024-10-12,17,5,14,SESUAI DENGAN KESEPAKATAN,,7500000,0,full,,,,inv2,2025-02-26,,proc,2024-10-21,,,,,,,,adit,2024-11-08,,0,,,,,paid,,,,,,0,0,,
725,y@VzBZC3F5IH9u^TDekoENmtw,1869.SPK/BA.202/BA010102/2024,PENGADAAN MOORING EQUIPMENT,2024-11-01,26,8,3,ON BOARD,,750000,0,full,,,,inv2,2024-12-03,,proc,2024-11-01,,,,,,,,adit,2024-11-08,,0,,,,,paid,,,,,,0,0,,
726,Vl*v7^OMQ9fj$FrPgWqHzn0is,1859.SPK/BA.302/BA010102/2024,PENGADAAN SPAREPARTS AIR COND COMPRESSOR,2024-11-01,17,17,10,JAKARTA,,0,0,full,,,,inv2,2025-05-04,,proc,2024-11-01,,,,,,,,adit,2024-11-08,,0,,,,,paid,,,,,,0,0,,
727,jX@Cr06qNRipIFMmLJzctyaDW,1862.SPK/BA.202/BA010102/2024,PENGADAAN SPAREPARTS BAUT CRANE,2024-11-01,21,3,5,JAKARTA (REIMBURSABLE),,0,0,full,,,,inv2,2024-11-20,,proc,2024-11-01,,,,,,,,adit,2024-11-08,,0,,,,,paid,,,,,,0,0,,
728,jyNhPozVR*AH5x8faD76TFLC%,1860.SPK/BA.302/BA010102/2024,SPAREPART FO PURIFIER SJ 30 G,2024-11-01,17,17,20,SESUAI DENGAN KESEPAKATAN (REIMBURSEABLE),,0,0,full,,,,,,,proc,,,,,,,,,adit,2024-11-08,linked,568,,,,,paid,,,,,,0,0,,
729,G6!m9x3sBw)H7bcLgKAYdONjJ,1864.SPK/BA.202/BA010102/2024,SPAREPARTS DECK CRANE (REPEAT ORDER),2024-11-01,37,20,10,SESUAI DENGAN KESEPAKATAN (REIMBURSEABLE),,0,0,full,,,,inv2,2025-05-04,,proc,2024-11-01,,,,,,,,adit,2024-11-08,,0,,,,,paid,,,,,,0,0,,
730,sgWX047!pl2@nivUR%TVP6u8O,1858.SPK/BA.302/BA010102/2024,PENGADAAN HYDRAULIC PUMP HATCH COVER,2024-11-01,32,2,10,SESUAI DENGAN KESEPAKATAN (REIMBURSEABLE),,0,0,full,,,,inv2,2024-12-04,,proc,2024-11-01,,,,,,,,adit,2024-11-08,,0,,,,,paid,,,,,,0,0,,
731,zQL@2*6cSi(OdxVJH%eobt)s4,1787.SPK/BA.104/BA010102/2024,PENGADAAN SPAREPARTS PUMP DAN IMPELLER,2024-10-24,17,1,28,SESUAI DENGAN KESEPAKATAN (REIMBURSEABLE),,0,0,full,,,,inv2,2025-05-04,,proc,2024-10-24,,,,,,,,adit,2024-11-08,,0,,,,,paid,,,,,,0,0,,
732,57F1zvDCQJ^4*6KlOBPMykTSj,1854.SPK/BA.302/BA010102/2024,PENGADAAN VALVE,2024-10-31,67,1,5,SESUAI DENGAN KESEPAKATAN (REIMBURSEABLE),,0,0,full,,,,inv2,2024-11-29,,proc,2024-10-31,,,,,,,,adit,2024-11-08,,0,,,,,paid,,,,,,0,0,,
733,^uvPk!hY(7g5w9JoSzQR4sfXd,1851.SPK/PR.202/BA010102/2024,FABRIKASI DAN REKONDISI SHAFT PROVISION CRANE (REPEAT ORDER),2024-10-31,43,20,10,JAKARTA (REIMBURSABLE),,0,0,full,,,,inv2,2025-01-31,,proc,2024-10-31,,,,,,,,adit,2024-11-08,,0,,,,,paid,,,,,,0,0,,
734,PF4IQZJu$pLa)eyVtSh1DOsq0,1865.SPK/BA.302/BA010102/2024,PENGADAAN SPAREPARTS PUMP DAN IMPELLER,2024-11-01,17,1,30,SESUAI DENGAN KESEPAKATAN (REIMBURSEABLE),,0,0,full,,,,inv2,2024-12-19,,proc,2024-11-01,,,,,,,,adit,2024-11-08,,0,,,,,paid,,,,,,0,0,,
735,7!JY($MRz6mVhK*cir8AL%aHN,1887.SPK/BA.302/BA010102/2024,STOP VALVE HYDRAULIC 280 BAR (FOR OIL-HYDRAULIC HATH COVER),2024-11-05,36,2,7,SESUAI DENGAN KESEPAKATAN (REIMBURSEABLE),,0,0,full,,,,inv2,2024-11-26,,proc,2024-11-05,,,,,,,,adit,2024-11-11,,0,,,,,paid,,,,,,0,0,,
736,odSuB^YyT8PXg6(CM1bLmQ@EJ,1897.SPK/BA.302/BA010102/2024,BUTTERFLY VALVE PN16 DN 80,2024-11-07,1,2,5,SESUAI DENGAN KESEPAKATAN (REIMBURSEABLE),,0,0,full,,,,inv2,2024-12-02,,proc,2024-11-07,,,,,,,,adit,2024-11-11,,0,,,,,paid,,,,,,0,0,,
737,aO(@Kj$t4ybzw9T^pkc6oPeE),1896.SPK/PR.202/BA010102/2024,PERBAIKAN GEARBOX OVERHEAD CRANE ENGINE ROOM,2024-11-07,43,2,7,SESUAI DENGAN KESEPAKATAN (REIMBURSEABLE),,0,0,full,,,,inv2,2024-12-09,,proc,2024-11-07,,,,,,,,adit,2024-11-11,,0,,,,,paid,,,,,,0,0,,
738,7og3NR4ct0KqEI(TdP1M5wxZi,1899.SPK/BA.302/BA010102/2024,SPAREPARTS MAIN ENGINE,2024-11-08,37,6,40,ON BOARD (REIMBURSEABLE),,0,0,full,,,,inv2,2025-06-17,,proc,2024-11-08,,,log,,7000000,Tarahan,,,2024-11-11,linked,1164,,,,,paid,,,,,,0,0,,
739,dw7o@HVL4alU!qmukKTpb5N2E,1922.SPK/BA.302/BA010102/2024,PENGADAAN AKI ME & AE,2024-11-12,1,21,5,SESUAI DENGAN KESEPAKATAN (REIMBURSEABLE),,0,0,full,,,,inv2,2024-12-05,,proc,2024-11-12,,,,,,,,adit,2024-11-12,,0,,,,,paid,,,,,,0,0,,
740,XQszv^1B5hqtpPH6OF*uCcUYW,1901.SPK/BA.202/BA010102/2024,PENGADAAN WIRE JANGKAR,2024-11-08,35,8,6,KANTOR PT.AGP CAB PADANG,,0,0,full,,,,inv2,2024-12-19,,proc,2024-11-08,,,,,,,,adit,2024-11-12,,0,,,,,paid,,,,,,0,0,,
741,@RZ5NO3AKIDtwUyqnEH0)e$Fm,1930.SPK/BA.104/BA010102/2024,PENGADAAN RUNNING STORE TUNNEL,2024-11-11,17,4,35,SESUAI DENGAN KESEPAKATAN (REIMBURSEABLE),,0,0,full,,,,inv2,2024-12-19,,proc,2024-11-11,,,,,,,,adit,2024-11-14,linked,477,,,,,paid,,,,,,0,0,,
742,cJa*sHzS)TP2rlRXgx9kyD6^q,1903.SPK/BA.302/BA010102/2024,PENGADAAN SPAREPARTS DECK CRANE NO.4,2024-11-11,7,20,20,SESUAI DENGAN KESEPAKATAN (REIMBURSEABLE),,0,0,full,,,,,,,proc,,,,,,,,,adit,2024-11-14,linked,685,,,,,paid,,,,,,0,0,,
743,78oHRzSF3eakyG^i65uEBfKAs,1909.SPK/BA.202/BA010102/2024,RUNNING STORE,2024-11-12,2,6,9,ON BOARD (REIMBURSEABLE),,0,0,full,,,,inv2,2024-12-18,,proc,2024-11-12,,,,,,,,adit,2024-11-14,,252,,,,,paid,,,,,,0,0,,
744,qUO)JfI*kmnoA%cd^GQx5BLPM,1910.SPK/BA.202/BA010102/2024,RUNNING STORE,2024-11-12,67,16,12,ON BOARD (REIMBURSEABLE),,0,0,full,,,,inv2,2024-12-03,,,2024-11-12,,,,,,,,adit,2024-11-14,,0,,,,,paid,,,,,,0,0,,
745,dWiIF5wEzZ)Rn7aHJ2D*gNMpL,1912.SPK/BA.202/BA010102/2024,RUNNING STORE,2024-11-12,1,16,8,ON BOARD (REIMBURSEABLE),,0,0,full,,,,inv2,2024-12-19,,proc,2024-11-12,,,,,,,,adit,2024-11-14,,0,,,,,paid,,,,,,0,0,,
746,hm%dp(GV2yt3vKRBEzPwi1QYk,1902.SPK/BA.202/BA010102/2024,PENGADAAN MULTIPLE DISC PLATE,2024-11-11,7,20,10,SESUAI DENGAN KESEPAKATAN (REIMBURSEABLE),,0,0,full,,,,,,,proc,,,,,,,,,adit,2024-11-14,linked,426,,,,,paid,,,,,,0,0,,
747,Zr*w@hWzTYM5S37eniHkCR6a0,1848.SPK/BA.302/BA010102/2024,SELENOID VALVE AC,2024-10-30,24,6,12,ON BOARD (REIMBURSEABLE),,0,0,full,,,,inv2,2024-12-20,,proc,2024-10-30,,,log,,1500000,Suralaya - Merak,onboard kapal,adit,2024-11-15,linked,473,,,,,paid,,,,,,0,0,,
748,h6$Au0rfFObH%(^DINUEwJ!dT,1898.SPK/PR.202/BA010102/2024,JASA BONGKAR PASANG PIPA TOWING,2024-11-11,5,14,2,ON BOARD,,0,0,full,,,,,,,proc,2024-11-11,,,,,,,,adit,2024-11-15,,0,,,,,paid,,,,,,0,0,,
749,$rO)QgSiLq9ktZW*0chFsNPYI,1957.SPK/BA.202/BA010102/2024,PENGADAAN SEAL DAN O-RING,2024-11-14,36,4,10,SESUAI DENGAN KESEPAKATAN,,0,0,full,,,,,,,proc,,,,,,,,,adit,2024-11-16,,0,,,,,paid,,,,,,0,0,,
750,S3uIHZO7Lb6$kYRN94i)EPGdQ,1958.SPK/BA.302/BA010102/2024,PENGADAAN SEAL DAN O-RING,2024-11-14,36,4,10,SESUAI DENGAN KESEPAKATAN,,0,0,full,,,,,,,proc,,,,,,,,,adit,2024-11-16,,0,,,,,paid,,,,,,0,0,,
751,4)RBvrPmN6lZwEIdyX*VgnKO8,1921.SPK/PR.202/BA010102/2024,PEMELIHARAAN RUTIN,2024-11-11,63,4,30,SESUAI DENGAN KESEPAKATAN (REIMBURSEABLE),,0,0,full,,,,inv2,2024-12-06,,proc,2024-11-11,,,,,,,,adit,2024-11-16,,0,,,,,paid,,,,,,0,0,,
752,V1dAimChG^%EtxksoWFN$e2l4,1904.SPK/PR.202/BA010102/2024,PERBAIKAN FLUID COUPLING BOOM CONVEYOR,2024-11-11,63,4,20,ON BOARD (REIMBURSEABLE),,0,0,full,,,,inv2,2024-12-09,,proc,2024-12-09,,,,,,,,adit,2024-11-16,,0,,,,,paid,,,,,,0,0,,
753,8(pR*Kuw)vgtIohyJ!@50Fbz9,1918.SPK/BA.17/BA010102/2024,SPAREPART FIRE ALARM SYSTEM,2024-10-11,68,31,70,SESUAI DENGAN KESEPAKATAN (REIMBURSEABLE),,0,0,full,,,,inv2,2025-01-10,,proc,2024-10-11,,,,,,,,adit,2024-11-16,,0,,,,,paid,,,,,,0,0,,
754,CnXGrx8WgQEV2v1Pe)7!t@(YL,1935.SPK.BA.17/BA010102/2024,OVERHAUL DAN REWINDING ELMOT MAIN SEA WATER PUMP (45KW),2024-11-12,43,2,12,SESUAI DENGAN KESEPAKATAN,,0,0,full,,,,inv2,2024-12-19,,proc,2024-12-13,,,,,,,,adit,2024-11-16,,0,,,,,paid,,,,,,0,0,,
755,LwdEBiqr4sJg0Xlkpzfj2MZ3h,1936.SPK/BA.302/BA010102/2024,SPAREPARTS FIRE DAN GENERAL SERVICE (GS) PUMP,2024-11-12,17,5,35,SESUAI DENGAN KESEPAKATAN (REIMBURSEABLE),,0,0,full,,,,inv2,2024-12-19,,proc,2024-11-12,,,,,,,,adit,2024-11-16,,0,,,,,paid,,,,,,0,0,,
756,z(I^EP*RMn7Nd10qo)3iCeByv,1934.SPK/PR.202/BA010102/2024,FABRIKASI HOUSING PINION GEAR,2024-11-12,17,5,50,SESUAI DENGAN KESEPAKATAN (REIMBURSEABLE),,0,0,full,,,,inv2,2025-01-24,,proc,2024-11-12,,,,,,,,adit,2024-11-16,,0,,,,,paid,,,,,,0,0,,
757,@uhV8FA4QYMf7XB2sdEgW$e3H,1933.SPK/PR.202/BA010102/2024,FABRIKASI GEARBOX TRANSFER,2024-11-12,17,5,50,SESUAI DENGAN KESEPAKATAN (REIMBURSEABLE),,0,0,full,,,,,,,,2025-07-21,,,,,,,,adit,2024-11-16,,0,,,,,paid,,,,,,0,0,,
758,qF@lR*1!4hA7Kw8n^NT)(OZQg,1932.SPK/PR.202/BA010102/2024,OVERHAUL GEARBOX BOOM,2024-11-12,17,5,50,SESUAI DENGAN KESEPAKATAN (REIMBURSEABLE),,0,0,full,,,,inv2,2024-12-17,,proc,2024-11-12,,,,,,,,adit,2024-11-16,,0,,,,,paid,,,,,,0,0,,
759,qp)DXBTgGY4JbvW312@tRyn7w,1327.SPK/PR.202/BA010102/2024,Rekondisi Plat Coupling Main Engine,2024-09-08,43,4,2,Franco Sesuai Kesepakatan (Reimburse),,0,0,full,,,,inv2,2024-11-20,,,2024-08-09,,,,,,,,admin,2024-11-20,,0,,,,,paid,,,,,,0,0,,
760,F!bpCQwSOgWK0XTtAzcVroya9,1735.SPK/PR.202/BA010102/2024,Penyewaan Genset,2024-10-17,66,5,5,Franco Onboard,,0,0,full,,,,inv2,2025-01-23,,,2024-10-17,,,,,,,,admin,2024-11-20,,0,,,,,paid,,,,,,0,0,,
761,(gMV9SzETtfemKuZJB4lxOphQ,0069.SPK/BP.203/BA010102/2024,Jasa Servis & Overhaul Hydraulic Cylinder & Jasa Bongkar Pasang Hoisting Gearbox Crane MV. Rasuna Baruna,2024-01-09,52,3,14,Franco Onboard,,0,0,full,,,,inv2,2025-01-21,,,,,,,,,,,admin,2024-11-25,,0,,,,,paid,,,,,,0,0,,
762,MOYcAUIE@KRSV^h8d*kXw!r)x,1949.SPK/BA.17/BA010102/2024,PENGADAAN UNIT HEAT EXCHANGER AE,2024-11-14,1,21,4,Franco sesuai dengan kesepakatan,,0,0,full,,,,inv2,2024-12-05,,proc,2024-11-14,,,,,,,,alfin,2024-11-25,,0,,,,,paid,,,,,,0,0,,
763,JIk9641LxF3nd(g!SsCHTYEQW,1950.SPK/BA.202/BA010102/2024,PENGADAAN CONSUMABLE ENGINE AND FILTER,2024-11-14,1,23,5,Franco sesuai dengan kesepakatan,,0,0,full,,,,inv2,2025-10-27,,proc,2025-07-23,,,,,,,,alfin,2024-11-25,,0,,,,,paid,,,,,,0,0,,
764,svj^P0h!N%Le8aKbdl4x2G6XM,1773.SPK/KU.007/BA010102/2024,PEKERJAAN PENGADAAN THERMAL IMAGER,2024-11-23,74,4,90,Franco kantor  PT Pelayaran Bahtera Adhiguna,,0,0,full,,,,inv2,2024-12-09,,,2024-10-23,,,,,,,,alfin,2024-11-25,,0,,,,,paid,,,,,,0,0,,
765,iplINho9vEJ7C5GYF(!fD)T@k,1364.SPK/BA.202/BA010102/2024,Pengadaan Spareparts Luffing System Crane,2024-08-15,21,2,40,Franco Onboard (reimburse),,0,0,full,,,,inv2,2024-11-25,,,2024-08-15,,,,,,,,admin,2024-11-25,,0,,,,,paid,,,,,,0,0,,
766,7!Kc8iPJwDsamYuqG1(R@Wgkf,1291.SPK/PR.202/BA010102/2024,Pengadaan Jasa Fabrikasi Fairlead,2024-08-06,43,1,25,Franco Onboard (reimburse),,0,0,full,,,,inv2,2024-12-03,,,2024-08-06,,,,,,,,admin,2024-11-26,,0,,,,,paid,,,,,,0,0,,
767,9wvlfy2*D8QV0^aRM7FOxTNoi,2010.SPK/PR.202/BA010102/2024,PENGADAAN JASA ULTRASONIC THICKNESS HATCH COVER,2024-11-21,75,20,1,ON BOARD,,3000000,0,full,,,,,,,proc,,,,,,,,,adit,2024-11-28,,0,,,,,paid,,,,,,0,0,,
768,yrm!@DKe7*b)8^UAW4gCw(nTs,1969.SPK/BA.202/BA010102/2024,PENGADAAN HOISTING PUMP DECK CRANE,2024-11-19,36,2,3,SESUAI DENGAN KESEPAKATAN (REIMBURSEABLE),,0,0,full,,,,,,,proc,,,,,,,,,adit,2024-11-28,,0,,,,,paid,,,,,,0,0,,
769,RWar197Y36z(qAlDOijNLdE4c,1982.SPK/BA.302/BA010102/2024,PENGADAAN SPAREPARTS SOLENOID & FUEL FEED,2024-11-19,5,21,5,SESUAI DENGAN KESEPAKATAN (REIMBURSEABLE),,0,0,full,,,,inv2,2024-12-17,,proc,2024-11-19,,,,,,,,adit,2024-11-28,,0,,,,,paid,,,,,,0,0,,
770,*ivl^Purf!Xe1(MVon@EWB7gk,1998.SPK/BA.202/BA010102/2024,RUNNING STORE ENGINE,2024-11-22,40,16,10,ON BOARD (REIMBURSEABLE),,0,0,full,,,,inv2,2024-12-19,,proc,2024-11-22,,,,,,,,adit,2024-11-28,,0,,,,,paid,,,,,,0,0,,
771,$BnPU7l%hKoD!eWqYgra96MI*,1996.SPK/BA.302/BA010102/2024,SPAREPARTS FILTER MAIN ENGINE,2024-11-20,1,10,7,SESUAI DENGAN KESEPAKATAN (REIMBURSEABLE),,0,0,full,,,,,,,proc,,,,,,,,,adit,2024-11-28,linked,475,,,,,paid,,,,,,0,0,,
772,WZPfYCkJnQUi*BuIs0dX^wty3,1997.SPK/BA.302/BA010102/2024,SPAREPARTS AUXILIARY ENGINE,2024-11-20,1,10,7,SESUAI DENGAN KESEPAKATAN (REIMBURSEABLE),,0,0,full,,,,,,,proc,,,,,,,,,adit,2024-11-28,,475,,,,,paid,,,,,,0,0,,
773,xiA3v@kJSjgV)E06bH9OwzdMF,1994.SPK/BA.202/BA010102/2024,RUNNING STORE PAINT DAN THINNER (NOVEMBER),2024-11-20,13,5,12,SESUAI DENGAN KESEPAKATAN (REIMBURSEABLE),,0,0,full,,,,,,,proc,,,,,,,,,adit,2024-11-28,linked,550,,,,,paid,,,,,,0,0,,
774,jGiRleOQpd3L!tuAY0(w7ICnE,2043.SPK/BA.302/BA010102/2024,PENGADAAN SPAREPARTS AUX. ENGINE DAIHATSU 5-DK20,2024-11-26,17,3,15,SESUAI DENGAN KESEPAKATAN (REIMBURSEABLE),,0,0,full,,,,inv2,2025-06-17,,proc,2024-11-26,,,,,,,,adit,2024-11-28,,0,,,,,paid,,,,,,0,0,,
775,S)$IOhQ(VNABEkU0WrDG29x1Y,2000.SPK/PR.202/BA010102/2024,PENGADAAN CHEMICAL SHIP SERVICE,2024-11-20,27,3,14,SESUAI DENGAN KESEPAKATAN,,0,0,full,,,,inv2,2024-12-19,,proc,2024-11-20,,,,,,,,adit,2024-11-28,,0,,,,,paid,,,,,,0,0,,
776,jmzxiReYh*Spu9KL%WMfVT8)v,1999.SPK/PI.403/BA010102/2024,PORTABLE VHF RADIO,2024-11-20,24,17,4,SESUAI DENGAN KESEPAKATAN (REIMBURSEABLE),,0,0,full,,,,inv2,2024-12-19,,proc,2024-11-20,,,,,,,,adit,2024-11-28,linked,481,,,,,paid,,,,,,0,0,,
777,7l5UQ8v*!KuCMbBOqy@sDwPYX,2033.SPK/BA.101/BA010102/2024,PENGADAAN BOWL SPINDLE DAN SPINDLE PULLEY,2024-11-25,68,20,84,SESUAI DENGAN KESEPAKATAN (REIMBURSEABLE),,0,0,full,,,,,,,proc,,,,,,,,,adit,2024-11-28,,0,,,,,paid,,,,,,0,0,,
778,a)mNGt43*Xh!HjCI$Rky6vKuF,2032.SPK/BA.101/BA010102/2024,PENGADAAN SPAREPARTS LO PURIFIER,2024-11-25,68,20,84,SESUAI DENGAN KESEPAKATAN (REIMBURSEABLE),,0,0,full,,,,,,,proc,,,,,,,,,adit,2024-11-28,,0,,,,,paid,,,,,,0,0,,
779,nP8yQOpFotXaR*MEfYAxrTsvi,2031.SPK/BA.302/BA010102/2024,PENGADAAN CROSSHEAD BEARING MAIN ENGINE (REPEAT ORDER),2024-11-25,37,1,14,SESUAI DENGAN KESEPAKATAN (REIMBURSEABLE),,0,0,full,,,,,,,proc,,,,,,,,,adit,2024-11-28,,0,,,,,paid,,,,,,0,0,,
780,U0E*KbDyvj5^ROTZeq8rFhQGw,2030.SPK/BA.202/BA010102/2024,PEMASANGAN WIRE JANGKAR,2024-11-25,26,8,5,ON BOARD,,0,0,full,,,,inv2,2024-12-19,,proc,2024-11-25,,,,,,,,adit,2024-11-28,,0,,,,,paid,,,,,,0,0,,
781,MqR6g3zvjE0%)k1YxdVhSi(ps,2059.SPK/BA.302/BA010102/2024,COMPRESSOR UNIT,2024-11-28,68,3,7,SESUAI DENGAN KESEPAKATAN (REIMBURSEABLE),,0,0,full,,,,,,,proc,,,,,,,,,adit,2024-11-29,,0,,,,,paid,,,,,,0,0,,
782,oSE)5CYNO1fkJl(Lv6*TG8HwV,2054.SPK/BA.202/BA010102/2024,PENGADAAN SPAREPARTS AUX. ENGINE NO.2,2024-11-28,7,3,2,SESUAI DENGAN KESEPAKATAN (REIMBURSEABLE),,0,0,full,,,,inv2,2024-12-17,,proc,2024-11-28,,,,,,,,adit,2024-11-29,,0,,,,,paid,,,,,,0,0,,
783,fxoj8iNqb^4P23M!XlR1gUICc,1913.SPK/BA.202/BA010102/2024,RUNNING STORE ENGINE DEPT,2024-11-12,67,12,10,On Board (Biaya Transportasi Reimbursable Sesuai Dengan Kesepakatan),,0,0,full,,,,inv2,2024-12-05,,proc,2024-11-12,,,,,,,,,2024-11-29,,0,,,,,paid,,,,,,0,0,,
784,FECIM9SK4muplZJ2w$LHVd1^q,2058.SPK/BA.17/BA010102/2024,DECK STORE (TALI MOORING - REPEAT ORDER),2024-11-28,1,31,7,SESUAI DENGAN KESEPAKATAN (REIMBURSEABLE),,0,0,full,,,,,,,proc,,,,,,,,,adit,2024-11-29,linked,1019,,,,,paid,,,,,,0,0,,
785,6$SEx*lcvm8BptOUdqA0NYP@D,1976.SPK/BA.202/BA010102/2024,BATTERY RADIO,2024-11-19,67,12,5,On Board (Biaya Transportasi Reimbursable Sesuai Dengan Kesepakatan),,0,0,full,,,,inv2,2024-12-05,,proc,2024-11-19,,,,,,,,alfin,2024-11-29,,0,,,,,paid,,,,,,0,0,,
786,pYSG(Hgz8qsD4jroI$vw5Wy)u,1995.SPK/BA.202/BA010102/2024,"SOLVING PROBLEM AUXILIARY ENGINE (DROP PERFOMA, FIP, & FIV LEAKING)",2024-11-20,17,5,10,SESUAI DENGAN KESEPAKATAN,,10000000,0,full,,,,inv2,2024-12-17,,proc,2024-11-20,,,,,,,,,2024-11-29,,0,,,,,paid,,,,,,0,0,,
787,ty^o9E6pJmaW2DZY%v0gMG@H7,2008.SPK/BA.302/BA010102/2024,RO PENGADAAN SPAREPART AUX.ENGINE,2024-11-21,12,3,45,SESUAI DENGAN KESEPAKATAN (REIMBURSEABLE),,0,0,full,,,,inv2,2025-01-08,,proc,2024-11-21,,,,,,,,adit,2024-11-29,,0,,,,,paid,,,,,,0,0,,
788,Nef^Ta4ESgqQP%s2jxnbAIyGC,2039.SPK/BA.202/BA010102/2024,RUNNING STORE DECK,2024-11-26,40,3,7,ON BOARD (REIMBURSEABLE),,0,0,full,,,,,,,proc,,,,,,,,,,2024-11-29,linked,999,,,,,,,,,,,0,1,,
789,2qQIoZ(bXVzgp9UrY3iyuMwNO,2038.SPK/BA.202/BA010102/2024,RUNNING STORE DECK,2024-11-26,24,3,7,ON BOARD (REIMBURSEABLE),,0,0,full,,,,,,,proc,,,,,,,,,adit,2024-11-29,linked,348,,,,,paid,,,,,,0,0,,
790,t*nzvU@lVBd)28oDuM!(CJksR,1989.SPK/BA.202/BA010102/2024,GALLEY,2024-11-20,2,3,10,On Board (Biaya Transportasi Reimbursable Sesuai Dengan Kesepakatan),,0,0,full,,,,inv2,2024-12-19,,proc,2024-11-20,,,,,,,,alfin,2024-12-03,,0,,,,,paid,,,,,,0,0,,
791,jdPscvupWCGOHQoarKTJYq7eN,1992.SPK/BA.302/BA010102/2024,SPAREPARTS,2024-11-20,40,3,7,On Board (Biaya Transportasi Reimbursable Sesuai Dengan Kesepakatan),,0,0,full,,,,inv2,2024-12-20,,proc,2024-11-20,,,,,,,,alfin,2024-12-03,,0,,,,,paid,,,,,,0,0,,
792,rEFBWGcDis)xzHV(P78A2pStJ,2102.SPK/BA.202/BA010102/2024,RUNNING STORE ENGINE (NOVEMBER),2024-12-03,1,2,10,SESUAI DENGAN KESEPAKATAN (REIMBURSEABLE),,0,0,full,,,,inv2,2025-01-09,,proc,2024-12-03,,,,,,,,adit,2024-12-05,linked,476,,,,,paid,,,,,,0,0,,
793,K7iyWhXr^ol128ZmCpAx9Qb*S,2069.SPK/BA.302/BA010102/2024,SPAREPARTS FUEL INJECTOR,2024-11-29,16,6,12,ON BOARD (REIMBURSEABLE),,0,0,full,,,,inv2,2025-01-08,,proc,2024-11-29,,,,,,,,adit,2024-12-05,linked,575,,,,,paid,,,,,,0,0,,
794,bM%HdEYVt@8(o52RgBesN*4hc,2040.SPK/BA.202/BA010102/2024,RUNNING STORE DECK,2024-11-29,67,3,7,ON BOARD (REIMBURSEABLE),,0,0,full,,,,inv2,2025-01-09,,proc,2024-11-20,,,,,,,,adit,2024-12-05,linked,472,,,,,paid,,,,,,0,0,,
795,avKsUAQ0VMPj1()cxoHBL@6$W,2062.SPK/BA.302/BA010102/2024,PENGADAAN SPAREPARTS BOILER (COM),2024-11-29,68,20,72,SESUAI DENGAN KESEPAKATAN (REIMBURSEABLE),,0,0,full,,,,inv2,2025-04-25,,proc,2024-11-29,,,,,,,,adit,2024-12-05,,0,,,,,paid,,,,,,0,0,,
796,H^gqUkhtY68S$%zMl4eu1TEJo,2099.SPK/BA.202/BA010102/2024,RUNNING STORE CAT DAN THINNER (NOVEMBER),2024-12-03,13,31,14,SESUAI DENGAN KESEPAKATAN (REIMBURSEABLE),,0,0,full,,,,inv2,2025-01-31,,proc,2024-12-03,,,,,,,,adit,2024-12-05,linked,548,,,,,paid,,,,,,0,0,,
797,iFG@sJ6WNpD1Y4ORUzmS$Z)vt,2066.SPK/PR.202/BA010102/202,DECK STORE (NOVEMBER),2024-11-29,1,10,12,SESUAI DENGAN KESEPAKATAN (REIMBURSEABLE),,0,0,full,,,,,,,proc,,,,,,,,,adit,2024-12-05,,475,,,,,paid,,,,,,0,0,,
798,CkwMKi*tD!rs$A@I)W4nXeU7f,2042.SPK/PR.202/BA010102/2024,FABRIKASI FLEXIBLE EXHAUST MANIFOLD ME,2024-11-26,61,5,10,SESUAI DENGAN KESEPAKATAN (REIMBURSEABLE),,0,0,full,,,,inv2,2024-12-19,,proc,2024-11-26,,,,,,,,adit,2024-12-05,,0,,,,,paid,,,,,,0,0,,
799,K8(qMmRnpJN^5WcSbvP7ErdYU,2041.SPK/PR.202/BA010102/2024,FABRIKASI STRAINER SEA CHEST,2024-11-27,43,6,7,ON BOARD (REIMBURSEABLE),,0,0,full,,,,inv2,2024-12-11,,proc,2024-11-27,,,,,,,,adit,2024-12-05,linked,0,,,,,paid,,,,,,0,0,,
800,oEDMiSTLdA9jvGu@53)xqH2Z7,2081.SPK/BA.202/BA010102/2024,RUNNING STORE,2024-12-02,13,4,10,SESUAI DENGAN KESEPAKATAN (REIMBURSEABLE),,0,0,full,,,,inv2,2024-12-10,,proc,,,,,,,,,adit,2024-12-05,,0,,,,,paid,,,,,,0,0,,
801,*g4TJ2ywbQMcW5C7EGi(k^8Un,2021.SPK/BA.202/BA010102/2024,PERMINTAAN ELECTRICAL,2024-11-22,2,4,9,SESUAI DENGAN KESEPAKATAN (REIMBURSEABLE),,0,0,full,,,,inv2,2025-01-08,,proc,2024-12-17,,,,,,,,,2024-12-05,linked,410,,,,,paid,,,,,,0,0,,
802,Ts6M*vmB4RKtXPqnhS9@J257a,2063.SPK/BA.302/BA010102/2024,PENGADAAN SPAREPARTS BOILER (COO),2024-11-29,17,20,10,SESUAI DENGAN KESEPAKATAN (REIMBURSEABLE),,0,0,full,,,,,,,proc,,,,,,,,,adit,2024-12-05,,0,,,,,paid,,,,,,0,0,,
803,O)xRbtyGFe4hTnHgcQ8pq%5rk,2080.SPK/BA.101/BA010102/2024,PENGADAAN SPAREPARTS HYDRAULIC TOOL KIT FO PURIFIER,2024-12-02,68,20,90,SESUAI DENGAN KESEPAKATAN (REIMBURSEABLE),,0,0,full,,,,,,,proc,,,,,,,,,adit,2024-12-05,,0,,,,,paid,,,,,,0,0,,
804,IrBtqN$V^dw5GmSahH7nK2TP*,2109.SPK/BA.302/BA010102/2024,PENGADAAN SPAREPARTS FO PURIFIER,2024-12-04,17,20,40,SESUAI DENGAN KESEPAKATAN (REIMBURSEABLE),,0,0,full,,,,,,,proc,,,,,,,,,adit,2024-12-05,,0,1,,,,paid,,2025-03-07,,,,0,0,,
805,!RsmT(ve3WQBh4VYjGtonAUHw,2110.SPK/BA.302/BA010102/2024,FABRIKASI PENGIKAT JIB CRANE,2024-12-04,61,3,10,ON BOARD (REIMBURSEABLE),,0,0,full,,,,inv2,2025-01-24,,proc,2024-12-04,,,,,,,,adit,2024-12-05,,0,,,,,paid,,,,,,0,0,,
806,wjGZO%oHdm)Fnt9R(@f2E3cN1,2068.SPK/BA.302/BA010102/2024,PENGADAAN SPAREPARTS FO PURIFIER,2024-11-29,17,20,20,SESUAI DENGAN KESEPAKATAN (REIMBURSEABLE),,0,0,full,,,,,,,proc,,,,,,,,,adit,2024-12-05,,0,1,,,,paid,,2025-05-09,,,,0,0,,
807,9pX*ymalwU4SOLzdY8RNkVQq5,2086.SPK/BA.202/BA010102/2024,RUNNING STORE DECK,2024-12-02,40,16,9,JAKARTA (REIMBURSABLE),,0,0,full,,,,inv2,2025-05-10,,proc,2024-12-02,,,,,,,,adit,2024-12-05,linked,1000,1,,,,paid,,2025-05-26,,,,0,0,,
808,E2NFLw%Xyu5USQMZjch7OV^I9,2085.SPK/BA.7/BA010102/2024,PENGADAAN JASA ULTRASONIC THICKNESS,2024-12-02,65,4,1,ON BOARD,,0,0,full,,,,inv2,2025-10-06,,proc,,,,,,,,,adit,2024-12-05,,0,1,,,,paid,,2025-10-03,,,,0,0,,
809,*LVDf2(zi)mPqMs7t5hv^wGBC,2111.SPK/PR.202/BA010102/2024,JASA PERBAIKAN GYRO COMPASS,2024-12-04,62,4,9,SESUAI DENGAN KESEPAKATAN,,5000000,0,full,,,,inv2,2024-12-19,,proc,2024-12-04,,,,,,,,adit,2024-12-09,,0,,,,,paid,,,,,,0,0,,
810,Cl1XotkN9!c3T5hU2K)7qeM8u,2117.SPK/PR.202/BA010102/2024,JASA ULTRASONIC THICKNESS MEASUREMENT SS 3,2024-12-05,71,17,1,ON BOARD (REIMBURSEABLE),,0,0,full,,,,inv2,2025-10-29,,proc,,,,,,,,,adit,2024-12-09,,2291,1,,,2025,,,,,,,0,0,,
811,ZGwP8qdThgB!XHO*lpbkf1aYo,2100.SPK/BA.202/BA010102/2024,RUNNING STORE CAT (DESEMBER),2024-12-03,13,5,14,SESUAI DENGAN KESEPAKATAN (REIMBURSEABLE),,0,0,full,,,,inv2,2025-01-31,,proc,2024-12-03,,,,,,,,adit,2024-12-09,linked,549,,,,,paid,,,,,,0,0,,
812,D%BOt3xrw$yf(Soep2jJnZY9*,2126.SPK/BA.105/BA010102/2024,PEKERJAAN PENGADAAN UPGRADE SARANA PLANNED MAINTENANCE SYSTEM MV MARTHA BARUNA,2024-12-05,56,16,4,ON BOARD,,0,0,full,,,,inv2,2025-01-23,,,2024-12-05,,,,,,,,adit,2024-12-09,,0,,,,,paid,,,,,,0,0,,
813,aw!LztO^N)R7U*gA0i5JKY46T,2121.SPK/BA.302/BA010102/2024,PENGADAAN SPAREPARTS MAIN ENGINE,2024-12-05,17,1,20,SESUAI DENGAN KESEPAKATAN (REIMBURSEABLE),,0,0,full,,,,inv2,2025-07-05,,proc,2024-12-05,,,,,,,,adit,2024-12-09,,0,,,,,paid,,,,,,0,0,,
814,tBqcQAXjH2ln*5ZxLmGVkf1(T,2029.SPK/BA.302/BA010102/2024,PENGADAAN SHIM GUIDE MAIN ENGINE,2024-11-25,43,1,3,SESUAI DENGAN KESEPAKATAN (REIMBURSEABLE),,0,0,full,,,,inv2,2024-12-19,,proc,2024-11-25,,,,,,,,adit,2024-12-09,,0,,,,,paid,,,,,,0,0,,
815,Se$%^2vDl9krBLKgZOF3pWmXQ,2122.SPK/BA.302/BA010102/2024,PENGADAAN SPAREPARTS GRAB JANUS,2024-12-05,32,20,20,SESUAI DENGAN KESEPAKATAN (REIMBURSEABLE),,0,0,full,,,,,,,proc,,,,,,,,,adit,2024-12-09,,0,,,,,,,,,,,0,0,,
816,93y7aFXWEm!sTKIZp2fk^YJcQ,2112.SPK/BA.101/BA010102/2024,RUNNING STORE WIRE PROVISON (DOCKING DESEMBER 2024),2024-12-04,1,17,7,SESUAI DENGAN KESEPAKATAN (REIMBURSEABLE),,0,0,full,,,,inv2,2024-12-20,,proc,2024-12-04,,,,,,,,adit,2024-12-09,linked,1018,,,,,paid,,,,,,0,0,,
817,6^Zrdq5vCasn30N*UhI4Ry@9!,1966.SPK/PR.202/BA010102/2024,RUNNING STORE ENGINE,2024-11-18,11,16,5,On Board (Biaya Transportasi Reimbursable Sesuai Dengan Kesepakatan),,0,0,full,,,,inv2,2024-12-16,,,2024-11-18,,,,,,,,alfin,2024-12-09,,0,,,,,paid,,,,,,0,0,,
818,Bqir%)zE1H2PgU59ZcQJhnOw*,2125.SPK/BA.17/BA010102/2024,RUNNING STORE (DECK DEPT),2024-12-05,1,6,5,ON BOARD (REIMBURSEABLE),,0,0,full,,,,inv2,2025-01-22,,proc,2024-12-05,,,,,,,,adit,2024-12-10,linked,1021,,,,,paid,,,,,,0,0,,
819,3DYZ9%5k(zmyMO0EN!WC7*QI@,2131.SPK/BA.202/BA010102/2024,RUNNING STORES DECK (NOVEMBER),2024-12-06,1,17,6,SESUAI DENGAN KESEPAKATAN (REIMBURSEABLE),,0,0,full,,,,,,,proc,,,,,,,,,adit,2024-12-10,,0,,,,,paid,,,,,,0,0,,
820,rQU62xc(yVigDMl1eKOzvAIa*,2128.SPK/BA.17/BA010102/2024,COMPRESSOR ANGIN (DECK DEPT),2024-12-06,40,6,30,ON BOARD,,0,0,full,,,,,,,proc,,,,,,,,,temp,2024-12-11,,998,1,,,,paid,,2025-05-28,,,,0,0,,
821,L%skCh$e9f25GWZnRNXrI@viw,2123.SPK/BA.202/BA010102/2024,PENGADAAN BATTERY GRAB JANUS,2024-12-05,37,20,45,ON BOARD,,0,0,full,,,,inv2,2025-04-25,,proc,2024-12-05,,,log,,2500000,Merak,,,2024-12-11,linked,1162,,,,,paid,,,,,,0,0,,
822,^8rWd!SfR(ip)MhBHw@cbxAT0,2104.SPK/BA.302/BA010102/2024,KEBUTUHAN BAUT SPARE PARTS CRANE,2024-12-10,61,3,20,ON BOARD,,0,0,full,,,,inv2,2025-01-22,,proc,2024-12-10,,,,,,,,temp,2024-12-11,,0,,,,,paid,,,,,,0,0,,
823,LOmgq^SY62)*0i$ftICkuc43K,2133.SPK/BA.101/BA010102/2024,Running Store (Docking - Part 2),2024-12-06,1,17,6,Franco Onboard (reimburse),,0,0,full,,,,,,,,,,,,,,,,admin,2024-12-13,,0,,,,,,,,,,,0,0,,
824,eUjy$b5TYfgR6%Qxvn2DaMN@o,2135.SPK/BA.101/BA010102/2024,Running Store (Docking Desember - Part 3),2024-12-06,1,17,6,Franco Sesuai Kesepakatan (Reimburse),,0,0,full,,,,,,,,,,,,,,,,admin,2024-12-15,,0,,,,,,,,,,,0,0,,
825,HmAp85KRuQ1afI3YbXvkJ4Lt),2155.SPK/BA.202/BA010102/2024,PENGADAAN SEAL DAN O-RING,2024-12-10,36,4,10,SESUAI DENGAN KESEPAKATAN,,0,0,full,,,,,,,proc,,,,,,,,,adit,2024-12-16,non-reimburse,0,,,,,paid,,,,,,0,0,,
826,M7^9q@dwIs0G1)4FjtS5Lbm$l,2130.SPK/BA.202/BA010102/2024,RUNNING STORE PERMINTAAN MUALIM 2,2024-12-06,2,4,7,SESUAI DENGAN KESEPAKATAN,,0,0,full,,,,,,,proc,,,,,,,,,adit,2024-12-16,linked,411,,,,,paid,,,,,,0,0,,
827,0L^K6VYO8haJI9kmc%plx1TtZ,2163.SPK/BA.105/BA010102/2024,PEKERJAAN PENGADAAN UPGRADE SARANA PLANNED MAINTENANCE SYSTEM MV MEUTIA BARUNA,2024-12-11,56,17,4,ON BOARD,,0,0,full,,,,inv2,2025-05-04,,,2024-12-11,,,,,,,,adit,2024-12-16,non-reimburse,0,,,,,paid,,,,,,0,0,,
828,LX^V3mC2w4*QEpWshvtGqOrzi,2169.SPK/BA.302/BA010102/2024,KEBUTUHAN STRAND NYLON,2024-12-11,31,4,5,ON BOARD (REIMBURSEABLE),,0,0,full,,,,inv2,2025-01-23,,proc,2024-12-11,,,,,,,,adit,2024-12-16,linked,2665,,,,,paid,,,,,,0,0,,
829,035gIxlWVZ(iJ9hvt7Fq^TpeH,2167.SPK/TU.309/BA010102/2024,JASA PENYAMBUNGAN DAN MATERIAL PERBAIKAN OUTER BELT CONVEYOR KM TARAHAN,2024-12-11,60,4,5,ON BOARD,,0,0,full,,,,inv2,2024-12-20,,proc,2024-12-11,,,,,,,,adit,2024-12-16,non-reimburse,0,,,,,paid,,,,,,0,0,,
830,8Dv14E^Felp*owIbknG5VS9%z,2168.SPK/BA.302/BA010102/2024,KEBUTUHAN PLUMMER BLOCK SET,2024-12-11,17,4,10,ON BOARD (REIMBURSEABLE),,0,0,full,,,,inv2,2025-05-04,,proc,2024-12-11,,,,,,,,adit,2024-12-16,,0,,,,,paid,,,,,,0,0,,
831,LgWd)%ZfHeSNtibq!Bz$QsI3C,2170.SPK/BA.302/BA010102/2024,KEBUTUHAN SPAREPARTS WIRE,2024-12-11,1,4,5,ON BOARD (REIMBURSEABLE),,0,0,full,,,,,,,proc,,,,,,,,,adit,2024-12-16,linked,1020,,,,,paid,,,,,,0,0,,
832,6vebkA(oRsZ8inBhwSd9K0PFT,1316.SPK/BA.105/BA010102/2024,Pekerjaan Pengadaan Peralatan Otomatisasi Jam Kerja Pada Planned Maintenance System,2024-08-09,56,2,90,Franco Onboard,,0,0,full,,,,inv2,2024-12-16,,,2024-08-09,,,,,,,,admin,2024-12-16,non-reimburse,0,,invest,,,paid,,,,,,0,0,,
833,lEjVSae9)tKDN(AZQy2u5M74P,1694.SPK/PR.202/BA010102/2024,Pekerjaan Instalasi Software Management System,2024-10-09,56,1,2,Franco Jakarta,,0,0,full,,,,inv2,2024-12-16,,,2024-10-09,,,,,,,,admin,2024-12-16,non-reimburse,0,,,,,paid,,,,,,0,0,,
834,OWXM9SkDm!o8LZE(Fst2l4p3x,1962.SPK/BA.302/BA010102/2024,SPAREPARTS AUXILIARY ENGINE,2024-11-20,16,7,210,ON BOARD (REIMBURSEABLE),,0,0,full,,,,inv2,2025-07-22,,proc,2024-11-20,,,,,,,,adit,2024-12-16,,0,1,,,,paid,,2025-07-28,,,,0,0,,
835,ZY3aFfz(cRNHjJhe^EwbISuO),2196.SPK/BA.202/BA010102/2024,PENGADAAN CONSUMABLES DECK & ENGINE DESEMBER,2024-12-16,2,23,5,SESUAI DENGAN KESEPAKATAN (REIMBURSEABLE),,0,0,full,,,,inv2,2025-01-30,,proc,2024-12-16,,,,,,,,adit,2024-12-17,,0,,,,,paid,,,,,,0,0,,
836,zpT2DA*q@b(V^9K3GlfUhndPa,2199.SPK/BA.202/BA010102/2024,PENGADAAN MATERIAL CAT DESEMBER,2024-12-16,4,23,12,SESUAI DENGAN KESEPAKATAN (REIMBURSEABLE),,0,0,full,,,,inv2,2025-04-06,,,2024-12-16,,,,,,,,adit,2024-12-17,,0,,,,,paid,,,,,,0,0,,
837,tNSG@kC0qlo%(umQOVWwA1cDe,1991.SPK/BA.302/BA010102/2024,Pengadaan Hinge PIN Hatch Cover,2024-11-20,43,2,10,Biaya Transportasi Reimbursement sesuai dengan Kesepakatan,,0,0,full,,,,inv2,2025-06-22,,proc,2024-11-20,,,,,,,,alfin,2024-12-17,,0,,,,,paid,,,,,,0,0,,
838,%MK9ri$sAng(I1L@8txPV4Jke,2182.SPK/BA.202/BA010102/2024,WIRE DECK CRANE,2024-12-13,17,3,25,ON BOARD (REIMBURSEABLE),,0,0,full,,,,,,,,,,,,,,,,adit,2024-12-17,,0,,,,,paid,,,,,,0,0,,
839,0ajP%SMY$niARdwbKVWH7kDmx,2183.SPK/BA.302/BA010102/2024,SELENOID FO PURIFIER SJ 30 G,2024-12-13,17,17,10,ON BOARD,,0,0,full,,,,,,,proc,,,,,,,,,adit,2024-12-17,non-reimburse,0,,,,,paid,,,,,,0,0,,
840,vdM7uw259mjoHJz*X^ecnxq6Q,2184.SPK/BA.302/BA010102/2024,PART PEMULIHAN AUXILIARY ENGINE NO.3 MAN B&W STX L 23/30H,2024-12-13,17,17,12,ON BOARD (REIMBURSEABLE),,0,0,full,,,,,,,proc,,,,,,,,,adit,2024-12-17,,0,1,,,,paid,,2025-05-09,,,,0,0,,
841,TncvFVNE5dJ6iQMpo1jbK82fD,2201.SPK/PR.202/BA010102/2024,"JASA BONGKAR PASANG, FABRIKASI DAN REKONDISI PONDASI SERTA PEMASANGAN PULLY CONVEYOR NO.19",2024-12-16,52,4,10,SESUAI DENGAN KESEPAKATAN,,1500000,0,full,,,,inv2,2025-05-04,,proc,2024-12-16,,,,,,,,adit,2024-12-17,non-reimburse,0,,,,,paid,,,,,,0,0,,
842,7F%BgJ56HpKlEuODWY$QifMSt,2185.SPK/PR.202/BA010102/2024,CONVERTER GYROCOMPAS,2024-12-13,62,4,7,SESUAI DENGAN KESEPAKATAN,,2500000,0,full,,,,inv2,2025-01-09,,proc,2024-12-13,,,,,,,,adit,2024-12-17,non-reimburse,0,,,,,paid,,,,,,0,0,,
843,7W39Jy)gr0EXNo%Yd2ieBPDVR,2192.SPK/BA.302/BA010102/2024,"PENGADAAN PUMP WATER, ASSY",2024-12-16,5,21,4,SESUAI DENGAN KESEPAKATAN,,0,0,full,,,,inv2,2025-05-04,,proc,2024-12-16,,,,,,,,adit,2024-12-17,non-reimburse,0,,,,,paid,,,,,,0,0,,
844,nLy7)IK%@1vMTDGB8owsW*dZt,1959.SPK/BA.7/BA010102/2024,Pengadaan Pipa,2024-11-18,5,20,3,On Board MV. Latifah Baruna (Perairan Lampung),,0,0,full,,,,inv2,2025-04-23,,,2024-11-18,,,,,,,,alfin,2024-12-17,non-reimburse,0,,,,,paid,,,,,,0,0,,
845,(xY*gtj$S3iEkCRQ2JrAp)Owl,1977.SPK/BA.302/BA010102/2024,Valve Boiler,2024-11-20,3,7,10,On Board (Biaya Transportasi Reimbursable Sesuai Dengan Kesepakatan),,0,0,full,,,,inv2,2024-12-19,,proc,2024-11-20,,,,,,,,alfin,2024-12-17,linked,482,,,,,paid,,,,,,0,0,,
846,HC0!hjGeD4PrEtYmRV2l3%k7L,1981.SPK/PR.202/BA010102/2024,Fabrikasi Bushing Rocker Arm Aux. Engine,2024-11-19,43,4,10,Franko : Sesuai dengan kesepakatan,,0,0,full,,,,,,,proc,,,,,,,,,,2024-12-17,,0,,,,,paid,,,,,,0,0,,
847,FZu85UGjkdso94icPhraH^X17,1979.SPK/PR.202/BA010102/2024,Solving Problem ME STBD Drop Performa,2024-11-17,17,4,10,Franko : Sesuai dengan kesepakatan,,0,0,full,,,,,,,,,,,,,,,,alfin,2024-12-17,non-reimburse,0,,,,,paid,,,,,,0,0,,
848,b!oUnh3SL8fIEOde2kyjD*vPq,1650.SPK/PR.202/BA010102/2024,Fabrikasi Crank Shaft Gear Main Engine Kanan,2024-10-01,17,4,35,Franko : Sesuai dengan kesepakatan,,0,0,full,,,,inv2,2025-01-08,,,2024-10-01,,,,,,,,alfin,2024-12-17,,0,,,,,paid,,,,,,0,0,,
849,Fq@Xnr)B(zI*NKk06sJ4jfyiC,2188.SPK/BA.302/BA010102/2024,PENGADAAN CRANKPIN BEARING (REPEAT ORDER 2),2024-12-16,17,1,70,SESUAI DENGAN KESEPAKATAN (REIMBURSEABLE),,0,0,full,,,,,,,,,,,,,,,,adit,2024-12-18,,0,1,,,,paid,,2025-05-09,,,,0,0,,
850,%0IawkKVQ5LZEUGsuo9MhgnrO,1914.SPK/BA.202/BA010102/2024,Running Store Engine Dept,2024-11-12,2,12,12,Franco Onboard (reimburse),,0,0,full,,,,,,,,,,,log,,3500000,Suralaya - Merak,onboard kapal,,2024-12-18,linked,412,,,,,paid,,,,,,0,0,,
851,RqP2$)XNOJGoY6uk^gZxjnbeB,2083.SPK/BP.305/BA010102/2024,Konsultasi Desain Gudang Sparepart,2024-12-02,81,1,21,Jakarta,,0,0,full,,,,inv2,2024-12-19,,proc,2024-12-02,,,,,,,,admin,2024-12-19,non-reimburse,0,,,,,paid,,,,,,0,0,,
852,PQS8Dpki^WT3xnbEtg1Y%!qKo,2150.SPK/BA.302/BA010102/2024,PENGADAAN FRESH WATER COOLER PLATE,2024-12-10,44,1,35,ON BOARD,,0,0,full,,,,inv2,2025-06-17,,proc,2024-12-10,,,,,,,,temp,2024-12-19,,0,,,,,paid,,,,,,0,0,,
853,4R(puaicj1LtE%UTnJH)VS6O2,2216.SPK/BA.302/BA010102/2024,PENGADAAN CONSUMABLES DECK,2024-12-17,2,29,7,SESUAI DENGAN KESEPAKATAN (REIMBURSEABLE),,0,0,full,,,,inv2,2025-01-30,,proc,,,,,,,,,adit,2024-12-23,linked,573,,,,,paid,,,,,,0,0,,
854,$lYXkH7Pnh*v3oIq640FsVrAE,2203.SPK/BA.202/BA010102/2024,PENGADAAN CONNECTOR HYDRANT,2024-12-20,1,25,5,SESUAI DENGAN KESEPAKATAN (REIMBURSEABLE),,0,0,full,,,,,,,proc,2025-08-20,,,,,,,,adit,2024-12-23,,0,,,,,paid,,,,,,0,0,,
855,!A^nCIE5Y3edo*uwgp94yVt)H,2210.SPK/BA.202/BA010102/2024,PENGADAAN PERLENGKAPAN GALLEY,2024-12-16,2,20,10,SESUAI DENGAN KESEPAKATAN (REIMBURSEABLE),,0,0,full,,,,,,,proc,,,,,,,,,adit,2024-12-23,linked,561,,,,,paid,,,,,,0,0,,
856,NLiBpnf(dZ74TR2j@HC3Wsv5h,2212.SPK/BA.202/BA010102/2024,PENGADAAN ENGINE CONSUMABLES,2024-12-16,2,20,10,SESUAI DENGAN KESEPAKATAN (REIMBURSEABLE),,0,0,full,,,,,,,proc,,,,,,,,,adit,2024-12-23,,0,,,,,paid,,,,,,0,0,,
857,)QFj7dapGMJ^uC%3N1kDbm9i(,2213.SPK/BA.202/BA010102/2024,PENGADAAN ENGINE RUNNING STORE,2024-12-16,1,20,3,SESUAI DENGAN KESEPAKATAN (REIMBURSEABLE),,0,0,full,,,,inv2,2025-04-22,,proc,2024-12-16,,,,,,,,adit,2024-12-23,,0,,,,,paid,,,,,,0,0,,
858,Ob^SnTJZVjK34NdUkPXEC96*(,1978.SPK/PR.202/BA010102/2024,JASA PEMASANGAN COUPLING CONVEYOR NO.19 PULLY,2024-11-19,52,4,10,SESUAI DENGAN KESEPAKATAN (REIMBURSEABLE),,0,0,full,,,,,,,proc,,,,,,,,,adit,2024-12-23,,0,,,,,paid,,,,,,0,0,,
859,jiLzKAtUY^8HO)nxI7GRN(1Jl,2233.SPK/BA.101/BA010102/2024,PENGADAAN RANTAI JANGKAR,2024-12-19,84,17,7,BATAM,,0,0,full,,,,,,,proc,,,,,,,,,adit,2024-12-23,non-reimburse,0,,,,,paid,,,,,,0,0,,
860,neGoj@wKyEuqD7OhbZ%Lzvla$,2232.SPK/BA.302/BA010102/2024,PENGADAAN HYDRAULIC PUMP HATCH COVER (REPEAT ORDER),2024-12-19,53,32,7,SESUAI DENGAN KESEPAKATAN (REIMBURSEABLE),,0,0,full,,,,inv2,2025-01-23,,proc,2024-12-19,,,,,,,,adit,2024-12-23,,0,,,,,paid,,,,,,0,0,,
861,qNOFx$adPeHjoltGpvyI^Rm)6,2209.SPK/BA.202/BA010102/2024,PENGADAAN PERLENGKAPAN CABIN,2024-12-16,2,20,10,SESUAI DENGAN KESEPAKATAN (REIMBURSEABLE),,0,0,full,,,,inv2,2025-02-25,,proc,2024-12-16,,,log,,4000000,Merak,,adit,2024-12-23,linked,560,,,,,paid,,,,,,0,0,,
862,Do!Uu0QA^isYnaBGtF1dxCz$y,2231.SPK/BA.202/BA010102/2024,PENGADAAN WIRE GRAB (REPEAT ORDER),2024-12-19,1,2,6,SESUAI DENGAN KESEPAKATAN (REIMBURSEABLE),,0,0,full,,,,,,,proc,,,,,,,,,adit,2024-12-23,,0,,,,,paid,,,,,,0,0,,
863,EGJ97jl$2vfy()R@BH!qsIa1o,2195.SPK/BA.302/BA010102/2024,JASA MANPOWER CLEANING TUNNEL,2024-12-16,36,,14,SESUAI DENGAN KESEPAKATAN,,0,0,full,,,,,,,proc,,,,,,,,,adit,2024-12-23,non-reimburse,0,,,,,paid,,,,,,0,0,,
864,*3WRkVeM9fb8PDLhYQ1dBw5Xo,2211.SPK/BA.202/BA010102/2024,PENGADAAN DECK STORE,2024-12-16,40,20,7,SESUAI DENGAN KESEPAKATAN (REIMBURSEABLE),,0,0,full,,,,inv2,2025-07-28,,proc,2024-12-16,,,log,,1500000,Merak,5000000,adit,2024-12-23,,1586,1,,,,paid,,2025-10-10,,,,0,0,,
865,JnzoVytTYGeCcq6QF5RH@XkKM,2171.SPK/BA.302/BA010102/2024,RUNNING STORE PERMINTAAN MESIN,2024-12-11,1,17,5,SESUAI DENGAN KESEPAKATAN (REIMBURSEABLE),,0,0,full,,,,,,,proc,,,,,,,,,adit,2024-12-23,,0,,,,,paid,,,,,,0,0,,
866,OXHAo@SD^CcbjVhZKeN7*8unF,2190.SPK/PR.202/BA010102/2024,PERBAIKAN MAIN ENGINE,2024-12-19,5,8,3,ON BOARD,,0,0,full,,,,inv2,2025-01-08,,proc,2024-12-19,,,,,,,,adit,2024-12-23,non-reimburse,0,,,,,paid,,,,,,0,0,,
867,YndQuGh^eKv(HzI31Tf0qUy*D,2214.SPK/BA.302/BA010102/2024,PENGADAAN RUDDER ANGLE INDICATOR,2024-12-16,36,21,5,ON BOARD,,0,0,full,,,,,,,proc,,,,,,,,,temp,2024-12-23,,0,,,,,paid,,,,,,0,0,,
868,^e@WjK*nlcha0N)1ZbD2vtCqs,2255.SPK/BA.302/BA010102/2024,PENGADAAN UNIT COOLER TUBE,2024-12-23,43,21,9,SESUAI DENGAN KESEPAKATAN (REIMBURSEABLE),,0,0,full,,,,,,,proc,,,,,,,,,,2024-12-23,,0,,,,,paid,,,,,,0,0,,
869,(TX6l5jh@JbYu!gwkd10PV^3*,0067.SPBJ/PR.103/BA010400/2024,Pengadaan Sparepart Hosting Motor MV Malahayati Baruna,2024-10-25,21,2,40,MV Malahayati Baruna,,0,0,full,,,,inv2,2025-06-17,,,2024-10-25,,,,,,,,alfin,2024-12-23,linked,1014,,,,,paid,,,,,,0,0,,
870,*6HzJP%oqL17kmxjT!paG2cYd,2245.SPK/BA.202/BA010102/2024,RUNNING STORE DECK (TALI MOORING),2024-12-20,1,5,10,SESUAI DENGAN KESEPAKATAN (REIMBURSEABLE),,0,0,full,,,,,,,proc,,,,,,,,,adit,2024-12-24,linked,562,,,,,paid,,,,,,0,0,,
871,PAyumR$Mz7oHKxaT*S5kg!thX,2241.SPK/PR.202/BA010102/2024,JASA REKONDISI HYDRAULIC JACK,2024-12-23,61,1,20,JAKARTA,,0,0,full,,,,inv2,2025-01-31,,proc,2024-12-23,,,,,,,,adit,2024-12-24,non-reimburse,0,,,,,paid,,,,,,0,0,,
872,bCIseFrPEjfOSa%dk3pm*WM)R,2147.SPK/PR.202/BA010102/2024,PENGADAAN JASA PEMBONGKARAN GEARBOX CRANE,2024-12-10,7,20,10,ON BOARD,,20000000,0,full,,,,,,,proc,,,,,,,,,adit,2024-12-24,non-reimburse,0,,,,,paid,,,,,,0,0,,
873,QI!juD^XFBY1KbrNTn6yqJeVc,2146.SPK/PR.202/BA010102/2024,PENGADAAN JASA PENGUATAN JIB CRANE NO.1,2024-12-10,7,20,10,ON BOARD,,25000000,0,full,,,,,,,proc,,,,,,,,,adit,2024-12-24,non-reimburse,0,,,,,paid,,,,,,0,0,,
874,*KBZp6%R4bnJW9dPsNra3tAX(,2258.SPK/PR.202/BA010102/2024,PENGADAAN PEKERJAAN BONGKAR PASANG FENDER,2024-12-23,5,24,6,ON BOARD (REIMBURSEABLE),,0,0,full,,,,inv2,2025-05-04,,proc,2024-12-23,,,,,,,,adit,2024-12-24,,0,,,,,paid,,,,,,0,0,,
875,dfr$k^qiRP4HQJau6p!%5s@*C,2013.SPK/BA.202/BA010102/2024,Running Stores Engine & Deck (November),2024-11-21,3,10,12,Franco sesuai dengan kesepakatan,,0,0,full,,,,,,,,,,,,,,,,,2024-12-24,linked,566,,,,,paid,,,,,,0,0,,
876,bsMWc5Smk@6n^1)fgeJKwUVC!,2189.SPK/BA.302/BA010102/2024,Pengadaan Sea Water Pump Main Engine,2024-12-16,17,8,3,Franco Port to Port (Padang),,0,0,full,,,,,,,proc,,,,,,,,,,2024-12-24,non-reimburse,0,,,,,paid,,,,,,0,0,,
877,DjfP9N@^Y)Lntyw056I%q$3RZ,2272.SPK/PR.202/BA010102/2024,PERBAIKAN GEARBOX GANGWAY (KANAN),2024-12-24,61,2,14,SESUAI DENGAN KESEPAKATAN (REIMBURSEABLE),,0,0,full,,,,inv2,2025-01-22,,proc,2024-12-24,,,,,,,,adit,2024-12-27,,0,,,,,paid,,,,,,0,0,,
878,B)%Ne6@Z$TKxU9ulwYQ02jvI5,2260.SPK/BA.202/BA010102/2024,PENGADAAN BATTERY (REPEAT ORDER),2024-12-24,3,4,1,SESUAI DENGAN KESEPAKATAN (REIMBURSEABLE),,0,0,full,,,,inv2,2025-03-25,,proc,,,,log,,3500000,Tarahan,,adit,2024-12-27,linked,564,,,,,paid,,,,,,0,0,,
879,63jcVX)olJQmdhkb79Inxfs5p,2229.SPK/BA.302/BA010102/2024,Pengadaan Multiple Disc Plate,2024-12-19,17,20,16,Franco Reimbursable sesuai dengan kesepakatan,,0,0,full,,,,inv2,2025-05-04,,proc,2024-12-19,,,,,,,,alfin,2024-12-27,,1004,1,,,,paid,,2025-05-16,,,,0,0,,
880,W*!^%XBO2j8bfrCH6VkQxi$en,1963.SPK/BA.7/BA010102/2024,Pengadaan Jasa Ultrasonic Thickness Hatch Cover,2024-11-18,65,20,1,Suralaya,,0,0,full,,,,,,,proc,,,,,,,,,admin,2025-01-02,non-reimburse,0,,,,,paid,,,,,,0,0,,
881,GO21ExVeYKTJzd@!5p3Qwf4D7,2267.SPK/BA.202/BA010102/2024,PEMASANGAN AIR CONDITIONING UNIT BARU DAN PERBAIKAN AIR CONDITIONING UNIT LAMA,2024-12-24,26,10,7,SESUAI DENGAN KESEPAKATAN,,750000,0,full,,,,inv2,2025-05-04,,proc,2024-12-24,,,,,,,,adit,2025-01-02,non-reimburse,0,,,,,paid,,,,,,0,0,,
882,VFKUfuQXejB0vC92OPaLW3$@!,2271.SPK/BA.302/BA010102/2024,PENGADAAN SPAREPARTS AIR MOTOR STARTER (AUXILIARY ENGINE),2024-12-24,12,5,60,SESUAI DENGAN KESEPAKATAN (REIMBURSEABLE),,0,0,full,,,,,,,proc,,,,,,,,,adit,2025-01-02,,0,,,,,paid,,,,,,0,0,,
883,OxXdZSTnwNUBAP^1*oWL@!KcG,2294.SPK/BA.302/BA010102/2024,PENGADAAN SPAREPARTS PURIFIER (FUEL OIL),2024-12-27,17,5,40,SESUAI DENGAN KESEPAKATAN (REIMBURSEABLE),,0,0,full,,,,,,,proc,,,,,,,,,adit,2025-01-02,,0,,,,,paid,,,,,,0,0,,
884,Ud860*DZFCvqJ!Bf7r3KWi$kY,2295.SPK/BA.302/BA010102/2024,PENGADAAN SPAREPARTS PURIFIER (GENUINE),2024-12-27,68,5,100,SESUAI DENGAN KESEPAKATAN (REIMBURSEABLE),,0,0,full,,,,inv2,2025-05-21,,proc,2024-12-27,,,,,,,,adit,2025-01-02,linked,584,,,,,paid,,,,,,0,0,,
885,UzHqDv@^haI9XEOpjCT8bMYW5,004.SPK/BP.202/BA010102/2025,JASA CATALOGING,2025-01-02,56,2,180,SESUAI DENGAN KESEPAKATAN,,0,0,full,,,,,,,proc,,,,,,,,,adit,2025-01-02,non-reimburse,0,,,,,,,,,,,0,0,,
886,woqpY@E)R^3!OZLWhT5n4ie69,0073.SPBJ/PR.103/BA010400/2024,PENGADAAN SPAREPART MAIN ENGINE KANAN MV SARTIKA BARUNA,2024-11-04,12,5,45,MV Sartika Baruna,,0,0,full,,,,inv2,2025-05-04,,,2024-11-04,,,,,,,,alfin,2025-01-03,non-reimburse,0,1,invest,2025,,paid,,2025-05-19,,,,0,0,,
887,bHY46*Z!0Jgawn2QvA7fFzm35,2162.SPK/PR.202/BA010102/2024,PENGADAAN JASA TROUBLESHOOTING AE II,2024-12-10,5,21,3,Franco sesuai dengan kesepakatan,,0,0,full,,,,,,,,2024-12-10,,,,,,,,alfin,2025-01-03,non-reimburse,0,,,,,paid,,,,,,0,0,,
888,x@btvJ8)keZRFSEdy3YOGDiT1,0002.SPK/BA.101/BA010102/2025,SPAREPART MAIN ENGINE 5S50MC-C,2025-01-02,17,17,7,SESUAI DENGAN KESEPAKATAN (REIMBURSEABLE),,0,0,full,,,,inv2,2025-07-22,,proc,2025-01-02,,,,,,,,adit,2025-01-06,,0,1,,,2025,paid,,,,,,0,0,,
889,L2oGNdkHPuWtrVjSYe7Qaf4sJ,0003.SPK/BA.101/BA010102/2025,PENGADAAN SEA VALVE ( INTERMADDIATE SYSTEM,2025-01-02,84,17,4,SESUAI DENGAN KESEPAKATAN (REIMBURSEABLE),,0,0,full,,,,,,,proc,,,,log,,,,,adit,2025-01-06,cancel,0,1,,,,paid,,2025-05-15,,,,0,0,,
890,wsbEHF*pSQzBo8PvgCLY@eG)j,0015.SPK/BA.202/BA010102/2025,KEBUTUHAN WIRE DECK DEPARTMENT,2025-01-03,31,1,7,ON BOARD (REIMBURSEABLE),,0,0,full,,,,,,,proc,,,,log,,4000000,Jepara,,adit,2025-01-06,linked,580,,,,,paid,,,,,,0,0,,
891,BLTPlq7ypAVQuv!co$YsC5W8t,0007.SPK/BA.202/BA010102/2025,KEBUTUHAN THERMOCOUPLE DAN SENSOR LEVEL SWITCH LO FLOW,2025-01-02,17,1,10,ON BOARD (REIMBURSEABLE),,0,0,full,,,,,,,,,,,log,,,,,adit,2025-01-06,cancel,0,,,,,paid,,,,,,0,0,,
892,WY167cKb5ahTijIPf8vkepEMm,0006.SPK/BA.302/BA010102/2025,KEBUTUHAN ELMOT PRIMING PUMP AUXILIARY ENGINE,2025-01-02,2,1,10,ON BOARD (REIMBURSEABLE),,0,0,full,,,,inv2,2025-06-17,,proc,2025-01-02,,,log,,3000000,Jepara,,adit,2025-01-06,linked,798,,,,,paid,,,,,,0,0,,
893,nw9PNIa^b3%6$jlLvE7VCmDiU,0019.SPK/BA.202/BA010102/2025,PERMINTAAN RUNNING STORE DECK 1,2025-01-03,2,1,10,ON BOARD (REIMBURSEABLE),,0,0,full,,,,,,,proc,,,,log.892,,,,,adit,2025-01-06,cancel,0,,,,,paid,,,,,,0,0,,
894,8k2mQXbweHq@a*u(hK0yFUT4s,0018.SPK/BA.202/BA010102/2025,KEBUTUHAN KUNCI TORSI,2025-01-03,1,1,7,ON BOARD (REIMBURSEABLE),,0,0,full,,,,,,,,,,,log,,,,,adit,2025-01-06,cancel,0,,,,,paid,,,,,,0,0,,
895,sfTM2@o7bjdWFC6)%xJ^A3Qwz,0011.SPK/BA.202/BA010102/2025,PENGADAAN CONSUMABLE DECK JANUARI,2025-01-03,2,32,10,SESUAI DENGAN KESEPAKATAN (REIMBURSEABLE),,0,0,full,,,,,,,,,,,,,,,,adit,2025-01-06,,0,,,,,paid,,,,,,0,0,,
896,sUqj5oAQR4gXEIWK73HcT^2zd,0025.SPK/BA.202/BA010102/2025,PENGADAAN PERALATAN KERJA DECK DAN ENGINE,2025-01-03,1,32,6,SESUAI DENGAN KESEPAKATAN (REIMBURSEABLE),,0,0,full,,,,inv2,2025-04-22,,,2025-01-03,,,log,,7500000,Tarahan,,adit,2025-01-06,linked,668,,,,,paid,,,,,,0,0,,
897,1St2nleT4Ei3GqF^Y8C7DrB9X,0012.SPK/BA.302/BA010102/2025,PENGADAAN SPAREPARTS BOILER TYPE KBO-E-R14M,2025-01-03,17,32,15,SESUAI DENGAN KESEPAKATAN (REIMBURSEABLE),,0,0,full,,,,,,,proc,,,,log,,,,,adit,2025-01-06,cancel,0,,,,,paid,,,,,,0,0,,
898,Y3c5lZb7sx9fvATMo8@6^2rU1,0005.SPK/PR.202/BA010102/2025,PENGADAAN JASA OASANG UNIT RUDDER ANGLE INDICATOR,2025-01-02,5,21,2,SESUAI DENGAN KESEPAKATAN (REIMBURSEABLE),,0,0,full,,,,,,,proc,,,,,,,,,adit,2025-01-06,,0,,,,,paid,,,,,,0,0,,
899,iCo0!WjY34n)N8ysOEa2qFhP^,0029.SPK/BA.101/BA010102/2025,RO PENGADAAN RANTAI JANGKAR,2025-01-06,84,17,4,BATAM,,0,0,full,,,,inv2,2025-04-22,,proc,2025-01-06,,,log,,,,,adit,2025-01-07,,0,1,,,2025,paid,,,,,,0,0,,
900,Um^ot4FyWOENxwlaPhRkL5Buj,0027.SPK/BA.101/BA010102/2025,PENGADAAN CAT CHAIN LOCKER (ADDITIONAL),2025-01-06,4,4,7,ON BOARD (REIMBURSEABLE),,0,0,full,,,,inv2,2025-10-17,,proc,2025-01-06,,,,,,,,adit,2025-01-07,,0,1,,,2025,paid,,,,,,0,0,,
901,GEMCruV@JH^pfxK%gS8c51ilo,0040.SPK/BA.302/BA010102/2025,SPAREPART AUXILIARY ENGINE,2025-01-07,16,16,16,ON BOARD (REIMBURSEABLE),,0,0,full,,,,,,,proc,,,,log,,,,,adit,2025-01-07,cancel,0,,,,,paid,,,,,,0,0,,
902,DJdrNXbfjhnMAlpm!SvI$k9t7,0044.SPK/PR.202/BA010102/2025,FABRIKASI DUDUKAN GRAB,2025-01-07,58,6,15,ON BOARD (REIMBURSEABLE),,0,0,full,,,,inv2,2025-10-15,,proc,2025-01-07,,,,,,,,adit,2025-01-07,linked,1215,1,,,,paid,,2025-04-30,,2025-01-22,Sesuai Schedule kapal,0,0,,
903,MaCY9^L6EWUXq4hx3nJ057vFd,0099.SPBJ/PR.103/BA010400/2024,Pengadaan Material Stern Tube Seal Kebutuhan Docking KM Meutia Baruna,2024-12-18,69,17,35,Jakarta,,0,0,full,,,,,,,,,,,,,,,,admin,2025-01-10,,0,1,,,2025,paid,,,,,,0,0,,
904,wujz0Kem2iTyfD7LtoxFrqOVa,0090.SPK/BA.302/BA010102/2025,PENGADAAN SPAREPARTS ENGINE,2025-01-14,1,21,5,SESUAI DENGAN KESEPAKATAN (REIMBURSEABLE),,0,0,full,,,,,,,,,,,,,,,,adit,2025-01-20,,0,,,,,paid,,,,,,0,1,,
905,kZY$p3XnIzfD!g)5qCjM1Pc7w,0088.SPK/BA.302/BA010102/2025,"PENGADAAN SPAREPARTS MAIN ENGINE DOOSAN MAN B&W CYL. LINER, CON ROD & STARTING VALVE",2025-01-13,17,32,30,SESUAI DENGAN KESEPAKATAN (REIMBURSEABLE),,0,0,full,,,,inv2,2025-08-05,,,2025-01-13,,,,,,,,adit,2025-01-20,,0,1,,,,paid,,2025-08-20,,,,0,0,,
906,FI(u@8)gi^Mqac$nT!j5W42rt,0087.SPK/BA.302/BA010102/2025,PENGADAAN SPAREPARTS MAIN ENGINE DOOSAN MAN B&W FUEL VALVE & HIGH PRESSURE PIPE,2025-01-13,17,32,30,SESUAI DENGAN KESEPAKATAN (REIMBURSEABLE),,0,0,full,,,,,,,,,,,,,,,,adit,2025-01-20,,0,,,,,paid,,,,,,0,0,,
907,%Ud2p9o*BK3DiOYMhA!QbP)XZ,0049.SPK/BA.302/BA010102/2025,PENGADAAN SPAREPART HYDRAULIC SYSTEM HATCH COVER,2025-01-08,17,32,22,SESUAI DENGAN KESEPAKATAN (REIMBURSEABLE),,0,0,full,,,,inv2,2025-06-17,,proc,2025-01-08,,,log,,,,,adit,2025-01-20,cancel,0,,,,,paid,,,,,,0,0,,
908,aJM9NIZF6!tj40V5sbq)Qd8Lz,0089.SPK/BA.202/BA010102/2025,PENGADAAN CONSUMABLES JANUARI,2025-01-10,2,23,10,SESUAI DENGAN KESEPAKATAN (REIMBURSEABLE),,0,0,full,,,,inv2,2025-07-12,,,2025-01-10,,,log,,6000000,Tarahan,,adit,2025-01-20,linked,647,,,,,paid,,,,,,0,0,,
909,)M*srnThJ6kC7At(e$4FBzvib,0091.SPK/BA.302/BA010102/2025,PENGADAAN SPAREPARTS AUXILIARY ENGINE YAMNAR,2025-01-14,5,23,3,SESUAI DENGAN KESEPAKATAN,,5000000,0,full,,,,,,,,,,,,,,,,adit,2025-01-20,non-reimburse,0,,,,,paid,,,,,,0,0,,
910,HjT5Gdlx$N4zXWwCcZJs18(BR,0082.SPK/BA.302/BA010102/2025,PENGADAAN SPAREPARTS LUFFING WINCH CRANE,2025-01-13,17,20,20,SESUAI DENGAN KESEPAKATAN (REIMBURSEABLE),,0,0,full,,,,,,,proc,,,,,,,,,adit,2025-01-20,,0,,,,,paid,,,,,,0,0,,
911,7Z)vx@wF$MR%Wjk23B8HPceK1,0080.SPK/BA.302/BA010102/2025,PENGADAAN MULTIPLE DISC PLATE (REPEAT ORDER),2025-01-13,17,20,16,SESUAI DENGAN KESEPAKATAN (REIMBURSEABLE),,0,0,full,,,,inv2,2025-06-18,,proc,2025-01-13,,,,,,,,adit,2025-01-20,,0,,,,,paid,,,,,,0,0,,
912,4ErRxl)fgk6ZUKpV%PM7Sv$h*,1847.SPK/PR.202/BA010102/2024,PERBAIKAN COUPLING SPIROFLEX ME (STBD),2024-10-30,17,4,10,Franko : Sesuai dengan kesepakatan,,0,0,full,,,,inv2,2025-08-25,,,,,,,,,,,alfin,2025-01-20,non-reimburse,0,,,,,,,,,,,0,0,,
913,qE14mSeUpInN25r)vjJC@8ZoX,0118.SPK/BA.302/BA010102/2025,MODUL TEMPERATUR MAIN ENGINE STX MAN B&W 5S50MC-C,2025-01-16,11,17,10,ON BOARD (REIMBURSEABLE),,0,0,full,,,,,,,proc,,,,,,,,,,2025-01-20,,0,1,,,,paid,,2025-05-19,,,,0,0,,
914,gm6sIOqWJCZX^xRMPzoE5fDHd,1741.SPK/BA.101/BA010102/2024,PENGADAAN CAT KEBUTUHAN EMERGENCY DOCKING KM INTAN BARUNA,2024-10-17,13,6,14,Franko : Sesuai dengan kesepakatan,,0,0,full,,,,,,,,,,,,,,,,alfin,2025-01-20,,0,1,,,,paid,,2025-06-13,,,,0,0,,
915,3PYVkBLfoz7d)2xqNl4t!b1r0,1961.SPK/BA.17/BA010102/2024,PERMINTAAN CAT,2024-11-18,13,3,10,On Board (Biaya Transportasi Reimbursable Sesuai Dengan Kesepakatan),,0,0,full,,,,,,,,,,,,,,,,,2025-01-20,linked,551,,,,,paid,,,,,,0,0,,
916,72AE*erOBad9ihX48IxsfuPK0,0072.SPBJ/PR.103/BA010400/2024,PENGADAAN MATERIAL SPARE PART SLEWING BEARING NO.2 MV RASUNA BARUNA,2024-11-04,17,3,60,MV Rasuna Baruna,,0,0,full,,,,,,,,,,,,,,,,alfin,2025-01-20,,0,,,,,paid,,,,,,0,1,,
917,sacWf%RMCy14g3pSoIZ2KwFx9,2230.SPK/BA.302/BA010102/2024,PENGADAAN GUIDE SHOE MAIN ENGINE (REPEAT ORDER),2024-12-19,17,1,20,Franco sesuai dengan kesepakatan,,0,0,full,,,,,,,proc,,,,,,,,,,2025-01-20,,0,,,,,paid,,,,,,0,0,,
918,hN12)4gLWBVb$aIFAlKwDc79G,0100.SPBJ/PR.103/BA010400/2024,PENGADAAN ANODE DOCKING MV MEUTIA BARUNA,2024-12-18,67,17,10,MV Meutia Baruna,,0,0,full,,,,inv2,2025-06-18,,,2024-12-18,,,,,,,,alfin,2025-01-21,,0,1,,,2025,paid,,,,,,0,0,,
919,BDV2jXOa1Yyhpr$4^ELPSAq%R,1146.Pj/BA.202/BA010102/2024,JASA PENGIRIMAN,2024-10-15,48,1,90,Franko : Sesuai dengan kesepakatan,,0,0,full,,,,,,,proc,,,,,,,,,alfin,2025-01-21,non-reimburse,0,,,,,paid,,,,,,0,0,,
920,zg!t$cD9bRkB0CpmFxJKUwXur,0093.SPBJ/PR.103/BA010400/2024,PENGADAAN ANODE DOCKING MV ADHIGUNA TARAHAN,2024-12-11,54,4,7,MV Adhiguna Tarahan,,0,0,full,,,,,,,,2024-12-11,,,,,,,,alfin,2025-01-21,,0,1,,,2025,paid,,,,,,0,0,,
921,CsqgkJXH8*mUaTYurfzE3p^l(,1911.SPK/BA.202/BA010102/2024,RUNNING STORE,2024-11-12,2,16,8,On Board (Biaya Transportasi Reimbursable Sesuai Dengan Kesepakatan),,0,0,full,,,,inv2,2025-04-06,,proc,2024-11-12,,,,,,,,alfin,2025-01-22,linked,569,,,,,paid,,,,,,0,0,,
922,IU9pry8ECM3qaOiFkZ(wXxKml,0074.SPK/BA.101/BA010102/2025,DOCKING 2024,2025-01-10,36,17,4,Franco Jakarta,,0,0,full,,,,inv2,2025-01-23,,proc,2025-01-10,,,,,,,,alfin,2025-01-22,non-reimburse,0,,,,2025,paid,,,,,,0,0,,
923,GM0vXaVi4LP75RFpOo32ch*!Y,0033.SPK/BA.202/BA010102/2025,PENGADAAN CONSUMABLES DECK,2025-01-07,2,32,10,Franco sesuai dengan kesepakatan,,0,0,full,,,,,,,proc,,,,log,,5500000,Tarahan,,,2025-01-23,linked,559,,,,,paid,,,,,,0,0,,
924,Xr0DFz)NThP^B53pGf9OKIcbl,0138.SPK/BA.302/BA010102/2025,SPAREPARTS AUXILIARY ENGINE,2025-01-20,16,6,65,ON BOARD,,6300000,0,full,,,,inv2,2025-06-17,,proc,2025-01-20,,,,,,,,adit,2025-01-23,non-reimburse,0,,,,,paid,,,,,,0,0,,
925,b%YclT3oIE*!jG0d7JNgMAaFf,0144.SPK/BA.202/BA010102/2025,RUNNING STORE ENGINE,2025-01-21,24,6,9,ON BOARD (REIMBURSEABLE),,0,0,full,,,,,,,proc,,,,log,,5000000,Merak,,adit,2025-01-23,linked,782,,,,,paid,,,,,,0,0,,
926,mEZ2)0hK3eB!rIyANn9$cDl5g,0145.SPK/BA.202/BA010102/2025,RUNNING STORE DECK,2025-01-21,2,6,14,ON BOARD (REIMBURSEABLE),,0,0,full,,,,,,,proc,,,,,,,,,adit,2025-01-23,linked,698,,,,,paid,,,,,,0,0,,
927,!4A(YWXz$8)uaHLlIB3wOhKUi,0119.SPK/TU.309/BA010102/2025,PERBAIKAN PELAT BOTTOM,2025-01-17,5,16,7,ON BOARD (REIMBURSEABLE),,0,0,full,,,,,,,proc,,,,,,,,,adit,2025-01-23,,0,,,,,paid,,,,,,0,0,,
928,JKydsfWc6AHTPi*xwt2uGMVaz,0146.SPK/BA.202/BA010102/2025,RUNNING STORE DECK,2025-01-21,40,16,9,ON BOARD (REIMBURSEABLE),,0,0,full,,,,inv2,2025-04-25,,proc,2025-01-21,,,,,,,,adit,2025-01-23,linked,988,1,,,,paid,,2025-05-19,,,,0,0,,
929,O7EMwPm!GcyS5)4aHh92YTQzj,0136.SPK/BA.202/BA010102/2025,RUNNING STORE CAT,2025-01-20,13,16,13,ON BOARD (REIMBURSEABLE),,0,0,full,,,,inv2,2025-08-25,,proc,2015-01-20,,,,,,,,adit,2025-01-23,,0,1,,,,paid,,2025-09-08,,,,0,0,,
930,xMWGigO%pvFzyotd!$8TRIqsU,0147.SPK/BA.202/BA010102/2025,RUNNING STORE,2025-01-21,1,12,9,ON BOARD (REIMBURSEABLE),,0,0,full,,,,,,,proc,,,,log,,7500000,Tarahan,,adit,2025-01-23,linked,749,,,,,paid,,,,,,0,0,,
931,fl%k8$DM!hs3TFJRKUu^NoSC1,0139.SPK/BA.202/BA0010102/2025,RUNNING STORE CAT,2025-01-21,4,12,12,ON BOARD (REIMBURSEABLE),,0,0,full,,,,,,,proc,,,,,,,,,adit,2025-01-23,,0,,,,,paid,,,,,,0,0,,
932,0cnuYLSqD6FGrNXOkE%WlI^Jw,0137.SPK/BA.302/BA010102/2025,SPAREPARTS MAIN ENGINE,2025-01-20,37,7,10,ON BOARD (REIMBURSEABLE),,0,0,full,,,,inv2,2025-07-23,,proc,2025-01-20,,,,,,,,adit,2025-01-23,,0,1,,,,paid,,2025-08-20,,,,0,0,,
933,0ntv)ClS3OHL@hb%VieB*ywRg,0148.SPK/BA.202/BA010102/2025,RUNNING STORE DECK,2025-01-21,2,7,12,ON BOARD (REIMBURSEABLE),,0,0,full,,,,inv2,2025-06-26,,proc,2025-01-21,,,,,,,,adit,2025-01-23,linked,1010,1,,,,paid,,2025-07-16,2025-01-21,2025-04-14,,0,0,,
934,THfevolpyQ4W^)KO0X*NPt2C6,0140.SPK/BA.202/BA010102/2025,RUNNING STORE CAT,2025-01-21,13,7,12,ON BOARD (REIMBURSEABLE),,0,0,full,,,,inv2,2025-06-24,,proc,2025-01-21,,,log,,3750000,Jepara,,adit,2025-01-23,,0,1,,,,paid,,2025-08-28,,,,0,0,,
935,g6S0!Kc2UZEz*PJowbBarhDu4,0149.SPK/BA.104/BA010102/2024,JASA OVERHAUL DAN PENGADAAN SPAREPARTS AUXILIARY ENGINE,2024-02-05,17,14,7,TB SB 2402,,0,0,full,,,,,,,,,,,,,,,,alfin,2025-01-23,non-reimburse,0,,,,,,,,,,,0,0,,
936,AjCRgnbK6fh72v(V*8zriWxEl,0008.SPK/BA.202/BA010102/2025,RUNNING STORE ENGINE DAN DECK,2025-01-02,3,31,4,Franko : Sesuai dengan kesepakatan,,0,0,full,,,,inv2,2025-06-18,,,2025-01-02,,,,,,,,alfin,2025-01-24,linked,579,1,,,,paid,,2025-06-30,,,,0,0,,
937,sJ3ybK50g8nhuNMtrBZaSlk6p,0073.SPK/BA.101/BA010102/2025,PENGADAAN BOILER FEED PUMP,2025-01-10,91,17,14,TANJUNG BALAI KARIMUN,,0,0,full,,,,,,,proc,,,,,,,,,adit,2025-01-24,,0,,,,,paid,,,,,,0,0,,
938,$XONibTC%Ujc0@o9sK37WuQYr,0026.SPK/BA.202/BA010102/2025,JASA REKONDISI PILOT LADDER,2025-01-08,89,1,3,MV. Kartini Baruna,,0,0,full,,,,,,,proc,,,,,,,,,alfin,2025-01-24,non-reimburse,0,1,,,,paid,,2025-06-24,,,,0,0,,
939,4vTtIAwsCmSUX!EoGy70zBH(V,0156.SPK/BA.202/BA010102/2025,PENGADAAN MATERIAL CAT FOR MAINTENANCE,2025-06-10,13,32,15,SESUAI DENGAN KESEPAKATAN (REIMBURSEABLE),,0,0,full,,,,inv2,2025-07-01,,proc,2025-01-23,,,,,,,,adit,2025-01-24,cancel,0,1,,,,paid,,,,,,0,0,,
940,3^(CLcbjVzTamRAfQ$uFMPZrs,0105.SPBJ/PR.103/BA010400/2024,PENGADAAN PULLEY MV. ADHIGUNA TARAHAN,2024-12-20,17,4,25,MV. Adhiguna Tarahan,,0,0,full,,,,,,,,,,,,,,,,alfin,2025-01-30,,590,1,,,,paid,,2025-02-11,,,,0,0,,
941,g^0FfP5LOEo1dDTYs63QzyHap,2158.SPK/BA.101/BA010102/2024,(REPEAT ORDER) PENGADAAN CAT KEBUTUHAN EMERGENCY DOCKING KM INTAN BARUNA,2024-12-10,13,6,14,"Franco Cilegon, Batam, Tj. Balai Karimun",,0,0,full,,,,inv2,2025-04-06,,,2024-12-10,,,,,,,,alfin,2025-01-31,,0,,,,,paid,,,,,,0,0,,
942,3fhB^eC%kTOopLjc*Embg41dA,0190.SPK/BA.202/BA010000/2025,PENGADAAN WILDEN PUMP,2025-01-30,2,5,8,SESUAI DENGAN KESEPAKATAN (REIMBURSEABLE),,0,0,full,,,,,,,proc,,,,,,,,,adit,2025-01-31,linked,1009,1,,,,paid,,2025-05-26,,,,0,0,,
943,f%m5BI98dCwOeDiglWquNPrhL,0203.SPK/BA.302/BA010102/2025,PENGADAAN SHAFT HYDRAULIC HATCH COVER (REPEAT ORDER),2025-01-31,7,4,14,MARCOPOLO SHIPYARD,,0,0,full,,,,inv2,2025-09-25,,proc,,,,,,,,,adit,2025-01-31,,0,1,,,,paid,,2025-09-23,,,,0,0,,
944,ch!la36I%mvHo5rZn@keWwzS(,0172.SPK/BA.101/BA010102/2025,PENGADAAN THRUST METAL (COO),2025-01-24,17,4,25,ON BOARD (REIMBURSEABLE),,0,0,full,,,,,,,proc,,,,,,,,,adit,2025-01-31,,0,1,,,,paid,,2025-05-19,,,,0,0,,
945,gwic7l0(19n32jBG$E4L5Wzdv,0166.SPK/BA.302/BA010102/2025,KEBUTUHAN STARTING AIR MOTOR AUX. ENGINE,2025-01-24,17,3,7,ON BOARD (REIMBURSEABLE),,0,0,full,,,,inv2,2025-05-10,,proc,2025-01-24,,,,,,,,adit,2025-01-31,,0,,,,,paid,,,,,,0,0,,
946,BOJQ90edpFta3CER)TVGsWAI6,0194.SPK/BA.302/BA010000/2025,PENGADAAN SPAREPART ENGINE PUMP,2025-01-30,17,5,40,SESUAI DENGAN KESEPAKATAN (REIMBURSEABLE),,0,0,full,,,,,,,proc,2025-01-30,,,,,,,,adit,2025-02-02,,0,1,,,,paid,,2025-07-21,,,,0,0,,
947,*QCjafTL5ym)iq%bnZsxGlr20,0158.SPK/BA.302/BA010102/2025,PENGADAAN SPAREPART TURBOCHARGER,2025-01-24,57,7,10,ON BOARD (REIMBURSEABLE),,0,0,full,,,,inv2,2025-04-25,,proc,2025-01-24,,,,,,,,adit,2025-02-02,,0,,,,,paid,,,,2025-02-07,Sesuai Schedule kapal,0,0,,
948,s8^W0@6N7Vnp%XO$xwICRStTl,0191.SPK/BA.302/BA010000/2025,PENGADAAN ADDITIONAL SPAREPARTS TURBOCHARGER MAIN ENGINE (COM),2025-01-30,86,20,35,SESUAI DENGAN KESEPAKATAN (REIMBURSEABLE),,0,0,full,,,,inv2,2025-09-08,,proc,2025-01-30,,,,,,,,adit,2025-02-02,,0,1,,,,paid,,2025-09-11,,,,0,0,,
949,@WSjIevX!xJ05(BClQmZigb)N,0121.SPK/PR.202/BA010102/2025,PERBAIKAN TURBOCHARGER AUX ENGINE,2025-01-17,57,7,10,SESUAI DENGAN KESEPAKATAN (REIMBURSEABLE),,0,0,full,,,,inv2,2025-04-25,,proc,2025-01-17,,,,,,,,adit,2025-02-02,linked,882,,,,,paid,,,,2025-02-07,Sesuai Schedule kapal,0,0,,
950,63KyNkXvWJRCEFMZxLdTm4nui,0167.SPK/PR.202/BA010102/2025,PENGADAAN FABRIKASI CONVEYOR BOOM HOUSING,2025-01-24,7,4,12,MARCOPOLO SHIPYARD,,0,0,full,,,,inv2,2025-10-29,,proc,2025-01-24,,,log,,3555156,Batam,,adit,2025-02-02,,1964,1,,,2025,paid,,,,,,0,0,,
951,ZR6J4Wt@Br^IpESO9j*uVKk1N,0142.SPK/BA.101/BA010102/2025,PENGADAAN ANODE,2025-01-23,67,20,14,ON BOARD,,0,0,full,,,,,,,proc,,,,,,,,,adit,2025-02-02,,0,1,,,2025,paid,,,,,,0,0,,
952,VJ)SrABa*N7vdiQZGD3Xz%bYs,0168.SPK/BA.17/BA010102/2025,"PENGADAAN TOOL PAINT, COVER, GREASE & ELECTRICAL GRIDER UNTUK DECK",2025-01-24,2,32,15,SESUAI DENGAN KESEPAKATAN (REIMBURSEABLE),,0,0,full,,,,inv2,2025-07-22,,proc,2025-01-24,,,log,,2500000,Merak,2000000,adit,2025-02-02,linked,1371,1,,,,paid,,2025-08-22,,,,0,0,,
953,9$DkY(KTV3eaA8Gnq2H1LipbJ,0032.SPK/BA.302/BA010102/2025,PENGADAAN UNIT COMPRESSOR,2025-01-08,17,32,13,Franco sesuai dengan kesepakatan,,0,0,full,,,,,,,proc,,,,log,,,,,alfin,2025-02-03,cancel,0,,,,,paid,,,,,,0,0,,
954,mZEeiU%9j*PNu0Vx7G2(lhSaY,0117.SPK/BA.302/BA010102/2025,RO WIRE DECK CRANE,2025-01-16,17,3,25,ON BOARD (REIMBURSEABLE),,0,0,full,,,,inv2,2025-04-25,,proc,2025-01-16,,,,,,,,adit,2025-02-04,,0,1,,,,paid,,2025-05-19,,,,0,0,,
955,!IYpoeX5k@vWg2ZFV)Ely*uSr,0125.SPK/BA.302/BA010102/2025,PENGADAAN SPAREPARTS HOISTING WINCH CRANE,2025-01-20,17,20,25,SESUAI DENGAN KESEPAKATAN (REIMBURSEABLE),,0,0,full,,,,,,,proc,,,,,,,,,adit,2025-02-04,,0,,,,,paid,,,,,,0,0,,
956,$fV0nTEksSL1v*txHwN)DbRhz,0109.SPK/BA.101/BA010102/2025,PENGADAAN SEAL HYDRAULIC DAN MECHANICAL SEAL,2025-01-15,11,4,7,MARCOPOLO SHIPYARD,,0,0,full,,,,inv2,2025-04-22,,proc,2025-01-17,,,,,,,,adit,2025-02-04,linked,0,,,,,paid,,,,,,0,0,,
957,)0!We7Vn^yA3jfTLUtmGwRh8i,0108.SPK/BA.101/BA010102/2025,PENGADAAN FLEXIBLE MANIFOLD EXHAUST,2025-01-15,11,4,10,MARCOPOLO SHIPYARD,,0,0,full,,,,inv2,2025-04-22,,proc,2025-01-15,,,,,,,,adit,2025-02-04,,0,,,,,paid,,,,,,0,0,,
958,A*hX(RDyg7tP!nZO35IskK4e8,0107.SPK/BA.101/BA010102/2025,PENGADAAN ZINC ANODE INTERCOOLER,2025-01-15,11,4,7,MARCOPOLO SHIPYARD,,0,0,full,,,,,,,proc,,,,,,,,,adit,2025-02-04,,0,,,,,paid,,,,,,0,0,,
959,16x8p59W)!HUflzonBr$a@C^N,0116.SPK/BA.104/BA010102/2025,PENGADAAN FABRIKASI FLEXIBLE HYDRAULIC HOSE,2025-01-16,43,4,5,Franco sesuai dengan kesepakatan,,0,0,full,,,,,,,proc,,,,,,,,,,2025-02-04,,0,,,,,paid,,,,,,0,0,,
960,cWao16sJ5ZRyVikbCDPNzT8gX,0237.SPK/BA.302/BA010102/2025,PENGADAAN STEEL PLATES HOT ROLLET,2025-02-03,21,5,3,SESUAI DENGAN KESEPAKATAN (REIMBURSEABLE),,0,0,full,,,,,,,proc,,,,,,,,,adit,2025-02-04,linked,752,,,,,paid,,,,,,0,0,,
961,0(K*d8eTbnoZ^NyAY5iwUflk2,0238.SPK/BA.302/BA010102/2025,PENGADAAN WATERTIGHT RUBBER DOOR PACKING,2025-01-03,2,5,10,SESUAI DENGAN KESEPAKATAN (REIMBURSEABLE),,0,0,full,,,,inv2,2025-06-18,,proc,2025-02-03,,,,,,,,adit,2025-02-04,,0,,,,,paid,,,,,,0,0,,
962,EoZCaRcwh^8yH6pLt0lW@sFmS,0228.SPK/PR.202/BA010102/2025,JASA PEMELIHARAAN MAIN ENGINE CYLLINDER NO 5,2025-02-03,11,1,12,JEPARA,,0,0,full,,,,inv2,2025-06-18,,proc,2025-02-03,,,,,,,,,2025-02-04,,0,1,,,,paid,,2025-06-23,,,,0,0,,
963,IVKJsB$0D7TNogvFxXhb*nt5f,0162.SPK/BA.202/BA010102/2025,PENGADAAN CONSUMABLE DECK & FILTER AE/ME,2025-01-24,1,29,6,SESUAI DENGAN KESEPAKATAN (REIMBURSEABLE),,0,0,full,,,,,,,proc,,,,log,,5750000,Suralaya - Merak,,adit,2025-02-05,linked,748,1,,,,paid,,2025-05-19,,,,0,0,,
964,TmIAShd904yb^PvqOt31)$DYN,0236.SPK/BA.101/BA010102/2025,PENGADAAN VALVE DAN AIR VENT DOCKING,2025-02-03,84,4,4,SESUAI DENGAN KESEPAKATAN (REIMBURSEABLE),,0,0,full,,,,inv2,2025-09-10,,proc,2025-02-03,,,,,,,,adit,2025-02-05,,0,1,,,2025,paid,,,,,,0,0,,
965,q(QPHzd0rSm^JZ%av64!cT@i9,0229.SPK/BA.101/BA010102/2025,PENGADAAN ADDITIONAL OIL SEAL DAN CONSUMABLES,2025-02-03,11,4,7,SESUAI DENGAN KESEPAKATAN (REIMBURSEABLE),,0,0,full,,,,inv2,2025-10-19,,proc,2025-02-03,,,,,,,,adit,2025-02-05,,0,,,,,paid,,,,,,0,0,,
966,I$ZowRvm8Xujb(sMA9k*Y5H2@,0247.SPK/BA.202/BA010102/2025,PENGADAAN SEAL GAS DAN REPAIR NOZZLE TURBOCHARGER MAIN ENGINE,2025-02-04,11,4,15,MARCOPOLO SHIPYARD,,0,0,full,,,,inv2,2025-10-06,,proc,2025-02-04,,,,,,,,adit,2025-02-05,,0,1,,,2025,paid,,,,,,0,0,,
967,5eX%hmxLlS$u0yd9K4UIHq^!z,0233.SPK/BA.101/BA010102/2025,JASA PERBAIKAN DAN PENGADAAN SPAREPARTS TURBOCHARGER MAIN ENGINE,2025-02-03,11,4,15,MARCOPOLO SHIPYARD,,0,0,full,,,,inv2,2025-10-06,,proc,2025-02-03,,,,,,,,adit,2025-02-05,,0,1,,,,paid,,2025-09-26,,,,0,0,,
968,JV6x^Yg@FID3Op!kLmhc)aiT0,0256.SPK/BA.302/BA010102/2025,PENGADAAN SPAREPART LUBRICATING OIL PUMP AUXILLIARY ENGINE 5L230H,2025-02-04,17,17,7,SESUAI DENGAN KESEPAKATAN (REIMBURSEABLE),,0,0,full,,,,,,,proc,,,,,,,,,adit,2025-02-05,non-reimburse,0,,,,,paid,,,,,,0,0,,
969,k6XOfzAtH495B(jVLUa7dvghK,0250.SPK/BA.101/BA010102/2025,REPAIR NOZZLE DAN TURBIN BLADE TURBOCHARGER AUXILIARY ENGINE,2025-02-04,11,4,15,MARCOPOLO SHIPYARD,,0,0,full,,,,inv2,2025-06-18,,proc,2025-02-04,,,,,,,,adit,2025-02-05,linked,0,1,,,2025,paid,,,,,,0,0,,
970,AJ0pX7xINfOtT5F)DHcmMj%s9,0234.SPK/BA.101/BA010102/2025,JASA PERBAIKAN DAN PENGADAAN SPAREPARTS TURBOCHARGER AUXILIARY ENGINE,2025-02-03,11,4,15,MARCOPOLO SHIPYARD,,0,0,full,,,,inv2,2025-06-18,,,2025-02-03,,,,,,,,adit,2025-02-05,,0,,,,,,,,,,,0,0,,
971,uAadXkst0f(wPQlBJ*Og^Cevb,0254.SPK/BA.302/BA010102/2025,SPAREPARTS AUXILIARY ENGINE,2025-02-04,17,7,40,ON BOARD (REIMBURSEABLE),,0,0,full,,,,,,,proc,,,,log,,8271000,Jepara,,adit,2025-02-06,linked,1169,1,,,,paid,,2025-05-19,,,,0,0,,
972,zJ9GtB$VQCFZO4yET30aUH!vI,0222.SPK/BA.101/BA010102/2025,BLADE FAN BLOWER,2025-01-31,91,17,7,TANJUNG BALAI KARIMUN,,0,0,full,,,,,,,proc,,,,,,,,,adit,2025-02-06,,0,1,,,2025,paid,,2025-12-29,,,,0,0,,
973,SFQh9PbsYl@*d7X0Jcm4EWrMo,0221.SPK/BA.101/BA010102/2025,FUMIGASI,2025-01-31,91,17,1,TANJUNG BALAI KARIMUN,,0,0,full,,,,,,,proc,,,,,,,,,adit,2025-02-06,,0,1,,,2025,,,,,,,0,0,,
974,POEK4fl7iACn5H6hcqFQRJjN@,0252.SPK/BA.302/BA010102/2025,SPAREPART LO PURIFIER,2025-02-04,94,7,15,ON BOARD (REIMBURSEABLE),,0,0,full,,,,inv2,2025-04-27,,proc,2025-02-04,,,,,,,,adit,2025-02-06,linked,786,,,,,paid,,,,2025-02-19,Sesuai Req Logistik,0,0,,
975,%K3lkNUd(DHb)ZJo6S5CpFLaf,0253.SPK/BA.302/BA010102/2025,MAIN AIR COMPRESSOR TANABE-74,2025-02-04,17,7,15,ON BOARD (REIMBURSEABLE),,0,0,full,,,,,,,proc,,,,,,,,,adit,2025-02-06,,0,1,,,,paid,,2025-05-26,,,,0,0,,
976,sf*UVRFMeawlx(qJ912ym3LkZ,0092.SPK/PR.202/BA010102/2025,PENGADAAN JASA PEMASANGAN JANGKAR DAN AKSESORIS,2025-01-15,26,8,3,ON BOARD (REIMBURSEABLE),,0,0,full,,,,,,,proc,,,,,,,,,adit,2025-02-06,linked,816,,,,,paid,,,,,,0,0,,
977,TtSsv8WH36No7IxVXMO)(U@%D,0113.SPK/BA.101/BA010102/2025,PENGADAAN SHAFT HYDRAULIC HATCH COVER,2025-01-16,7,4,14,MARCOPOLO SHIPYARD,,0,0,full,,,,inv2,2025-10-06,,,2025-01-16,,,,,,,,adit,2025-02-06,,0,1,,,,paid,,2025-09-23,,,,0,0,,
978,oCOxrqKwbG30HZf7j^IWNt(yB,0079.SPK/BA.202/BA010102/2025,KEBUTUHAN SPAREPARTS REFRIGERATOR COMPRESSOR,2025-01-16,16,1,25,SESUAI DENGAN KESEPAKATAN (REIMBURSEABLE),,0,0,full,,,,inv2,2025-05-21,,proc,2025-01-16,,,log,,6000000,Jepara,,adit,2025-02-06,linked,1011,,,,,paid,,,,,,0,0,,
979,A^euYkSBExjzVgdHsGaW$3!4K,0122.SPK/BA.17/BA010102/2025,REPEAT ORDER WHARF LADDER,2025-01-17,2,20,14,ON BOARD (REIMBURSEABLE),,0,0,full,,,,,,,,,,,,,,,,adit,2025-02-06,linked,646,1,,,,paid,,2025-05-16,,,,0,0,,
980,rv1Dh2^T94z)txM*gLusqpjNW,0123.SPK/BA.17/BA010102/2025,REPEAT ORDER WHARF LADDER,2025-01-17,2,6,14,ON BOARD (REIMBURSEABLE),,0,0,full,,,,,,,,,,,,,,,,adit,2025-02-06,,0,,,,,paid,,,,,,0,0,,
981,EMg7Xq8Q)P2eu@sDL6vhH3i!S,0129.SPK/BA.202/BA010102/2025,PENGADAAN ATK & STORE DECK,2025-01-20,1,5,3,SESUAI DENGAN KESEPAKATAN (REIMBURSEABLE),,0,0,full,,,,,,,proc,,,,,,,,,adit,2025-02-06,linked,746,,,,,paid,,,,,,0,0,,
982,w*a2G^nJ$FrpNU6BQChctT0m),0014.SPK/BA.202/BA010102/2025,KEBUTUHAN TOOLS BAGIAN DECK,2025-01-06,2,1,10,ON BOARD (REIMBURSEABLE),,0,0,full,,,,inv2,2025-06-17,,proc,2025-01-06,,,log.892,,,,,adit,2025-02-06,cancel,645,,,,,paid,,,,,,0,0,,
983,B(v0kdCj9bZJUEc5eTV6pRQM7,0108.SPBJ/PR.103/BA010400/2024,PENGADAAN SPMK JASA PERBAIKAN AUXILIARY ENGINE 3 MV. MEUTIA BARUNA,2024-12-30,11,17,25,MV Meutia Baruna,,0,0,full,,,,,,,,,,,,,,,,alfin,2025-02-07,,623,1,,,,paid,,2025-05-09,,,,0,0,,
984,D!gRZGp2COxirbJ^ETMIeWcsF,0043.SPK/BA.101/BA010102/2025,JASA PENGGANTIAN GEAR UNIT GEARBOX,2025-01-07,17,4,18,Franco MV. Adhiguna Tarahan (Dockyard PT. Marcopolo Shipyard Batam),,0,0,full,,,,inv2,2025-10-17,,proc,2025-01-07,,,,,,,,alfin,2025-02-07,,0,1,,,2025,paid,,,,,,0,1,,
985,613CqV52ODvi@Wj!K%eRk$r*J,0102.SPK/BA.302/BA010102/2025,SPAREPARTS AE,2025-01-14,17,16,10,On Board (Biaya Transportasi Reimbursable Sesuai Dengan Kesepakatan),,0,0,full,,,,,,,,,,,,,,,,alfin,2025-02-07,,0,,,,,paid,,,,,,0,0,,
986,Mn!WLwC0VkaAQFo4OB8myKhG9,0069.SPK/BA.302/BA010102/2025,PENGADAAN CONNECTING ROD BEARING (CRANKPIN BEARING) DAN THRUST WASHER,2025-01-10,17,17,14,Franco MV. Meutia Baruna (Galangan PT. MOS Tj. Balai Karimun (Biaya Transportasi Reimbursable)),,0,0,full,,,,inv2,2025-06-22,,proc,2025-01-10,,,,,,,,alfin,2025-02-07,,0,,,,,paid,,,,,,0,0,,
987,wJ%Xfhn!*yu7^LbGaNTevtroU,0042.SPK/BA.302/BA010102/2025,PENGADAAN SPAREPARTS AUXILIARY ENGINE 6L230H,2025-01-07,17,32,20,Franco sesuai dengan kesepakatan,,0,0,full,,,,,,,,,,,,,,,,alfin,2025-02-07,,0,1,,,,paid,,2025-05-19,,,,0,0,,
988,J5Z7MTtucsOQ(fqFVYjo0GkgU,1967.SPK/BA.302/BA010102/2024,PENGADAAN CRANKPIN BEARING (REPEAT ORDER),2024-11-19,17,1,70,Franco MV. Kartini Baruna (Biaya Transportasi Reimbursable sesuai dengan kesepakatan),,0,0,full,,,,inv2,2025-06-19,,,2024-11-19,,,,,,,,alfin,2025-02-07,,0,,,,,paid,,,,,,0,0,,
989,Hm!9qhV8EQ@3rDt)cwOdfXYIe,0967.SPK/PE.302/BA010102/2024,PENGADAAN MATERIAL DAN JASA BLASTING-PAINTING HATCH COVER (REPEAT ORDER),2024-06-14,55,17,20,MV Meutia Baruna,,0,0,full,,,,,,,,,,,,,,,,alfin,2025-02-07,non-reimburse,0,,,,,paid,,,,,,0,0,,
990,*v4AVPDMNbWHcxopXK$1OifZY,0016.SPK/BA.302/BA010102/2025,PERMINTAAN SPAREPARTS DECK,2025-01-06,2,1,8,On Board (Biaya Transportasi Reimbursable Sesuai Dengan Kesepakatan),,0,0,full,,,,,,,proc,,,,log.892,,,,,,2025-02-07,cancel,0,,,,,paid,,,,,,0,0,,
991,t94Fn$dPxf1TaOoz^)@YbgBlW,0111.SPBJ/PR.103/BA010400/2024,PENGADAAN SPMK JANGKAR DAN RANTAI JANGKAR (BESERTA AKSESORIS) - BAGIAN PORTSIDE (KIRI) MV. SARTIKA BARUNA,2024-12-30,21,5,30,MV Sartika Baruna,,0,0,full,,,,inv2,2025-07-08,,,2024-12-30,,,,,,,,alfin,2025-02-10,linked,683,,,,,paid,,,,,,0,0,,
992,zVNxABP$yb^5Cg%MW2lwQO(8r,0065.SPK/BA.202/BA010102/2025,KEBUTUHAN RUNNING STORE ENGINE DEPT,2025-01-10,2,3,10,On Board (Biaya Transportasi Reimbursable Sesuai Dengan Kesepakatan),,0,0,full,,,,inv2,2025-06-22,,proc,2025-01-10,,,,,,,,alfin,2025-02-11,,0,,,,,paid,,,,2025-01-23,Req Logistik,0,0,,
993,o)uK*1D50GJdl6BPVnmqAgF@r,0056.SPK/BA.202/BA010102/2025,PENGADAAN DECK RUNNING STORE,2025-01-08,1,20,3,Franco sesuai dengan kesepakatan,,0,0,full,,,,,,,proc,,,,log,,10500000,Merak,,alfin,2025-02-11,linked,667,,,,,paid,,,,,,0,0,,
994,fGzXVhL$Ybp8ytUOIm0S1D(Bg,2200.SPK/BA.202/BA010102/2024,PENGADAAN DECK RUNNING STORE,2024-12-16,1,20,10,Franco sesuai dengan kesepakatan,,0,0,full,,,,,,,proc,,,,,,,,,alfin,2025-02-11,,0,,,,,paid,,,,,,0,0,,
995,$hiB@r1RC5Hve62fIpUmAbgnj,0045.SPK/BA.202/BA010102/2025,Pengadaan Jangkar Srockless Hall dan Accessories,2025-01-07,35,8,7,Padang,,6250000,0,full,,,,,,,proc,,,,log,,6250000,Padang,,admin,2025-02-11,linked,676,4,,,,paid,,,,2025-01-14,Sesuai Jadwal Ketibaan Kapal,0,0,,
996,OvY2TDB$MV1SeaUoC3IZwj4Ni,0230.SPK/BA.101/BA010102/2025,"FABRIKASI SEAL, MECH SEAL & RUBBER COUPLING",2025-02-03,36,4,10,ON BOARD (REIMBURSEABLE),,0,0,full,,,,inv2,2025-02-25,,proc,2025-02-03,,,,,,,,,2025-02-12,,0,,,,,paid,,,,,,0,0,,
997,4NuMAdHYrP$U*6^Cfi7RQL51!,0267.SPK/BA.202/BA010102/2025,PERMINTAAN ACCU LIFEBOAT P & S,2025-02-05,1,5,5,ON BOARD (REIMBURSEABLE),,0,0,full,,,,inv2,2025-04-19,,proc,2025-02-05,,,log,,2500000,Merak,3000000,adit,2025-02-12,linked,1015,,,,,paid,,,,2025-02-20,Sesuai Schedule kapal,0,0,,
998,9g32ec7QkJ@!SY1(tbM4ByH)v,0326.SPK/PR.202/BA010102/2025,JASA CLEANING AREA ENGINE ROOM DAN PEMBUANGAN SLUDGE,2025-02-11,52,5,14,SESUAI DENGAN KESEPAKATAN (REIMBURSEABLE),,0,0,full,,,,,,,proc,,,,,,,,,adit,2025-02-12,,0,1,,,,paid,,2025-05-19,,,,0,0,,
999,^R$*MWz9Ok!E@HPo2seI6UJQf,0323.SPK/BA.302/BA010102/2025,RUNNING STORE ELECTRICIAN,2025-02-11,68,7,48,ON BOARD (REIMBURSEABLE),,0,0,full,,,,inv2,2025-05-10,,proc,2025-02-11,,,,,,,,adit,2025-02-12,,0,1,,,,paid,,2025-05-26,,,,0,0,,
1000,Al^2*1Reg4cpQjWzL7arNyBqD,1980.SPK/BA.302/BA010102/2024,SPAREPARTS DECK CRANE & LIMIT SWITCH,2024-11-19,44,1,30,Franco sesuai dengan kesepakatan,,0,0,full,,,,,,,proc,,,,,,,,,alfin,2025-02-12,,0,,,,,paid,,,,,,0,0,,
1001,29c*hBswz@y387leEKdaOUkTA,0182.SPK/TU.309/BA010000/2025,PENGADAAN JASA & MATERIAL PERBAIKAN BLOWER P/S ENGINE ROOM,2025-01-30,5,23,5,On Board Kapal,,0,0,full,,,,,,,proc,,,,,,,,,alfin,2025-02-12,linked,677,1,,,,paid,,2025-04-06,,,,0,0,,
1002,QM!7)Tq5(KZa^pLy4fB2PtuXx,0183.SPK/TU.309/BA010000/2025,PENGADAAN JASA & MATERIAL PERBAIKAN LAMPU NAVIGASI TIANG MAST,2025-01-30,5,23,5,On Board Kapal,,0,0,full,,,,,,,proc,,,,,,,,,alfin,2025-02-12,linked,678,,,,,paid,,,,,,0,0,,
1003,i2fp8yGEZN5WHvAXojB^Sel0),0325.SPK/BA.302/BA010102/2025,PENGADAAN RUNNING STORE ENGINE ROOM,2025-02-11,1,5,8,SESUAI DENGAN KESEPAKATAN (REIMBURSEABLE),,0,0,full,,,,inv2,2025-07-11,,proc,2025-02-11,,,log,,5500000,Merak,,adit,2025-02-12,,0,1,,,,paid,,2025-04-30,,,,0,0,,
1004,$!Q(DYOwL6I32^TyA*rNuH9hf,0322.SPK/BA.302/BA010102/2025,PENGADAAN RUNNING STORE DECK (GALLEY),2025-02-11,1,6,5,ON BOARD (REIMBURSEABLE),,0,0,full,,,,inv2,2025-04-22,,proc,2025-02-11,,,log,,5000000,Tarahan,,adit,2025-02-12,linked,1016,1,,,,paid,,2025-05-15,,,,0,0,,
1005,cBbuvSifr2K$*EeMqGWN94a^L,0184.SPK/TU.309/BA010000/2025,PENGADAAN JASA & MATERIAL PENORMALAN LAMPU NAVIGASI TIANG MAST,2025-01-30,5,25,5,On Board Kapal,,0,0,full,,,,,,,proc,,,,,,,,,,2025-02-12,linked,679,1,,,,paid,,2025-05-20,,,,0,0,,
1006,RNE3rfMLs9Gk5UHVd0T8umSZx,0185.SPK/TU.309/BA010000/2025,PENGADAAN JASA REWENDING ELMOT,2025-01-30,5,32,5,On Board Kapal,,0,0,full,,,,,,,proc,,,,,,,,,alfin,2025-02-12,linked,680,,,,,paid,,,,,,0,0,,
1007,D0e4Zcubo1kM%9)^afJRxKOHp,0232.SPK/BA.302/BA010102/2025,PENGADAAN UNIT PLC BOILER,2025-01-03,17,32,50,SESUAI DENGAN KESEPAKATAN (REIMBURSEABLE),,0,0,full,,,,inv2,2025-06-18,,proc,2025-01-03,,,log,,,,,adit,2025-02-12,cancel,0,,,,,paid,,,,,,0,0,,
1008,vgBs$4@(Y3tKm2)PVxG^XrUZu,0312.SPK/BA.302/BA010102/2025,PENGADAAN SPAREPARTS AUXILIARY ENGINE,2025-02-11,86,32,25,SESUAI DENGAN KESEPAKATAN (REIMBURSEABLE),,0,0,full,,,,,,,proc,,,,,,,,,adit,2025-02-12,,0,1,,,,paid,,2025-09-11,,,,0,0,,
1009,MLS8skFIjrT(0QV!x4bCgKW2u,0283.SPK/BA.302/BA010102/2025,PENGADAAN SPAREPARTS DOCKING AUXILIARY ENGINE YANMAR 4TNV106T-GGE,2025-01-06,11,21,190,SESUAI DENGAN KESEPAKATAN (REIMBURSEABLE),,0,0,full,,,,inv2,2025-04-30,,proc,2025-01-06,,,log,,,,,adit,2025-02-12,cancel,0,,,,,paid,,,,,,0,0,,
1010,uFjVnqgp2WyH!a4QTAsKGlxoh,0319.SPK/BA.302/BA010102/2025,PENGADAAN RUNNING STORE & TALI,2025-02-11,1,25,5,SESUAI DENGAN KESEPAKATAN (REIMBURSEABLE),,0,0,full,,,,inv2,2025-04-22,,proc,2025-02-11,,,log,,9500000,Tarahan,,adit,2025-02-12,linked,1017,1,,,,paid,,2025-05-15,,,,0,0,,
1011,*VcYJM$Wo%kaTZO7dr!5Iv8Bu,0313.SPK/BA.302/BA010102/2025,"PENGADAAN SPAREPARTS AE INDICATOR VALVE, FUEL INJECTION PIPE & LO FILTER",2025-02-11,30,32,38,SESUAI DENGAN KESEPAKATAN (REIMBURSEABLE),,0,0,full,,,,inv2,2025-05-10,,proc,2025-02-11,,,,,,,,adit,2025-02-12,,0,1,,,,paid,,2025-05-26,,,,0,0,,
1012,iDUAj)ru(PeKIl26RvZM*Gf%x,0332.SPK/PR.202/BA010102/2025,PENGADAAN MATERIAL CAT,2025-02-12,4,29,15,SESUAI DENGAN KESEPAKATAN (REIMBURSEABLE),,0,0,full,,,,inv2,2025-08-25,,proc,2025-02-12,,,,,,,,adit,2025-02-13,,0,1,,,,paid,,2025-09-08,,,,0,0,,
1013,1PbC5qDWEQVryTfoFBxj6ga*w,0330.SPK/PR.202/BA010102/2025,PERBAIKAN AUXILIARY ENGINE NO.1,2025-02-12,52,6,10,SESUAI DENGAN KESEPAKATAN (REIMBURSEABLE),,0,0,full,,,,inv2,2025-08-05,,proc,2025-02-12,,,,,,,,adit,2025-02-13,,0,1,,,,paid,,2025-09-08,,,,0,0,,
1014,4ywU(Z$FN!orMiHSCfphzGj%3,0030.SPK/BA.101/BA010102/2025,PENGADAAN PART POMPA UNTUK DOCKING 2024,2025-01-06,84,17,4,Franco sesuai dengan kesepakatan,,0,0,full,,,,,,,proc,,,,log,,,,,alfin,2025-02-13,,0,1,,,2025,paid,,,,,,0,0,,
1015,a0Vf3bxRiCIPwLZqUkeEj8QOh,0115.SPK/BA.101/BA010102/2025,JASA ULTRASONIC THICKNESS MEASUREMENT DOCKING SURVEY (SS III) KM LATIFAH BARUNA,2025-01-16,71,20,45,SESUAI DENGAN KESEPAKATAN (REIMBURSEABLE),,0,0,full,,,,,,,,,,,,,,,,,2025-02-13,,0,1,,,2025,paid,,2025-11-25,,,,0,0,,
1016,ITOCMPFRYKE(NXLt85Blk^h0o,0334.SPK/BA.302/BA010102/2025,SPAREPARTS PURIFIER SELFJEKTOR,2025-02-12,94,16,30,SESUAI DENGAN KESEPAKATAN (REIMBURSEABLE),,0,0,full,,,,inv2,2025-06-18,,proc,2025-02-12,,,,,,,,adit,2025-02-14,linked,1066,1,,,,paid,,2025-08-22,,,,0,0,,
1017,pS01w5d(Afv*$6MWa2VnyOZxF,0066.SPK/BA.202/BA010102/2025,Kebutuhan Running Store Engine Dept,2025-01-10,24,3,10,Franco Onboard (reimburse),,0,0,full,,,,inv2,2025-04-25,,proc,2025-01-10,,,log,,5000000,Suralaya - Merak,,admin,2025-02-17,linked,992,,,,,paid,,,,2025-02-13,Sesuai Schedule kapal,0,0,,
1018,qucRlLDag!AxnCPeFtb6YZ$w^,0187.SPK/BA.202/BA010000/2025,PENGADAAN UNIT GAS DETECTOR,2025-01-30,2,23,7,Franco sesuai dengan kesepakatan,,0,0,full,,,,,,,proc,,,,,,,,,alfin,2025-02-17,,0,,,,,paid,,,,,,0,0,,
1019,yE%J4LNB9)!78wtIUlOY$i0^m,0075.SPBJ/PR.103/BA010400/2024,PENGADAAN SPARE PART MAIN ENGINE KEBUTUHAN OVERHAUL SAAT DOCKING MV ADHIGUNA TARAHAN,2024-11-12,17,4,37,MV Adhiguna Tarahan,,0,0,full,,,,inv2,2025-10-17,,,2024-11-12,,,,,,,,alfin,2025-02-17,,0,1,,,2025,paid,,,,,,0,0,,
1020,S2ZEP5y$FH!)C8MNblvJq(u4@,0047.SPK/BA.202/BA010102/2025,RUNNING STORE ENGINE,2025-01-07,24,6,5,On Board (Biaya Transportasi Reimbursable Sesuai Dengan Kesepakatan),,0,0,full,,,,,,,proc,,,,log,,3000000,Tarahan,,alfin,2025-02-17,linked,751,,,,,paid,,,,,,0,0,,
1021,imLV%MlCKxY83^EN*ROatqb4H,0105.SPK/BA.302/BA010102/2025,MANUAL CALL POINT AND CYL PRESSURE,2025-01-14,24,6,6,On Board (Biaya Transportasi Reimbursable Sesuai Dengan Kesepakatan),,0,0,full,,,,,,,proc,,,,log.1020,,,,,alfin,2025-02-17,cancel,0,,,,,paid,,,,,,0,0,,
1022,ztOeMoP$aIUhDbZpE*6f5Yj!K,0186.SPK/BA.302/BA010000/2025,PENGADAAN MATERIAL CAT  (FOR MAINTENANCE),2025-01-30,4,21,15,Franco sesuai dengan kesepakatan,,0,0,full,,,,,,,proc,,,,,,,,,alfin,2025-02-17,,0,,,,,paid,,,,,,0,0,,
1023,fxRlUzJjoXPDyYhV$N(nSdBb9,0188.SPK/BA.202/BA010000/2025,PENGADAAN MATERIAL CAT,2025-01-30,4,25,15,Franco sesuai dengan kesepakatan,,0,0,full,,,,,,,proc,,,,,,,,,alfin,2025-02-17,,0,,,,,paid,,,,,,0,0,,
1024,LDWivOMJ(pw*5IeqlzdcH4KRN,0375.SPK/BA.302/BA010102/2025,SPAREPARTS AUXILIARY BOILER,2025-02-17,68,7,50,SESUAI DENGAN KESEPAKATAN (REIMBURSEABLE),,0,0,full,,,,inv2,2025-05-12,,proc,2025-02-17,,,,,,,,adit,2025-02-18,,0,,,,,paid,,,,,,0,0,,
1025,93xMCr1hITd*wiVBWuskaZ0tL,0370.SPK/PR.202/BA010102/2025,PERBAIKAN WATERTIGHT DOOR BOSUN STORE,2025-02-17,5,5,2,SESUAI DENGAN KESEPAKATAN,,,0,full,,,,inv2,2025-07-08,,proc,2025-02-17,,,,,,,,adit,2025-02-18,non-reimburse,0,1,,,,paid,,2025-07-21,,,,0,0,,
1026,bUJGmgsZvElMzN!dR0KwnCB2o,0357.SPK/BA.202/BA010102/2025,PENGADAAN UNIT RANTAI DAPRA,2025-02-14,2,21,10,SESUAI DENGAN KESEPAKATAN (REIMBURSEABLE),,0,0,full,,,,inv2,2025-05-10,,proc,2025-02-14,,,,,,,,adit,2025-02-18,,0,1,,,,paid,,2025-05-26,,,,0,0,,
1027,J$@(8xwSeEaC9Bq!3nuiQYoK2,0359.SPK/BA.101/BA010102/2025,PENGADAAN SPAREPARTS AE YANMAR 4TNV106T-GGE,2025-02-14,17,25,30,SESUAI DENGAN KESEPAKATAN (REIMBURSEABLE),,0,0,full,,,,inv2,2025-06-18,,proc,2025-02-14,,,,,,,,adit,2025-02-18,,0,1,,,,paid,,2025-07-09,,,,0,0,,
1028,95W$ONl1AZw0*)6BfRmFeDzqp,0314.SPK/BA.101/BA010102/2025,PENGADAAN SPAREPARTS RING PISTON MAIN ENGINE,2025-02-12,17,20,5,SESUAI DENGAN KESEPAKATAN (REIMBURSEABLE),,0,0,full,,,,,,,proc,2025-02-12,,,log,,39800000,Batam,,adit,2025-02-18,,1174,1,,,2025,paid,,,,,,0,0,,
1029,T71yxgb%2UIpq(HZCKo3YP!mX,0315.SPK/BA.101/BA010102/2025,PENGADAAN SPAREPARTS BOTTOM PIECE DAN EXHAUST SPINDLE,2025-02-12,17,20,5,SESUAI DENGAN KESEPAKATAN (REIMBURSEABLE),,0,0,full,,,,,,,proc,,,,log.1028,,,,,adit,2025-02-18,cancel,0,1,,,,paid,,2025-05-19,,,,0,0,,
1030,O8)7vU$I6pl5F9@jHm!nYJBNE,0277.SPK/PR.202/BA010102/2025,PENGADAAN BARANG DAN JASA PERBAIKAN RETROFIT CARGO CONTROL MONITOR,2025-02-07,7,4,21,SESUAI DENGAN KESEPAKATAN (REIMBURSEABLE),,0,0,full,,,,,,,proc,,,,,,,,,adit,2025-02-18,non-reimburse,0,,,,,,,,,,,0,0,,
1031,(Ymh0B9TR7cV1o5sPlEG$M8Oz,0350.SPK/BA.101/BA010102/2025,PENGADAAN MAIN BEARING (LOWER-UPPER) MAIN ENGINE,2025-02-14,17,20,5,SESUAI DENGAN KESEPAKATAN (REIMBURSEABLE),,0,0,full,,,,,,,proc,,,,,,,,,adit,2025-02-19,,0,1,,,,paid,,2025-05-19,,,,0,0,,
1032,QsGJnAMcYl$xLo85BjuzKR0d@,0351.SPK/BA.101/BA010102/2025,PENGADAAN SPAREPARTS ADDITIONAL OVERHAUL AUXILIARY ENGINE,2025-02-14,37,20,8,SESUAI DENGAN KESEPAKATAN (REIMBURSEABLE),,0,0,full,,,,inv2,2025-06-18,,proc,2025-02-14,,,,,,,,adit,2025-02-19,,0,1,,,2025,paid,,,,,,0,0,,
1033,lWbmDQjc@8tSJ4hBq!w)gv0FZ,0352.SPK/BA.101/BA010102/2025,PENGADAAN SPAREPARTS CYLINDER LINER DAN MAIN BEARING,2025-02-14,37,20,8,SESUAI DENGAN KESEPAKATAN (REIMBURSEABLE),,0,0,full,,,,inv2,2025-06-18,,proc,2025-02-14,,,,,,,,,2025-02-19,,0,1,,,2025,paid,,,,,,0,0,,
1034,*H(q3Ol7bFzA6P1dBVoKaCYMp,0278.SPK/PR.202/BA010102/2025,PENGADAAN BARANG DAN JASA NORMALISASI FIRE ALARM,2025-02-07,7,4,21,SESUAI DENGAN KESEPAKATAN,,0,0,full,,,,inv2,2025-06-26,,,2025-02-07,,,,,,,,adit,2025-02-19,non-reimburse,0,1,,,,paid,,2025-07-10,,,,0,0,,
1035,olwJad6hIuyxR!MQtj09pFT2D,0344.SPK/BA.302/BA010102/2025,PENGADAAN RUNNING STORE,2025-02-13,1,5,10,SESUAI DENGAN KESEPAKATAN (REIMBURSEABLE),,0,0,full,,,,inv2,2025-07-11,,proc,2025-02-13,,,log.997,,,,,adit,2025-02-19,cancel,0,,,,,paid,,,,,,0,0,,
1036,E96yQlO*(YZXF^3CRfxDgmsId,0343.SPK/BA.302/BA010102/2025,PENGADAAN PNEUMATIC SCALLING HAMMER,2025-02-13,40,5,10,SESUAI DENGAN KESEPAKATAN (REIMBURSEABLE),,0,0,full,,,,inv2,2025-10-09,,proc,2025-02-13,,,log,,2500000,Merak,,adit,2025-02-19,,989,1,,,,paid,,2025-10-03,,,,0,0,,
1037,Id1qkNjJ9Do2m4B$eQMP*RGX(,0335.SPK/BA.202/BA010102/2025,RUNNING STORE DECK,2025-02-12,40,16,9,SESUAI DENGAN KESEPAKATAN (REIMBURSEABLE),,0,0,full,,,,,,,,,,,,,,,,adit,2025-02-19,,0,1,,,,paid,,2025-12-23,,,,0,1,,
1038,U)%dLmngj^ya4ek2@0QJzCRvK,0258.SPK/BA.101/BA010102/2025,SPAREPART DAN AMPRAHAN MV. MEUTIA BARUNA,2025-02-04,11,17,10,TANJUNG BALAI KARIMUN,,0,0,full,,,,,,,proc,,,,,,,,,adit,2025-02-19,non-reimburse,0,1,,,,paid,,2025-07-31,,,,0,0,,
1039,@i)zjy%x3K6v!Jea9tYZsAFg(,0259.SPK/BA.101/BA010102/2025,PENGADAAN SPAREPART KOMPENSATOR MAIN ENGINE,2025-02-04,11,17,10,TANJUNG BALAI KARIMUN,,0,0,full,,,,inv2,2025-06-09,,proc,2025-02-04,,,,,,,,adit,2025-02-19,non-reimburse,0,,,,,paid,,,,,,0,0,,
1040,uH(a%xEJi9p460!Are7DV$kvt,0244.SPK/BA.101/BA010102/2025,PENAMBAHAN PLC & MONITOR ME SENSOR SYSTEM KONGSBERG,2025-02-03,11,17,10,TANJUNG BALAI KARIMUN,,0,0,full,,,,inv2,2025-10-08,,proc,2025-02-03,,,,,,,,adit,2025-02-19,,0,1,,,,paid,,2025-11-25,,,,0,0,,
1041,c2$6)v70aCfUDdLoPYxwF!b%s,0070.SPK/BP.202/BA010102/2025,PENGADAAN RUNNING STORE ENGINE & DECK,2025-01-10,3,31,4,SESUAI DENGAN KESEPAKATAN (REIMBURSEABLE),,0,0,,,,,,,,proc,,,,,,,,,adit,2025-02-19,,0,,,,,,,,,,,0,0,,
1042,QAe0$cWUIm5OD%Czw!tEZynhB,0053.SPK/BA.302/BA010102/2025,PENGADAAN DECK COMPRESSOR,2025-01-08,7,20,14,SESUAI DENGAN KESEPAKATAN (REIMBURSEABLE),,0,0,full,,,,,,,proc,,,,,,,,,adit,2025-02-19,,2669,1,,,,paid,,2025-11-04,,,,0,1,,
1043,qoOywKcbILh6aGvErUi%S^gQt,0076.SPK/BA.101/BA010102/2025,PEKERJAAN OVERHAUL CONTROLLABLE PITCH PROPELLER,2025-01-10,88,4,40,SESUAI DENGAN KESEPAKATAN (REIMBURSEABLE),,0,0,full,,,,inv2,2025-10-30,,proc,2025-01-10,,,,,,,,adit,2025-02-19,,0,1,,,2025,paid,,,,,,0,0,,
1044,VOtuAl9SGJ!pg(4HwrhkE6Qcj,0068.SPK/BA.101/BA010102/2025,PEKERJAAN PERBAIKAN SISTEM CPP,2025-01-10,90,4,40,SESUAI DENGAN KESEPAKATAN (REIMBURSEABLE),,0,0,full,,,,inv2,2025-07-12,,proc,2025-01-10,,,,,,,,adit,2025-02-19,linked,1043,,,,,paid,,,,,,0,0,,
1045,AfhNXR4lmk!WyqDiU*Bv)9Iew,0072.SPK/BA.101/BA010102/2025,PEKERJAAN SUPERVISI STERNTUBE SEAL,2025-01-10,69,17,5,SESUAI DENGAN KESEPAKATAN (REIMBURSEABLE),,0,0,full,,,,,,,proc,,,,,,,,,adit,2025-02-19,,0,,,,,,,,,,,0,0,,
1046,WdXn6%GI@*Yo327OCpgijmE9T,0051.SPK/BA.302/BA010102/2025,PENGADAAN SPAREPART BRAKE LINING CRANE IHI,2025-01-08,68,32,56,Franco sesuai dengan kesepakatan,,0,0,full,,,,,,,proc,,,,log,,,,,alfin,2025-02-19,cancel,0,,,,,paid,,,,,,0,0,,
1047,bQT@ZJSCNO%upcgIGoW$4^yVw,0058.SPK/BA.302/BA010102/2025,PENGADAAN SPAREPARTS INCINERATOR,2025-01-09,37,20,15,SESUAI DENGAN KESEPAKATAN (REIMBURSEABLE),,0,0,full,,,,inv2,2025-10-29,,proc,,,,,,,,,adit,2025-02-20,,0,1,,,,paid,,2025-10-17,,,,0,0,,
1048,hkTVJW4RuvLYw^%C@6)da$ZxK,2191.SPK/PR.202/BA010102/2025,PERBAIKAN ACTUATOR MAIN ENGINE,2024-12-30,17,7,13,ON BOARD (REIMBURSEABLE),,0,0,full,,,,,,,,,,,,,,,,adit,2025-02-20,,0,,,,,,,,,,,0,0,,
1049,gOYJ$j40RQIvZFGyM5Nk7ScwD,0017.SPK/BA.202/BA010102/2025,PERMINTAAN RUNNING STORE ELECTRICAL,2025-01-06,24,1,10,ON BOARD (REIMBURSEABLE),,0,0,full,,,,inv2,2025-06-18,,proc,2025-01-06,,,log,,3500000,Jepara,onboard kapal,adit,2025-02-20,linked,783,1,,,,paid,,2025-07-09,,,,0,0,,
1050,czl%joBpCYDq374u$nr5WPE)g,0067.SPK/BA.202/BA010102/2025,KEBUTUHAN RUNNING STORE ENGINE DEPT,2025-01-22,40,3,10,On Board (Biaya Transportasi Reimbursable Sesuai Dengan Kesepakatan),,0,0,full,,,,inv2,2025-04-30,,proc,2025-02-10,,,,,,,,alfin,2025-02-22,,0,1,,,,paid,,2025-05-19,,,,0,0,,
1051,XQHE8eGJZsIhCK)o7vNRjxMO^,0265.SPK/PR.202/BA010102/2025,PERBAIKAN COMPRESSOR PROVISION FOR GANDRUM,2025-02-05,61,2,20,SESUAI DENGAN KESEPAKATAN (REIMBURSEABLE),,0,0,full,,,,,,,proc,,,,,,,,,adit,2025-02-24,,0,,,,,paid,,,,,,0,0,,
1052,MJo6eju^PDGW%ritd5sFHx7Sq,0373.SPK/BA.302/BA010102/2025,PENGADAAN SPAREPART DECK,2025-01-17,24,5,10,SESUAI DENGAN KESEPAKATAN (REIMBURSEABLE),,0,0,full,,,,inv2,2025-06-17,,proc,2025-06-17,,,log,,5000000,Merak,,adit,2025-02-24,linked,993,,,,,paid,,,,,,0,0,,
1053,njI3BWx)5NykX7U*6%JidM^Aw,0401.SPK/PR.202/BA010102/2025,ADDITIONAL JASA GEARBOX MAIN ENGINE,2025-01-07,17,4,5,MARCOPOLO SHIPYARD,,0,0,full,,,,inv2,2025-10-19,,proc,2025-01-07,,,,,,,,adit,2025-02-24,,0,1,,,2025,paid,,,,,,0,0,,
1054,U$6VzYdOKm2oXlh%w)IirvGpk,0375.SPK/BA.101/BA010102/2025,PENGADAAN MATERIAL CAT FOR MAINTENANCE DOCKING,2025-02-17,4,21,15,SESUAI DENGAN KESEPAKATAN (REIMBURSEABLE),,0,0,,,,,,,,,2025-02-17,,,,,,,,adit,2025-02-24,,0,,,,,,,,,,,0,0,,
1055,Jbm6dk$CwAa8Q3)YsONx(5!u2,1905.SPK/KU.007/BA010102/2024,"PENGADAAN PORTABLE HARDNESS TESTER, SURVEYMETER DAN PERSONAL DOSIMETER",2024-11-08,74,4,60,Franco kantor  PT Pelayaran Bahtera Adhiguna,,0,0,full,,,,inv2,2025-04-22,,,2024-11-08,,,,,,,,alfin,2025-02-24,non-reimburse,0,1,invest,2025,,paid,,2025-05-19,,,,0,0,,
1056,E3LlFdKTAXD2xqUPHOt*sygru,0386.SPK/BA.17/BA010102/2025,PENGADAAN ELECTRICAL BREAKER & LAMP EQUIPMENT,2025-02-17,1,32,5,SESUAI DENGAN KESEPAKATAN (REIMBURSEABLE),,0,0,full,,,,inv2,2025-06-18,,,2025-02-17,,,log,,8500000,Merak,,adit,2025-02-24,linked,1166,1,,,,paid,,2025-07-09,,,,0,0,,
1057,w7Gc1MTUni!ahzCWd%mXO(*Ek,0385.SPK/BA.17/BA010102/2025,PENGADAAN ELECTRICAL EQUIPMENT,2025-02-17,10,32,10,SESUAI DENGAN KESEPAKATAN (REIMBURSEABLE),,0,0,full,,,,,,,proc,,,,,,,,,adit,2025-02-24,,0,1,,,,paid,,2025-04-30,,,,0,0,,
1058,8RA6smVI@l$0(KWuj*NMi5n%Q,0379.SPK/PR.202/BA010102/2025,PENGADAAN JASA PENORMALAN SERVO MOTOR,2025-02-17,17,32,7,SESUAI DENGAN KESEPAKATAN (REIMBURSEABLE),,0,0,full,,,,,,,proc,,,,,,,,,adit,2025-02-24,non-reimburse,0,1,,,,paid,,2025-03-24,,,,0,0,,
1059,RiLM90w)7kV!3N6JzfSBarZ*A,0333.SPK/PR.202/BA010102/2025,PENGADAAN RUNNING STORE FEBRUARI,2025-02-18,2,21,10,SESUAI DENGAN KESEPAKATAN (REIMBURSEABLE),,0,0,full,,,,inv2,2025-06-17,,,2025-02-18,,,,,,,,adit,2025-02-24,linked,1008,1,,,,paid,,2025-06-23,,,,0,0,,
1060,Lk*Iqf^n)exzd0yXK$ESbs846,0285.SPK/BA.101/BA010102/2025,Fabrikasi Bearing Hydraulic Hatch Cover,2025-02-06,91,17,10,Franko : Tanjung Balai Karimun,,0,0,full,,,,,,,proc,,,,,,,,,alfin,2025-02-25,non-reimburse,0,,,,,paid,,,,,,0,0,,
1061,OMYcvyG$wWlCF6U7DQbetn1Z8,0388.SPK/BA.202/BA010102/2025,PENGADAAN CAT JOTUN,2025-02-18,13,3,10,SESUAI DENGAN KESEPAKATAN (REIMBURSEABLE),,0,0,full,,,,inv2,2025-06-24,,proc,2025-02-18,,,,,,,,adit,2025-02-25,,0,1,,,,paid,,2025-07-10,,,,0,0,,
1062,ng2BfM!l@e)AuG^I61SX0QDK7,0383.SPK/BA.404/BA010102/2025,KEBUTUHAN ACCESS POINT TAMBAHAN MV.RASUNA BARUNA,2025-02-17,56,3,10,SESUAI DENGAN KESEPAKATAN (REIMBURSEABLE),,0,0,full,,,,inv2,2025-06-17,,proc,2025-02-17,,,,,,,,adit,2025-02-25,,0,1,,,,paid,,2025-06-01,,,,0,0,,
1063,8P6lEK1cAOr(Gy0JUTo!XhSs4,0384.SPK/BA.404/BA010102/2025,KEBUTUHAN ACCESS POINT TAMBAHAN MV. ARIMBI BARUNA,2025-02-17,56,7,10,SESUAI DENGAN KESEPAKATAN (REIMBURSEABLE),,0,0,full,,,,inv2,2025-06-17,,proc,2025-02-17,,,,,,,,adit,2025-02-25,,0,,,,,paid,,,,,,0,0,,
1064,Hs4D0d2eYXgRa67rkhfFvT9$i,0261.SPK/BA.101/BA010102/2025,Pengadaan Material Alat Navigasi,2025-02-04,91,17,30,Franko : Tanjung Balai Karimun,,0,0,full,,,,,,,proc,,,,,,,,,alfin,2025-02-25,non-reimburse,0,1,,,,paid,,2025-05-26,,,,0,0,,
1065,0Cb3fP^xWgTs4@%aO1XlzVD78,0257.SPK/BA.101/BA010102/2025,Jasa Retubing Jacket Pre Heater & Flexible Hose Turbo,2025-02-04,91,17,7,Franko : Tanjung Balai Karimun,,0,0,full,,,,,,,proc,,,,,,,,,alfin,2025-02-25,non-reimburse,0,1,,,,paid,,2025-06-23,,,,0,0,,
1066,!XhnT*IldQ3E1gRfrH@K6(Bm0,0284.SPK/BA.101/BA010102/2025,Service Hydraulic Cylinder Hatch Cover No.2 dan No.4,2025-02-06,91,17,10,Franko : Tanjung Balai Karimun,,0,0,full,,,,,,,proc,,,,,,,,,alfin,2025-02-25,non-reimburse,0,1,,,,paid,,2025-05-26,,,,0,0,,
1067,R@GKI5YfJT)xyL7OX6xb3wSuq,0239.SPK/BA.101/BA010102/2025,Sparepart Kebutuhan Pompa Docking,2025-02-03,91,17,7,Franko : Tanjung Balai Karimun,,0,0,full,,,,,,,proc,,,,,,,,,,2025-02-25,,0,1,,,2025,paid,,,,,,0,1,,
1068,sY!Oa5SMznp%qmDygth7LFTb@,0240.SPK/BA.101/BA010102/2025,Fabrikasi dan Rekondisi Sparepart Overhaul Pompa,2025-02-03,91,17,7,Franko : Tanjung Balai Karimun,,0,0,full,,,,inv2,2025-09-03,,proc,2025-02-03,,,,,,,,alfin,2025-02-25,,0,1,,,,paid,,2025-11-25,,,,0,0,,
1069,QD6ctb!TLiP$S0Yn@wfMJzpAg,0394.SPK/BA.17/BA010102/2025,PENGADAAN UNIT RANTAI DAPRA (REPEAT ORDER),2025-02-19,2,23,10,SESUAI DENGAN KESEPAKATAN (REIMBURSEABLE),,0,0,full,,,,,,,,,,,,,,,,adit,2025-02-26,,0,1,,,,paid,,2025-03-27,,,,0,0,,
1070,OXrp8VkNeJ1MYzR)CAW672h@*,2174.SPK/BA.101/BA010102/2024,Running Store Permintaan Electrical,2024-12-11,1,17,6,Franco Sesuai Kesepakatan (Reimburse),,0,0,full,,,,,,,proc,,,,,,,,,admin,2025-02-26,,0,,,,,paid,,,,,,0,0,,
1071,Au)maHeCpzglEDW1ZtMhq(c9b,0381.SPK/BA.202/BA010102/2025,PENGADAAN PERLENGKAPAN DECK & TOOL CLEANING/PAINT DECK,2025-02-17,96,32,60,SESUAI DENGAN KESEPAKATAN (REIMBURSEABLE),,0,0,full,,,,inv2,2025-05-10,,,2025-02-17,,,,,,,,adit,2025-02-26,,0,1,,,,paid,,2025-07-29,,,,0,0,,
1072,HiI^6Vy1T4Jexz59SCd7%A*W!,0091.SPBJ/PR.103/BA010400/2024,Pengadaan Overhaul Turbocharger MV Meutia Baruna,2024-12-09,57,17,10,MV Meutia Baruna,,0,0,full,,,,,,,,,,,,,,,,alfin,2025-02-26,,883,1,,,2025,paid,,,,,,0,0,,
1073,rQZ@fAsB18J(qx2NC7S$I)Tlu,0111.SPK/PR.202/BA010102/2025,PENGADAAN JASA PEMASANGAN EEXI ENGINE POWER LIMIT MAIN ENGINE (MAKER),2025-01-16,86,20,1,ON BOARD (REIMBURSEABLE),,0,0,,,,,,,,proc,,,,,,,,,adit,2025-03-03,,0,,,,,,,,,,,0,0,,
1074,^T@rP4sqE0yJlA82*vGfzbhIw,0428.SPK/PR.202/BA010102/2025,"JASA GRINDING INSITU UNDERSIZE 0,100 MM (CRANK PIN AREA)",2025-02-25,52,5,4,SESUAI DENGAN KESEPAKATAN,,5000000,0,full,,,,,,,proc,,,,,,,,,adit,2025-03-03,non-reimburse,0,1,,,,paid,,2025-05-26,,,,0,0,,
1075,Js*8)oyFc3NQa6gpu2hEiUq0l,0447.SPK/PR.202/BA010102/2025,FABRIKASI ROLLER FAIRLEADER,2025-02-27,61,3,28,SESUAI DENGAN KESEPAKATAN (REIMBURSEABLE),,0,0,full,,,,inv2,2025-06-17,,proc,2025-02-27,,,,,,,,adit,2025-03-03,,0,1,,,,paid,,2025-06-10,,,,0,0,,
1076,fZLx40pFOjiMdsDbB*6cS2z$w,0448.SPK/BA.202/BA010102/2025,PENGADAAN LAPTOP ANJUNGAN,2025-02-27,1,3,5,KANTON PUSAT,,0,0,full,,,,inv2,2025-04-22,,proc,2025-02-27,,,,,,,,adit,2025-03-03,,0,1,,,,paid,,2025-05-19,,,,0,0,,
1077,rkZlWPHe%O)n@yhtUq3!Mfi8z,0427.SPK/PR.202/BA010102/2025,PENGADAAN SEA CHEST STRAINER,2025-02-25,43,3,7,SESUAI DENGAN KESEPAKATAN (REIMBURSEABLE),,0,0,full,,,,inv2,2025-06-23,,proc,2025-02-25,,,,,,,,adit,2025-03-03,linked,1322,1,,,,paid,,2025-07-09,,,,0,0,,
1078,5GEOamQ)s^oBiCV10w@ZLJMk8,0426.SPK/BA.101/BA010102/2025,PENGADAAN MAIN BEARING (LOWER-UPPER) MAIN ENGINE (REPEAT OEDER),2025-02-25,17,20,5,SESUAI DENGAN KESEPAKATAN (REIMBURSEABLE),,0,0,full,,,,,,,proc,,,,,,,,,adit,2025-03-03,,0,1,,,2025,paid,,,,,,0,0,,
1079,Tw4UvuCPxrJXgNafcGhi^dt)z,0338.SPK/BA.101/BA010102/2025,PENGADAAN SPAREPARTS EXHAUST VALVE SPINDLE (REPEAT ORDER),2025-02-14,17,20,5,SESUAI DENGAN KESEPAKATAN (REIMBURSEABLE),,0,0,full,,,,,,,proc,,,,,,,,,adit,2025-03-03,,0,1,,,,paid,,2025-05-19,,,,0,0,,
1080,^H2NdVaQkUo8vtOsw)IYyDKXz,0337.SPK/BA.101/BA010102/2025,PENGADAAN SPAREPARTS CRANKPIN BEARING MAIN ENGINE,2025-02-14,17,20,5,SESUAI DENGAN KESEPAKATAN (REIMBURSEABLE),,0,0,full,,,,inv2,2025-10-25,,proc,2025-02-14,,,log,,19550000,Batam,,adit,2025-03-03,,1173,1,,,2025,paid,,,,,,0,0,,
1081,viwp@tO(0G8NfdR9xa76Z%C!j,0444.SPK/BA.101/BA010102/2025,PENGADAAN RANTAI JANGKAR AKSESORIS,2025-02-26,84,20,6,SESUAI DENGAN KESEPAKATAN (REIMBURSEABLE),,0,0,full,,,,inv2,2025-04-29,,proc,2025-02-26,,,,,,,,adit,2025-03-03,,0,1,,,2025,paid,,,,,,0,0,,
1082,sGAM%*jvlJqni(uUgTz^!CFcH,0405.SPK/BA.101/BA010102/2025,PENGADAAN SHAFT ROD HIDROLIK SILINDER HATCH COVER KM LATIFAH BARUNA,2025-02-21,7,20,7,SESUAI DENGAN KESEPAKATAN (REIMBURSEABLE),,0,0,full,,,,inv2,2025-06-17,,proc,2025-02-21,,,,,,,,adit,2025-03-03,,1216,1,,,2025,paid,,,,,,0,0,,
1083,nOt)h0wbxZy!lCo3EdHJk^pMq,0454.SPK/BA.101/BA010102/2025,PENGADAAN JASA PERBAIKAN AC SYSTEM,2025-02-27,7,4,7,MARCOPOLO SHIPYARD,,0,0,,,,,,,,proc,,,,,,,,,adit,2025-03-04,non-reimburse,0,,,,,,,,,,,0,0,sudah selesai dikerjakan,2025-09-01
1084,OZfW4@$1xYUihg8MLaQ%u)DbE,0446.SPK/BA.17/BA010102/2025,PENGADAAN FLANGE HYDRAULIC & BOLT,2025-02-27,97,3,10,SESUAI DENGAN KESEPAKATAN (REIMBURSEABLE),,0,0,full,,,,inv2,2025-04-25,,proc,2025-02-27,,,,,,,,adit,2025-03-04,linked,1013,1,,,,paid,,2025-05-15,,,,0,0,,
1085,UtB3o!@d7l9^cuJAIzWE5Zph1,0449.SPK/BA.302/BA010102/2025,PENGADAAN SPAREPART AUX COOLING S.W PUMP,2025-02-27,17,3,30,SESUAI DENGAN KESEPAKATAN (REIMBURSEABLE),,0,0,full,,,,inv2,2025-07-08,,proc,2025-02-27,,,,,,,,adit,2025-03-04,,0,1,,,,paid,,2025-07-21,,,,0,0,,
1086,@3r)VQoemIlCw(ntEBHJa9DuG,0452.SPK/BA.17/BA010102/2025,PENGADAAN ELEKTRIK RUNNING STORE,2025-02-27,1,2,5,SESUAI DENGAN KESEPAKATAN (REIMBURSEABLE),,0,0,full,,,,inv2,2025-06-18,,proc,2025-02-27,,,,,,,,adit,2025-03-04,,0,1,,,,paid,,2025-07-09,,,,0,0,,
1087,*E9xzFfK6QytepjVauc!MnO1Z,0450.SPK/BA.302/BA010102/2025,PENGADAAN VALVE AUX. SEA WATER,2025-02-27,21,3,10,SESUAI DENGAN KESEPAKATAN (REIMBURSEABLE),,0,0,full,,,,inv2,2025-04-25,,proc,2025-02-27,,,,,,,,adit,2025-03-04,,0,1,,,,paid,,2025-05-15,,,,0,0,,
1088,pF4oL1CJOT$eDXw(EzZmisNKt,0440.SPK/BA.202/BA010102/2025,PENGADAAN HOISTING DAN LUFFING PUMP DECK CRANE,2025-02-26,17,2,14,SESUAI DENGAN KESEPAKATAN (REIMBURSEABLE),,0,0,full,,,,inv2,2025-06-18,,proc,2025-02-26,,,,,,,,adit,2025-03-04,,0,,,,,paid,,,,,,0,0,,
1089,SDjRotHZNfvC(bdig34c6*2Ek,0425.SPK/BA.101/BA010102/2025,PENGADAAN ADDITIONAL SPAREPARTS OVERHAUL GOVERNOR AUXILIARY ENGINE,2025-02-25,93,20,11,BATAM,,0,0,full,,,,,,,proc,,,,,,,,,adit,2025-03-04,non-reimburse,0,,,,,,,,,,,0,1,,
1090,D8nH0z95eit(XyJ3T4IFclOhL,0279.SPK/PR.202/BA010102/2025,PENGADAAN JASA PERBAIKAN GEARBOX MAIN ENGINE,2025-02-07,5,8,7,ON BOARD (REIMBURSEABLE),,0,0,full,,,,inv2,2025-04-23,,proc,2025-02-07,,,,,,,,adit,2025-03-04,,0,1,,,,paid,,2025-05-16,,,,0,0,,
1091,9MQh%xkKrpG8svalJVye5unLB,0280.SPK/PR.202/BA010102/2025,PENGADAAN JASA PERBAIKAN ROLLER JANGKAR,2025-02-07,5,8,7,ON BOARD (REIMBURSEABLE),,0,0,full,,,,inv2,2025-04-23,,proc,2025-02-07,,,,,,,,adit,2025-03-04,,0,1,,,,paid,,2025-05-16,,,,0,0,,
1092,juQB7(RUXe$MCGoxzYNaZ5!Hl,0474.SPK/BA.101/BA010102/2025,PENGADAAN BEARING ELECTROMOTORS,2025-03-03,42,20,3,KANTOR PUSAT,,0,0,full,,,,inv2,2025-09-25,,proc,,,,,,,,,adit,2025-03-04,,0,1,,,,paid,,2025-10-03,,,,0,0,,
1093,LBi(d2RMfeFxJZYI!jzV^Tywp,0442.SPK/BA.17/BA010102/2025,WATER INGGRESS MODUL,2025-03-03,17,7,7,SESUAI DENGAN KESEPAKATAN,,0,0,full,,,,inv2,2025-07-08,,,2025-03-03,,,,,,,,adit,2025-03-04,non-reimburse,0,1,,,,paid,,2025-07-17,,,,0,0,,
1094,m6qHzjvLD)y9gIb1^AtGw2c0n,0490.SPK/BA.202/BA010102/2025,RUNNING STORE ENGINE,2025-03-03,2,6,18,SESUAI DENGAN KESEPAKATAN (REIMBURSEABLE),,0,0,full,,,,,,,proc,,,,,,,,,adit,2025-03-05,,0,1,,,,paid,,2025-05-26,,,,0,0,,
1095,MaV(kOim1bPxK9dWf57Sp@hqy,0493.SPK/BA.202/BA010102/2025,PENGADAAN ENGINE RUNNING STORE,2025-03-03,2,1,14,SESUAI DENGAN KESEPAKATAN (REIMBURSEABLE),,0,0,full,,,,inv2,2025-04-25,,proc,2025-03-03,,,,,,,,adit,2025-03-05,linked,1003,,,,,paid,,,,,,0,0,,
1096,TJt$li*rDPX2Lv@O3g!MAn4Qu,0518.SPK/BP.202/BA010102/2025,PENGADAAN RUNNING STORE DECK,2025-03-04,2,20,12,SESUAI DENGAN KESEPAKATAN (REIMBURSEABLE),,0,0,full,,,,inv2,2025-07-22,,proc,,,,log.1456,,,,,adit,2025-03-05,,0,1,,,,paid,,2025-07-25,,,,0,0,,
1097,6BOfHmEgb3NhktAV2pqWaJr4$,0532.SPK/BP.302/BA010102/2025,PENGADAAN SPAREPART CRANKPIN BEARING ENGINE 5DK20,2025-03-05,17,5,10,SESUAI DENGAN KESEPAKATAN (REIMBURSEABLE),,0,0,full,,,,,,,proc,,,,,,,,,adit,2025-03-05,,0,1,,,,paid,,2025-04-30,,,,0,0,,
1098,VC9h6*ZoO1E@XqQi!wWaGy2$S,0495.SPK/BA.202/BA010102/2025,PENGADAAN ENGINE RUNNING STORE,2025-03-03,1,1,7,SESUAI DENGAN KESEPAKATAN (REIMBURSEABLE),,0,0,full,,,,inv2,2025-04-22,,proc,2025-03-03,,,,,,,,adit,2025-03-06,linked,1030,,,,,paid,,,,2025-03-17,Sesuai Schedule kapal,0,0,,
1099,DLKxMOnlf3oNjg)!v%HZu9W5C,0475.SPK/BA.202/BA010102/2025,PENGADAAN FUSE 3A,2025-03-03,42,2,3,JAKARTA (REIMBURSABLE),,0,0,full,,,,,,,proc,,,,,,,,,adit,2025-03-06,,0,1,,,,paid,,2025-05-26,,,,0,0,,
1100,$8XxSKAzD0ncJI(5RmtF9)k7h,0486.SPK/BA.202/BA010102/2025,PENGADAAN CAT,2025-03-03,13,8,10,SESUAI DENGAN KESEPAKATAN (REIMBURSEABLE),,0,0,,,,,,,,proc,,,,,,,,,adit,2025-03-06,,0,,,,,,,,,,,0,0,Barang sudah siap,2025-08-08
1101,9@Ari!1)K7nMEt2dGCSeNYImz,0501.SPK/BP.302/BA010102/2025,PENGADAAN BEARING JIB CRANE,2025-03-04,1,20,3,KOTA TUA,,0,0,full,,,,inv2,2025-04-22,,proc,2025-03-04,,,,,,,,adit,2025-03-06,linked,1022,1,,,,paid,,2025-05-19,,,,0,0,,
1102,xPr*ai$Nqu!cW(G@SROlm8Yj),0443.SPK/BA.17/BA010102/2025,RUNNING STORE ENGINE,2025-03-03,1,6,5,SESUAI DENGAN KESEPAKATAN (REIMBURSEABLE),,0,0,full,,,,inv2,2025-07-12,,proc,2025-04-03,,,log,,4500000,Tarahan,,adit,2025-03-06,linked,1029,,,,,paid,,,,,,0,0,,
1103,0ZCL4iDYxsWSE*m!P(rl3zjd2,0517.SPK/BA.17/BA010102/2025,PENGADAAN WIRE DECK,2025-03-04,31,20,10,SESUAI DENGAN KESEPAKATAN (REIMBURSEABLE),,0,0,full,,,,inv2,2025-06-17,,proc,2025-03-04,,,,,,,,adit,2025-03-06,linked,1007,1,,,,paid,,2025-06-23,,,,0,0,,
1104,Y1smk$ih)UOWKx%c!gIlSjLqb,0515.SPK/BP.202/BA010102/2025,RUNNING STORE ENGINE DEPT,2025-03-04,2,6,18,SESUAI DENGAN KESEPAKATAN (REIMBURSEABLE),,0,0,full,,,,inv2,2025-04-25,,proc,2025-03-04,,,,,,,,adit,2025-03-06,linked,995,,,,,paid,,,,,,0,0,,
1105,oxB*I6t)3iS%ECZ$fqbamRy78,0531.SPK/PR.202/BA010102/2025,PENGADAAN JASA OVERHAUL GOVERNOR AE,2025-03-04,11,32,20,GUDANG TEBET,,0,0,full,,,,inv2,2025-04-23,,proc,2025-03-04,,,,,,,,adit,2025-03-06,non-reimburse,0,,,,,paid,,,,,,0,0,,
1106,(L5mzSd8kM71PxT^9DVgQBU4w,0513.SPK/BA.101/BA010102/2025,PENGADAAN MATERIAL KEBUTUHAN DOCKING (SESUAI INSPEKSI),2025-03-04,11,20,3,KOTA TUA,,0,0,full,,,,inv2,2025-05-10,,proc,2025-03-04,,,,,,,,adit,2025-03-06,,0,1,,,2025,paid,,,,,,0,0,,
1107,og6)3AajL!JO$N24pGcfrWF8B,0524.SPK/BA.101/BA010102/2025,PENGADAAN ADDITIONAL BEARING SHEAVE CRANE,2025-03-04,84,20,14,BATAM,,0,0,full,,,,inv2,2025-04-23,,proc,2025-03-04,,,,,,,,adit,2025-03-06,,0,1,,,2025,paid,,,,,,0,0,,
1108,7M)uR09m(3KZ8!lypHBxJW4$e,C.0016/BA.302/DIV.RENDALHAR-2025,PENGADAAN SEACHEST VALVE & OVERBOARD VALVE,2025-01-05,84,17,4,SESUAI DENGAN KESEPAKATAN,,0,0,full,,,,,,,,,,,,,,,,adit,2025-03-06,non-reimburse,0,1,,,,paid,,2025-05-26,,,,0,0,,
1109,zmexOjwd!uga8oKS@c%JLMpi7,0496.SPK/BA.202/BA010102/2025,RUNNING STORE PAINT DECK AND ENGINE,2025-03-03,13,6,14,SESUAI DENGAN KESEPAKATAN (REIMBURSEABLE),,0,0,,,,,,,,proc,,,,,,,,,adit,2025-03-06,,0,,,,,,,,,,,0,0,Barang sudah siap,2025-08-08
1110,PpJgb$FT39CSKR5X@McxQiN%U,0508.SPK/BA.101/BA010102/2025,PENGADAAN BAUT CONSUMABLES DAN JASA REFILL TABUNG OKSIGEN,2025-03-03,11,4,7,SESUAI DENGAN KESEPAKATAN (REIMBURSEABLE),,0,0,full,,,,,,,proc,,,,,,,,,adit,2025-03-07,,0,1,,,,paid,,2025-07-17,,,,0,0,,
1111,X*!KDs^GgJTcd$LfQh92qUwH8,0266.SPK/BA.101/BA010102/2025,PENGADAAN LAMPU FLUORESCENT PENDANT WATERTIGHT,2025-01-05,84,4,14,SESUAI DENGAN KESEPAKATAN (REIMBURSEABLE),,0,0,full,,,,inv2,2025-04-23,,proc,2025-01-05,,,log,,,,,adit,2025-03-07,cancel,0,,,,,paid,,,,2025-02-10,Sesuai Schedule kapal,0,0,,
1112,cy4*Iu8rz!LKe)UHT@13RMtws,0536.SPK/BA.101/BA010102/2025,PENGADAAN ADDITIONAL BEARING AUXILIARY ENGINE,2025-03-06,17,4,15,SESUAI DENGAN KESEPAKATAN (REIMBURSEABLE),,0,0,full,,,,inv2,2025-08-05,,proc,2025-03-06,,,,,,,,adit,2025-03-07,,0,1,,,,paid,,2025-08-28,,,,0,0,,
1113,OpN@V6r9IEzHmdK8i4h37Jc0W,0535.SPK/BA.101/BA010102/2025,PENGADAAN ADDITIONAL SPAREPARTS  AUXILIARY ENGINE,2025-03-06,17,4,15,SESUAI DENGAN KESEPAKATAN (REIMBURSEABLE),,0,0,full,,,,inv2,2025-08-05,,proc,2025-03-06,,,,,,,,adit,2025-03-07,,0,1,,,,paid,,2025-08-28,,,,0,0,,
1114,RZXv1C@ST7QtLdqi4IuaNeYoA,0548.SPK/BA.302/BA010102/2025,PENGADAAN SPAREPART TURBOCHARGER AE KM LATIFAH BARUNA,2025-03-06,57,20,10,BATAM,,0,0,full,,,,inv2,2025-06-26,,,2025-03-06,,,,,,,,adit,2025-03-07,non-reimburse,0,,,,,paid,,,,,,0,0,,
1115,fi!ZTM167Wlqbg95p2d)3YkFj,0416.SPK/PR.202/BA010102/2025,PENGADAAN JASA & SPAREPART PENORMALAN AE (STARDBOARD),2025-02-24,5,10,7,ON BOARD,,0,0,full,,,,inv2,2025-04-23,,proc,2025-02-24,,,,,,,,adit,2025-03-07,non-reimburse,0,,,,,paid,,,,,,0,0,,
1116,jX0@QwTodEg(z4B5h7sK)b*tx,0424.SPK/BA.302/BA010102/2025,PENGADAAN GEARBOX MOTOR MAIN ENGINE,2025-02-24,17,32,55,SESUAI DENGAN KESEPAKATAN (REIMBURSEABLE),,0,0,full,,,,inv2,2025-06-23,,,2025-02-24,,,,,,,,adit,2025-03-07,,0,1,,,,paid,,2025-07-09,,,,0,0,,
1117,1Jpozxg3WH!%UIS(RAjLk@Q9B,0434.SPK/BA.302/BA010102/2025,PENGADAAN SPAREPARTS MAIN AIR COMPRESSOR,2025-02-25,17,32,20,SESUAI DENGAN KESEPAKATAN (REIMBURSEABLE),,0,0,full,,,,,,,,,,,,,,,,adit,2025-03-07,,0,1,,,,paid,,2025-07-09,,,,0,0,,
1118,lGOqTAFNyseW*9@ZwRpfE^z2x,0355.SPK/BA.302/BA010102/2025,PENGADAAN SPAREPARTS GS PUMP,2025-03-19,94,32,45,SESUAI DENGAN KESEPAKATAN (REIMBURSEABLE),,0,0,full,,,,inv2,2025-07-12,,proc,2025-02-19,,,,,,,,adit,2025-03-07,,0,,,,,paid,,,,,,0,0,,
1119,PsHFRlO@!Gc1KiA7X^5e6JBrp,0491.SPK/BA.302/BA010102/2025,PENGADAAN SPAREPARTS HFO PURIFIER,2025-03-03,17,32,20,SESUAI DENGAN KESEPAKATAN (REIMBURSEABLE),,0,0,full,,,,,,,proc,,,,,,,,,adit,2025-03-07,,0,1,,,,paid,,2025-06-24,,,,0,0,,
1120,ANDpmtKjVPg!i4978vwfE2T0Z,0560.SPK/BA.302/BA010102/2025,PENGADAAN SPAREPARTS AUXILIARY ENGINE,2025-03-07,17,16,14,SESUAI DENGAN KESEPAKATAN (REIMBURSEABLE),,0,0,full,,,,inv2,2025-07-08,,proc,2025-03-07,,,,,,,,adit,2025-03-10,,0,1,,,,paid,,2025-07-21,,,,0,0,,
1121,5)Mei%ZuNaAxmkf6jc!YtDXF4,0559.SPK/BA.302/BA010102/2025,PENGADAAN SPAREPARTS MAIN AIR COMPRESSOR,2025-03-07,17,16,10,SESUAI DENGAN KESEPAKATAN (REIMBURSEABLE),,0,0,full,,,,inv2,2025-06-18,,proc,2025-03-07,,,,,,,,adit,2025-03-10,,0,,,,,paid,,,,,,0,0,,
1122,Gkip3rgsw2EVCfuqzxbTOYeWh,0538.SPK/BA.17/BA010102/2025,PENGADAAN RUNNING STORE DECK,2025-03-05,21,20,10,SESUAI DENGAN KESEPAKATAN (REIMBURSEABLE),,0,0,full,,,,inv2,2025-06-18,,proc,2025-03-05,,,,,,,,adit,2025-03-10,,0,,,,,paid,,,,,,0,0,,
1123,w0R8bnUOP9hS(Jp4eko@xlaM%,0561.SPK/BA.202/BA010102/2025,PENGADAAN GLASS WOOL ALUMINIUM FOIL,2025-03-07,1,17,3,SESUAI DENGAN KESEPAKATAN (REIMBURSEABLE),,0,0,full,,,,inv2,2025-05-04,,proc,2025-03-07,,,,,,,,adit,2025-03-10,,0,,,,,paid,,,,,,0,0,,
1124,qky@Xa4jDO0UEwRg)ACGe9uKi,0558.SPK/BA.202/BA010102/2025,PERBAIKAN TUBROCHARGER AUX ENGINE,2025-03-07,57,7,18,SESUAI DENGAN KESEPAKATAN (REIMBURSEABLE),,0,0,full,,,,inv2,2025-06-17,,proc,2025-03-07,,,,,,,,adit,2025-03-10,linked,1362,,,,,paid,,,,,,0,0,,
1125,r0jW2)J^8g1IRPfcNUXmwu%*o,0557.SPK/BA.302/BA010102/2025,PENGADAAN ROLLER DAN CABLE GRABS,2025-03-07,24,16,7,SESUAI DENGAN KESEPAKATAN (REIMBURSEABLE),,0,0,full,,,,inv2,2025-06-17,,proc,2025-03-07,,,log,,1500000,Merak,2000000,adit,2025-03-10,linked,991,1,,,,paid,,2025-06-23,,,,0,0,,
1126,tpMzsKmGuW%e(0cd2gDTA8SvR,0528.SPK/BA.17/BA010102/2025,RUNNING STORE CAT DAN THINNER,2025-03-04,13,31,20,SESUAI DENGAN KESEPAKATAN (REIMBURSEABLE),,0,0,,,,,,,,proc,,,,,,,,,adit,2025-03-10,,0,,,,,,,,,,,0,0,Barang sudah dikirim,2025-09-12
1127,XgWLlHCe@bQG5npz6yIts!AdF,0537.SPK/BA.202/BA010102/2025,PENGADAAN CONSUMABLES FEBRUARI,2025-03-06,2,29,10,SESUAI DENGAN KESEPAKATAN (REIMBURSEABLE),,0,0,full,,,,inv2,2025-04-25,,proc,2025-03-11,,,,,,,,adit,2025-03-10,linked,994,,,,,paid,,,,,,0,0,,
1128,DcQeTzPqb%*OR@nsEvf9jiMZ0,0555.SPK/BA.202/BA010102/2025,RUNNING STORE ENGINE,2025-03-06,2,7,17,SESUAI DENGAN KESEPAKATAN (REIMBURSEABLE),,0,0,full,,,,inv2,2025-06-23,,proc,2025-03-06,,,,,,,,adit,2025-03-10,linked,1246,,,,,paid,,,,,,0,0,,
1129,lC7J2RODiqVYwMjn0!PQFrKfa,0554.SPK/BA.202/BA010102/2025,RUNNING STORE ENGINE,2025-03-06,24,7,14,SESUAI DENGAN KESEPAKATAN (REIMBURSEABLE),,0,0,full,,,,inv2,2025-06-17,,proc,2025-03-06,,,,,,,,adit,2025-03-10,linked,1175,,,,,paid,,,,,,0,0,,
1130,@R6!ScnZKhzlv4Cgq3m8i0rGO,0519.SPK/BA.202/BA010102/2025,PENGADAAN RUNNING STORE & ATK,2025-03-04,1,20,7,SESUAI DENGAN KESEPAKATAN (REIMBURSEABLE),,0,0,full,,,,inv2,2025-06-23,,proc,2025-03-04,,,log,,3000000,Tarahan,,,2025-03-10,linked,1178,,,,,paid,,,,,,0,0,,
1131,Ql(to6GDTY53fgOR1IB!vmyJW,0506.SPK/BA.101/BA010102/2025,PENGADAAN FLANGE DAN OIL SEAL,2025-03-03,11,4,7,SESUAI DENGAN KESEPAKATAN (REIMBURSEABLE),,0,0,full,,,,inv2,2025-04-22,,proc,2025-03-03,,,,,,,,adit,2025-03-10,,0,1,,,,paid,,2025-05-19,,,,0,0,,
1132,KuxTopSkNAM0$rLOQ87bh)(WG,0580.SPK/BA.302/BA010102/2025,PENGADAAN SPAREPARTS ME MITSUBISHI,2025-03-10,17,10,5,SESUAI DENGAN KESEPAKATAN (REIMBURSEABLE),,0,0,full,,,,,,,proc,,,,,,,,,adit,2025-03-10,,0,1,,,,paid,,2025-05-26,,,,0,0,,
1133,sDtbxuT48NwPEeWkqaz!i*B%M,0578.SPK/BA.17/BA010102/2025,PENGADAAN ENGINE RUNNING STORE,2025-03-10,1,8,5,SESUAI DENGAN KESEPAKATAN (REIMBURSEABLE),,0,0,full,,,,inv2,2025-06-17,,proc,2025-03-10,,,,,,,,adit,2025-03-11,linked,1027,1,,,,paid,,2025-06-23,,,,0,0,,
1134,6n3aNM%Ww!XEJYDi71(quFB*t,0587.SPK/BA.202/BA010102/2025,PENGADAAN CAT,2025-03-10,4,27,20,SESUAI DENGAN KESEPAKATAN (REIMBURSEABLE),,0,0,full,,,,inv2,2025-06-18,,proc,2025-03-10,,,,,,,,adit,2025-03-11,,0,,,,,paid,,,,,,0,0,,
1135,PupLtcmFS3G7OgC(oQhlZb64j,0596.SPK/PR.202/BA010102/2025,PENGADAAN RUST REMOVAL MACHINE,2025-03-11,2,32,55,SESUAI DENGAN KESEPAKATAN (REIMBURSEABLE),,0,0,full,,,,inv2,2025-06-26,,proc,2025-03-11,,,,,,,,adit,2025-03-12,,0,1,,,,paid,,2025-07-10,,,,0,0,,
1136,EK*g)MkNW98hmevdVLu^zfFC7,0594.SPK/BA.302/BA010102/2025,PENGADAAN SPAREPARTS DECK CRANE (COM),2025-03-11,37,20,140,SESUAI DENGAN KESEPAKATAN (REIMBURSEABLE),,0,0,full,,,,,,,proc,,,,,,,,,adit,2025-03-13,,0,,,,,,,,,,,0,1,,
1137,yjD@!8h$fawXSOHeB0C^74iAM,0593.SPK/BA.202/BA010102/2025,PENGADAAN MOORING EQUIPMENT,2025-03-11,1,27,3,SESUAI DENGAN KESEPAKATAN (REIMBURSEABLE),,0,0,full,,,,inv2,2025-04-27,,proc,2025-03-11,,,,,,,,adit,2025-03-13,linked,1028,1,,,,paid,,2025-05-19,,,,0,0,,
1138,HAkZVK)tdDgFuhlG9E47wMyNx,0602.SPK/BA.202/BA010102/2025,PENGADAAN MATERIAL ELECTRICAL,2025-03-12,1,32,8,SESUAI DENGAN KESEPAKATAN (REIMBURSEABLE),,0,0,full,,,,inv2,2025-06-18,,proc,2025-03-12,,,log.1056,,,,,adit,2025-03-13,cancel,0,,,,,paid,,,,,,0,0,,
1139,N3^!hQ7ytwkxdriWcI8GmjEaY,0595.SPK/BA.101/BA010102/2025,PENGADAAN PLUNGER BARREL AE,2025-03-12,37,20,8,SESUAI DENGAN KESEPAKATAN (REIMBURSEABLE),,0,0,full,,,,inv2,2025-06-18,,proc,2025-03-12,,,,,,,,adit,2025-03-13,,0,1,,,,paid,,2025-06-23,,,,0,0,,
1140,4Kx^58Mf*CaH3eZGkSRhQ!@$2,0608.SPK/BA.302/BA010102/2025,SPAREPARTS AUXILIARY ENGINE,2025-03-12,17,7,30,SESUAI DENGAN KESEPAKATAN (REIMBURSEABLE),,0,0,full,,,,inv2,2025-07-08,,proc,2025-03-12,,,,,,,,adit,2025-03-13,,0,1,,,,paid,,2025-07-21,,,,0,0,,
1141,n^5LcK61tvVQPhS2!NuHqM0(x,0609.SPK/BA.302/BA010102/2025,RUNNING STORE DECK,2025-03-12,1,7,5,SESUAI DENGAN KESEPAKATAN (REIMBURSEABLE),,0,0,full,,,,inv2,2025-06-23,,proc,2025-03-12,,,,,,,,adit,2025-03-13,,0,,,,,paid,,,,,,0,0,,
1142,t01xrkLHf%)gJdZ@j^7*EYwi(,0606.SPK/BA.302/BA010102/2025,PENGADAAN WIRE GANGWAY,2025-03-12,35,20,5,SESUAI DENGAN KESEPAKATAN (REIMBURSEABLE),,0,0,full,,,,,,,proc,,,,,,,,,adit,2025-03-14,,0,1,,,,paid,,2025-08-06,,,,0,0,,
1143,ADB2)urbY9xtWd4vlo^m@Cfyw,0619.SPK/BA.302/BA010102/2025,PENGADAAN SPAREPARTS COOLER AUXILIARY ENGINE,2025-03-13,17,20,45,SESUAI DENGAN KESEPAKATAN (REIMBURSEABLE),,0,0,full,,,,inv2,2025-07-08,,proc,2025-03-13,,,,,,,,adit,2025-03-14,linked,1741,1,,,,paid,,2025-07-21,,,,0,0,,
1144,v)*ZKQH3OhJDgV9T!a6oiAGxf,0618.SPK/BA.101/BA010102/2025,PENGADAAN JASA PENGECEKAN DAN PERBAIKAN BOOM CRANE,2025-03-13,11,20,5,SESUAI DENGAN KESEPAKATAN (REIMBURSEABLE),,0,0,full,,,,inv2,2025-10-25,,proc,2025-03-13,,,,,,,,adit,2025-03-14,,0,1,,,2025,paid,,,,,,0,0,,
1145,c239AZV1Prnjp8hBf24DKFU61,0607.SPK/BA.302/BA010102/2025,SPAREPARTS PUMP,2025-03-13,17,6,30,SESUAI DENGAN KESEPAKATAN (REIMBURSEABLE),,0,0,full,,,,,,,proc,,,,,,,,,adit,2025-03-14,,0,1,,,,paid,,2025-07-31,,,,0,0,,
1146,sSON7xdUPH3FyWn5mJa0EK!kg,0008.SPBJ/PR.103/BA010400/2025,Pengadaan Sparepart Docking Main Engine Doosan MAN B&W 6S50MC-C MV Latifah Baruna (COM),2025-01-10,30,20,45,Onboard Latifah Baruna,,0,0,full,,,,inv2,2025-05-23,,,2025-01-10,,,,,,,,admin,2025-03-17,,1163,1,,,2025,paid,,,,,,0,0,,
1147,cS0UMthGivOE@X6gk9Q2%WPCx,0626.SPK/BA.101/BA010102/2025,SPAREPART TAMBAHAN PERBAIKAN CPP DAN JASA PERBAIKAN OT BOX CPP NAKASHIMA,2025-03-14,90,4,75,ON BOARD (REIMBURSEABLE),,0,0,full,,,,inv2.2,2025-10-29,,,2025-03-14,,,log,,29468033.5,Jakarta,,adit,2025-03-19,linked,1243,1,,,,,1,2025-07-10,,,,2,1,,
1148,$b8Xt6FedI9l@1yZNxKkqM%BE,0625.SPK/BA.101/BA010102/2025,BENCH TEST GOVERNOR AE 3,2025-03-14,94,17,20,SESUAI DENGAN KESEPAKATAN (REIMBURSEABLE),,0,0,full,,,,,,,proc,,,,,,,,,adit,2025-03-19,,0,,,,,,,,,,,0,0,,
1149,GZMpN^cx307aOfFsKWqIlJPSV,0624.SPK/BA.101/BA010102/2025,OVERHAUL GOVERNOR,2025-03-14,94,4,20,SESUAI DENGAN KESEPAKATAN (REIMBURSEABLE),,0,0,full,,,,inv2,2025-08-15,,proc,2025-03-14,,,,,,,,adit,2025-03-19,,0,1,,,,paid,,2025-09-08,,,,0,0,,
1150,19TKBItbZM!UuhfyDHocGvEm(,0676.SPK/BA.302/BA010102/2025,PENGADAAN SPAREPARTS TURBICHARGER ME & SEAL AE,2025-03-18,11,23,5,SESUAI DENGAN KESEPAKATAN (REIMBURSEABLE),,0,0,full,,,,inv2,2025-06-17,,proc,2025-03-18,,,,,,,,adit,2025-03-19,,0,1,,,,paid,,2025-06-24,,,,0,0,,
1151,2G)RqF0p$CJZUhEx1LgKfkdWT,0677.SPK/BA.202/BA010102/2025,"PENGADAAN UNIT JANGKAR, RANTAI JANGKAR, SWIEVEL & KENTER SHACKLE",2025-03-18,31,22,5,SESUAI DENGAN KESEPAKATAN (REIMBURSEABLE),,0,0,full,,,,inv2,2025-06-17,,proc,2025-03-18,,,log,,3800000,Indramayu,,adit,2025-03-19,linked,1179,1,,,,paid,,2025-06-23,,,,0,0,,
1152,yXa8u5lOKU9B@PHjDqt1JmQ^Z,0109.SPBJ/PR.103/BA010400/2024,Pengadaan Conveyor Outer Belt MV Adhiguna Tarahan,2024-12-30,41,4,65,Franco Onboard,,0,0,full,,,,,,,,,,,,,,,,admin,2025-03-20,non-reimburse,834,1,invest,2025,,paid,,2025-04-17,,,,0,0,,
1153,DWUS(^ZhTeuIf)Qm1JVL@stxn,0013.SPK/BA.101/BA010102/2025,Pengadaan Material Hot Splicing,2025-01-03,41,4,30,Franco Onboard,,0,0,full,,,,,,,proc,,,,,,,,,admin,2025-03-20,linked,996,4,,,,paid,,,,,,0,0,,
1154,omI7%Dtxyf9nZpBq*wNjizHW0,0275.SPK/BA.302/BA010102/2025,SPAREPARTS AUXILIARY ENGINE,2025-02-06,16,7,10,On Board (Biaya Transportasi Reimbursable Sesuai Dengan Kesepakatan),,1000000,0,full,,,,inv2,2025-06-17,,proc,2025-02-06,,,,,,,,alfin,2025-03-22,,0,1,,,,paid,,2025-09-23,,,,0,0,,
1155,$6aYsqivdFQBlcW^fI0ynwugV,0691.SPK/BA.202/BA010102/2025,PENGADAAN MATERIAL CAT JOTUN,2025-03-21,13,32,13,SESUAI DENGAN KESEPAKATAN (REIMBURSEABLE),,0,0,full,,,,,,,proc,,,,,,,,,adit,2025-03-24,,2798,1,,,,paid,,2025-12-17,,,,0,1,Barang sudah siap,2025-08-08
1156,mirKt)3$kZ1InR6MluV4UY5ew,0690.SPK/BA.202/BA010102/2025,PENGADAAN MATERIAL DAN JASA PEMASANGAN RAILING CRANE 1 DAN 2,2025-03-21,58,32,25,SESUAI DENGAN KESEPAKATAN (REIMBURSEABLE),,0,0,full,,,,inv2,2025-06-30,,proc,2025-03-21,,,,,,,,adit,2025-03-24,,1575,2,,,,paid,,2025-09-11,,,,0,0,,
1157,zFHbJnoeKxl37jVu1rvy)$MhZ,0645.SPK/BA.202/BA010102/2025,PENGADAAN RUNNING STORE MARET,2025-03-14,2,32,18,SESUAI DENGAN KESEPAKATAN (REIMBURSEABLE),,0,0,full,,,,inv2,2025-06-17,,proc,2025-03-14,,,log.1176,,,,,adit,2025-03-24,cancel,0,1,,,,paid,,2025-06-24,,,,0,0,,
1158,bjqpOWJnF05L8Mf63hm1D$*xi,0565.SPK/BA.101/BA010102/2025,JASA OVERHAUL ELECTRIC MOTOR (CONVEYOR),2025-03-07,88,4,40,SESUAI DENGAN KESEPAKATAN (REIMBURSEABLE),,0,0,full,,,,inv2,2025-10-29,,,2025-03-07,,,,,,,,adit,2025-03-25,,0,1,,,,paid,,2025-10-17,,,,0,0,,
1159,OKMzWtdGirQf)x03q%9(k!$I7,0723.SPK/BA.101/BA010102/2025,JASA OVERHAUL VARIOUS ELECTRIC MOTOR ON DECK & TUNNEL,2025-03-24,88,4,40,SESUAI DENGAN KESEPAKATAN (REIMBURSEABLE),,0,0,full,,,,inv2,2025-10-30,,,2025-03-24,,,,,,,,adit,2025-03-25,,0,1,,,,paid,,2025-10-17,,,,0,0,,
1160,PrBK2UuwGedgTQ(q%kF$9CXM^,0603.SPK/BA.302/BA010102/2025,JASA OVERHAUL VARIOUS ELECTRIC MOTOR IN ENGINE ROOM,2025-03-12,88,4,40,SESUAI DENGAN KESEPAKATAN (REIMBURSEABLE),,0,0,full,,,,inv2,2025-09-25,,,2025-03-12,,,,,,,,adit,2025-03-25,,0,1,,,,paid,,2025-10-15,,,,0,0,,
1161,OGe(b5@RVNP3z0pmDZc)x6ows,0732.SPK/BA.101/BA010102/2025,REPLATING PARSIAL MOORING ITEM,2025-03-24,88,4,40,SESUAI DENGAN KESEPAKATAN (REIMBURSEABLE),,0,0,full,,,,inv2,2025-10-29,,,2025-03-24,,,,,,,,adit,2025-03-25,,0,1,,,,paid,,2025-10-15,,,,0,0,,
1162,*^MD3jx!nZQHoP2bXV8Fg6hOW,0245.SPK/TU.006/BA010102/2025,JASA PENGIRIMAN,2025-02-04,17,4,1,SESUAI DENGAN KESEPAKATAN (REIMBURSEABLE),,0,0,full,,,,inv2,2025-06-17,,proc,2025-02-04,,,,,,,,adit,2025-03-25,,0,1,,,,paid,,2025-06-10,,,,0,0,,
1163,$ScVxeWmZG4IHgFQBk7wt*(lL,0632.SPK/PR.202/BA010102/2025,JASA PENGIRIMAN,2025-03-14,17,4,1,SESUAI DENGAN KESEPAKATAN (REIMBURSEABLE),,0,0,,,,,,,,proc,,,,,,,,,adit,2025-03-25,,0,,,,,,,,,,,0,0,,
1164,g$P7NORf8mDi2Z5E9tkTb)*pA,0085.SPBJ/PR.103/BA010400/2024,Pengadaan Jasa Governor Saat Docking KM. Meutia Baruna,2024-12-05,94,17,7,MV Meutia Baruna,,0,0,full,,,,inv2,2025-06-18,,,2024-12-05,,,log,,9000000,Batam,,alfin,2025-03-25,,1031,1,,,2025,paid,,,,,,0,0,,
1165,V37Z$R9!JjQnlmAXarLtf6WKz,0616.SPK/BA.101/BA010102/2025,PENGADAAN SPAREPART PUMP,2025-03-14,84,20,2,ON BOARD (REIMBURSEABLE),,0,0,full,,,,inv2,2025-06-17,,proc,,,,,,,,,adit,2025-03-25,,0,1,,,2025,paid,,,,,,0,0,,
1166,y7KjJO0oMgTQ!Lx)$hZ*b6H1I,0694.SPK/BA.302/BA010102/2025,PENGADAAN CRANKPIN BEARING,2025-03-24,17,1,105,JAKARTA,,0,0,full,,,,inv2,2025-09-03,,proc,2025-03-24,,,,,,,,adit,2025-03-25,,0,1,,,,paid,,2025-09-17,,,,0,0,,
1167,Xs8u$yVieOWLv2c43dhtZ)HwS,0274.SPK/BA.302/BA010102/2025,SPAREPARTS AUXILIARY ENGINE,2025-02-06,16,6,180,On Board (Biaya Transportasi Reimbursable Sesuai Dengan Kesepakatan),,0,0,full,,,,inv2,2025-04-25,,proc,2025-02-06,,,,,,,,alfin,2025-03-25,,0,1,,,,paid,,2025-05-19,,,,0,0,,
1168,qpk*gPX!GBtIueVdK5orn(l%6,0621.SPK/BA.202/BA010102/2025,PENGADAAN WIRE LIFEBOAT,2025-03-14,37,20,2,SESUAI DENGAN KESEPAKATAN (REIMBURSEABLE),,0,0,full,,,,inv2,2025-07-08,,proc,2025-03-14,,,,,,,,adit,2025-03-25,,0,1,,,,paid,,2025-07-23,,,,0,0,,
1169,lKPLtVmHB!OYqAT^w4GE9guiZ,0721.SPK/BA.202/BA010102/2025,PENGADAAN CONSUMABLE STORE,2025-03-24,1,27,20,SESUAI DENGAN KESEPAKATAN (REIMBURSEABLE),,0,0,full,,,,inv2,2025-06-18,,,2025-03-24,,,log.1170,,,,,adit,2025-03-25,cancel,0,1,,,,paid,,2025-07-09,,,,0,0,,
1170,XMUgdoK*aIsPVJ1bjv4$E3Dr^,0720.SPK/BA.302/BA010102/2025,PENGADAAN SPAREPART ME & AE,2025-03-24,1,27,20,SESUAI DENGAN KESEPAKATAN (REIMBURSEABLE),,0,0,full,,,,inv2,2025-06-18,,,2025-03-24,,,log,,5000000,Tarahan,,adit,2025-03-25,linked,1176,1,,,,paid,,2025-08-06,,,,0,0,,
1171,qA2UEnMwyKf63*CiVQ)ts(Wcv,2306.SPK/BA.105/BA010102/2024,Kebutuhan Access Point,2024-12-30,56,17,10,Franco Onboard,,0,0,full,,,,inv2,2025-05-04,,,2024-12-30,,,,,,,,admin,2025-03-25,linked,1220,,,,,paid,,,,2025-01-09,Sesuai Request Schedule Rendalhar,0,0,,
1172,$c^ETO@2keP6jCLqzHK%VibgW,0719.SPK/BA.302/BA010102/2025,PENGADAAN CRANKSHAFT GEAR MAIN ENGINE,2025-03-24,17,4,40,SESUAI DENGAN KESEPAKATAN (REIMBURSEABLE),,0,0,full,,,,inv2,2025-10-09,,proc,2025-03-24,,,,,,,,adit,2025-03-25,,0,1,,,,paid,,2025-10-03,,,,0,0,,
1173,mPxa*e0fpOBoNdFG^ngcWyi)@,0646.SPK/BA.202/BA010102/2025,PENGADAAN RUNNING STORE MARET,2025-03-14,1,32,8,SESUAI DENGAN KESEPAKATAN (REIMBURSEABLE),,0,0,full,,,,inv2,2025-06-24,,,2025-03-14,,,log.1056,,,,,adit,2025-03-25,cancel,0,1,,,,paid,,2025-07-14,,,,0,0,,
1174,Zmjh@6vo7xCkg*qtfN0Jp$w(1,0651.SPK/PR.202/BA010102/2025,PENGADAAN JASA PENORMALAN GEARBOX GOVERNOR ME,2025-03-17,17,32,10,SESUAI DENGAN KESEPAKATAN,,0,0,full,,,,inv2,2025-06-09,,,2025-03-17,,,,,,,,adit,2025-03-25,non-reimburse,0,1,,,,paid,,2025-06-24,,,,0,0,,
1175,$pP53MsGITVvlEzZOX1eC)Ryb,0601.SPK/BA.302/BA010102/2025,PENGADAAN SPAREPARTS ME COO,2025-03-11,17,32,8,SESUAI DENGAN KESEPAKATAN (REIMBURSEABLE),,0,0,full,,,,inv2,2025-06-17,,,2025-03-11,,,,,,,,adit,2025-03-25,,0,1,,,,paid,,2025-06-30,,,,0,0,,
1176,fLgZQoNrbvcwX^G4@!8WpztOY,0652.SPK/BA.202/BA010102/2025,PENGADAAN UNIT WATER BLASTER,2025-03-17,2,32,55,SESUAI DENGAN KESEPAKATAN (REIMBURSEABLE),,0,0,full,,,,inv2,2025-06-17,,proc,2025-03-17,,,log,,3500000,Merak,,adit,2025-03-25,linked,1168,1,,,,paid,,2025-05-26,,,,0,0,,
1177,Cor9Z8K5w^OvUARa)16dB%zfI,0684.SPK/BA.101/BA010102/2025,PENGADAAN PRESSURE SWITCH,2025-03-21,7,20,21,SESUAI DENGAN KESEPAKATAN (REIMBURSEABLE),,0,0,full,,,,,,,,,,,,,,,,adit,2025-03-25,,0,1,,,2025,paid,,2025-10-15,,,,0,0,,
1178,c!EZSQH3PL6MIhWBlCyem%Ngd,0633.SPK/BA.202/BA010102/2025,PENGADAAN WIRE GRAB (REPEAT ORDER),2025-03-14,1,2,6,SESUAI DENGAN KESEPAKATAN (REIMBURSEABLE),,0,0,full,,,,inv2,2025-08-05,,,2025-03-14,,,,,,,,adit,2025-03-25,,0,1,,,,paid,,2025-08-28,,,,0,0,,
1179,%XUTvuHoI1FlBcP)$b!ei93Mf,0669.SPK/BA.202/BA010102/2025,Running Store Galley,2025-03-17,2,31,10,Franco sesuai dengan kesepakatan,,0,0,full,,,,inv2,2025-05-10,,,2025-03-17,,,,,,,,alfin,2025-03-25,,0,1,,,,paid,,2025-06-30,,,,0,0,,
1180,)rU7xKBiE!Ij482FNaWCl$3Xn,0615.SPK/BA.101/BA010102/2025,PENGADAAN VALVE,2025-03-14,84,20,2,ON BOARD (REIMBURSEABLE),,0,0,full,,,,inv2,2025-06-09,,,2025-03-14,,,,,,,,adit,2025-03-25,,0,1,,,2025,paid,,,,,,0,0,,
1181,zw%goBV*uqKUD0xL^3$EAW4JG,0629.SPK/BA.101/BA010102/2025,ADDITIONAL JASA GEARBOX MAIN ENGINE (2),2025-03-14,17,4,5,ON BOARD,,0,0,full,,,,inv2,2025-09-08,,,2025-03-14,,,,,,,,adit,2025-03-25,,0,1,,,2025,paid,,2025-09-11,,,,0,0,,
1182,zJ0e%ZpdwrQqPFSnuV(*WR14@,0687.SPK/BA.302/BA010102/2025,PENGADAAN REKONDISI SPIROFLEX (REPEAT ORDER),2025-03-20,63,4,21,SESUAI DENGAN KESEPAKATAN (REIMBURSEABLE),,0,0,full,,,,inv2,2025-06-17,,,2025-03-20,,,,,,,,adit,2025-03-25,,0,,,,,paid,,,,,,0,0,,
1183,72MUHY*5mT8aRWzOZfQsIed)h,0685.SPK/BA.101/BA010102/2025,PENGADAAN MATERIAL KEBUTUHAN DOCKING (SESUAI INSPEKSI),2025-03-19,11,20,3,BATAM,,0,0,full,,,,inv2,2025-10-09,,,2025-03-19,,,,,,,,adit,2025-03-25,,0,1,,,2025,paid,,,,,,0,0,,
1184,tfFsvN6Q4MyAPdIHr!pXbmYqx,0686.SPK/BA.101/BA010102/2025,PENGADAAN MATERIAL KEBUTUHAN DOCKING (SESUAI INSPEKSI) II,2025-03-19,11,20,3,BATAM,,0,0,full,,,,inv2,2025-06-23,,,2025-03-19,,,,,,,,adit,2025-03-25,,0,1,,,2025,paid,,,,,,0,1,,
1185,89A(d2S$P7YXeKM^!VWxF5Ufl,0682.SPK/BA.302/BA010102/2025,PENGADAAN TURBOCHARGER AUXILIARY ENGINE,2025-03-21,57,17,7,SESUAI DENGAN KESEPAKATAN (REIMBURSEABLE),,0,0,full,,,,inv2,2025-06-26,,proc,2025-03-21,,,,,,,,adit,2025-03-25,,0,1,,,,paid,,2025-07-17,,,,0,0,,
1186,jZl6AkP4GK^qcf8rJoNtw@XIH,0761.SPK/BA.202/BA010102/2025,RUNNING STORE (CAT DAN THINNER  AKOMODASI DAN ENGINE),2025-03-25,4,4,20,SESUAI DENGAN KESEPAKATAN (REIMBURSEABLE),,0,0,full,,,,inv2,2025-08-25,,,2025-03-25,,,,,,,,adit,2025-03-25,,0,1,,,,paid,,2025-09-08,,,,0,0,,
1187,s@0qWfEDLkn%4TapvHXIYzc!g,0763.SPK/PR.202/BA010102/2025,TROUBLESHOOT WATER INGRESS SENSOR,2025-03-25,7,5,35,SESUAI DENGAN KESEPAKATAN,,0,0,full,,,,inv2,2025-09-09,,,2025-03-25,,,,,,,,adit,2025-03-25,,0,1,,,,paid,,2025-09-11,,,,0,0,,
1188,OGk6cIRJnihymeDwNb84FQHsz,0683.SPK/BA.302/BA010102/2025,SPAREPART FILTER SEAL HYDRAULIC CONTROL CPP TYPE 638 XLR-110EP,2025-03-19,90,4,40,SESUAI DENGAN KESEPAKATAN (REIMBURSEABLE),,0,0,full,,,,,,,,,,,,,,,,adit,2025-03-25,,0,1,,,,paid,,2025-12-24,,,,0,1,,
1189,tJZR63G2noplVOfMWzk4!Cvus,0667.SPK/BA.202/BA010102/2025,RUNNING STORE DECK,2025-03-17,1,31,7,SESUAI DENGAN KESEPAKATAN (REIMBURSEABLE),,0,0,full,,,,inv2,2025-06-18,,,2025-03-17,,,log,,9500000,Jepara,,adit,2025-03-25,linked,1177,1,,,,paid,,2025-07-09,,,,0,0,,
1190,o1suWUgkpmnJP*)NX0TDbe!AH,0689.SPK/BA.302/BA010102/2025,SPAREPART F.O INJECTION MAIN ENGINE DAIHATSU 6DK-26L,2025-03-19,30,5,55,SESUAI DENGAN KESEPAKATAN (REIMBURSEABLE),,0,0,full,,,,inv2,2025-10-15,,,2025-03-19,,,,,,,,adit,2025-03-25,,0,1,,,,paid,,2025-10-03,,,,0,0,,
1191,Wbn5A@YH!oyaJ7m4t3$vgj2i),0688.SPK/BA.302/BA010102/2025,SPAREPART NOZZLE MAIN ENGINE DAIHATSU 6DKM-26L,2025-03-19,12,5,45,SESUAI DENGAN KESEPAKATAN (REIMBURSEABLE),,0,0,,,,,,,,,,,,,,,,,adit,2025-03-25,,0,,,,,,,,,,,0,0,"spk lama, diganti 2161",2025-09-01
1192,Gs7EwI%x2TAKl4RDiF)oun^zv,0698.SPK/BA.202/BA010102/2025,KEBUTUHAN SPEED CONTROLLER,2025-03-20,5,12,10,SESUAI DENGAN KESEPAKATAN (REIMBURSEABLE),,0,0,full,,,,inv2,2025-06-23,,,2025-03-20,,,,,,,,adit,2025-03-25,,0,,,,,paid,,,,,,0,0,,
1193,jUFWNGD^0Sm8HfdkOT4E7R*MZ,0668.SPK/BA.202/BA010102/2025,RUNNING STORE TALI MOORING (FWD SIDE),2025-03-17,21,31,10,SESUAI DENGAN KESEPAKATAN (REIMBURSEABLE),,0,0,full,,,,inv2,2025-05-10,,,2025-03-17,,,,,,,,adit,2025-03-25,,0,1,,,,paid,,2025-06-01,,,,0,0,,
1194,yKfanuH4gZB15zpYP(Il*AhLO,0736.SPK/BA.302/BA010102/2025,PENGADAAN SPAREPARTS GEARBOX GOVERNOR,2025-03-24,17,32,18,SESUAI DENGAN KESEPAKATAN (REIMBURSEABLE),,0,0,full,,,,inv2,2025-06-18,,,2025-03-24,,,,,,,,adit,2025-03-25,,0,1,,,,paid,,2025-07-09,,,,0,0,,
1195,Nq2C*R67WZ%XlgU54ofz1i$8m,0716.SPK/BA.202/BA010102/2025,KEBUTUHAN CONSUMABLE ELECTRICAL,2025-03-24,5,27,7,SESUAI DENGAN KESEPAKATAN (REIMBURSEABLE),,0,0,full,,,,inv2,2025-07-08,,proc,2025-03-25,,,,,,,,adit,2025-03-25,,0,2,,,,paid,,2025-08-31,,,,0,0,,
1196,UG2JwHCZLAiOB13!WqvXdS(5Y,0713.SPK/BA.302/BA010102/2025,"PENGADAAN SPAREPART MAIN L.O PUMP, BILGE & BALLAST PUMP",2025-03-24,17,7,40,SESUAI DENGAN KESEPAKATAN (REIMBURSEABLE),,0,0,full,,,,inv2,2025-09-03,,proc,2025-03-24,,,,,,,,adit,2025-03-27,,0,1,,,,paid,,2025-12-24,,,,0,0,,
1197,W2HZ@Sx7LFo$wGNqg5mO^Kzjv,0717.SPK/BA.302/BA010102/2025,"PENGADAAN SPAREPART S.W PUMP, FRESH WATER, BOILER, EJECTOR & DISTILATE PUMP",2025-03-24,17,7,40,SESUAI DENGAN KESEPAKATAN (REIMBURSEABLE),,0,0,full,,,,,,,proc,,,,,,,,,adit,2025-03-27,,0,1,,,,paid,,2025-10-23,,,,0,0,,
1198,LRKXzf)CrWFgk2*m9pc8%$sHv,0715.SPK/BA.302/BA010102/2025,PENGADAAN SPAREPART S.W PUMP & JACKET COOL F.W PUMP,2025-03-24,17,7,40,SESUAI DENGAN KESEPAKATAN (REIMBURSEABLE),,0,0,full,,,,,,,,2025-03-24,,,,,,,,adit,2025-03-27,,0,1,,,,paid,,2025-07-21,,,,0,0,,
1200,q!$O6g9U%n5aFV2Q1Pj7AYoSz,0714.SPK/BA.202/BA010102/2025,RUNNING STORE DECK DAN ENGINE,2025-03-24,1,6,7,SESUAI DENGAN KESEPAKATAN (REIMBURSEABLE),,0,0,full,,,,inv2,2025-06-09,,proc,2025-03-24,,,,,,,,adit,2025-03-27,,0,,,,,paid,,,,,,0,0,,
1201,9U6BhEAcvpu4*1ZT$FrmIHzJl,1892.SPK/BA.302.BA010102/2024,Pengiriman Sparepart Nov-Des 2024,2024-11-06,48,0,60,jakarta,,0,0,full,,,,inv2,2025-06-29,,,2024-11-06,,,,,,,,admin,2025-04-05,non-reimburse,0,4,,,,paid,,2025-07-17,,,,0,0,,
1202,kl2WEvY8OVG)d*UA3iKwSbBt!,0488.SPK/BA.302/BA010102/2025,Pengadaan Sparepart Control Valve Hatch Cover,2025-03-03,17,17,10,kesepakatan,,0,0,full,,,,,,,,,,,,,,,,alfin,2025-04-09,,0,2,,,,paid,,2025-04-30,,,,0,0,,
1203,jgu6GexyHWk0LOZrlcV4fdz1),0485.SPK/BA.101/BA010102/2025,Pengadaan Main Bearing (Lower-Upper) Main Engine (Repeat Order 2),2025-03-03,17,20,5,kesepakatan,,0,0,full,,,,inv2,2025-04-29,,proc,2025-03-03,,,,,,,,alfin,2025-04-09,,0,2,,,2025,paid,,,,,,0,0,,
1204,t3^mVZ4M!SU@bjiQpl(Iro8F1,0816.SPK/BA.202/BA010102/2025,PENGADAAN UNIT GENSET SET,2025-04-09,17,10,7,kesepakatan,,0,0,full,,,,inv2,2025-06-17,,,2025-04-09,,,,,,,,adit,2025-04-09,,0,3,,,,paid,,2025-06-23,,,,0,0,,
1205,R$WdCMA0)PnbtG@yNJm6ecBHs,0709.SPK/BA.101/BA010102/2025,PENGADAAN SPAREPARTS BOILER,2025-04-09,1,20,21,kesepakatan,,0,0,full,,,,inv2,2025-06-17,,,2025-04-09,,,,,,,,adit,2025-04-10,,0,3,,,2025,paid,,,,,,0,0,,
1206,NIpZ2sgPmS^lhUbwQMuTX3EJ4,0811.SPK/BA.302/BA010102/2025,PENGADAAN STAFA MOTOR WINDLASS (REPEAT ORDER),2025-04-09,17,20,7,kesepakatan,,0,0,full,,,,inv2,2025-06-10,,,2025-04-09,,,,,,,,adit,2025-04-10,,0,3,invest,2025,,paid,,2025-05-26,,,,0,0,,
1207,i!R3MmObWtrQqP847GeEcljxu,0810.SPK/BA.302/BA010102/2025,PENGADAAN SPAREPARTS COOLER AUXILIARY ENGINE #2 (REPEAT ORDER),2025-04-09,17,20,45,kesepakatan,,0,0,full,,,,inv2,2025-06-18,,,2025-04-09,,,,,,,,adit,2025-04-10,,0,2,,,,paid,,2025-07-09,,,,0,0,,
1208,o$XelpWEMDzuY5wBk*c3VT6dq,0812.SPK/BA.202/BA010102/2025,PENGADAAN WIRE LUFFING,2025-04-09,17,20,10,kesepakatan,,0,0,full,,,,inv2,2025-10-09,,,2025-04-09,,,log,,68500000,Taboneo,,adit,2025-04-10,,1170,2,,,,paid,,2025-10-03,,,,0,0,,
1209,9Y^@L*dAt2)aUu!1leHzZ(DQ3,0814.SPK/BA.202/BA010102/2025,PENGADAAN WIRE HOISTING,2025-04-09,17,20,10,kesepakatan,,0,0,full,,,,inv2,2025-06-17,,,2025-04-09,,,,,,,,adit,2025-04-10,,0,2,,,,paid,,,,,,0,0,,
1210,qHdZ$3!TogSkmjBsiG0c^yJr4,0092.SPBJ/PR.103/BA010400/2024,PENGADAAN JASA OVERHAUL MAIN ENGINE SAAT DOCKING KM ADHIGUNA TARAHAN,2024-12-10,11,4,22,kesepakatan,,0,0,full,,,,inv2,2025-06-18,,,2024-12-10,,,,,,,,adit,2025-04-10,,0,3,,,2025,,,,,,,0,0,,
1211,F5JDEpL0RoxfC*Bkc7nPebI^V,0273.SPK/BA.302/BA010102/2025,SPAREPART AUXILIARY ENGINE DAN MAIN AIR COMPRESSOR,2025-02-06,17,6,15,kesepakatan,,0,0,full,,,,inv2,2025-10-06,,proc,2025-02-06,,,,,,,,adit,2025-04-10,,0,2,,,,paid,,2025-10-03,,,,0,0,,
1212,YXivoRHCu!d1TNkEzL$tUrJK8,0018.SPBJ/PR.103/BA010400/2024,PENGADAAN JASA PEMASANGAN PULLEY CONVEYOR MV.ADHIGUNA TARAHAN,2025-02-11,17,4,30,kesepakatan,,0,0,full,,,,,,,,,,,,,,,,adit,2025-04-10,,1172,1,,,,paid,,2025-06-23,,,,0,0,,
1213,Y8nMPlTB1G*6KcLfktAD0UQZ7,0007.SPBJ/PR.103/BA010400/2025,PENGADAAN MATERIAL RANTAI JANGKAR KEBUTUHAN DOCKING MV ADHIGUNA TARAHAN,2025-01-09,21,4,6,onboard,,0,0,full,,,,,,,proc,,,,,,,,,adit,2025-04-10,,0,1,,,2025,paid,,,,,,0,0,,
1214,SW9c$MuKN(6kDs@lY104FgI8V,C.3641/TU.309/Div.Rendalhar-2024,REPAIR ROLLER SHEAVED GRAB NO.2,2024-06-15,7,6,100,kesepakatan,,0,0,full,,,,inv2,2025-05-21,,,2024-06-15,,,,,,,,adit,2025-04-10,,0,2,,,,paid,,,,,,0,0,,
1215,xtQafI0(lo8$2d^4@)U*G7WZv,1968.SPK/BA.101/BA010102/2024,PENGADAAN SPAREPARTS BEARING AUXILIARY ENGINE,2024-11-19,17,4,45,kesepakatan,,0,0,full,,,,inv2,2025-04-25,,,2024-11-19,,,,,,,,adit,2025-04-10,,0,2,,,,paid,,,,,,0,0,,
1216,ZaqrkS1UQg3dmMCyhv^E7ntH!,0378.SPK/BA.101/BA010102/2025,PENGADAAN MATERIAL CAT FOR MAINTENANCE DOCKING,2025-02-17,4,21,15,kesepakatan,,0,0,full,,,,inv2,2025-08-25,,,2025-02-17,,,,,,,,adit,2025-04-10,,0,3,,,,paid,,2025-09-08,,,,0,0,,
1217,HkgCRKYhQJF)u^oG*985ml$tO,0329.SPK/BA.302/BA010102/2025,FABRIKASI BAUT SCREW THRUST PIECE GUIDE SHOE,2025-02-12,43,1,2,jakarta,,0,0,full,,,,inv2,2025-06-23,,,2025-02-12,,,,,,,,adit,2025-04-10,non-reimburse,0,2,,,,paid,,2025-07-30,,,,0,0,,
1218,0wNl4)z27$@1ATijmVy3hSGxv,0082.SPBJ/PR.103/BA0104000/2024,PENGADAAN POWER ENGINE POWER LIMITATION MV LATIFAH BARUNA,2024-12-03,86,20,35,kesepakatan,,0,0,full,,,,inv2,2025-06-17,,,2024-12-03,,,,,,,,adit,2025-04-10,,0,1,invest,2025,,paid,,2025-06-24,,,,0,0,,
1219,X!1PHjQkg9o(IfAw8^O2T$tec,0818.SPK/BA.202/BA010102/2025,PENGADAAN ELECTRICAL RUNNING STORE,2025-04-10,2,5,10,kesepakatan,,0,0,full,,,,inv2,2025-06-24,,proc,2025-04-10,,,log,,1500000,Merak,1500000,adit,2025-04-11,linked,1583,2,,,,paid,,,,,,0,0,,
1220,lc0POb6Kh3uME1!qJFRi7aG8r,0392.SPK/PR.202/BA010102/2025,PENGADAAN JASA PERBAIKAN AUXILIARY BOILER,2025-04-09,7,16,15,kesepakatan,,0,0,full,,,,inv2,2025-06-18,,,2025-04-09,,,,,,,,adit,2025-04-11,,0,2,,,,paid,,2025-06-23,,,,0,0,,
1221,H7IlRLX5rCW0*SU!gh(Fw48fY,0642.SPK/KU.007/BA010102/2025,PENGADAAN STAFA MOTOR WINDLASS,2025-03-14,17,20,7,kesepakatan,,0,0,full,,,,inv2,2025-06-17,,,2025-03-14,,,,,,,,adit,2025-04-11,,0,3,invest,2025,,paid,,2025-05-26,,,,0,0,,
1222,S7EZc$2vXjNLBm^pw9aIFMf58,0817.SPK/BA.302/BA010102/2025,PENGADAAN KWANT CONTROL DRIVE BELT,2025-04-10,37,17,10,kesepakatan,,0,0,full,,,,inv2,2025-07-23,,,2025-04-10,,,,,,,,adit,2025-04-11,,0,2,,,,paid,,2025-08-20,,,,0,0,,
1223,fIze5(rAhT3om48VsB2XFjx@9,0084.SPBJ/PR.103/BA010400/2024,PENGADAAN JASA OVERHAUL AUXILIARY ENGINE SAAT DOCKING KM MEUTIA BARUNA,2024-12-04,11,17,28,kesepakatan,,0,0,full,,,,inv2,2025-10-25,,,2024-12-04,,,,,,,,adit,2025-04-11,,0,1,,,2025,,,,,,,2,2,,
1224,K^ZVI4Ul$TJs)z8FLNjyHrPwC,0083.SPBJ/PR.103/BA010400/2024,PENGADAAN JASA OVERHAUL MAIN ENGINE SAAT DOCKING KM MEUTIA BARUNA,2024-12-04,11,17,28,kesepakatan,,0,0,,,,,,,,,,,,,,,,,adit,2025-04-11,,0,1,,,2025,,,,,,,0,0,,
1225,oY1mdqBaWcOy!LUChsFeltET(,0046.SPK/BA.101/BA010102/2025,PEKERJAAN GRINDING INSITU CRANKPIN AE NO.1 (STX MAN B&W L23/30H),2025-01-08,11,17,12,kesepakatan,,0,0,full,,,,inv2,2025-06-17,,proc,2025-01-08,,,log,,,,,adit,2025-04-11,,0,3,,,2025,paid,,,,,,0,0,,
1226,to!lQ(jMhafXIW4VRmwCP6ZFS,0041.Pj/BA.301/BA010400/2025,PENGADAAN ALAT PENGUKURAN SHAFT ALIGNMENT,2025-01-08,74,0,90,jakarta,,0,0,full,,,,,,,,,,,,,,,,adit,2025-04-11,non-reimburse,0,1,invest,2025,,paid,,2025-05-15,,,,0,0,,
1227,yzKiut52m0S(gn6wb!4LN^B7p,0819.SPK/BA.17/BA010102/2025,PENGADAAN MATERIAL CAT BULAN APRIL,2025-04-10,4,23,15,kesepakatan,,0,0,full,,,,inv2,2025-08-25,,,2025-04-10,,,,,,,,adit,2025-04-11,,0,2,,,,paid,,2025-09-08,,,,0,0,,
1228,RdT$3fe0XNt)iBc85lquSQP^(,0815.SPK/BA.17/BA010102/2025,PENGADAAN RUNNING STORE CAT,2025-06-03,13,7,14,kesepakatan,,0,0,full,,,,,,,proc,,,,,,,,,adit,2025-04-16,,0,2,,,,paid,,2025-12-17,,,,0,1,Barang sudah siap,2025-08-08
1229,SP1IQTzb(FU6vG!n8r5$MBc2f,0859.SPK/BA.101/BA010102/2025,PENGADAAN SPAREPART BEARING,2025-04-14,21,1,35,kesepakatan,,0,0,full,,,,inv2,2025-09-08,,proc,2025-04-14,,,,,,,,adit,2025-04-16,,0,3,,,,paid,,2025-09-16,,,,0,0,,
1230,JeScnEZmUP!LyQ7g2NFKli$9a,0831.SPK/BA.302/BA010102/2025,PENGADAAN CABLE DRUM,2025-04-11,37,32,8,kesepakatan,,0,0,full,,,,,,,proc,,,,,,,,,adit,2025-04-16,,0,2,,,,paid,,2025-06-24,,,,0,0,,
1231,zUPbMYp^a9yusTH$*LIO!3X5A,0856.SPK/BA.302/BA010102/2025,PENGADAAN PRESSURE SWITCH,2025-04-14,32,20,60,kesepakatan,,0,0,full,,,,,,,proc,,,,,,,,,adit,2025-04-16,,0,2,,,,paid,,2025-12-24,,,,0,0,,
1232,2aFBqoUlzwpLISvQ0m@RrDYe1,0659.SPK/BA.17/BA010102/2025,PENGADAAN WIRE OVERHEAD CRANE DAN PROVISION CRANE,2025-04-11,37,20,4,kesepakatan,,0,0,full,,,,inv2,2025-06-18,,proc,2025-04-11,,,,,,,,adit,2025-04-16,,0,2,,,,paid,,2025-07-09,,,,0,0,,
1233,nJHYkuCa*hbwtMf!rNOlEsq$),0905.SPK/BA.17/BA010102/2025,PENGADAAN ELECTRICAL EQUIPMENT,2025-04-16,100,25,7,kesepakatan,,0,0,full,,,,inv2,2025-06-18,,proc,2025-04-16,,,log,,3500000,Tarahan,,adit,2025-04-21,linked,1218,2,,,,paid,,2025-06-23,,,,0,0,,
1234,Bab)id23@CvorguHhU8P9AMn^,0888.SPK/BA.17/BA010102/2025,PENGADAAN MATERIAL & TOOL WELDING DECK,2025-04-16,2,32,20,kesepakatan,,0,0,full,,,,inv2,2025-07-08,,proc,2025-04-16,,,,,,,,adit,2025-04-21,linked,1369,2,,,,paid,,,,,,0,0,,
1235,lUD2oFxe0aIwNrW1yumEPLVX6,0886.SPK/BA.17/BA010102/2025,PENGADAAN MATERIAL CAT APRIL,2025-04-16,4,10,13,kesepakatan,,0,0,full,,,,inv2,2025-08-25,,proc,2025-04-16,,,,,,,,adit,2025-04-21,,0,2,,,,paid,,2025-09-08,,,,0,0,,
1236,2snh8PHORFCKBt59ywZMvQXq$,0904.SPK/PR.202/BA010102/2025,PENGADAAN JASA REKONDISI AE YANMAR,2025-04-16,43,10,7,kesepakatan,,0,0,full,,,,inv2,2025-07-02,,proc,2025-04-16,,,,,,,,adit,2025-04-21,non-reimburse,0,2,,,,paid,,2025-07-17,,,,0,0,,
1237,OJrybV0X265dL)PE4aGM(m7QC,0913.SPK/BA.302/BA010102/2025,PENGADAAN SPAREPART CONTACTOR SRC FUJI,2025-04-17,36,4,4,kesepakatan,,0,0,full,,,,inv2,2025-06-17,,proc,2025-04-17,,,,,,,,adit,2025-04-21,non-reimburse,0,2,,,,paid,,2025-06-10,,,,0,0,,
1238,6DRLg3Kv@Mxn5fa$7)*lq4US(,0899.SPK/BA.302/BA010102/2025,SPAREPART AUXILIARY ENGINE (AVR),2025-04-16,17,17,28,kesepakatan,,0,0,full,,,,inv2,2025-06-23,,,2025-04-16,,,,,,,,adit,2025-04-21,non-reimburse,0,1,,,,paid,,2025-07-31,,,,0,0,,
1239,7pYwcGUyC2^RLWZPviJBS8(fK,0900.SPK/PR.202/BA010102/2025,PERBAIKAN TESTER INJECTOR,2025-04-16,7,17,35,kesepakatan,,4000000,0,full,,,,inv2,2025-09-03,,proc,2025-04-22,,,,,,,,adit,2025-04-22,,0,2,,,,paid,,2025-09-16,,,,0,0,,
1240,QuKTD!MUyCz6VG$nSOb43mlRP,0883.SPK/BA.17/BA010102/2025,PENGADAAN RUNNING STORE ENGINE,2025-04-16,100,12,6,kesepakatan,,0,0,full,,,,inv2,2025-06-18,,proc,2025-04-16,,,,,,,,adit,2025-04-22,,0,2,,,,paid,,2025-07-09,,,,0,0,,
1241,gUGe8zIu5$CKk^tJ1hiL0A2fq,0867.SPK/BA.17/BA010102/2025,PENGADAAN CAT MAIN DECK,2025-04-16,13,5,10,kesepakatan,,0,0,full,,,,inv2,2025-10-06,,proc,2025-04-16,,,,,,,,adit,2025-04-22,,0,2,,,,paid,,2025-09-26,,,,0,0,Barang sudah siap,2025-08-08
1242,mQN@6BDy*FeY4cSfI9MGu0bnA,0912.SPK/BA.17/BA010102/2025,KEBUTUHAN OPERASI ARMADA BAG,2025-04-17,36,20,4,kesepakatan,,0,0,full,,,,,,,proc,,,,,,,,,adit,2025-04-22,non-reimburse,0,2,,,,paid,,2025-05-27,,,,0,0,,
1243,oP5ZgtIdz0!Bf8jv)p7SwDnTl,0919.SPK/BA.101/BA010102/2025,JASA ULTRASONIC THICKNESS MEASUREMENT DOCKING SURVEY (SS IV) KM KARTINI BARUNA,2025-04-17,71,1,15,kesepakatan,,0,0,,,,,,,,proc,,,,,,,,,adit,2025-04-22,,0,3,,,2025,,,,,,,0,0,,
1244,75OhWL^(dIipx3a$rG2CJA06w,0943.SPK/PR.202/BA010102/2025,KEBUTUHAN ACCESS POINT TAMBAHAN MV. LATIFAH BARUNA,2025-04-21,56,20,14,kesepakatan,,0,0,full,,,,inv2,2025-06-17,,proc,2025-04-21,,,,,,,,adit,2025-04-22,linked,1301,3,,,,paid,,2025-06-30,,,,0,0,,
1245,ig2wM0pT1acloU5umGR6XsFf8,0942.SPK/PR.202/BA010102/2025,KEBUTUHAN ACCESS POINT TAMBAHAN MV. SARTIKA BARUNA,2025-04-21,56,5,14,kesepakatan,,0,0,full,,,,inv2,2025-06-17,,proc,2025-04-21,,,,,,,,adit,2025-04-22,linked,1244,3,,,,paid,,2025-07-10,,,,0,0,,
1246,pJ3q9OHkxUFWYg02@8Zu15bD7,0707.SPK/PR.202/BA010102/2025,PENGADAAN JASA PEMASANGAN EEXI ENGINE POWER LIMIT MAIN ENGINE (MAKER),2025-04-21,130,17,1,onboard,,0,0,full,,,,inv2,2025-10-30,,proc,2025-03-21,,,,,,,,adit,2025-04-23,,0,3,,,,paid,,2025-11-28,,,,0,0,sudah selesai dikerjakan,2025-09-02
1247,gcHpr^jmv5*oFydt8fiKlGXM1,0931.SPK/BA.302/BA010102/2025,PENGADAAN SPAREPARTS CYL. HEAD DAN ENGINE BLOCK,2025-04-21,11,10,55,kesepakatan,,0,0,full,,,,inv2,2025-09-25,,proc,,,,,,,,,adit,2025-04-23,,0,2,,,,paid,,2025-09-16,,,,0,0,,
1248,M!J*nV6sF)jEW^zwpYdaI$@TZ,0937.SPK/BA.17/BA010102/2025,PENGADAAN MATERIAL PIPA & FLANGE HATCH COVER,2025-04-21,58,32,25,kesepakatan,,0,0,full,,,,inv2,2025-06-30,,proc,2025-04-21,,,,,,,,adit,2025-04-23,,0,2,,,,paid,,2025-09-11,,,,0,0,,
1249,1XAUe8oidPfzKFZmlSxI*nMW7,0944.SPK/BA.17/BA010102/2025,KEBUTUHAN RUNNING STORE & FILTER DECK/ENGINE,2025-04-21,100,10,8,kesepakatan,,0,0,full,,,,inv2,2025-07-28,,proc,2025-04-21,,,log,,9000000,Tarahan,,adit,2025-04-23,linked,1167,2,,,,paid,,2025-08-20,,,,0,0,,
1250,VCpQhngyAzY4OM@ElarRsGHj0,0952.SPK/PR.202/BA010102/2025,JASA PERBAIKAN SAFETY DEVICE AUXILIARY ENGINE 1 UNIT,2025-04-22,7,4,10,kesepakatan,,0,0,,,,,,,,proc,,,,,,,,,adit,2025-04-23,,0,3,,,,,,,,,,0,0,sudah selesai dikerjakan,2025-09-01
1251,rU)!ql^Gg7mAEDYdnB*4J3LvR,0951.SPK/PR.202/BA010102/2025,JASA PERBAIKAN SAFETY DEVICE AUXILIARY ENGINE 1 UNIT,2025-04-22,7,4,10,kesepakatan,,0,0,,,,,,,,proc,,,,,,,,,adit,2025-04-23,,0,3,,,,,,,,,,0,0,sudah selesai dikerjakan,2025-09-01
1252,DhE0Z^@LmniaBTMc5lC)d1erg,0940.SPK/BA.202/BA010102/2025,RUNNING STORE DECK,2025-04-21,2,7,18,kesepakatan,,0,0,full,,,,inv2,2025-07-28,,proc,2025-04-21,,,log,,10000000,Merak,,adit,2025-04-23,,1373,2,,,,paid,,2025-09-18,,,,0,0,,
1253,T*r39XYJzDfvIukcsLZyO76N),0990.SPK/BA.101/BA010102/2025,PENGADAAN SPAREPARTS ELECTRODE AUXILIARY ENGINE,2025-04-24,68,1,45,kesepakatan,,0,0,full,,,,inv2,2025-07-01,,proc,2025-04-24,,,,,,,,adit,2025-04-28,,0,3,,,,paid,,2025-07-17,,,,0,0,,
1254,*rkN)ZLnPm3MQ@R^tFfo6!wO4,0918.SPK/BA.17/BA010102/2025,PENGADAAN ROLLER DAN CABLE GRABS,2025-04-17,17,16,25,kesepakatan,,0,0,full,,,,inv2,2025-06-17,,proc,2025-04-17,,,,,,,,adit,2025-04-28,,0,2,,,,paid,,,,,,0,0,,
1255,r)hmWkUz@oRlyJ(Q!DuCXFtHs,0953.SPK/PR.202/BA010102/2025,RETROFIT GENERAL ALARM SYSTEM,2025-04-22,7,4,10,kesepakatan,,0,0,full,,,,inv2,2025-10-29,,proc,,,,,,,,,adit,2025-04-28,,0,1,,,,paid,,2025-10-10,,,,0,0,,
1256,eYbxGZ3H!c^huzK$OCMVNTBmp,0947.SPK/BA.17/BA010102/2025,FABRIKASI CARBON BRUSH,2025-04-22,7,4,10,kesepakatan,,0,0,full,,,,inv2,2025-10-29,,proc,2025-04-22,,,,,,,,adit,2025-04-28,,0,1,,,,paid,,2025-10-03,,,,0,0,,
1257,R7AUxYH1a8lDXciV!mvkjhzd@,0948.SPK/PR.202/BA010102/2025,JASA OVERHAUL TAKE UP BOOM,2025-04-22,7,4,10,kesepakatan,,0,0,full,,,,inv2,2025-10-29,,proc,2025-04-22,,,,,,,,adit,2025-04-28,,0,1,,,,paid,,2025-10-03,,,,0,0,,
1258,Syb1E)icoVPCx2*wZ^6XR0@lH,0949.SPK/BA.202/BA010102/2025,PENGADAAN KOPLING H 225,2025-04-22,7,4,10,kesepakatan,,0,0,full,,,,inv2,2025-10-29,,proc,2025-04-22,,,,,,,,adit,2025-04-28,,0,1,,,,paid,,2025-10-03,,,,0,0,,
1259,GEyW7qUz5BSQ@Y8vb(s0wc3DT,0852.SPK/BA.302/BA010102/2025,CYLINDER HEAD MAIN ENGINE NIGATA 6MMG31FZE,2025-04-14,17,4,7,kesepakatan,,0,0,full,,,,,,,proc,,,,,,,,,adit,2025-04-28,,0,3,invest,2025,,paid,,2025-07-17,,,,0,0,,
1260,YxPL1izCX9kV*FZj2!Qp4eH8v,0934.SPK/BA.17/BA010102/2025,PENGADAAN WIRE HOISTING (REPEAT ORDER),2025-04-21,17,20,10,kesepakatan,,0,0,full,,,,inv2,2025-10-09,,proc,2025-04-21,,,,,,,,adit,2025-04-28,,0,2,,,,paid,,2025-10-03,,,,0,0,,
1261,z8i*lOV!ecjym$16UrvFL93RS,0917.SPK/BA.17/BA010102/2025,RUNNING STORE DECK (TALI MOORING FWD DAN AFT),2025-04-17,100,2,5,kesepakatan,,0,0,full,,,,inv2,2025-06-18,,,2025-04-17,,,log,,14500000,Paiton,,adit,2025-04-29,linked,1217,2,,,,paid,,2025-06-24,,,,0,0,,
1262,53DhGn$6cb@rsUe^72Pd)V(RM,0896.SPK/PR.202/BA010102/2025,REKONDISI SEA WATER PUMP AE & PUMP GS,2025-04-16,43,4,10,kesepakatan,,0,0,full,,,,inv2,2025-07-23,,,2025-04-16,,,,,,,,adit,2025-04-29,,0,2,,,,paid,,2025-08-06,,,,0,0,,
1263,7C6gVPmv4Yoy@rE!I0iLkGw)O,0884.SPK/BA.17/BA010102/2025,PENGADAAN RUNNING STORE ENGINE,2025-04-16,2,12,14,kesepakatan,,0,0,full,,,,inv2,2025-06-26,,,2025-04-16,,,log,,2000000,Lontar,,adit,2025-04-29,linked,1372,2,,,,paid,,2025-07-10,,,,0,0,,
1264,9v14RTw(pO6!Y7GZtAhBL8ejC,0936.SPK/KU.007/BA010102/2025,CYLINDER HEAD MAIN ENGINE NIGATA 6MMG31FZE (REPEAT ORDER),2025-04-21,17,4,7,kesepakatan,,0,0,full,,,,inv2,2025-06-17,,,2025-04-21,,,,,,,,adit,2025-04-29,,0,3,invest,2025,,paid,,2025-06-10,,,,0,0,,
1265,Ju03tk^L2CfnDQrxwz*Fq4W7s,0897.SPK/BA.17/BA010102/2025,PENGADAAN CAT MAINTENCE,2025-04-16,4,14,10,kesepakatan,,0,0,full,,,,inv2,2025-08-25,,,2025-04-16,,,,,,,,adit,2025-04-29,,0,1,,,,paid,,2025-11-20,,,,0,0,,
1266,rys@59PnC8I1iA3tbV)jf06Ox,0908.SPK/BA.17/BA010102/2025,RUNNING STORE DECK,2025-04-17,1,14,5,kesepakatan,,0,0,full,,,,inv2,2025-10-08,,,2025-04-17,,,log,,7500000,Tarahan,,adit,2025-04-29,,1367,1,,,,paid,,2025-10-10,,,,0,0,,
1267,NaYE0o)BgifCMA3$@UQ*S1KTJ,0994.SPK/PR.202/BA010102/2025,FABRIKASI SEAL COUPLING SPIROFLEX MAIN ENGINE,2025-04-24,36,4,7,kesepakatan,,0,0,full,,,,inv2,2025-06-18,,proc,2025-04-24,,,,,,,,alfin,2025-04-29,,0,2,,,,paid,,2025-06-23,,,,0,0,,
1268,a0BwN35d2Je$ygUxj76YTl4(M,1002.SPK/KU.007/BA010102/2025,PENGADAAN PERALATAN ULTRASONIC THICKNESS MEAASUREMENT,2025-04-24,74,0,70,kesepakatan,,0,0,full,,,,inv2,2025-10-08,,,2025-04-24,,,,,,,,adit,2025-04-30,,0,3,invest,,,paid,,2025-10-10,,,,0,0,,
1269,Cr)tDZSdoEPyxN^7F24eJs(hl,0950.SPK/BA.17/BA010102/2025,PENGADAAN POMPA MAIN ENGINE,2025-04-22,7,4,10,kesepakatan,,0,0,full,,,,inv2,2025-10-06,,,2025-04-22,,,,,,,,adit,2025-04-30,,0,1,,,,paid,,2025-09-23,,,,0,0,,
1270,ZA6RfvOP!uXDiN*mHez@5g3Gh,0935.SPK/BA.17/BA010102/2025,PENGADAAN WIRE LUFFING (REPEAT ORDER),2025-04-21,17,20,10,kesepakatan,,0,0,full,,,,inv2,2025-10-09,,,2025-04-21,,,,,,,,adit,2025-04-30,,0,2,,,,paid,,2025-10-03,,,,0,0,,
1271,gq6W@nbIxveMTz7SK4RZmCLXw,0939.SPK/BA.302/BA010102/2025,PENGADAAN SPAREPART CYLINDER COVER (COO),2025-04-21,17,1,10,kesepakatan,,0,0,full,,,,inv2,2025-06-17,,,2025-04-21,,,,,,,,adit,2025-04-30,,0,2,,,,paid,,2025-06-24,,,,0,0,,
1272,GsPwDCn^WKxBUi(A7cX@H9!yI,0946.SPK/BA.302/BA010102/2025,PENGADAAN HYDRAULIC HATCH COVER PUMP,2025-04-22,36,1,14,kesepakatan,,0,0,full,,,,,,,,,,,,,,,,adit,2025-04-30,,0,2,,,,paid,,2025-05-27,,,,0,0,,
1273,NwItp70uGZCS$(B!RX@jOPEbk,0938.SPK/BA.302/BA010102/2025,PENGADAAN O-RING JACKET MAIN ENGINE (COM),2025-04-21,86,1,35,kesepakatan,,0,0,full,,,,inv2,2025-07-22,,,2025-04-21,,,,,,,,adit,2025-04-30,,0,2,,,,paid,,2025-09-11,,,,0,0,,
1274,no6*fz1T3ZOpemBV(KSc$2GJE,0879.SPK/PR.202/BA010102/2025,KALIBRASI GOVERNOR AUXILIARY ENGINE (DAIHATSU 5DK20),2025-04-15,70,5,15,kesepakatan,,0,0,full,,,,inv2,2025-10-09,,,2025-04-15,,,,,,,,adit,2025-04-30,,0,2,,,,paid,,2025-10-10,,,,0,0,,
1275,IEQn$3YZdGow6tXk5SCiFJgx1,0963.SPK/BA.17/BA010102/2025,PENGADAAN PIPA HYDRAULIC HATCH COVER PALKA NO 4-6,2025-04-23,58,31,70,kesepakatan,,0,0,full,,,,inv2,2025-10-06,,proc,2025-04-23,,,,,,,,adit,2025-04-30,,0,2,,,,paid,,2025-09-24,,,,0,0,,
1276,ClAMGDHTaVqhPJBpZt(es7QzX,0882.SPK/PR.202/BA010102/2025,"JASA REWINDING ELECTROMOTOR 2,2 KW",2025-04-15,7,31,15,kesepakatan,,0,0,full,,,,inv2,2025-09-03,,proc,2025-04-15,,,,,,,,adit,2025-04-30,,0,2,,,,paid,,2025-09-16,,,,0,0,,
1277,mT7HQ8oI*DBKtpn0^ak5W1SXq,1023.SPK/PR.202/BA010102/2025,PENGADAAN JASA PASANG UNIT GEARBOX GOVERNOR ME,2025-04-25,17,32,7,kesepakatan,,0,0,,,,,,,,proc,,,,,,,,,adit,2025-04-30,,0,2,,,,,,,,,,0,0,,
1278,vY3Q7HMmfWNla52FT4RC0nDx!,1020.SPK/BA.17/BA010102/2025,PENGADAAN UNIT ELECTROMOTOR BALLAST,2025-04-24,17,32,15,kesepakatan,,0,0,full,,,,inv2,2025-07-08,,proc,2025-04-24,,,,,,,,adit,2025-04-30,,0,2,,,,paid,,2025-08-28,,,,0,0,,
1279,1Tvkr!^pKWqg5tQiD)HufSMAC,1073.SPK/BA.17/BA010102/2025,PUMP HYDROLIC HATCH COVER,2025-04-30,53,4,30,onboard,,0,0,full,,,,inv2,2025-10-09,,proc,2025-04-30,,,log,,1600000,Merak,,adit,2025-04-30,,1618,1,,,,paid,,2025-10-03,,,,0,0,,
1280,P0oFVuZUkyK*M^(p!hdXOsJRn,1052.SPK/BA.101/BA010102/2025,JASA PERGANTIAN DAN PENGADAAN SPARE PARTS BWTS,2025-04-29,91,17,30,onboard,,0,0,,,,,,,,proc,,,,,,,,,adit,2025-04-30,non-reimburse,0,3,,,,,,,,,,0,0,,
1281,fL503h(TZxX41WvGIEleaP2Hc,1036.SPK/PR.202/BA010102/2025,FABRIKASI BARU BEVEL GEAR CONVEYOR,2025-04-28,17,4,40,kesepakatan,,0,0,full,,,,inv2,2025-08-05,,proc,2025-04-28,,,,,,,,adit,2025-04-30,non-reimburse,0,1,,,,paid,,2025-08-20,,,,0,0,,
1282,pmfRKos68XPV3rLJC$NvwkGaD,0881.SPK/PR.202/BA010102/2025,JASA REWINDING ELECTROMOTOR MAIN DRIVE CONVEYOR (PORTSIDE),2025-04-15,52,4,7,kesepakatan,,0,0,full,,,,inv2,2025-10-29,,proc,2025-04-15,,,,,,,,adit,2025-04-30,,0,1,,,,paid,,2025-10-07,,,,0,0,,
1283,Cc7)O*Ip2LYRSlQ35U1aGhZ8K,0995.SPK/PR.202/BA010102/2025,FABRIKASI FLEXIBLE MANIFOLD TURBOCHARGER MAIN ENGINE,2025-04-24,36,5,5,kesepakatan,,0,0,full,,,,inv2,2025-06-18,,proc,2025-04-24,,,,,,,,adit,2025-04-30,,0,2,,,,paid,,2025-06-24,,,,0,0,,
1284,N87m9vGfqEyaXiYtd2M)lQBTe,0959.SPK/BA.302/BA010102/2025,REPEAT ORDER - FABRIKASI STEEL DISC RETURN ROLL,2025-04-22,58,5,60,kesepakatan,,0,0,full,,,,inv2,2025-10-30,,proc,2025-04-22,,,,,,,,adit,2025-04-30,,0,2,,,,paid,,2025-11-14,,,,0,1,sudah selesai dikerjakan,2025-09-01
1285,GLap2biPr)Cqd0W^TFB7QI6Ax,0991.SPK/BA.202/BA010102/2025,STORE TUNNEL,2025-04-24,100,5,7,kesepakatan,,0,0,full,,,,inv2,2025-06-18,,proc,2025-04-24,,,,,,,,adit,2025-04-30,,0,2,,,,paid,,,,,,0,0,,
1286,HWE7AkR6cP8grelL3zxQpuD$Y,1053.SPK/PR.202/BA010102/2025,FABRIKASI CONNECTING PIPA INJECTOR MAIN ENGINE,2025-04-29,43,4,12,kesepakatan,,0,0,full,,,,,,,proc,,,,,,,,,adit,2025-05-02,,0,2,,,,paid,,2025-07-10,,,,0,0,,
1287,RQY6qZ0MLblovE*Hh$yGtu3^@,0958.SPK/BA.17/BA010102/2025,SUPPLY & INSTALL AC SPLIT (MASTER ROOM),2025-04-22,5,5,5,kesepakatan,,0,0,full,,,,inv2,2025-06-19,,proc,2025-04-22,,,,,,,,adit,2025-05-02,non-reimburse,0,2,,,,paid,,,,,,0,0,,
1289,nTlPmEC^4D1@uYWU6zZLvraoe,1071.SPK/BA.202/BA010102/2025,RUNNING STORE ENGINE DAN DECK,2025-04-30,104,31,7,kesepakatan,,0,0,full,,,,inv2,2025-07-22,,proc,2025-04-30,,,,,,,,adit,2025-05-02,linked,1580,2,,,,paid,,2025-08-06,,,,0,0,,
1290,*txuieWV(HlL1Z^7P4v8sUaY2,1070.SPK/BA.202/BA010102/2025,RUNNING STORE ENGINE,2025-04-30,3,31,6,kesepakatan,,0,0,full,,,,inv2,2025-08-05,,proc,2025-04-30,,,log,,6800000,Jepara,,adit,2025-05-02,linked,1247,2,,,,paid,,2025-08-20,,,,0,0,,
1291,4b!Hi3APzEscn2^V*7Q@KatkZ,1069.SPK/BA.302/BA010102/2025,PENGADAAN SPAREPART VERTICAL SHAFT ASSEMBLY HFO PURIFIER,2025-04-30,68,17,30,kesepakatan,,0,0,full,,,,inv2,2025-06-24,,proc,2025-04-30,,,,,,,,adit,2025-05-02,,0,2,,,,paid,,2025-07-10,,,,0,0,,
1292,NV!t)CXe62Zkoxg(jfR7Mvnw*,1041.SPK/BA.302/BA010102/2025,MOTOR HYDRAULIC HATCH COVER,2025-04-30,43,4,7,kesepakatan,,0,0,full,,,,inv2,2025-06-30,,proc,2025-04-30,,,,,,,,adit,2025-05-02,,0,2,,,,paid,,,,,,0,0,,
1293,gRmAL2E8oseNQz5YfVS^dF6i7,1040.SPK/PR.202/BA010102/2025,FABRIKASI IMPELLER FIRE & GS PUMP,2025-04-30,43,20,12,kesepakatan,,0,0,full,,,,,,,proc,,,,,,,,,adit,2025-05-02,,0,2,,,,paid,,2025-09-16,,,,0,0,,
1294,tMasWmyJ5Ox)@HvwPfFr49gV*,1047.SPK/BA.202/BA010102/2025,PENGADAAN FREON DAN REFRIGERANT LUBRICANT,2025-04-29,21,5,7,kesepakatan,,0,0,full,,,,,,,proc,,,,,,,,,adit,2025-05-02,,0,2,,,,paid,,2025-07-14,,,,0,0,,
1295,lYHsrvE$)tnjghxP7dG@Lp4DX,2254.SPK/PR.202/BA010102//2024,SURVEY CPP DAN GEARBOX MAIN ENGINE KM ADHIGUNA TARAHAN,2024-12-23,90,4,15,kesepakatan,,0,0,full,,,,inv2,2025-06-17,,proc,2024-12-23,,,,,,,,adit,2025-05-02,,1044,3,,,,paid,,2025-06-13,,,,0,0,,
1296,U0Y@sKHBWF)m!LlbicratEo4T,1049.SPK/PR.202/BA010102/2025,JASA REKONDISI SPINDLE EXHAUST MAIN ENGINE,2025-04-29,11,17,12,kesepakatan,,0,0,full,,,,inv2,2025-06-19,,proc,2025-04-29,,,,,,,,adit,2025-05-02,non-reimburse,0,2,,,,paid,,,,,,0,0,,
1297,VCgN(FWy0cbadGLM5KR7$6Y8!,1074.SPK/BA.302/BA010102/2025,PENGADAAN SPAREPARTS UNTUK WATER INGRESS CARGO 2P&S,2025-04-30,68,5,35,kesepakatan,,0,0,full,,,,inv2,2025-06-24,,proc,2025-04-30,,,,,,,,adit,2025-05-02,,0,2,,,,paid,,,,,,0,0,,
1298,asEfjlNWM8H1qT9pr74XzKZiU,1075.SPK/PR.202/BA010102/2025,JASA TROUBLESHOOT WATER INGRESS CARGO 2P&S,2025-04-30,7,5,45,kesepakatan,,0,0,full,,,,inv2,2025-09-09,,proc,2025-04-30,,,,,,,,adit,2025-05-02,,0,2,,,,paid,,2025-09-11,,,,0,0,,
1299,OTae0Eu96wm@$8)jDd*AXxvUW,1086.SPK/KU.401/BA010102/2025,PEMBAYARAN PAJAK BEA CUKAI RANTAI JANGKAR,2025-04-30,105,20,7,kesepakatan,,0,0,full,,,,inv2,2025-07-01,,proc,2025-04-30,,,,,,,,adit,2025-05-02,,0,3,,,,paid,,2025-07-17,,,,0,0,,
1300,)jIVDATyNJqg^@hfC8bF$zPUu,0692.SPK/BA.7/BA010102/2025,Jasa Underwater Inspection TB Srikandi Baruna 2401,2025-03-19,99,12,7,onboard,,0,0,full,,,,inv2,2025-06-17,,,2025-03-19,,,,,,,,alfin,2025-05-02,,0,1,,,,paid,,,,,,0,0,,
1301,uOa8G@zlgMYdWp*PRoAI4XKFJ,1006.SPK/BA.202/BA010102/2025,RUNNING STORE DECK AND ENGINE,2025-04-25,2,6,14,kesepakatan,,0,0,full,,,,inv2,2025-07-22,,proc,2025-04-25,,,log,,10500000,Merak,,adit,2025-05-02,linked,1370,2,,,,paid,,2025-07-20,,,,0,0,,
1302,!g*8CxNe3taH5R20mX)WuvQrM,1008.SPK/BA.202/BA010102/2025,RUNNING STORE,2025-04-25,100,12,8,kesepakatan,,0,0,full,,,,inv2,2025-06-18,,proc,2025-04-25,,,,,,,,adit,2025-05-02,,0,2,,,,paid,,2025-07-17,,,,0,0,,
1303,C*S57kg1^)M0HE!4e2zdbcuLO,1007.SPK/BA.202/BA010102/2025,RUNNING STORE,2025-04-25,2,12,35,kesepakatan,,0,0,full,,,,,,,proc,,,,,,,,,adit,2025-05-02,,3464,2,,,,paid,,2025-12-29,,,,0,1,Kurang tachometer,2025-09-02
1304,K5TVDkGL84MJRvWi2tmhrQE9X,1009.SPK/BA.202/BA010102/2025,RUNNING STORE DECK,2025-04-25,100,7,5,kesepakatan,,0,0,full,,,,inv2,2025-06-18,,proc,2025-04-25,,,,,,,,adit,2025-05-02,,0,2,,,,paid,,,,,,0,0,,
1305,nS2*b^!siEfTjgD$xNZB@Coyc,1078.SPK/BA.202/BA010102/2025,(REPEAT ORDER) PENGADAAN SPAREPARTS HOISTING DAN LUFFING PUMP DECK CRANE,2025-04-30,17,2,18,kesepakatan,,0,0,full,,,,inv2,2025-07-08,,,2025-04-30,,,,,,,,adit,2025-05-02,,0,2,,,,paid,,2025-07-21,,,,0,0,,
1306,DFd45R7MmAGS3Qvk0Ta*VY$x@,1042.SPK/BA.17/BA010102/2025,LIFTING WIRE FOR LIFEBOAT,2025-04-28,100,31,5,kesepakatan,,0,0,full,,,,inv2,2025-06-18,,proc,2025-04-28,,,,,,,,adit,2025-05-02,,0,2,,,,paid,,,,,,0,0,,
1307,ajm7YDrU6zcC0doRG)Jgxh@V^,0979.SPK/PR.202/BA010102/2024,PENGADAAN JASA FABRIKASI BOLT AND NUT WIRE DRUM,2024-12-30,52,3,5,kesepakatan,,0,0,,,,,,,,,2024-12-30,,,,,,,,adit,2025-05-02,,0,2,,,,,,,,,,0,0,,
1308,Rvq3iQ8l!PSyLXTEY)xum6pHC,0977.SPK/PR.202/BA010102/2025,PERBAIKAN ELMOT DDAN FABRIKASI ROLLER PILOT LADDER,2025-04-24,52,6,10,kesepakatan,,0,0,full,,,,inv2,2025-09-25,,proc,,,,,,,,,adit,2025-05-02,,0,2,,,,paid,,2025-09-11,,,,0,0,,
1309,hfaFEZYDktybST57!Bn3K6eg*,0192.SPK/PR.202/BA010102/2025,PENGADAAN JASA OVERHAUL GOVERNOR AE KM LATIFAH BARUNA,2025-01-30,93,20,5,onboard,,0,0,full,,,,,,,,,,,,,,,,adit,2025-05-02,,0,3,,,2025,,,,,,,0,1,,
1310,ha$NGxm@9K)BvRIEk2V56L7yz,1072.SPK/BA.202/BA010102/2025,RUNNING STORE DECK TRIWULAN KEDUA,2025-04-30,1,14,5,kesepakatan,,0,0,full,,,,inv2,2025-07-08,,proc,2025-04-30,,,,,,,,adit,2025-05-02,linked,1368,1,,,,paid,,2025-09-08,,,,0,0,,
1311,hIyLBxD3wArm9HC6(FZUK2*04,0614.SPK/PR.202/BA010102/2025,PENGADAAN HYDRAULIC HATCH COVER,2025-03-12,58,31,70,kesepakatan,,0,0,full,,,,,,,proc,2025-03-12,,,,,,,,adit,2025-05-02,,0,2,,,,paid,,2025-09-11,,,,0,0,,
1312,@le6p1s9u!Ikv2zD$Mb57aCRT,1096.SPK/BA.302/BA010102/2025,PENGADAAN SPAREPART AUX. BOILER,2025-05-02,17,17,7,kesepakatan,,0,0,full,,,,,,,proc,,,,,,,,,adit,2025-05-02,,0,2,,,,paid,,2025-07-31,,,,0,0,,
1313,j2*Bblv5zUfe(!kpJXK7^NQIr,0957.SPK/BA.202/BA010102/2025,PENGADAAN CONSUMABLE & RUNNING STORE BULAN APRIL,2025-04-22,40,23,9,kesepakatan,,0,0,full,,,,inv2,2025-10-29,,proc,2025-04-22,,,log,,3700000,Tarahan,,adit,2025-05-02,,1766,2,,,,paid,,2025-10-15,,,,0,0,,
1314,dxOy0IcWPjop*)nRXu9$7aTg^,1032.SPK/BA.202/BA010102/2025,PENGADAAN CONSUMABLE / RUNNING STORE APRIL,2025-04-28,100,32,10,kesepakatan,,0,0,full,,,,inv2,2025-07-02,,proc,2025-04-28,,,log,,1500000,Merak,2500000,adit,2025-05-05,linked,1577,2,,,,paid,,,,,,0,0,,
1315,FxZcTj4LnKQRVkN*bBtzM@8Xh,1087.SPK/BA.302/BA010102/2025,SPAREPARTS AUXILIARY ENGINE,2025-04-30,16,16,80,kesepakatan,,0,0,full,,,,inv2,2025-07-22,,proc,2025-04-30,,,,,,,,adit,2025-05-05,,0,2,,,,paid,,2025-09-24,,,,0,0,,
1316,S(goAYW2KeyPpUb5!Oathd4ku,1092.SPK/BA.302/BA010102/2025,BRIDGE GUIDE CYLINDER HEAD ASSY,2025-04-30,17,7,7,kesepakatan,,0,0,full,,,,inv2,2025-07-08,,proc,2025-04-30,,,,,,,,adit,2025-05-05,,0,2,,,,paid,,2025-07-21,,,,0,0,,
1317,B6YJfPZUsgay87l2L1@FAdSnt,1091.SPK/BA.302/BA010102/2025,KEBUTUHAN SPAREPART ME YANMAR,2025-04-30,16,27,90,kesepakatan,,0,0,full,,,,inv2,2025-08-05,,proc,2025-04-30,,,,,,,,adit,2025-05-05,,0,2,,,,paid,,2025-08-20,,,,0,0,,
1318,!zmsZGnRShta8i5EO$^le0FNY,1088.SPK/BA.302/BA010102/2025,SPAREPARTS AUXILIARY ENGINE,2025-04-30,37,16,20,kesepakatan,,0,0,full,,,,inv2,2025-10-30,,proc,2025-04-30,,,,,,,,adit,2025-05-05,,0,2,,,,paid,,2025-10-15,,,,0,0,,
1319,a9c1A8N34LUoCrn$yT^QRhdYg,1089.SPK/BA.302/BA010102/2025,SPAREPARTS MAIN AIR COMPRESSOR TANABE H-74,2025-04-30,37,7,40,kesepakatan,,0,0,full,,,,inv2,2025-09-03,,proc,2025-04-30,,,,,,,,adit,2025-05-05,,0,2,,,,paid,,2025-09-23,,,,0,0,,
1320,NL5eY^80n)3VwcfBv!7dltHmu,1005.SPK/BA.302/BA010102/2025,SPAREPART FO PURIFIER,2025-04-25,37,7,20,kesepakatan,,0,0,full,,,,inv2,2025-10-30,,,2025-04-25,,,,,,,,adit,2025-05-05,,0,2,,,,paid,,2025-10-10,,,,0,0,,
1321,1J*mEAP7oSVH2fdGwB0M3Ln8h,0960.SPK/BA.202/BA010102/2025,PENGADAAN CONSUMABLE & RUNNING STORE BULAN APRIL,2025-04-22,1,23,8,kesepakatan,,0,0,full,,,,,,,proc,,,,,,,,,adit,2025-05-05,linked,1366,2,,,,paid,,2025-07-28,,,,0,0,,
1322,CbZHfBg6KWTD8qPVheLyNOSM*,1076.SPK/PR.202/BA010102/2025,OVERHAUL TURBOCHARGER AUXILIARY ENGINE (IHI RH 143),2025-04-30,57,5,14,kesepakatan,,0,0,full,,,,,,,proc,,,,,,,,,adit,2025-05-05,non-reimburse,0,2,,,,,,,,,,0,1,Pekerjaan sudah dilakukan,2025-09-12
1323,zJFxP^2jLW)!8b*9KCO@3dN4V,1077.SPK/PR.202/BA010102/2025,OVERHAUL TURBOCHARGER MAIN ENGINE (MET 26SR),2025-04-30,57,5,14,kesepakatan,,0,0,full,,,,,,,proc,,,,,,,,,adit,2025-05-05,,0,2,,,,,,,,,,0,1,Pekerjaan sudah dilakukan,2025-09-12
1324,ynFR3SJ)*@VUGbMO9ZHxDoCt^,0880.SPK/PR.202/BA010102/2025,FABRIKASI BAUT COUPLING SPIROFLEX MAIN ENGINE,2025-04-15,52,4,30,kesepakatan,,0,0,full,,,,inv2,2025-09-08,,proc,2025-04-15,,,,,,,,adit,2025-05-05,,0,1,,,,,,,,,,0,0,,
1325,52NHzU8sr4ltDqY7Zh9dcWe1),1099.SPK/BA.101/BA010102/2025,PENGADAAN SPAREPARTS AE YANMAR,2025-04-24,16,25,31,kesepakatan,,0,0,full,,,,inv2,2025-07-22,,proc,2025-04-24,,,,,,,,adit,2025-05-05,,0,2,,,,paid,,2025-08-28,,,,0,0,,
1326,Ea@YKZ4oer58zi0mbpl7!PUIG,1100.SPK/BA.101/BA010102/2025,PENGADAAN SPAREPARTS ME YANMAR,2025-04-24,16,25,120,kesepakatan,,0,0,full,,,,inv2,2025-07-22,,proc,2025-04-24,,,,,,,,adit,2025-05-05,,0,2,,,,paid,,2025-09-08,,,,0,0,,
1327,a1cpqgfMFQ79DSrAuUG(Lxhd),2308.SPK/BA.105/BA010102/2024,KEBUTUHAN ACCESS POINT,2024-12-30,56,1,10,onboard,,0,0,full,,,,inv2,2025-06-17,,proc,2024-12-30,,,,,,,,adit,2025-05-07,,1068,3,,,,paid,,2025-06-20,,,,0,1,,
1328,(8ckSx!h5uzU2Cq)y6tLgaOZJ,2309.SPK/BA.105/BA010102/2024,KEBUTUHAN ACCESS POINT,2024-12-30,56,6,10,onboard,,0,0,full,,,,inv2,2025-06-18,,proc,2024-12-30,,,,,,,,adit,2025-05-07,,1067,3,,,,paid,,2025-06-20,,,,0,0,,
1329,MBZg)z*IRcqxnj71aOuDE9GC8,2307.SPK/BA.105/BA010102/2024,KEBUTUHAN ACCESS POINT,2024-12-30,56,7,10,onboard,,0,0,full,,,,inv2,2025-06-17,,proc,2024-12-30,,,,,,,,adit,2025-05-07,linked,1069,3,,,,paid,,,,,,0,0,,
1330,Q5*(ND!gOUxzole9B3XmtwLGI,2304.SPK/BA.105/BA010102/2024,KEBUTUHAN ACCESS POINT,2024-12-30,56,3,10,onboard,,0,0,full,,,,inv2,2025-06-18,,,2024-12-30,,,,,,,,adit,2025-05-07,linked,1071,3,,,,paid,,,,,,0,0,,
1331,NvSRmqZnK4HEUr!ka$@3MeAfp,2305.SPK/BA.105/BA010102/2024,KEBUTUHAN ACCESS POINT,2024-12-30,56,16,10,onboard,,0,0,full,,,,inv2,2025-06-17,,,2024-12-30,,,,,,,,adit,2025-05-07,linked,1072,3,,,,paid,,,,,,0,0,,
1332,rL65CEGTAQHMt8Ba(R1DewYXh,0834.SPK/BA.302/BA010102/2025,PENGADAAN SPAREPARTS GRAB JANUS,2025-04-11,32,20,20,kesepakatan,,0,0,full,,,,inv2,2025-06-17,,,2025-04-11,,,log,,4956850,Jakarta,,adit,2025-05-07,linked,1165,2,,,,paid,,2025-05-26,,,,0,0,,
1333,Hrtv*YJWSwCnR53$8G(^0EUcP,0086.SPBJ/PR.103/BA010400/2024,PENGADAAN JASA GOVERNOR SAAT DOCKING KM ADHIGUNA TARAHAN,2024-12-05,94,4,7,kesepakatan,,0,0,full,,,,,,,,,,,,,,,,adit,2025-05-14,,0,1,,,2025,paid,,,,,,0,0,,
1334,zy1ad)m0RvusfI3Y28ctnbPkE,0097.SPBJ/PR.103/BA010400/2024,PENGADAAN JASA OVERHAUL AUXILLIARY ENGINE SAAT DOCKING KM ADHIGUNA TARAHAN,2024-12-17,94,4,21,kesepakatan,,0,0,full,,,,inv2,2025-10-22,,,2024-12-17,,,,,,,,adit,2025-05-14,,0,1,,,2025,paid,,,,,,0,0,,
1335,wT0Au5s$pi)V!372aZUmyOcjo,1107.SPK/BA.306/BA010102/2025,JASA INSTALASI PANEL ON SHORE CONNECTION,2025-05-02,98,5,15,kesepakatan,,0,0,full,,,,inv2,2025-09-03,,proc,2025-05-02,,,,,,,,adit,2025-05-14,,0,3,,,,paid,,2025-09-16,,,,0,0,,
1336,0eq(OmZC5lyNIHEon1i49b8P$,2312.SPK/BA.302/BA010102/2024,JASA PENGIRIMAN (REPEAT ORDER),2024-12-30,48,0,60,kesepakatan,,0,0,full,,,,inv2,2025-06-09,,,2025-12-30,,,,,,,,adit,2025-05-14,non-reimburse,0,4,,,,paid,,,,,,0,0,,
1337,93xpNlTL78S^AnECaHYVvFj0W,1126.SPK/PR.202/BA010102/2025,FABRIKASI BARU BEVEL GEAR CONVEYOR KIRI,2025-05-06,17,4,40,kesepakatan,,0,0,full,,,,inv2,2025-08-25,,proc,2025-05-06,,,,,,,,adit,2025-05-14,non-reimburse,0,3,,,,paid,,2025-09-08,,,,0,0,,
1338,njXiQZ@8I!^cLCAHsmvekzGo6,1106.SPK/BA.202/BA010102/2025,PENGADAAAN CONSUMABLE / RUNNING STORE APRIL,2025-05-02,2,32,20,kesepakatan,,0,0,full,,,,inv2,2025-07-28,,proc,2025-05-02,,,log,,2500000,Merak,2500000,adit,2025-05-14,linked,1374,2,,,,paid,,2025-08-06,,,,0,0,,
1339,enN2ZUOhQg)9GfbCJs(LMtV87,1111.SPK/PR.202/BA010102/2025,PENGADAAN JASA & MATERIAL PENORMALAM ELECTRICAL BOILER,2025-05-02,7,32,12,kesepakatan,,0,0,full,,,,inv2,2025-09-09,,proc,2025-05-02,,,,,,,,adit,2025-05-14,,0,2,,,,paid,,2025-09-11,,,,0,0,,
1340,6UBsZCLcEq2@$gTe^DSHxMNp*,1112.SPK/PR.202/BA010102/2025,PENGADAAN MATERIAL DAN JASA PEMASANGAN RAILING CRANE 3 DAN 4 (REPEAT ORDER),2025-05-02,58,32,25,onboard,,0,0,full,,,,inv2,2025-06-30,,proc,2025-05-02,,,,,,,,adit,2025-05-14,,0,2,,,,paid,,2025-09-11,,,,0,0,,
1341,YM@Rgf4i^8Sxsop!*5yqhNkOD,1097.SPK/BA.17/BA010102/2025,PENGADAAN PILLOW BLOCK BEARING FOR TUNNEL (FYH UCPX15),2025-05-02,100,5,5,kesepakatan,,0,0,full,,,,inv2,2025-07-28,,proc,2025-05-02,,,log,,1500000,Merak,1500000,adit,2025-05-16,linked,1576,2,,,,paid,,2025-08-20,,,,0,0,,
1342,ZqFRMC975wYbmAupkxWK*6egX,1098.SPK/PR.202/BA010102/2025,PENGADAAN JASA PERBAIKAN BOLDER DAN REWELDING MAIN DECK,2025-05-02,5,8,7,onboard,,4500000,0,full,,,,,,,proc,2025-05-02,,,,,,,,adit,2025-05-16,non-reimburse,0,2,,,,paid,,2025-09-01,,,,0,0,,
1343,gz9iUv$7wR(erWGNF5ncVo!Z8,1158.SPK/BA.202/BA010102/2025,PERMINTAAN RUNNING STORE DECK,2025-05-09,2,3,12,kesepakatan,,0,0,full,,,,inv2,2025-07-22,,proc,2025-05-09,,,log.1372,,,,,adit,2025-05-16,cancel,0,2,,,,paid,,2025-08-06,,,,0,0,,
1344,WnX1xPQCFijgk(!vy2B3ldSOG,1132.SPK/BA.302/BA010102/2025,PENGADAAN SPAREPARTS BOWL ASSEMBLY HFO PURIFIER,2025-05-07,68,17,30,kesepakatan,,0,0,full,,,,inv2,2025-06-24,,proc,2025-05-07,,,,,,,,adit,2025-05-16,,0,2,,,,paid,,,,,,0,0,,
1345,)ybNOtvpI4CD7igxFzE2ZsRBT,1134.SPK/BA.17/BA010102/2025,PENGADAAN CAT DECK,2025-05-07,13,16,14,kesepakatan,,0,0,,,,,,,,proc,,,,,,,,,adit,2025-05-16,,0,2,,,,,,,,,,0,0,Barang sudah siap,2025-08-08
1346,txqNbkT53WPESawJIGsL8hM4),1116.SPK/BA.302/BA010102/2025,PENGADAAN SPAREPARTS DAN BATTERY,2025-05-05,5,8,3,onboard,,800000,0,full,,,,inv2,2025-06-30,,proc,2025-05-05,,,,,,,,adit,2025-05-16,non-reimburse,0,2,,,,paid,,2025-09-08,,,,0,0,,
1347,lVcTkPIo@^Cfq5uMOBNXJKQw),1131.SPK/BA.202/BA010102/2025,PENGADAAN CONSUMABLE & STORE ENGINE ROOM,2025-05-07,100,17,10,kesepakatan,,0,0,full,,,,inv2,2025-08-05,,proc,2025-05-07,,,,,,,,adit,2025-05-16,,0,2,,,,paid,,2025-08-20,,,,0,0,,
1348,Ltu*U4VfcKW0h@(lFJrzap53k,1154.SPK/BA.17/BA010102/2025,PENGADAAN PIPA HYDRAULIC HATCH COVER PALKA NO 7,2025-05-08,58,31,70,kesepakatan,,0,0,full,,,,inv2,2025-08-25,,proc,2025-05-08,,,,,,,,adit,2025-05-16,,0,2,,,,paid,,2025-09-11,,,,0,0,,
1349,g84bCce*I1nNku2wav7p)5$Q0,1102.SPK/BA.302/BA010102/2025,PENGADAAN SPAREPARTS MAIN ENGINE DAN AUXILIARY ENGINE (COM),2025-05-02,16,8,40,kesepakatan,,0,0,full,,,,inv2,2025-08-05,,proc,2025-05-02,,,,,,,,adit,2025-05-16,,0,2,,,,paid,,2025-08-20,,,,0,0,,
1350,)XpadUobZG14n7R*B2vcALYgf,1115.SPK/PR.202/BA010102/2025,FABRIKASI LIFTING WHEEL DAN PLATE,2025-05-05,43,1,55,kesepakatan,,0,0,full,,,,inv2,2025-10-08,,proc,2025-05-05,,,,,,,,adit,2025-05-16,,0,2,,,,paid,,2025-09-24,,,,0,0,,
1351,Ym@oqvxE8y4Szw7XgUsCGTKOd,1104.SPK/BA.17/BA010102/2025,PENGADAAN WIRE HOISTING (REPEAT ORDER),2025-05-05,17,20,10,kesepakatan,,0,0,full,,,,inv2,2025-10-09,,proc,2025-05-05,,,,,,,,adit,2025-05-16,,0,2,,,,paid,,2025-10-03,,,,0,0,,
1352,qtMQU7LZPw1)Om*!xencsXNoF,1136.SPK/BA.302/BA010102/2025,SPAREPARTS CYLINDER COVER MAIN ENGINE,2025-05-07,17,7,20,kesepakatan,,0,0,full,,,,inv2,2025-09-03,,proc,2025-05-07,,,,,,,,adit,2025-05-16,,0,2,,,,paid,,2025-09-19,,,,0,0,,
1353,r^39t2X8qekMB4oPKWV@ynCGs,1137.SPK/BA.302/BA010102/2025,SPAREPARTS COOLING JACKET LOWER,2025-05-07,17,7,20,kesepakatan,,0,0,full,,,,inv2,2025-10-09,,proc,2025-05-07,,,,,,,,adit,2025-05-16,,0,2,,,,paid,,2025-10-03,,,,0,0,,
1354,u@2byLI9)Y^o*tjPJqNfevl4V,1127.SPK/BA.302/BA010102/2025,SPAREPARTS MAIN AIR COMPRESSOR TANABE H-74,2025-05-07,37,7,40,kesepakatan,,0,0,full,,,,inv2,2025-09-03,,proc,2025-05-07,,,,,,,,adit,2025-05-16,,0,2,,,,paid,,2025-09-19,,,,0,0,,
1355,bWr5c7ntQZf1)Hjlep*F86BTK,1186.SPK/BA.302/BA010102/2025,PENGADAAN SPRING LOADED PULL ROD,2025-05-14,86,17,35,kesepakatan,,0,0,full,,,,,,,proc,,,,,,,,,adit,2025-05-16,,0,2,,,,paid,,2025-12-17,,,,0,1,,
1356,^FLTE*nSIaGJsK!tWqZ3PxlwH,1164.SPK/PR.202/BA010102/2025,FABRIKASI IMPELLER,2025-05-09,43,17,6,kesepakatan,,0,0,full,,,,inv2,2025-07-23,,proc,2025-05-09,,,,,,,,adit,2025-05-16,,0,2,,,,paid,,2025-09-11,,,,0,0,,
1357,^oTUhiuJNxW)1Y0HDb!lLk6mg,1230.SPK/BA.302/BA010102/2025,JASA PENGIRIMAN,2025-05-16,7,32,60,kesepakatan,,0,0,full,,,,inv2,2025-06-24,,,2025-05-16,,,,,,,,adit,2025-05-16,non-reimburse,0,4,,,,paid,,,,,,0,0,,
1358,6DlIA!sh1g$XTrE3(jbYzafFK,1156.SPK/BA.302/BA010102/2025,PENGADAAN WEARDOWN GAUGE AFT STERNTUBE (KEMEL EVD-380),2025-05-08,37,4,30,kesepakatan,,0,0,full,,,,inv2,2025-09-08,,proc,2025-05-08,,,,,,,,adit,2025-05-16,,0,2,,,,paid,,2025-09-11,,,,0,0,,
1359,EQvKB93C(JyGW7!ePj0fwiu$g,1197.SPK/PR.202/BA010102/2025,FABRIKASI HOUSING BEARING PINION GEAR CONVEYOR (GEARBOX MAIN DRIVE),2025-05-14,43,4,12,kesepakatan,,0,0,full,,,,inv2,2025-09-09,,proc,2025-05-14,,,,,,,,adit,2025-05-16,,0,2,,,,paid,,2025-09-16,,,,0,0,,
1360,YE$@r0othqjAFzc2PfvnwXa4k,1119.SPK/PR.202/BA010102/2025,REPEAT ORDER KALIBRASI GOVERNOR AUXILIARY ENGINE (DAIHATSU 5DK20),2025-05-05,70,5,15,kesepakatan,,0,0,full,,,,inv2,2025-08-05,,proc,2025-05-05,,,,,,,,adit,2025-05-16,,0,2,,,,paid,,2025-09-01,,,,0,0,,
1361,a0F2)mxCfEQk5eWcOqr*8oDZR,0030.SPBJ/PR.103/BA010400/2025,Pengadaan Sparepart Gear Pump,2025-03-06,17,7,30,onboard,,0,0,full,,,,,,,,,,,,,,,,admin,2025-05-19,,0,1,,,,paid,,2025-06-24,,,,0,0,,
1362,joPgKSQVyBFp5ncsUa)m7C16d,0034.SPBJ/PR.103/BA010400/2025,PENGADAAN SPAREPART TURBOCHARGER AUXILIARY ENGINE,2025-03-21,86,32,55,kesepakatan,,0,0,full,,,,inv2,2025-10-29,,,2025-03-21,,,,,,,,alfin,2025-05-20,,0,1,,,,paid,,2025-10-10,,,,0,0,,
1363,W@pmxI96aMKryiBjEgQG*kZJ5,1299.SPK/PR.202/BA010102/2025,PENGADAAN JASA CLEANING ALTERNATOR AUXILIARY ENGINE,2025-05-21,5,12,9,kesepakatan,,1000000,0,full,,,,,,,proc,,,,,,,,,adit,2025-05-23,non-reimburse,0,2,,,,paid,,2025-09-01,,,,0,0,,
1364,3o$*sSTREY!fw8c2GiQnedKgV,1292.SPK/BA.17/BA010102/2025,PENGADAAN BARANG COOLING WATER TREATMENT,2025-05-22,27,7,40,kesepakatan,,0,0,full,,,,inv2,2025-08-05,,proc,2025-05-22,,,log,,3700000,Jepara,,adit,2025-05-23,linked,1751,2,,,,paid,,2025-08-20,,,,0,0,,
1365,p$1D)RfUyHnkc2A@tsGo0*xvX,1226.SPK/PR.202/BA010102/2025,JASA PERBAIKAN DAN TROUBLESHOOTING SISTEM KELISTRIKAN AE2,2025-05-16,11,17,5,kesepakatan,,0,0,full,,,,,,,proc,,,,,,,,,adit,2025-05-23,non-reimburse,0,2,,,,paid,,2025-07-09,,,,0,0,,
1366,GAyeFw86*rV2E5xmckMOqpXgP,1189.SPK/PR.202/BA010102/2025,PENGADAAN REKONDISI SPIROFLEX (REPEAT ORDER),2025-05-19,63,4,30,kesepakatan,,0,0,full,,,,inv2,2025-06-23,,proc,2025-05-19,,,,,,,,adit,2025-05-23,,0,2,,,,paid,,,,,,0,0,,
1367,Pc2oGut3fb697zxs)5ieSgHE(,1177.SPK/BA.302/BA010102/2025,PENGADAAN SPAREPART AE,2025-05-15,17,32,10,kesepakatan,,0,0,full,,,,inv2,2025-09-25,,proc,,,,,,,,,adit,2025-05-23,,0,2,,,,paid,,2025-09-11,,,,0,0,,
1368,9@rJIkV3G(Zvtl6m^D*XBibYq,1204.SPK/BA.202/BA010102/2025,PENGADAAN SOLENOID VALVE,2025-05-15,17,32,8,kesepakatan,,0,0,full,,,,,,,proc,,,,,,,,,adit,2025-05-23,,0,2,,,,paid,,2025-07-16,,,,0,0,,
1369,Ya)34qJhz5QbKXB8ECO^ueZcM,1218.SPK/BA.202/BA010102/2025,PENGADAAN MULTIPLE DISC PLATE,2025-05-16,17,20,15,kesepakatan,,0,0,full,,,,inv2,2025-08-05,,proc,2025-05-16,,,,,,,,adit,2025-05-23,,0,2,,,,paid,,2025-08-20,,,,0,0,,
1370,S41zFLjRnUMHs5uKB!qoZwEJg,1217.SPK/PR.202/BA010102/2025,PENGADAAN DRIVE IN COMPLETE UNTUK HOISTING,2025-05-16,17,20,22,kesepakatan,,0,0,full,,,,inv2,2025-09-09,,proc,2025-05-16,,,,,,,,adit,2025-05-23,,0,2,,,,paid,,2025-09-16,,,,0,0,,
1371,s3t4Tu6kEMWK^JNBPRh5Qe2xp,1162.SPK/BA.17/BA010102/2025,"PENGADAAN JASA FABRIKASI U-BOLT, GASKET CYLINDER COVER, DAN COVER COOLER CONDENSOR",2025-05-15,43,1,7,kesepakatan,,0,0,full,,,,inv2,2025-09-09,,proc,2025-05-15,,,,,,,,adit,2025-05-23,,0,2,,,,paid,,2025-09-11,,,,0,0,,
1372,kqQ!4FAh8js)aEM9dLZ5v7Rn^,1231.SPK/BA.202/BA010102/2025,RUNNING STORE ELECTRICIAN,2025-05-16,2,3,15,kesepakatan,,0,0,full,,,,inv2,2025-07-28,,proc,2025-05-19,,,log,,5500000,Paiton,4250000,adit,2025-05-23,linked,1593,2,,,,paid,,2025-07-31,,,,0,0,,
1373,8V(3EiLk5R@xu)h$!DzH0KJSW,1232.SPK/BA.202/BA010102/2025,PERMINTAAN WIRE ROPE PROVISION CRANE & ACCOMODATION LADDER,2025-05-16,100,3,10,kesepakatan,,0,0,full,,,,inv2,2025-08-05,,proc,2025-05-16,,,,,,,,adit,2025-05-23,,0,2,,,,paid,,2025-08-20,,,,0,0,,
1374,IgX$^jsNiGzKMU2rA0mp(hLFb,1291.SPK/BA.202/BA010102/2025,CHEMICAL SUPPLY FOR SHIP MAINTENANCE (DESCALING & CARBON REMOVER),2025-05-20,27,3,30,kesepakatan,,0,0,full,,,,inv2,2025-08-05,,proc,2025-05-20,,,log,,6200000,Paiton,,adit,2025-05-23,,1750,2,,,,paid,,2025-08-05,,,,0,0,,
1375,v*Z3OJoQiPhSl29ur4$M(qb^c,1284.SPK/BA.302/BA010102/2025,GENERATION ENGINE C32 LUBE FILTER & AIR FILTER,2025-05-20,17,33,20,kesepakatan,,0,0,full,,,,inv2,2025-10-08,,proc,2025-05-20,,,,,,,,adit,2025-05-23,,0,2,,,,paid,,2025-09-23,,,,0,0,,
1376,GXSEIb(iOgm9BTQtwkM!7xrjn,1206.SPK/BA.302/BA010102/2025,(REPEAT ORDER) PENGADAAN SPAREPARTS COMPRESSOR AC CENTRAL,2025-05-15,1,5,10,kesepakatan,,0,0,full,,,,inv2,2025-07-28,,proc,2025-05-15,,,log,,2000000,Merak,,adit,2025-05-23,linked,1585,2,,,,paid,,2025-09-08,,,,0,0,,
1377,SXozEah@FJl!D^j2x8s7G50wm,1243.SPK/PR.202/BA010102/2025,JASA PEKERJAAN CONDITION MONITORING,2025-05-16,74,5,15,kesepakatan,,0,0,full,,,,inv2,2025-08-15,,proc,2025-05-16,,,,,,,,adit,2025-05-23,,0,2,,,,paid,,2025-09-24,,,,0,0,,
1378,P)IgN1eC@jZJm2HBDArtRXxc!,1207.SPK/BA.302/BA010102/2025,PENGADAAN BEARING GEARBOX MAIN DRIVE P&S,2025-05-15,17,4,7,kesepakatan,,0,0,full,,,,inv2,2025-06-23,,proc,2025-05-15,,,,,,,,adit,2025-05-23,,0,2,,,,paid,,2025-07-10,,,,0,0,,
1379,h^o!7$Yq6en*QZG8jRmbFtT04,1245.SPK/PR.202/BA010102/2025,FABRIKASI HOUSING PINION GEAR DAN FLUID COUPLING (BOOM CONVEYOR),2025-05-16,43,4,12,kesepakatan,,0,0,full,,,,inv2,2025-08-25,,,2025-05-16,,,,,,,,adit,2025-05-23,,0,2,,,,paid,,2025-09-08,,,,0,0,,
1380,1yfl*YEqC!$A6rFDaJhKZSP45,1185.SPK/BA.302/BA010102/2025,SPAREPART CAMSHAFT & CAMSHAFT BEARING AUX. ENGINE STX MAN B&W L23/30H,2025-05-14,17,17,7,kesepakatan,,0,0,full,,,,inv2,2025-09-25,,proc,,,,,,,,,adit,2025-05-23,,0,2,,,,paid,,2025-09-16,,,,0,0,,
1381,sSDvVx4HK3CjtJo!$g2X@bhAI,1194.SPK/BA.302/BA010102/2025,PENGADAAN SPAREPARTS NOZZLE AUXILIARY ENGINE (GENUINE),2025-05-14,12,5,95,kesepakatan,,0,0,full,,,,inv2,2025-08-15,,proc,2025-05-14,,,,,,,,adit,2025-05-23,,0,2,,,,paid,,2025-09-08,,,,0,0,,
1382,gDQucNlkjF5eMSp1zRdVnm!UY,1196.SPK/PR.202/BA010102/2025,JASA LASER ALIGNMENT ELECTRO MOTOR GEARBOX MAIN DRIVE KIRI,2025-05-14,52,4,3,kesepakatan,,0,0,full,,,,inv2,2025-10-08,,proc,2025-05-14,,,,,,,,adit,2025-05-23,,0,2,,,,paid,,2025-09-24,,,,0,0,,
1383,fu8HpQW$Lyc!Dxkq@CAw4*YeR,1174.SPK/PR.202/BA010102/2025,(REPEAT ORDER) FABRIKASI FLEXIBLE MANIFOLD TURBOCHARGER MAIN ENGINE,2025-05-09,36,5,5,kesepakatan,,0,0,full,,,,,,,proc,,,,,,,,,adit,2025-05-23,,0,2,,,,paid,,2025-07-21,,,,0,0,,
1384,dmx)p^FeJW4lAEzqrOoH2NjIR,1222.SPK/BA.302/BA010102/2025,PENGADAAN BARANG VALVE TANK HEATING AND GS PUMP,2025-05-15,2,7,12,kesepakatan,,0,0,full,,,,inv2,2025-08-05,,proc,2025-05-15,,,,,,,,adit,2025-05-23,,0,2,,,,paid,,2025-08-05,,,,0,0,,
1385,Ys$z(tk2DOJb1Rg9)!T5Vyl*E,1227.SPK/BA.202/BA010102/2025,PENGADAAN HANDIE TALKIE,2025-05-16,100,6,5,kesepakatan,,0,0,full,,,,,,,proc,,,,,,,,,adit,2025-05-23,,0,2,,,,paid,,2025-07-31,,,,0,0,,
1386,qpCIM8w@^Q6h0mJ2g17Zb5Rst,1221.SPK/BA.17/BA010102/2025,RUNNING STORE DECK,2025-05-15,2,16,10,kesepakatan,,0,0,full,,,,inv2,2025-08-05,,proc,2025-04-15,,,,,,,,adit,2025-05-23,,0,2,,,,paid,,2025-08-06,,,,0,0,,
1387,s!0BH(M7ci@9ok)wDVyQ6lfWx,1220.SPK/BA.17/BA010102/2025,PENGADAAN BARANG ROPE AND LADDER,2025-05-15,100,6,8,kesepakatan,,0,0,full,,,,inv2,2025-07-23,,proc,2025-05-15,,,,,,,,adit,2025-05-23,,0,2,,,,paid,,2025-09-08,,,,0,0,,
1388,*4CY@HNeIl37EaZrKDjPn!Oui,1219.SPK/BA.17/BA010102/2025,PENGADAAN BARANG ELECTRICAL,2025-05-15,5,12,8,kesepakatan,,3500000,0,full,,,,,,,proc,,,,,,,,,adit,2025-05-23,non-reimburse,0,2,,,,paid,,2025-09-08,,,,0,0,,
1389,xV2kjeFpQtlbC$Y6^m@dIzZD),1152.SPK/BA.302/BA010102/2025,Pengadaan Sparepart Auxiliary Engine (Fuel Oil Injection),2025-05-08,17,5,20,kesepakatan,,0,0,full,,,,inv2,2025-07-23,,proc,2025-05-08,,,,,,,,adit,2025-05-23,cancel,0,2,,,,paid,,2025-08-28,,,,0,0,,
1390,P$DFbHq)Bzm^2QTMpdKRYUeO5,1153.SPK/BA.302/BA010102/2025,PENGADAAN SPAREPARTS PURIFIER LUBE OIL (GENUINE),2025-05-08,68,5,65,kesepakatan,,0,0,full,,,,inv2,2025-10-08,,proc,2025-05-08,,,,,,,,adit,2025-05-23,,0,2,,,,paid,,2025-09-24,,,,0,0,,
1391,QMq3kN9sL(tKzfjgEGyiw0U8O,1212.SPK/BA.17/BA010102/2025,RUNNING STORE TUNNEL (PIPA DAN FLANGE),2025-05-15,3,5,5,kesepakatan,,0,0,full,,,,inv2,2025-06-23,,proc,2025-05-15,,,log,,4700000,Merak,,adit,2025-05-23,linked,1584,2,,,,paid,,,,,,0,0,,
1392,h8D7a)6RUtYmTjBPoE1xCLygO,1210.SPK/BA.202/BA010102/2025,RUNNING STORE DECK,2025-05-15,100,4,5,kesepakatan,,0,0,full,,,,inv2,2025-06-24,,proc,2025-05-15,,,log,,1500000,Merak,5000000,adit,2025-05-23,linked,1587,2,,,,paid,,,,,,0,0,,
1394,IOzR6cTVj8YX*$CqFu(5irdmA,1151.SPK/BA.302/BA010102/2025,PENGADAAN SPAREPARTS AUXILIARY ENGINE (GASKET CYLINDER HEAD),2025-05-08,17,5,9,kesepakatan,,0,0,full,,,,inv2,2025-08-05,,proc,2025-05-08,,,,,,,,adit,2025-05-23,,0,2,,,,paid,,2025-08-20,,,,0,0,,
1395,dtgL@OJTk!CeuH(2EaVSjl6m8,1208.SPK/BA.302/BA010102/2025,HATCH COVER PUMP REXROTH,2025-05-15,53,17,7,kesepakatan,,0,0,full,,,,inv2,2025-08-05,,proc,2025-05-15,,,,,,,,adit,2025-05-23,,0,2,,,,paid,,2025-08-20,,,,0,0,,
1396,YKqUXnRr$GOb6S2ZkJ8vpu0E^,1214.SPK/BA.302/BA010102/2025,"FABRIKASI IMPELLER, MOUTH RING & MECH SEAL",2025-05-15,43,3,10,kesepakatan,,0,0,full,,,,inv2,2025-08-15,,proc,2025-05-15,,,,,,,,adit,2025-05-23,,0,2,,,,paid,,2025-09-08,,,,0,0,,
1397,fGOpxmtVWqi5ACbyzsEKYHa*U,1213.SPK/BA.202/BA010102/2025,EXTENDED LIFE COOLANT,2025-05-15,100,33,7,kesepakatan,,0,0,full,,,,inv2,2025-08-05,,proc,2025-05-15,,,,,,,,adit,2025-05-23,,0,2,,,,paid,,2025-08-20,,,,0,0,,
1398,9jZPIoALgEm6W(CT4vD27Mdaz,1188.SPK/BA.202/BA010102/2025,PENGADAAN MECHANICAL SEAL GS PUMP & FABRIKASI SHAFT POMPA,2025-05-15,43,20,7,kesepakatan,,0,0,full,,,,inv2,2025-08-25,,proc,2025-05-15,,,,,,,,adit,2025-05-23,,0,2,,,,paid,,2025-09-11,,,,0,0,,
1399,PNpdERg4ZsxalI3y0zri(A1vc,1161.SPK/BA.17/BA010102/2025,PENGADAAN ADDITIONAL JASA REPLATING RUMAH JANGKAR,2025-05-14,5,8,7,onboard,,3000000,0,full,,,,inv2,2025-07-22,,proc,2025-05-14,,,,,,,,adit,2025-05-23,non-reimburse,0,2,,,,paid,,2025-07-31,,,,0,0,,
1400,dZY1)tDny3Q9Bjh@Lli8oVrp5,1169.SPK/BA.302/BA010102/2025,PENGADAAN SPAREPARTS AE ZJMD MAN B&W 6L 23/30H,2025-05-09,30,32,17,kesepakatan,,0,0,full,,,,inv2,2025-11-11,,proc,2025-05-09,,,,,,,,adit,2025-05-23,,0,2,,,,paid,,2025-10-16,,,,0,0,,
1401,tn3UexsWhojfCP(FuSwyc^a0E,1175.SPK/BA.302/BA010102/2025,PENGADAAN SPAREPARTS GRAB ACCESORIES,2025-05-15,17,32,10,kesepakatan,,0,0,full,,,,inv2,2025-10-29,,proc,2025-05-15,,,,,,,,adit,2025-05-23,,0,2,,,,paid,,2025-10-08,,,,0,0,,
1402,WkUIe)CxJ5$DgAjiTor!VutM4,1211.SPK/BA.17/BA010102/2025,PENGADAAN KEBUTUHAN CONSUMABLE ENGINE,2025-05-15,100,23,5,kesepakatan,,0,0,full,,,,inv2,2025-09-03,,proc,2025-05-15,,,log,,1500000,Tarahan,,adit,2025-05-23,,1724,2,,,,paid,,2025-09-26,,,,0,0,,
1403,R96xygo5$r4m0WENZPVJ!twSs,1275.SPK/BA.302/BA010102/2025,PENGADAAN SPAREPART ME,2025-05-19,30,32,20,kesepakatan,,0,0,full,,,,inv2,2025-07-22,,proc,2025-05-19,,,,,,,,adit,2025-05-23,,0,2,,,,paid,,2025-09-26,,,,0,0,,
1404,^PJXGbeoMHfysSh7BWT)51Fw6,1274.SPK/PR.202/BA010102/2025,PENGADAAN JASA REWENDING ELMOT (REPEAT ORDER),2025-05-19,5,32,5,onboard,,500000,0,full,,,,inv2,2025-07-22,,proc,2025-05-19,,,,,,,,adit,2025-05-23,non-reimburse,0,2,,,,paid,,2025-07-31,,,,0,0,,
1405,NLUWQz(ZobFOeRkyrIKn6@39G,1321.SPK/BA.404/BA010102/2025,PENGADAAN JASA PENORMALAN TELEGRAPH & STEERING GEAR,2025-05-22,17,32,10,kesepakatan,,0,0,full,,,,inv2,2025-07-01,,proc,2025-05-22,,,,,,,,adit,2025-05-23,,0,2,,,,paid,,2025-07-17,,,,0,0,,
1406,bXnyUsqF0pdx(fPZ$t8MgSYiz,1322.SPK/BA.202/BA010102/2025,PENGADAAN WIRE GRAB MEI,2025-05-22,100,32,5,kesepakatan,,0,0,full,,,,inv2,2025-07-01,,proc,2025-05-22,,,log,,1500000,Merak,2500000,adit,2025-05-23,linked,1574,2,,,,paid,,2025-07-17,,,,0,0,,
1407,*t4dPDoUQgSC3hRwWunjYT0pf,1300.SPK/BA.17/BA010102/2025,RUNNING STORE DECK,2025-05-21,2,2,12,kesepakatan,,0,0,full,,,,inv2,2025-07-22,,proc,2025-05-21,,,log,,10500000,Paiton,,adit,2025-05-23,linked,1591,2,,,,paid,,2025-08-06,,,,0,0,,
1408,65ZJk)GbPcARB1HwmWC4she0i,1209.SPK/PR.202/BA010102/2025,FABRIKASI SPAREPARTS GEAR SHAFT GEARBOX MAIN DRIVE (STARBOARD SIDE),2025-05-15,17,4,25,kesepakatan,,0,0,full,,,,,,,proc,,,,,,,,,adit,2025-05-23,non-reimburse,0,2,,,,paid,,2025-09-08,,,,0,0,,
1410,Ll)1yPhKt2v$SJWkOT9Ez4FnI,1339.SPK/BA.302/BA010102/2025,PENGADAAN COMPLETE TURBOCHARGER OF AUXILIARY ENGINE NO 1,2025-05-23,57,5,14,kesepakatan,,0,0,full,,,,inv2,2025-10-30,,proc,2025-05-23,,,log,,705000,Cilegon,,adit,2025-05-23,,1847,2,,,,paid,,2025-10-15,,,,0,0,,
1411,qTlIhy6)CdZ1YSt9XxJM7Dzmv,1338.SPK/BA.302/BA010102/2025,FABRIKASI BEVEL DAN PINION GEAR BOOM CONVEYOR SPARE,2025-05-23,17,4,35,kesepakatan,,0,0,full,,,,inv2,2025-09-09,,proc,2025-05-23,,,,,,,,adit,2025-05-23,,0,2,,,,paid,,2025-09-17,,,,0,0,,
1412,OBYrRnjf7QepZkcX4@w0WuTKU,1290.SPK/BA.302/BA010102/2025,SPAREPARTS MAIN AIR COMPRESSOR,2025-05-20,17,16,8,kesepakatan,,0,0,full,,,,inv2,2025-10-29,,proc,2025-05-20,,,,,,,,adit,2025-05-23,,0,2,,,,paid,,2025-10-07,,,,0,0,,
1413,1pK!YxEIuiQ68cHh73*lfaToF,1293.SPK/BA.7/BA010102/2025,PENGADAAN JASA INSPEKSI GOVERNOR MAIN ENGINE,2025-05-20,17,6,5,kesepakatan,,0,0,full,,,,inv2,2025-09-03,,proc,2025-05-20,,,,,,,,adit,2025-05-23,,0,3,,,,paid,,2025-09-17,,,,0,0,,
1414,p^(f20CrMH9Z*6!LT3iAExKuw,0025.SPBJ/PR.103/BA010400/2025,PENGADAAN WIRE CRANE MV MEUTIA BARUNA,2025-02-24,17,17,25,kesepakatan,,0,0,full,,,,,,,,,,,log,,35000000,Meulaboh,,alfin,2025-05-26,,1213,1,,,,paid,,2025-04-25,,,,0,0,,
1415,$S6BCleduFvt)UXa92V*qzngx,1277.SPK/BA.202/BA010102/2025,PENGADAAN BATTERY FOR GRAB,2025-05-19,32,32,15,kesepakatan,,0,0,full,,,,,,,proc,,,,,,,,,adit,2025-05-26,,0,2,,,,paid,,2025-12-19,,,,0,1,Barang sudah diambil,2025-09-02
1416,PsD*HZ0OCld^AVE1KgquiNf9j,1130.SPK/BA.202/BA010102/2025,RUNNING STORE MESIN ALAT UKUR DAN PLATE,2025-05-07,2,4,10,kesepakatan,,0,0,full,,,,inv2,2025-10-08,,proc,2025-05-07,,,,,,,,adit,2025-05-26,,0,1,,,,paid,,2025-09-23,,,,0,0,,
1417,1Kkvs7xXHcy$!iJzU5eWqLjOB,1346.SPK/BA.202/BA010102/2025,PENGADAAN WIRE GRAB,2025-05-23,100,20,8,kesepakatan,,0,0,full,,,,,,,proc,,,,log.1467,,,,,adit,2025-05-26,cancel,0,2,,,,paid,,2025-07-31,,,,0,0,,
1418,tRnAJObDvY3ef2BHQ*Fhdc)^x,1347.SPK/BA.17/BA010102/2025,STORE PRINTER & TINTA DECK,2025-05-23,2,4,8,kesepakatan,,0,0,full,,,,inv2,2025-07-02,,proc,2025-05-23,,,log,,1500000,Merak,,adit,2025-05-26,linked,1581,2,,,,paid,,,,,,0,0,,
1419,(h7rQsL)X*dqxgHYj2iGVyW8@,1348.SPK/BA.17/BA010102/2025,RUNNING STORE KITCHEN,2025-05-23,3,4,5,kesepakatan,,0,0,full,,,,inv2,2025-06-24,,proc,2025-05-23,,,log,,4800000,Merak,,adit,2025-05-26,linked,1582,2,,,,paid,,,,,,0,0,,
1420,sRd0FXk6$hT3ImEuAtLU@bG^N,1349.SPK/BA.202/BA010102/2025,FABRIKASI RODA HATCH COVER,2025-05-23,63,1,40,kesepakatan,,0,0,full,,,,,,,proc,,,,,,,,,adit,2025-05-26,,0,2,,,,paid,,2025-12-22,,,,0,1,,
1421,Mz2vD7fa@O1NT3Z)mjLJqrH0P,1337.SPK/PR.202/BA010102/2025,JASA OVERHAUL BOOM CONVEYOR SPARE DAN FABRIKASI SHAFT GEAR BOOM CONVEYOR SPARE,2025-05-23,17,4,35,kesepakatan,,0,0,full,,,,inv2,2025-08-25,,proc,2025-05-23,,,,,,,,adit,2025-05-26,non-reimburse,0,2,,,,paid,,2025-09-11,,,,0,0,,
1422,0SLv!5xRVlBku76JyNY1q*W^o,1342.SPK/BA.302/BA010102/2025,PENGADAAN BARANG TURBO CHARGER DAN ACUATOR,2025-05-23,17,12,7,kesepakatan,,0,0,full,,,,inv2,2025-09-03,,proc,2025-05-23,,,,,,,,adit,2025-05-26,,0,2,,,,paid,,2025-09-17,,,,0,0,,
1423,LPXmR1BfJQFgU@4WCGq2cs5nA,1340.SPK/BA.302/BA010102/2025,SPAREPARTS AUXILIARY ENGINE,2025-05-23,16,16,15,kesepakatan,,0,0,full,,,,inv2,2025-08-15,,proc,2025-05-23,,,,,,,,adit,2025-05-26,,0,2,,,,paid,,2025-09-19,,,,0,0,,
1424,F(EQCt@VfdlNWvMxPOGZLe*a),1320.SPK/BA.202/BA010102/2025,PENGADAAN RUNNING STORE DECK,2025-05-22,2,6,12,kesepakatan,,0,0,full,,,,inv2,2025-10-08,,proc,2025-05-22,,,,,,,,adit,2025-05-26,,0,2,,,,paid,,2025-09-23,,,,0,0,,
1425,C5YqSUj8@HDZ4WwM^7JfPBXvo,1343.SPK/BA.302/BA010102/2025,SPAREPARTS FO PURIFIER,2025-05-23,17,6,10,kesepakatan,,0,0,full,,,,inv2,2025-10-06,,proc,2025-05-23,,,,,,,,adit,2025-05-26,,0,2,,,,paid,,2025-09-26,,,,0,0,,
1426,QR(4IVm*GFb1uj9lNo2SOtYxs,1341.SPK/BA.302/BA010102/2025,SPAREPARTS AUXILIARY ENGINE,2025-05-23,37,16,20,kesepakatan,,0,0,full,,,,inv2,2025-09-03,,proc,2025-05-23,,,,,,,,adit,2025-05-26,,0,2,,,,paid,,2025-10-10,,,,0,0,,
1427,QkC!Jq6Y9ecxm*o7Fzb$ZV51H,0048.SPBJ/BA.301/BA010400/2025,PENGADAAN SPAREPARTS DOCKING MAIN ENGINE DAN AUXILIARY ENGINE TB SRIKANDI BARUNA 2401 (COM),2025-05-09,15,12,21,kesepakatan,,0,0,full,,,,,,,,,,,,,,,,alfin,2025-05-28,,0,1,,,2025,paid,,2025-07-16,,,,0,0,,
1428,lR6w^WBhuMpiQJN349e5fzcv2,0009.SPBJ/PR.103/BA010400/2025,Pengadaan Sparepart Main Engine MV. Intan Baruna,2025-01-11,37,6,175,kesepakatan,,0,0,full,,,,,,,,,,,,,,,,alfin,2025-05-28,,0,1,,,,paid,,2025-06-25,,,,0,0,,
1429,Wat9(In3JT0QUcDKCSBGLfx4v,0036.SPBJ/PR.103/BA010400/2025,PENGADAAN SPAREPART CONTROL VALVE UNIT HATCH COVER,2025-04-09,37,17,15,kesepakatan,,0,0,full,,,,,,,,,,,,,,,,alfin,2025-05-28,,0,1,,,,paid,,2025-06-25,,,,0,0,,
1430,9U6TgukoOe!wvjGahK1XDVpSB,1439.Pj/SP.605/BA010400/2024,Pembangunan 2 (Dua) Set Tug & Barge 300 FT,2024-12-27,109,0,330,kesepakatan,,0,0,full,,,,,,,,,,,,,,,,alfin,2025-05-28,non-reimburse,0,1,,,,,,,,,,7,6,,
1431,cHPYaeXLt7u(Rx)!gNJhyQ2s8,0786.SPK/PE.3/BA010102/2025,JASA PENGIRIMAN BARANG,2025-04-02,48,32,10,kesepakatan,,0,0,full,,,,inv2,2025-06-30,,proc,2025-04-02,,,,,,,,adit,2025-06-02,non-reimburse,0,4,,,,paid,,,,,,0,0,,
1432,HqImVRje3(4wXFzhbf)yTD*!7,0317.SPK/BA.3/BA010102/2025,JASA SETTING FREKUENSI RUNNNING STORE,2025-02-11,67,16,10,kesepakatan,,0,0,full,,,,inv2,2025-06-09,,proc,2025-02-11,,,,,,,,adit,2025-06-02,non-reimburse,0,4,,,,paid,,2025-07-24,,,,0,0,,
1433,U8pC4b)0dVlyGTx21L9n^h6D(,1375.SPK/BA.302/BA010102/2025,PENGADAAN SPARE PART M/E & A/E COO,2025-05-26,110,8,10,kesepakatan,,0,0,full,,,,inv2,2025-06-23,,proc,2025-05-26,,,,,,,,adit,2025-06-02,,0,2,,,,paid,,2025-07-10,,,,0,0,,
1434,JKq4NomVkp2fLlZbn^@u$ajGD,1303.SPK/BA.7/BA010102/2025,JASA SURVEY KONDISI KAPAL,2025-05-21,111,5,12,onboard,,0,0,full,,,,inv2,2025-07-22,,proc,2025-05-21,,,,,,,,adit,2025-06-02,linked,3373,2,,,,paid,,2025-08-20,,,,0,0,,
1435,WhTm9Vg*vq261L(RElF40fkax,1369.SPK/BA.202/BA010102/2025,PENGADAAN RUNNING STORE DECK,2025-05-26,2,16,15,kesepakatan,,0,0,full,,,,inv2,2025-09-03,,proc,2025-05-26,,,log,,6500000,Cilacap,1500000,adit,2025-06-02,linked,1749,2,,,,paid,,2025-09-08,,,,0,0,,
1436,jSqNgZnuH1$yLsD7XU9(p!Jhe,1380.SPK/BA.302/BA010102/2025,SPAREPARTS AUXILIARY ENGINE DAN MAIN ENGINE,2025-05-27,100,12,5,kesepakatan,,0,0,full,,,,inv2,2025-08-05,,proc,2025-05-27,,,,,,,,adit,2025-06-02,linked,1554,2,,,,paid,,2025-08-20,,,,0,0,,
1437,G7!tiOe658q3H)4DcuFZJwBzR,1384.SPK/BA.302/BA010102/2025,PENGADAAN SPAREPARTS REFRIGERATOR PROVISION (RKS 2FR),2025-05-27,32,5,27,kesepakatan,,0,0,full,,,,,,,proc,,,,,,,,,adit,2025-06-02,,0,2,,,,paid,,2025-12-23,,,,0,1,,
1438,M0adYXh@zy46ZCH)rfVTOKn$w,1371.SPK/BA.17/BA010102/2025,PERMINTAAN KENTER SHACKLE,2025-05-22,84,1,15,kesepakatan,,0,0,full,,,,inv2,2025-09-03,,proc,2025-05-26,,,,,,,,adit,2025-06-02,,0,2,,,,paid,,2025-09-23,,,,0,0,,
1439,DAJnQjCfLXdw@ix3VogE7)RG6,1332.SPK/TU.309/BA010102/2025,JASA PEMASANGAN PIN JIB CRANE,2025-05-26,7,20,3,kesepakatan,,0,0,full,,,,,,,proc,,,,,,,,,adit,2025-06-02,linked,2779,2,,,,,,,,,,0,1,,
1440,K56Ww4nDy(C0lfLoEQmcx*1)B,0038.SPBJ/PR.103/BA010400/2025,PENGADAAN HYDRAULIC HATCH COVER,2025-04-09,37,32,30,kesepakatan,,0,0,full,,,,,,,,,,,,,,,,alfin,2025-06-02,,0,1,,,,paid,,2025-06-26,,,,0,0,,
1441,VUcwFxE)gsD0Yeob4KN6@Xh!G,1391.SPK/BA.202/BA010102/2025,PERMINTAAN MOORING ROPE,2025-05-28,31,33,10,kesepakatan,,0,0,full,,,,inv2,2025-08-05,,proc,2025-05-28,,,,,,,,adit,2025-06-02,,0,2,,,,paid,,2025-08-20,,,,0,0,,
1442,qC2hO!esWEStiZJcuKMTRFx@o,1333.SPK/TU.309/BA010102/2025,JASA BONGKAR PASANG GEAR HOISTING CRANE NO.3,2025-05-26,7,20,3,kesepakatan,,0,0,full,,,,,,,proc,,,,,,,,,adit,2025-06-02,linked,2778,2,,,,,,,,,,0,1,,
1443,0klBJz6NxSY9^rMRg7CK)3IuZ,1344.SPK/BA.17/BA010102/2025,RUNNING STORE ENGINE DEPT,2025-05-23,100,3,10,kesepakatan,,0,0,full,,,,inv2,2025-07-23,,proc,2025-05-23,,,,,,,,adit,2025-06-02,,0,2,,,,paid,,2025-08-20,,,,0,0,,
1444,OGkVQw2)hDnxNIm3$1YTJpiz!,1302.SPK/BA.302/BA010102/2025,PENGADAAN ELECTRICAL STORE,2025-05-22,104,20,5,kesepakatan,,0,0,full,,,,inv2,2025-08-05,,proc,2025-05-22,,,log,,5500000,Merak,,adit,2025-06-02,linked,1753,2,,,,paid,,2025-08-20,,,,0,0,,
1445,Ju2kgZ1An0xlI(M5omsQUz4E6,0430.SPK/PR.202/BA010102/2025,PENGADAAN JASA PEMASANGAN EEXI ENGINE POWER LIMIT MAIN ENGINE (MAKER),2025-02-25,86,20,7,kesepakatan,,0,0,full,,,,inv2,2025-07-08,,,2025-02-25,,,,,,,,adit,2025-06-02,non-reimburse,0,3,,,,paid,,2025-07-23,,,,0,0,,
1446,kQ65vR27V8DLzAXUbFf3dKZC9,1308.SPK/BA.302/BA010102/2025,PENGADAAN SPAREPARTS FRESH WATER GENERATOR (GENUINE),2025-05-21,68,31,65,kesepakatan,,0,0,full,,,,inv2,2025-10-29,,proc,2025-05-21,,,,,,,,adit,2025-06-02,,0,2,,,,paid,,2025-10-16,,,,0,0,,
1447,Num4n!Rh$ZgQbvKs1y3BHjSpr,1381.SPK/PR.202/BA010102/2025,JASA PERBAIKAN ELECTROMOTOR SEA WATER COOLING (50KW),2025-05-27,43,2,14,kesepakatan,,0,0,full,,,,inv2,2025-09-03,,proc,2025-05-27,,,,,,,,adit,2025-06-02,,0,2,,,,paid,,2025-09-17,,,,0,0,,
1448,(K*ivZAT1dlj)^N5Ok@myQHC0,1382.SPK/PR.202/BA010102/2025,JASA PERBAIKAN PIPA HYDRAULIC MAIN LINE,2025-05-27,58,31,70,kesepakatan,,0,0,full,,,,inv2,2025-08-25,,proc,2025-05-27,,,,,,,,adit,2025-06-02,non-reimburse,0,2,,,,paid,,2025-09-11,,,,0,0,,
1449,fbydRl$jns3Q0P2O^9I1Tti4x,1378.SPK/PR.202/BA010102/2025,"JASA PENGUKURAN, OVERHAUL, DAN SYNCHRONIZE GEARBOX MAIN DRIVE KANAN KIRI",2025-05-27,17,4,15,kesepakatan,,0,0,full,,,,,,,proc,,,,,,,,,adit,2025-06-02,,0,2,,,,paid,,2025-11-26,,,,0,1,,
1450,It35Eo9Hrx2(MLdQs0mlXhAwF,1376.SPK/PR.202/BA010102/2025,JASA PERBAIKAN MOTOR HYDRAULIC HATCH COVER,2025-05-27,17,4,5,kesepakatan,,0,0,full,,,,inv2,2025-06-24,,proc,2025-05-27,,,,,,,,adit,2025-06-02,non-reimburse,0,2,,,,paid,,,,,,0,0,,
1451,TJKhb5WqStvn^c9CGdH4!jQAf,1377.SPK/BA.202/BA010102/2025,REKONDISI SHAFT PINION GEAR DAN FLUID COUPLING BOOM CONVEYOR KANAN,2025-05-27,17,4,12,kesepakatan,,0,0,full,,,,inv2,2025-07-08,,proc,2025-05-27,,,,,,,,adit,2025-06-02,non-reimburse,0,2,,,,paid,,2025-07-17,,,,0,0,,
1452,K(Bf@06p3DcP)ZbtWwT*mCAuJ,1310.SPK/BA.302/BA010102/2025,PENGADAAN SPAREPARTS PURIFIER FUEL OIL (PEMULIHAN),2025-05-21,17,31,10,kesepakatan,,0,0,full,,,,inv2,2025-10-08,,proc,2025-05-21,,,,,,,,adit,2025-06-02,,0,2,,,,paid,,2025-10-17,,,,0,0,,
1453,e!M0tuyDp6)sL3^WCTnZH4vjG,1345.SPK/BA.17/BA010102/2025,RUNNING STORE ENGINE DEPT,2025-05-23,2,3,10,kesepakatan,,0,0,full,,,,inv2,2025-08-05,,proc,2025-05-23,,,log.1515,,,,,adit,2025-06-02,cancel,0,2,,,,paid,,2025-08-06,,,,0,0,,
1454,Kof6AYEwzUSk9qTMpyRauJIce,1305.SPK/BA.302/BA010102/2025,PENGADAAN SPAREPARTS PURIFIER FUEL OIL (GENUINE),2025-05-21,68,31,65,kesepakatan,,0,0,full,,,,inv2,2025-10-29,,proc,2025-05-21,,,,,,,,adit,2025-06-02,,0,2,,,,paid,,2025-10-08,,,,0,0,,
1455,BwoPqkN4Qc@Mh79D*2bE$(Cyd,1351.SPK/BA.202/BA010102/2025,PENGADAAN DECK RUNNING STORE,2025-05-26,100,20,10,kesepakatan,,0,0,full,,,,inv2,2025-07-22,,proc,2025-05-26,,,log.1467,,,,,adit,2025-06-02,cancel,0,2,,,,paid,,2025-08-06,,,,0,0,,
1456,HEdtu)IJpUYj4clQ6Z(r$syPD,1352.SPK/BA.202/BA010102/2025,PENGADAAN DECK RUNNING STORE,2025-05-26,2,20,5,kesepakatan,,0,0,full,,,,inv2,2025-07-22,,proc,2025-05-26,,,log,,1500000,Merak,,adit,2025-06-02,linked,1592,2,,,,paid,,2025-08-06,,,,0,0,,
1457,$!tbdyhOkPDCX0^mIQw)asuin,1393.SPK/BA.302/BA010102/2025,PENGADAAN SPAREPARTS GEAR COUPLING MAIN DRIVE (KANAN),2025-05-28,17,4,5,kesepakatan,,0,0,full,,,,,,,proc,,,,,,,,,adit,2025-06-02,,0,2,,,,paid,,2025-09-08,,,,0,0,,
1458,1EJf^ReuGk@UY6!S92bAy7Mga,1394.SPK/BA.17/BA010102/2025,FABRIKASI BARU BEVEL GEAR CONVEYOR KANAN,2025-05-28,17,4,25,kesepakatan,,0,0,full,,,,inv2,2025-08-05,,proc,2025-05-28,,,,,,,,adit,2025-06-02,,0,2,,,,paid,,2025-08-20,,,,0,0,,
1459,rjqZK(euV$5Sd^PpUJiDfba@c,1395.SPK/BA.302/BA010102/2025,PENGADAAN SPAREPARTS AUXILIARY BOILER,2025-05-28,37,31,24,kesepakatan,,0,0,full,,,,inv2,2025-08-25,,proc,2025-05-28,,,,,,,,adit,2025-06-02,,0,2,,,,paid,,2025-09-16,,,,0,0,,
1460,D5KVkWi6wE2mxpnayoLdHUS3l,1372.SPK/BA.202/BA010102/2025,PERMINTAAN FILTER ELEMENT DECK CRANE,2025-05-26,16,3,180,kesepakatan,,0,0,full,,,,inv2,2025-07-22,,proc,2025-05-26,,,,,,,,adit,2025-06-02,,0,2,,,,paid,,2025-07-31,,,,0,0,,
1461,yCJ02)oKiMpk^!ndeGEfr7ItV,1374.SPK/BA.202/BA010102/2025,PENGADAAN ELECTRIC SUMP PUMP & ALKON PUMP,2025-05-26,2,20,15,kesepakatan,,0,0,full,,,,inv2,2025-07-22,,proc,2025-05-26,,,log.1456,,,,,adit,2025-06-02,cancel,0,2,,,,paid,,2025-07-31,,,,0,0,,
1462,e9zy$GO2Rx6MCX8@DuL^H1acS,0049.SPBJ/BA.301/BA010400/2025,PENGADAAN SPAREPART DOCKING MAIN ENGINE & AUXILIARY ENGINE (COO),2025-05-09,17,12,2,kesepakatan,,0,0,full,,,,inv2,2025-10-09,,,2025-05-09,,,,,,,,alfin,2025-06-02,,0,1,,,,paid,,2025-10-03,,,,0,0,,
1463,HelafOU9vXW8Z7KA@bd)$FT*S,1368.SPK/BA.17/BA010102/2025,PENGADAAN RUNNING STORE DECK,2025-05-26,104,16,9,kesepakatan,,0,0,full,,,,inv2,2025-08-05,,proc,2025-05-26,,,log,,4000000,Jayapura,1000000,adit,2025-06-02,linked,1756,2,,,,paid,,2025-08-20,,,,0,0,,
1464,VA6g(bPxiC!mzfJ81FRtTNupy,1390.SPK/PR.202/BA010102/2025,PERMINTAAN REWINDING EL-MOT AUX COOLING SEA WATER,2025-05-28,7,3,10,kesepakatan,,5000000,0,full,,,,,,,proc,,,,,,,,,adit,2025-06-02,,0,2,,,,paid,,2025-11-20,,,,0,1,sudah selesai dikerjakan,2025-09-01
1465,2L^9kPZRHpNX)(q1QCAr3*Yh$,1367.SPK/BA.202/BA010102/2025,PENGADAAN RUNNING STORE DECK,2025-05-26,100,16,13,kesepakatan,,0,0,full,,,,inv2,2025-10-30,,proc,2025-05-26,,,,,,,,adit,2025-06-02,,0,2,,,,paid,,2025-11-14,,,,0,1,,
1466,^0S4eXbpo2)!9us8Hz$LO*Dfj,1331.SPK/TU.309/BA010102/2025,JASA TROUBLESHOOT CRANE NO.1,2025-05-26,7,20,3,kesepakatan,,0,0,full,,,,,,,proc,,,,,,,,,adit,2025-06-02,linked,2790,2,,,,,,,,,,0,0,,
1467,82hSdFjDI7zO5UtwWCsKHBg*@,1350.SPK/BA.202/BA010102/2025,PENGADAAN ENGINE RUNNING STORE,2025-05-26,100,20,5,kesepakatan,,0,0,full,,,,inv2,2025-07-22,,proc,2025-05-26,,,log,,11000000,Merak,,adit,2025-06-02,linked,1556,2,,,,paid,,2025-07-31,,,,0,0,,
1468,L)lJEWvUn3DQti8HXC(Ta9mFK,1416.SPK/BA.101/BA010102/2025,PENGADAAN RUNNING STORE DAN JANGKAR,2025-06-02,100,12,3,onboard,,0,0,full,,,,inv2,2025-08-15,,proc,2025-06-02,,,log,,500000,Merak,,adit,2025-06-03,,1557,3,,,2025,paid,,2025-09-08,,,,0,0,,
1469,eh7X1Qvz6)*WxMk@J5l$jLZtP,1225.SPK/BA.202/BA010102/2025,PENGADAAN CONSUMABLE/RUNNING STORE & MLC,2025-05-19,100,32,5,kesepakatan,,0,0,full,,,,inv2,2025-09-03,,proc,2025-05-19,,,,,,,,adit,2025-06-03,,0,2,,,,paid,,2025-09-19,,,,0,0,,
1470,IxNYiVs104RuaPf9OHUKCeb6!,1355.SPK/BA.17/BA010102/2025,PENGADAAN KEBUTUHAN CONSUMABLE ENGINE (MEI),2025-05-19,100,25,5,kesepakatan,,0,0,full,,,,inv2,2025-08-15,,proc,2025-05-19,,,log,,3500000,Merak,,adit,2025-06-03,linked,1555,2,,,,paid,,2025-09-11,,,,0,0,,
1471,UYXaR6ewGQH7Pdt1$@Tos^bmI,1103.SPK/BA.302/BA010102/2025,Pengadaan Spareparts Cooler Auxiliary Engine (Repeat Order),2025-05-05,17,20,45,kesepakatan,,0,0,full,,,,,,,,,,,,,,,,alfin,2025-06-04,,0,2,,,,paid,,2025-08-20,,,,0,0,,
1472,@kaLPtVKFci2Q5vuS^GDZ7nX4,1385.SPK/BA.302/BA010102/2025,Pengadaan Sparepart Pressure Transmiter,2025-05-27,104,6,5,kesepakatan,,0,0,full,,,,inv2,2025-08-05,,proc,2025-05-27,,,log,,3000000,Paiton,dari surabaya,alfin,2025-06-05,linked,1754,2,,,,paid,,2025-08-20,,,,0,0,,
1473,vZwfx)Ig!@t*lBH(yoMYL6sem,1242.SPK/PR.202/BA010102/2025,JASA PEKERJAAN CONDITION MONITORING,2025-05-16,74,4,15,kesepakatan,,0,0,full,,,,,,,proc,,,,,,,,,adit,2025-06-13,,0,2,,,,paid,,2025-09-19,,,,0,0,,
1474,flXOuE8Qwg4YTr@!L6(ayqGCA,1508.SPK/BA.302/BA010102/2025,"STARTER MODULE, TIMER MODULE & PRESSURE CONTROL UNTUK PANEL",2025-06-11,104,3,21,kesepakatan,,0,0,full,,,,inv2,2025-10-08,,proc,2025-06-13,,,,,,,,adit,2025-06-13,,2069,2,,,,paid,,2025-12-23,,,,0,0,,
1475,L37QZtOKSXRJ9bNvCIa!H14uG,1509.SPK/BA.302/BA010102/2025,PERMINTAAN WIRE ROPE LUFFING DECK CRANE,2025-06-11,100,3,10,kesepakatan,,0,0,full,,,,inv2,2025-09-03,,proc,2025-06-11,,,,,,,,adit,2025-06-13,,0,2,,,,paid,,2025-09-17,,,,0,0,,
1476,Xm7Y$5sFK8inUtabVTOcplry4,1490.SPK/BA.202/BA010102/2025,SPAREPART PROVISION,2025-06-10,100,17,5,kesepakatan,,0,0,full,,,,inv2,2025-09-09,,proc,2025-06-10,,,,,,,,adit,2025-06-13,,0,2,,,,paid,,2025-09-16,,,,0,0,,
1477,VdMNor3hQibkp84ufjBI2P0Je,1497.SPK/KP.105/BA010102/2025,JASA TENAGA BANTU PENDAMPINGAN OPERASIONAL INTEGRASI EPROC-ODOO,2025-06-10,96,0,365,kesepakatan,,0,0,full,,,,0.2.1.3,2025-11-20,,proc,2025-06-10,,,,,,,,adit,2025-06-13,non-reimburse,0,4,,,,,,,,,,10,10,,
1478,eiPA!H(2IhV3aDXdTBYv^FskG,1517.SPK/BA.202/BA010102/2025,PENGADAAN SHACKLE GALVANIS & SHACKLE BOLT TYPE G2130 & G2150 KEBUTUHAN LIFTING,2025-06-12,31,3,7,kesepakatan,,0,0,full,,,,inv2,2025-10-15,,proc,2025-06-12,,,log,,4750000,Paiton,,adit,2025-06-13,,1763,2,,,,paid,,2025-10-03,,,,0,0,,
1479,ck6rU0nEL()TJRju!Swg9XbHM,1493.SPK/BA.202/BA010102/2025,PENGADAAN CAT,2025-06-10,13,8,10,kesepakatan,,0,0,full,,,,inv2,2025-10-15,,proc,2025-06-10,,,,,,,,adit,2025-06-13,,0,2,,,,paid,,2025-10-03,,,,0,0,Barang sudah siap,2025-08-08
1480,8niYNBb0hvXQjqUa*E@xsWHgJ,1495.SPK/BA.302/BA010102/2025,PENGADAAN VALVE BALLAST & BILGE C/H,2025-06-10,3,20,7,kesepakatan,,0,0,full,,,,inv2,2025-10-15,,proc,2025-06-10,,,,,,,,adit,2025-06-13,,0,2,,,,paid,,2025-10-03,,,,0,0,,
1481,O!y@tqH$*5EZr)wzNog96ph2a,1492.SPK/BA.202/BA010102/2025,RUNNING STORE PAINT DECK AND ENGINE,2025-06-10,13,6,14,kesepakatan,,0,0,full,,,,inv2,2025-10-08,,proc,2025-06-10,,,,,,,,adit,2025-06-13,,0,2,,,,paid,,2025-10-03,,,,0,0,Barang sudah siap,2025-08-08
1482,y0S8j1WX$6Fm^3O)UJbdVq!v2,0828.SPK/BA.101/BA010102/2025,SHIP FUMIGATION,2025-04-10,88,4,30,jakarta,,0,0,full,,,,inv2,2025-10-30,,proc,2025-04-10,,,,,,,,adit,2025-06-13,,0,1,,,,paid,,2025-11-17,,,,0,0,,
1483,^I(unUgaj1Rz48FXf2AdlmCeL,0979.SPK/PR.202/BA010102/2025,PENGADAAN JASA FABRIKASI BOLT AND NUT WIRE DRUM,2025-04-23,52,3,5,kesepakatan,,0,0,full,,,,inv2,2025-10-06,,proc,,,,,,,,,adit,2025-06-13,,0,2,,,,paid,,2025-10-08,,,,0,0,,
1484,qf8zlQ7E$p91S3OPydWg^Y@im,1496.SPK/BA.202/BA010102/2025,FAN ENGINE ROOM,2025-06-10,17,17,15,kesepakatan,,0,0,full,,,,inv2,2025-10-29,,proc,2025-06-10,,,,,,,,adit,2025-06-13,,0,2,,,,paid,,2025-11-14,,,,0,0,,
1485,@pCb1gUT!KD*dyMJGFwvQakus,1475.SPK/PR.202/BA010102/2025,JASA REWINFING GS PUMP,2025-06-05,5,21,7,kesepakatan,,0,0,full,,,,inv2,2025-10-09,,proc,,,,,,,,,adit,2025-06-13,,0,2,,,,paid,,2025-10-10,,,,0,0,,
1486,sH*cu05KCjeRpOht$fxY@Fo7V,1474.SPK/BA.17/BA010102/2025,PERMINTAAN ELECTRICAL EQUIPMENT,2025-06-05,17,32,20,kesepakatan,,0,0,full,,,,inv2,2025-10-09,,proc,2025-06-05,,,,,,,,adit,2025-06-13,,0,2,,,,paid,,2025-10-03,,,,0,0,,
1487,@H3qwvG958K$kR0DMd4jlAiXn,1449.SPK/BA.202/BA010102/2025,PENGADAAN RUNNING STORE CAT,2025-06-03,13,7,14,kesepakatan,,0,0,full,,,,,,,,,,,,,,,,adit,2025-06-13,linked,1961,2,,,,,,,,2025-06-19,,0,0,Barang sudah siap,2025-08-08
1488,RrHtY*zU3!Fckq(1QZ$MmiVx),1359.SPK/BA.202/BA010102/2025,WIRE ROPE OVERHEAD CRANE ENIGNE ROOM,2025-05-26,100,1,5,kesepakatan,,0,0,full,,,,inv2,2025-08-05,,proc,,,,,,,,,adit,2025-06-13,,0,2,,,,paid,,2025-08-20,,,,0,0,,
1489,sW21JM^N*Ct@QpR(TnriVw37o,1450.SPK/BA.202/BA010102/2025,PENGADAAN CAT DECK,2025-06-03,13,16,14,kesepakatan,,0,0,full,,,,inv2,2025-10-15,,proc,2025-06-03,,,,,,,,adit,2025-06-13,,0,2,,,,paid,,2025-10-03,,,,0,0,Barang sudah siap,2025-08-08
1490,abGHWfysTmr@xELvF60uXzpMe,1448.SPK/BA.17/BA010102/2025,CONSUMABLE DECK,2025-06-03,2,4,10,kesepakatan,,0,0,full,,,,inv2,2025-07-22,,proc,2025-06-03,,,log,,1500000,Merak,1700000,adit,2025-06-13,linked,1601,2,,,,paid,,2025-07-31,,,,0,0,,
1491,Cw2)ImWD50obJO6K8$9uqPp@E,1453.SPK/BA.202/BA010102/2025,RO WIRE DECK CRANE,2025-06-04,17,3,25,kesepakatan,,0,0,full,,,,inv2,2025-09-03,,proc,,,,log,,13795000,Paiton,,adit,2025-06-13,,1742,2,,,,paid,,2025-09-16,,,,0,0,,
1492,(*4BAvUFcdwCsXYRayebNIEGZ,1176.SPK/PR.202/BA010102/2025,JASA PERBAIKAN FONDASI GATE ROLLER DAN TROUBLESHOOTING,2025-05-10,11,17,5,kesepakatan,,0,0,full,,,,inv2,2025-07-23,,proc,2025-05-10,,,,,,,,adit,2025-06-13,,0,2,,,,paid,,2025-08-06,,,,0,0,,
1493,A4rKGlCNpbvhx^aU*jndmekcX,1282.SPK/BA.302/BA010102/2025,PENGADAAN UNIT FEED WATER PUMP FOR AUX. BOILER,2025-06-04,32,32,26,kesepakatan,,0,0,full,,,,,,,proc,,,,,,,,,adit,2025-06-13,,0,2,,,,paid,,2025-12-10,,,,0,1,Barang sudah diambil,2025-09-02
1494,ect9G!uDFaz@bSiwvLx0I6rZB,1451.SPK/BA.202/BA010102/2025,PENGADAAN ELECTRICAL GRAB & CRANE,2025-06-03,17,32,15,kesepakatan,,0,0,full,,,,inv2,2025-10-30,,proc,2025-06-03,,,,,,,,adit,2025-06-13,,0,2,,,,paid,,2025-10-10,,,,0,0,,
1495,5XC86e$Q*E4Nnb@3MH0)kmZYz,1445.SPK/PR.202/BA010102/2025,PENGADAAN JASA PENORMALAN CRANE KAPAL,2025-06-03,7,32,7,kesepakatan,,0,0,full,,,,inv2,2025-10-27,,proc,2025-06-03,,,,,,,,adit,2025-06-13,,0,2,,,,paid,,2025-10-08,,,,0,0,,
1496,GkbjBmn8UvTKygeJ*HPW6uF^q,1462.SPK/BA.202/BA010102/2025,PENGADAAN CONSUMABLE DECK & ENGINE JUNI,2025-06-04,2,32,13,kesepakatan,,0,0,full,,,,,,,proc,,,,,,,,,adit,2025-06-13,,0,2,,,,paid,,2025-11-05,,,,0,0,,
1497,3n$v2fQp!dXwmz5FSZEO4hUlV,1463.SPK/BA.202/BA010102/2025,PENGADAAN CONSUMABLES DECK & ENGINE JUNI,2025-06-04,100,32,5,kesepakatan,,0,0,full,,,,inv2,2025-09-09,,proc,2025-06-04,,,,,,,,adit,2025-06-13,,0,2,,,,paid,,2025-09-16,,,,0,0,,
1498,7rkj)s6dcbE2a(R*40wU@eHPS,1444.SPK/BA.202/BA010102/2025,PENGADAAN WIRE HOISTING (REPEAT ORDER),2025-06-02,17,20,10,kesepakatan,,0,0,full,,,,inv2,2025-07-22,,proc,2025-06-02,,,,,,,,adit,2025-06-13,,0,3,,,,paid,,2025-07-28,,,,0,0,,
1499,jSgGsMOBu1rtmJLV2RUy@8wHc,1447.SPK/PR.202/BA010102/2025,JASA MAN POWER CLEANING RUANG TUNNEL,2025-06-03,52,5,30,kesepakatan,,0,0,full,,,,inv2,2025-07-22,,proc,2025-06-03,,,,,,,,adit,2025-06-13,non-reimburse,0,2,,,,paid,,2025-07-31,,,,0,0,,
1500,ROW!e2SmF738QVsErvHyqkLp(,1465.SPK/BA.17/BA010102/2025,PENGADAAN RUNNING STORE (TOOLS),2025-06-04,2,2,15,kesepakatan,,0,0,full,,,,inv2,2025-10-29,,proc,2025-06-04,,,,,,,,adit,2025-06-14,,0,2,,,,paid,,2025-10-08,,,,0,0,,
1501,w6zjun9KkTLAq4)3lIa!$NiOc,1464.SPK/BA.302/BA010102/2025,PENGADAAN SPAREPARTS PICKUP SENSOR OF MAIN ENGINE,2025-06-04,17,2,15,kesepakatan,,0,0,full,,,,inv2,2025-10-27,,proc,2025-06-04,,,,,,,,adit,2025-06-14,,0,2,,,,paid,,2025-10-08,,,,0,0,,
1502,VfSXtcKU7jxNmkG*1(n^q@Bl!,1429.SPK/BA.302/BA010102/2025,SUPPLY & FINAL MACHINING CHAIN COUPLING FOR CARGO CRANE PUMP,2025-06-02,43,2,12,kesepakatan,,0,0,full,,,,inv2,2025-09-03,,proc,2025-06-02,,,,,,,,adit,2025-06-14,,0,2,,,,paid,,2025-09-19,,,,0,0,,
1503,uKJfCD()HhLcr*UsQWTk54pBb,1432.SPK/BA.202/BA010102/2025,PENGADAAN  RUNNING STORE CAT DAN THINNER,2025-06-02,13,2,14,kesepakatan,,0,0,full,,,,,,,proc,,,,,,,,,adit,2025-06-14,,0,2,,,,paid,,2025-12-29,,,,0,1,Barang sudah dikapal,2025-09-12
1504,OBHoIaPy)Mk9Z2(hwgYKqWFX3,1435.SPK/BA.17/BA010102/2025,PENGADAAN RUNNING STORE ENGINE,2025-06-03,104,2,10,kesepakatan,,0,0,full,,,,inv2,2025-08-08,,proc,2025-06-03,,,log,,8200000,Paiton,,adit,2025-06-14,linked,1726,2,,,,paid,,2025-08-28,,,,0,0,,
1505,X!8M9C2kfte)(IUuFN5*oVhlL,1430.SPK/BA.202/BA010102/2025,PENGADAAN RUNNING STORE CAT DAN THINNER,2025-06-02,13,31,14,kesepakatan,,0,0,full,,,,inv2,2025-10-06,,proc,2025-06-02,,,,,,,,adit,2025-06-14,,0,2,,,,paid,,2025-10-03,,,,0,0,Barang sudah siap,2025-08-08
1506,QjhP4i6ygYD9Gfmz@dJoKSkqX,1443.SPK/BA.17/BA010102/2025,PENGADAAN JASA PERBAIKAN SHAFT PUMP,2025-06-03,43,12,6,kesepakatan,,0,0,full,,,,,,,proc,,,,,,,,,adit,2025-06-14,,0,3,,,,paid,,2025-10-03,,,,0,0,,
1507,0*An)BhbfMZD3prk75KzV@S9o,1440.SPK/BA.101/BA010102/2025,SPINDLE VALVE MAIN ENGINE,2025-06-03,17,12,5,onboard,,0,0,full,,,,inv2,2025-07-22,,proc,2025-06-03,,,,,,,,adit,2025-06-14,,0,3,,,2025,paid,,2025-07-28,,,,0,0,,
1508,YOaIx5Q*s8Ku@jmMRZo37WnTN,1441.SPK/BA.101/BA010102/2025,PENGADAAN JASA PERBAIKAN TURBO CHARGER MAIN ENGINE,2025-06-03,11,12,3,kesepakatan,,0,0,full,,,,inv2,2025-07-22,,proc,2025-06-03,,,,,,,,adit,2025-06-14,,0,3,,,2025,paid,,2025-07-31,,,,0,0,,
1509,n7(yqgcU)AL8FZGeJ$sT!PCup,1442.SPK/BA.101/BA010102/2025,PENGADAAN BARANG SPAREPART PT PUMP DAN INJECTOR MAIN ENGINE,2025-06-03,11,12,2,onboard,,0,0,full,,,,inv2,2025-07-08,,proc,2025-06-03,,,,,,,,adit,2025-06-14,,0,3,,,2025,paid,,2025-07-17,,,,0,0,,
1510,KBDSPk8omnjb(ugThFU13rsed,1438.SPK/BA.101/BA010102/2025,PENGADAAN VALVE,2025-06-03,52,12,2,onboard,,0,0,full,,,,inv2,2025-09-08,,proc,2025-06-03,,,,,,,,adit,2025-06-14,,0,3,,,2025,paid,,2025-09-11,,,,0,0,,
1511,4n^j@3AgFv2Ub7qE(!$WB5GXO,1437.SPK/BA.101/BA010102/2025,PENGADAAN BARANG SPAREPART PT PUMP DAN INJECTOR AE,2025-06-03,11,12,3,onboard,,0,0,full,,,,inv2,2025-07-08,,proc,2025-06-03,,,,,,,,adit,2025-06-14,,0,3,,,2025,paid,,2025-07-17,,,,0,0,,
1512,g7EvIMdm46AVqD)i2l@rT3nU$,1439.SPK/BA.101/BA010102/2025,PENGADAAN SPAREPARTS AE DAN ME,2025-06-03,11,12,3,onboard,,0,0,full,,,,inv2,2025-09-08,,proc,2025-06-03,,,,,,,,adit,2025-06-14,,0,1,,,2025,paid,,2025-09-11,,,,0,0,,
1513,aikcFynYM@21bG(^hKrQgCRtN,1412.SPK/BA.302/BA010102/2025,PENGADAAN UNIT HYDRAULIC MOTOR PUMP FOR LUFFING,2025-05-28,17,16,12,kesepakatan,,0,0,full,,,,inv2,2025-10-29,,,2025-05-28,,,,,,,,adit,2025-06-14,,0,3,invest,,,paid,,2025-10-08,,,,0,0,,
1514,eaq8i1Ioc)vG7wTXr^xOPV6Nb,1413.SPK/BA.302/BA010102/2025,PENGADAAN UNIT HYDRAULIC MOTOR PUMP FOR SLEWING,2025-05-28,17,16,12,kesepakatan,,0,0,full,,,,inv2,2025-10-29,,proc,2025-05-28,,,,,,,,adit,2025-06-14,,0,3,invest,,,paid,,2025-10-07,,,,0,0,,
1515,IkFN5$GibPfwv1xC*uqdc9D8Q,1507.SPK/BA.302/BA010102/2025,PERMINTAAN RUNNING STORE DECK,2025-06-11,2,3,12,kesepakatan,,0,0,full,,,,,,,proc,,,,log,,9500000,Paiton,,adit,2025-06-14,,2055,2,,,,paid,,2025-11-05,,,,0,0,,
1516,AjMT2H*dzDYiWfrKQ4PyR^Im6,1428.SPK/BA.17/BA010102/2025,PENGADAAN CAT,2025-06-02,33,20,7,kesepakatan,,0,0,full,,,,,,,proc,,,,,,,,,adit,2025-06-15,,0,2,,,,paid,,2025-10-30,,,,0,1,,
1517,DpyhvVJWIR2Qx71bnKzk46oXE,0824.SPK/BA.101/BA010102/2025,OVERHAUL VARIOUS ROLLER ON MAIN DECK,2025-04-10,88,4,30,kesepakatan,,0,0,full,,,,inv2,2025-10-30,,,2025-04-10,,,,,,,,adit,2025-06-16,,0,1,,,,paid,,2025-10-15,,,,0,0,,
1518,*ortTODJpQH9d)(u5ZL!xCeqE,0823.SPK/BA.101/BA010102/2025,REPAIR CPP PART AND TUNNEL ACCESS,2025-04-10,88,4,30,kesepakatan,,0,0,full,,,,inv2,2025-10-30,,,2025-04-10,,,,,,,,adit,2025-06-16,,0,1,,,,paid,,2025-10-15,,,,0,0,,
1519,ACdkLqMbRg1E94pyloinrI6m(,0734.SPK/BA.101/BA010102/2025,MACHINING PUMP & MOTOR,2025-04-10,88,4,30,kesepakatan,,0,0,full,,,,inv2,2025-10-29,,,2025-04-10,,,,,,,,adit,2025-06-16,,0,1,,,,paid,,2025-10-08,,,,0,0,,
1520,!bhE2)M5RyKJSg7Lu*o3vtqH8,0826.SPK/BA.101/BA010102/2025,GENERAL & SUPPORT SERVICE,2025-04-10,88,4,30,kesepakatan,,0,0,full,,,,inv2,2025-10-29,,,2025-04-10,,,,,,,,adit,2025-06-16,,0,1,,,,paid,,2025-10-15,,,,0,0,,
1521,)gL9fB7jtG^$!4m8HZD6cknwi,0735.SPK/BA.101/BA010102/2025,REPAIR PUMP & MOTOR VARIOUS LOCATION,2025-04-10,88,4,30,kesepakatan,,0,0,full,,,,inv2,2025-10-29,,,2025-04-10,,,,,,,,adit,2025-06-16,,0,1,,,,paid,,2025-10-15,,,,0,0,,
1522,2T(LGPkIj3E0l$dF8xeWHmvJR,0827.SPK/BA.101/BA010102/2025,CARPENTRY JOB & RENEWAL BOTTOM PLUG LIFEBOAT,2025-04-10,88,4,30,kesepakatan,,0,0,full,,,,inv2,2025-10-30,,,2025-04-10,,,,,,,,adit,2025-06-16,,0,3,,,,paid,,2025-10-17,,,,0,0,,
1523,c2WiXghDLbRnFJaoq5jp40zl*,0825.SPK/BA.101/BA010102/2025,REPAIR DAN PENGUJIAN PERLENGKAPAN EQUIPMENT,2025-10-09,88,4,30,kesepakatan,,0,0,full,,,,inv2,2025-10-30,,,2025-04-09,,,,,,,,adit,2025-06-16,,0,1,,,,paid,,2025-10-15,,,,0,1,,
1524,Yg(QfHDvbX!L4qkVo@7PT2nd8,1471.SPK/BA.17/BA010102/2025,PENGADAAN ELECTRICAL RUNNING STORE,2025-06-05,10,20,10,kesepakatan,,0,0,full,,,,inv2,2025-10-15,,proc,2025-06-05,,,log,,5600000,Merak,,adit,2025-06-16,linked,1733,2,,,,paid,,2025-07-31,,,,0,0,,
1525,CYQdWoUPhHFN$rfuEZ)JsqB@7,1521.SPK/BA.17/BA010102/2025,PERMINTAAN KENTER SHACKLE (REPEAT ORDER),2025-06-13,84,7,7,kesepakatan,,0,0,full,,,,inv2,2025-09-03,,proc,2025-06-13,,,,,,,,adit,2025-06-16,,0,3,,,,paid,,2025-09-23,,,,0,0,,
1526,yKiD)WNQdp65k3(r8Czt$eJaj,1522.SPK/BA.17/BA010102/2025,PERMINTAAN KENTER SHACKLE,2025-06-12,84,20,7,onboard,,0,0,full,,,,inv2,2025-09-03,,proc,2025-06-12,,,,,,,,adit,2025-06-16,,0,3,,,,paid,,2025-09-26,,,,0,0,,
1527,6ZWzxCr3X$ehGic0yq5FkV9OE,1494.SPK/BA.302/BA010102/2025,PENGADAAN SPAREPARTS AUXILIARY ENGINE (COO),2025-06-11,17,1,15,kesepakatan,,0,0,full,,,,inv2,2025-10-06,,proc,2025-06-11,,,,,,,,adit,2025-06-16,,0,2,,,,paid,,2025-09-24,,,,0,0,,
1528,rOL$Q1wb2xIsTe*5muyMAY(nt,1526.SPK/BA.202/BA010102/2025,PENGADAAN BARANG CAT,2025-06-13,4,12,12,kesepakatan,,0,0,full,,,,inv2,2025-10-27,,proc,2025-06-13,,,,,,,,adit,2025-06-16,,0,2,,,,paid,,2025-01-03,,,,0,0,,
1529,mL6uJFrPyM^wzT3tqCKjVoi4W,1530.SPK/BA.202/BA010102/2025,PENGADAAN BARANG RUNNING STORE,2025-06-13,100,6,5,kesepakatan,,0,0,full,,,,inv2,2025-09-09,,proc,2025-06-13,,,,,,,,adit,2025-06-16,,0,2,,,,paid,,2025-09-16,,,,0,0,,
1530,lvcFn6x42HLtIaCpwKNbX5uWM,1561.SPK/PR.202/BA010102/2025,PENGADAAN JASA SERIVICE MODULE BWTS,2025-06-17,112,32,10,kesepakatan,,0,0,full,,,,inv2,2025-10-08,,proc,2025-06-17,,,,,,,,fifi,2025-06-18,,0,2,,,,paid,,2025-10-08,,,,0,0,,
1531,)SX$cN6pZk3oFzfmVCWLAijyO,1527.SPK/BA.17/BA010102/2025,PENGADAAN UNIT GEARBOX DAN MESIN JANGKAR,2025-06-13,5,11,12,kesepakatan,,0,0,full,,,,inv2,2025-09-08,,proc,2025-06-13,,,,,,,,fifi,2025-06-19,non-reimburse,0,2,,,,paid,,2025-09-11,,,,0,0,,
1532,$ldK8ivJEg)L63kWe@5^D1oQY,1572.SPK/BA.202/BA010102/2025,PERMINTAAN CONSUMABLE ENGINE,2025-06-17,100,14,6,kesepakatan,,0,0,full,,,,inv2,2025-09-09,,proc,2025-06-17,,,log,,7500000,Tarahan,,fifi,2025-06-19,,1716,2,,,,paid,,2025-09-17,,,,0,0,,
1533,QbgyUIZfB(G4eiCj8qdp7JLMW,1565.SPK/BA.17/BA010102/2025,PENGADAAN RUNNING STORE DECK (TALI MOORING),2025-06-17,100,5,7,kesepakatan,,0,0,full,,,,inv2,2025-07-22,,proc,2025-06-17,,,log,,7500000,Merak,,fifi,2025-06-19,,1573,2,,,,paid,,2025-09-17,,,,0,0,,
1534,UhbrJOPyiN0M9)8cLgX5lB!IS,1552.SPK/BA.302/BA010102/2025,PENGADAAN SPAREPART DECK CRANE,2025-06-16,17,32,26,kesepakatan,,0,0,full,,,,,,,proc,,,,,,,,,fifi,2025-06-19,,0,2,,,,paid,,2025-12-29,,,,0,1,,
1535,4Qx3^jH9ShO5*bcGYDwNTUr(z,1560.SPK/BA.302/BA010102/2025,SPAREPARTS AUXILIARY ENGINE DAN MAIN ENGINE,2025-06-17,17,6,9,kesepakatan,,0,0,full,,,,inv2,2025-10-06,,proc,2025-06-17,,,,,,,,fifi,2025-06-19,,0,2,,,,paid,,2025-09-23,,,,0,0,,
1536,Ws3Z@qCdQ1ncBev*IxyrpXHk(,1529.SPK/BA.202/BA010102/2025,PENGADAAN RUNNING STORE CAT DAN THINNER (JUNI),2025-06-13,13,2,14,kesepakatan,,0,0,full,,,,inv2,2025-09-25,,proc,2025-06-13,,,,,,,,fifi,2025-06-19,,0,2,,,,paid,,2025-10-03,,,,0,0,Barang sudah siap,2025-08-08
1537,MJhbKl7UqxpNf)Pa(u6AtZ18S,1567.SPK/PR.202/BA010102/2025,PENGADAAN JASA KALIBRASI GOVERNOR AE,2025-06-17,70,32,15,kesepakatan,,0,0,full,,,,inv2,2025-10-08,,proc,2025-06-17,,,,,,,,fifi,2025-06-19,,0,2,,,,paid,,2025-10-03,,,,0,0,,
1538,fV^DqBSd1UCJ)oHIp@iAQsnXZ,1528.SPK.BA.302/BA010102/2025,(REPEAT ORDER) PENGADAAN BEARING GEARBOX MAIN DRIVE P&S,2025-06-13,17,4,7,kesepakatan,,0,0,full,,,,,,,proc,,,,,,,,,fifi,2025-06-19,,0,2,,,,paid,,2025-09-11,,,,0,0,,
1539,c47umIiZq0CRzVLAx)5JTe2b$,1566.SPK/BA.17/BA010102/2025,PENGADAAN RUNNING STORE DECK,2025-06-17,3,5,7,kesepakatan,,0,0,full,,,,inv2,2025-08-05,,proc,2025-06-17,,,log,,3800000,Merak,,fifi,2025-06-19,linked,1714,2,,,,paid,,2025-08-28,,,,0,0,,
1540,YRx)c0s*um^LkDV48AKSWvJHF,1554.SPK/BA.202/BA010102/2025,PERMINTAAN RUNNING STORE JUNI,2025-06-16,100,21,6,kesepakatan,,0,0,full,,,,inv2,2025-09-09,,proc,2025-06-16,,,,,,,,fifi,2025-06-19,cancel,0,2,,,,paid,,2025-09-11,,,,0,0,,
1541,I5CAST2wOQefGm7M4(vpi)kDj,1574.SPK/BA.17/BA010102/2025,PENGADAAN EMBARKATION LADDER LIFE RAFT,2025-06-17,3,7,10,kesepakatan,,0,0,full,,,,inv2,2025-10-09,,proc,2025-06-17,,,log,,5500000,Jepara,,fifi,2025-06-19,,1734,2,,,,paid,,2025-10-10,,,,0,0,,
1542,raO@cD2kWldo(jnwQmZCExT7i,1601.SPK/BA.302/BA010102/2025,SEWAGE VACUM PUMP,2025-06-19,17,17,45,kesepakatan,,0,0,full,,,,,,,proc,,,,,,,,,fifi,2025-06-19,,0,2,,,,paid,,2025-11-14,,,,0,1,,
1543,bN3UdcvB9^nyCtfq4ek5REaOM,1579.SPK.BA.202/BA010102/2025,"PENGADAAN RUNNING STORE DECK, ENGINE DEPARTMENT AND STATIONARY",2025-06-17,104,7,10,kesepakatan,,0,0,full,,,,inv2,2025-10-06,,proc,2025-06-17,,,log,,8000000,Jepara,,fifi,2025-06-19,,1725,2,,,,paid,,2025-10-03,,,,0,0,,
1544,137y8dNvS!qlHc*wWiCefnU0J,1578.SPK/BA.202/BA010102/2025,PENGADAAN BARANG RUNNING STORE DAN WIRE,2025-06-17,2,7,15,kesepakatan,,0,0,full,,,,inv2,2025-10-08,,proc,2025-06-17,,,log,,9100000,Jepara,,fifi,2025-06-19,,1722,2,,,,paid,,2025-09-24,,,,0,0,,
1545,0whdtfMSpAG(aFyLKJzC@o5Rj,1577.SPK/BA.202/BA010102/2025,PENGADAAN BARANG RUNNING STORE WIRE,2025-06-17,100,7,9,kesepakatan,,0,0,full,,,,inv2,2025-09-09,,proc,2025-06-17,,,,,,,,fifi,2025-06-19,,0,2,,,,paid,,2025-09-16,,,,0,0,,
1546,*iZ^MOEVC2GYypqDc$aF(SoJ9,1581.SPK/BA.202/BA010102/2025,"PENGADAAN RUNNING STORE DECK, ENGINE DEPARTMENT AND STATIONARY",2025-06-17,100,7,5,kesepakatan,,0,0,full,,,,inv2,2025-10-06,,proc,2025-06-17,,,,,,,,fifi,2025-06-19,,0,2,,,,paid,,2025-10-03,,,,0,0,,
1547,WS5fCpQg)OaGuZKm2@tzv7XUw,1446.SPK/BA.101/BA010102/2025,PENGADAAN SPAREPART AUXILIARY ENGINE DOCKING,2025-06-02,17,23,190,kesepakatan,,0,0,full,,,,inv2.1.1.1,2025-10-30,,proc,2025-06-02,,,,,,,,fifi,2025-06-20,,0,1,,,2025,,,,,,,2,0,,
1548,qPGLmD4fRyo0n5$JTbY^BzlZv,1555.SPK/BA.17/BA010102/2025,PENGADAAN ENGINE RUNNING STORE,2025-06-16,113,4,7,kesepakatan,,0,0,full,,,,inv2,2025-09-08,,proc,2025-06-16,,,log,,3000000,Merak,,fifi,2025-06-20,linked,1600,2,,,,paid,,2025-08-06,,,,0,0,,
1549,j$J0Xk(MnhS5Y81qtri*DyplG,1564.SPK/BA.202/BA010102/2025,PEMBUATAN AUSTRALIAN LADDER PALKA 6-7,2025-06-17,3,1,21,onboard,,0,0,full,,,,inv2,2025-09-03,,proc,2025-06-17,,,,,,,,fifi,2025-06-20,,0,2,,,,paid,,2025-09-23,,,,0,0,,
1550,0kStrjufRKpZC1wYTlvJMiLX7,1563.SPK/BA.202/BA010102/2025,PEMBUATAN AUSTRALIAN LADDER PALKA 4-5,2025-06-17,89,1,21,onboard,,0,0,full,,,,inv2,2025-10-08,,proc,2025-06-17,,,,,,,,fifi,2025-06-20,,0,2,,,,paid,,2025-10-03,,,,0,0,,
1551,c9l3*(diezfyH$kbo2p6K!ImJ,1552.SPK/BA.202/BA010102/2025,Pembuatan Australian Ladder Palka 1-3,2025-06-17,113,1,21,onboard,,0,0,,,,,,,,,,,,,,,,,fifi,2025-06-20,non-reimburse,0,2,,,,,,,,,,0,0,Barang Sudah Dikirim,2025-09-02
1552,yeHskKaM!6qPRpJiG3zlL$mcu,0541.SPK/BA.101/BA010102/2025,PENGADAAN CAT UNTUK DOCKING TB SRIKANDI BARUNA 2401,2025-03-05,114,12,7,onboard,,840000,0,full,,,,,,,,,,,,,,,,adit,2025-06-23,,0,1,,,,paid,,2025-09-23,,,,0,0,,
1553,J3C84dl^tZRKDpbqfsGISgPNL,1550.SPK.BA.302/BA010102/2025,PENGADAAN SPAREPART MAIN ENGINE,2025-06-16,30,16,20,kesepakatan,,0,0,full,,,,,,,proc,,,,,,,,,fifi,2025-06-23,,0,2,,,,paid,,2025-08-20,,,,0,0,,
1554,JShzI4UoktXeF^s!1DinMVvrN,1602.SPK/PR.202/BA010102/2025,PENGADAAN JASA & MATERIAL REPLATING TONGKANG,2025-06-19,5,15,7,kesepakatan,,0,0,full,,,,inv2,2025-10-09,,proc,2025-06-19,,,,,,,,fifi,2025-06-23,,0,2,,,,paid,,2025-10-17,,,,0,0,,
1555,@LFNk$Z^)G7hmHtiPOT!4seda,1594.SPK/BA.101/BA010102/2025,PENGADAAN SPAREPART AUXILIARY ENGINE COO,2025-06-18,11,14,7,kesepakatan,,0,0,full,,,,,,,proc,,,,,,,,,fifi,2025-06-23,,0,3,,,,,,,,,,0,0,,
1556,0aUI*fwpWN3mQC8(e!h1bX5qF,1593.SPK.BA.101/BA010102/2025,PENGADAAN SPAREPART AUXILIARY ENGINE COM,2025-06-18,15,14,70,kesepakatan,,0,0,full,,,,inv2,2025-10-29,,proc,2025-06-24,,,,,,,,fifi,2025-06-23,,0,1,,,2025,paid,,2025-12-10,,,,0,0,,
1557,@kBvOn$H^SjaNEuI*xrXiP7QZ,1597.SPK/BA.302/BA010102/2025,PENGADAAN SPAREPART MAIN ENGINE COO,2025-06-18,17,16,15,kesepakatan,,0,0,full,,,,inv2,2025-10-30,,proc,2025-06-18,,,,,,,,fifi,2025-06-23,,0,2,,,,paid,,2025-11-14,,,,0,0,,
1558,ClpJRh2Exd9BVUAFDWb5@cTvz,1598.SPK/PR.202/BA010102/2025,REKONDISI POMPA-POMPA,2025-06-20,43,1,3,kesepakatan,,0,0,full,,,,inv2,2025-08-25,,proc,2025-06-20,,,,,,,,fifi,2025-06-23,,0,2,,,,paid,,2025-09-08,,,,0,0,,
1559,v7*@Dw!0k2S3fZWKTxb9$UXQt,1942.SPK/BA.302/BA010102/2025,PENGADAAN NOZZLE AUXILIARY ENGINE (GENUINE),2024-11-18,12,4,210,kesepakatan,,0,0,,,,,,,,,,,,,,,,,adit,2025-06-23,,0,3,,,,,,,,,,0,0,sudah selesai dikerjakan,2025-09-01
1560,fYjz^3ncVGm)e8KEFtR@BuZx4,1600.SPK/PR.202/BA010102/2025,JASA PEMASANGAN PIN JIB CRANE (REPEAT ORDER),2025-06-20,7,20,30,kesepakatan,,0,0,,,,,,,,proc,,,,,,,,,fifi,2025-06-23,,0,2,,,,,,,,,,0,0,sudah selesai dikerjakan,2025-09-01
1561,u2ML8(9DZE!*TBV4tbAKvfSX@,1525.SPK/BA.202/BA010102/2025,PENGADAAN UNIT SPEED CONTROLLER,2025-06-19,36,14,5,kesepakatan,,0,0,full,,,,,,,proc,,,,,,,,,fifi,2025-06-23,non-reimburse,0,2,,,,paid,,2025-07-31,,,,0,0,,
1562,58GisWu(t1kB4wJxDpXa*RF0V,1942.SPK/BA.302/BA010102/2024,PENGADAAN NOZZLE AUXILIARY ENGINE (GENUINE),2024-11-18,12,4,210,kesepakatan,,0,0,full,,,,inv2,2025-09-09,,,2024-11-18,,,,,,,,adit,2025-06-23,,0,1,,,,paid,,2025-09-16,,,,0,0,,
1564,h7lJbOS3BCDomZ)9YGLzF^rn!,1618.SPK/BA.404/BA010102/2025,PEKERJAN BERLANGGANAN KUOTA INTERNET,2025-06-19,56,17,365,kesepakatan,,0,0,full,,,,inv2.1.2.3.4,2025-11-20,,proc,2025-06-19,,,,,,,,fifi,2025-06-23,non-reimburse,0,1,,,,,,,,,,12,12,,
1565,U1om!9yNeT2LA7XFdMh4)b^uV,0065.SPBJ/PR.103/BA010400/2025,PENGADAAN RANTAI JANGKAR DAN AKSESORIS (DOCKING),2025-06-19,21,20,35,kesepakatan,,0,0,full,,,,,,,,,,,,,,,,fifi,2025-06-23,,0,1,invest,,2025,paid,,2025-07-15,,,,0,0,,
1566,Mv*kb3^xoJVDsBXd9NRnGg8cr,1943.SPK/BA.302/BA010102/2024,PENGADAAN PLUNGER ASSY AUXILIARY ENGINE (GENUINE),2024-11-18,12,4,240,kesepakatan,,0,0,full,,,,inv2,2025-09-09,,,2024-11-18,,,,,,,,adit,2025-06-23,,0,3,,,,paid,,2025-09-11,,,,0,0,,
1567,wvCT9ojyAXKQcO*ias5zq4lIR,"1615.SPK/BA,404/BA010102/2025",PEKERJAAN BERLANGGANAN KUOTA INTERNET,2025-06-19,56,1,365,kesepakatan,,0,0,full,,,,inv2.1.3.2.4,2025-11-13,,proc,2025-06-19,,,,,,,,fifi,2025-06-23,non-reimburse,0,1,,,,,,,,,,12,12,,
1568,FeoXIgZPitLkDQqBpU(K8urjd,1616.SPK/BA.404/BA010102/2025,PEKERJAAN BERLANGGANAN KUOTA INTERNET,2025-06-19,56,2,365,kesepakatan,,0,0,full,,,,inv2.1.2.3.4,2025-11-20,,proc,2025-06-19,,,,,,,,fifi,2025-06-23,non-reimburse,0,1,,,,,,,,,,12,12,,
1569,Tyv62r1*9C!FHhNIb)Vxm@$sk,1614.SPK/BA.404/BA010102/2025,PEKERJAAN BERLANGGANAN KUOTA INTERNET,2025-06-19,56,6,365,kesepakatan,,0,0,full,,,,inv2.1.2.3.4,2025-11-13,,proc,2025-06-19,,,,,,,,fifi,2025-06-23,non-reimburse,0,1,,,,,,,,,,12,12,,
1570,dz*iQe8Dv14xl)JmMVC9yWgoP,1619.SPK/BA.404/BA010102/2025,PEKERJAAN BERLANGGANAN KUOTA INTERNET,2025-06-19,56,3,365,kesepakatan,,0,0,full,,,,inv2.1.2.3.4,2025-11-20,,proc,2025-06-19,,,,,,,,fifi,2025-06-23,non-reimburse,0,1,,,,,,,,,,12,12,,
1571,0Qg)*AXYCrhWRKTb5jm2poLZe,1613.SPK/BA.404/BA010102/2025,PEKERJAAN BERLANGGANAN KUOTA INTERNET,2025-06-19,56,7,365,kesepakatan,,0,0,full,,,,inv2.1.2.3.4,2025-11-13,,proc,2025-06-19,,,,,,,,fifi,2025-06-23,non-reimburse,0,1,,,,,,,,,,12,12,,
1572,*l78hgIrfJEPaX0v6Ku$iVWdx,1617.SPK/BA.404/BA010102/2025,PEKERJAAN BERLANGGANAN KUOTA INTERNET,2025-06-19,56,16,365,kesepakatan,,0,0,full,,,,inv2.3.1.2.4,2025-11-20,,proc,2025-06-19,,,,,,,,fifi,2025-06-23,non-reimburse,0,1,,,,,,,,,,12,12,,
1573,LbQqfHBV*pt6vldEYz1rjUD75,1627.SPK/PI.403/BA010102/2025,PEKERJAAN PENDAMPINGAN OPERASIONAL INTEGRASI EPROC-PMS,2025-06-20,56,0,360,jakarta,,0,0,full,,,,inv2.1.2.4,2025-11-19,,proc,2025-06-20,,,,,,,,fifi,2025-06-23,non-reimburse,0,3,,,,,,,,,,10,9,,
1574,FQVPib9B3YL$wN@r1vgqJtnK*,1524.SPK/BA.202/BA010102/2025,PENGADAAN UNIT GEARBOX TONGKANG,2025-06-18,36,24,5,kesepakatan,,0,0,full,,,,,,,proc,,,,,,,,,adit,2025-06-23,non-reimburse,0,2,,,,paid,,2025-07-28,,,,0,0,,
1575,jznt1ZbM4DcGRexs2quLJ5v!P,1643.SPK/BA.302/BA010102/2025,PENGADAAN NOZZLE MAIN ENGINE,2025-06-23,37,6,25,kesepakatan,,0,0,full,,,,inv2,2025-10-08,,proc,2025-06-23,,,,,,,,fifi,2025-06-24,,0,2,,,,paid,,2025-10-03,,,,0,0,,
1576,wCSgrcp3bsYmUT*Zu(zHa786G,1599.SPK/PR.202/BA010102/2025,REWINDING ELECTROMOTOR FAN BOILER,2025-06-20,52,20,5,kesepakatan,,0,0,full,,,,inv2,2025-10-09,,proc,2025-06-20,,,,,,,,fifi,2025-06-24,,0,2,,,,paid,,2025-10-03,,,,0,0,,
1577,WrRK2z7HqiVot*cDa^9)8LOAC,0042.SPBJ/PR.103/BA010400/2025,PENGADAAN SPAREPART MAIN ENGINE COM,2025-04-24,16,25,180,jakarta,,0,0,full,,,,,,,,,,,,,,,,fifi,2025-06-24,,0,1,,,2025,paid,,2025-08-05,,,,0,0,,
1578,G3xuisEO@ohMQwkIDHz1SRJ02,0079.SPBJ/PR.103/BA010400/2024,PENGADAAN SLEWING BEARING,2024-11-26,16,3,170,onboard,,0,0,full,,,,,,,,2024-11-26,,,,,,,,fifi,2025-06-24,,0,1,invest,,,paid,,2025-07-25,,,,0,0,,
1579,^MHL43Eeg1hv5Nzkx6(wYOqaZ,1631.SPK/BA.302/BA010102/2025,AUXILIARY ENGINE 5DK-20 INTERCOOLER (DH29) SEA WATER,2025-06-20,17,3,15,kesepakatan,,0,0,full,,,,,,,proc,,,,,,,,,fifi,2025-06-24,,0,2,,,,paid,,2025-11-14,,,,0,1,,
1580,rNhwOQ$pWXFV5b^@Uu26oE4yj,1665.SPK/BA.17/BA010102/2025,PENGADAAN KABEL PANEL ELECTROMOTOR GEARBOX MAIN DRIVE (KIRI),2025-06-24,111,4,15,kesepakatan,,0,0,full,,,,inv2,2025-10-09,,proc,2025-06-24,,,,,,,,fifi,2025-06-25,,1957,2,,,,paid,,2025-10-03,,,,0,0,,
1581,j3Li4SOVl8gtd@rBQpUXafmZs,0031.SPBJ/PR.103/BA010400/2025,PENGADAAN SPAREPART AUXILIARY ENGINE,2025-03-07,37,7,35,kesepakatan,,0,0,full,,,,,,,,,,,,,,,,alfin,2025-06-26,,0,1,,,,paid,,2025-07-30,,,,0,0,,
1582,$G*(OeKaE31f@LYkQS27V0myv,1657.SPK/BA.202/BA010102/2025,PENGADAAN BARANG LAPTOP,2025-06-23,3,16,5,kesepakatan,,0,0,full,,,,inv2,2025-10-29,,proc,2025-06-23,,,,,,,,fifi,2025-06-26,,0,2,,,,paid,,2025-10-07,,,,0,0,,
1583,hPCNArSjfOd7iQU3X(0ptFVMH,1664.SPK/BA.17/BA010102/2025,Pengadaan Jasa Modifikasi Pintu Rumah Jangkar dan Kunci Rahasia,2025-06-24,5,12,5,kesepakatan,,1000000,0,full,,,,inv2,2025-08-25,,proc,2025-06-24,,,,,,,,alfin,2025-06-26,,0,2,,,,paid,,2025-09-26,,,,0,0,,
1584,7@V(b3J6Zgn1PO!5lr^p0voRz,1647.SPK/BA.202/BA010102/2025,PENGADAAN CHAIN COUPLING (FOR WINDLASS & HATCH COVER PUMP),2025-06-23,100,5,7,kesepakatan,,0,0,full,,,,inv2,2025-09-03,,proc,2025-06-23,,,log.1591,,,,,fifi,2025-06-26,,0,2,,,,paid,,2025-09-17,,,,0,0,,
1585,S@e^dJIoWRc8)ykTz!YpC9f07,1649.SPK/BA.302/BA010102/2025,PENGADAAN COMPLETE TURBOCHARGER OF AUXILIARY ENGINE NO 2,2025-06-23,57,5,14,kesepakatan,,0,0,full,,,,inv2,2025-10-30,,proc,2025-06-23,,,log,,,,,fifi,2025-06-26,,2316,2,,,,paid,,2025-10-10,,,,0,0,,
1586,IoybTANs)J37eSgXt0pnUDQku,"1655,SPK/BA.302/BA010102/2025",PENGADAAN FABRIKASI RENEW CYLINDER HYDRAULIC (FOR TUNNEL GATE),2025-06-23,52,5,10,kesepakatan,,0,0,full,,,,inv2,2025-10-15,,proc,2025-06-23,,,,,,,,fifi,2025-06-26,,0,2,,,,paid,,2025-10-03,,,,0,0,,
1587,HJPGAi0re)TY*a6odEZKp2j3I,1666.SPK/BA.302/BA010102/2025,PENGADAAN SOLENOID CONTROLLED RELIEF VALVE (HOISTING PUMP CARGO CRANE),2025-06-24,36,2,5,kesepakatan,,0,0,full,,,,,,,proc,,,,,,,,,fifi,2025-06-26,,0,2,,,,paid,,2025-09-16,,,,0,0,,
1588,2K6e$i!XMAWaTst8YzuDcvFUh,1648.SPK/BA.302/BA010102/2025,PENGADAAN FALK GRID COUPLING (FOR GEARBOX TRANSFER CONVEYOR),2025-06-23,100,5,7,kesepakatan,,0,0,full,,,,,,,proc,2025-06-23,,,log.1591,,,,,fifi,2025-06-26,,0,2,,,,paid,,2025-09-17,,,,0,0,,
1589,X0SrdOTg@P2pmM(UQqlfR$8*I,1646.SPK/BA.202/BA010102/2025,PENGADAAN SPAREPARTS WATER INGRESS ALARM SYSTEM,2025-06-23,68,2,35,kesepakatan,,0,0,full,,,,inv2,2025-10-08,,proc,2025-06-23,,,,,,,,fifi,2025-06-26,,0,2,,,,paid,,2025-09-24,,,,0,0,,
1590,EQ9pibYycjrfa64Uv$N1HWZVR,1653.SPK/BA.302/BA010102/2025,PENGADAAN SPAREPARTS FUEL OIL PUMP BOILER,2025-06-23,17,5,12,kesepakatan,,0,0,full,,,,inv2,2025-10-29,,proc,2025-06-23,,,,,,,,fifi,2025-06-26,,0,2,,,,paid,,2025-10-08,,,,0,0,,
1591,$P3Yk2U6rtheRpsa^(oqANK54,1670.SPK/BA.202/BA010102/2025,PENGADAAN SPAREPARTS AIR CONDITIONING (AC) CENTRAL COOLING,2025-06-24,100,5,7,kesepakatan,,0,0,full,,,,inv2,2025-09-08,,proc,2025-06-24,,,log,,3000000,Merak,,fifi,2025-06-26,linked,1720,2,,,,paid,,2025-09-11,,,,0,0,,
1592,5ln0aQsg*hw6fKU$1bMpVJiG2,1596.SPK/BA.302/BA010102/2025,PENGADAAN SPAREPART MAIN ENGINE CYLINDER LINER COO,2025-06-24,17,16,15,kesepakatan,,0,0,full,,,,inv2,2025-11-11,,proc,,,,,,,,,fifi,2025-06-26,,0,2,,,,paid,,2025-10-15,,,,0,1,,
1593,NYVME974IiJytG52uLbwhqn1Z,1675.SPK/BA.17/BA010102/2025,PENGADAAN RUNNING STORE CAT DAN THINNER (DECK),2025-06-25,13,31,16,kesepakatan,,0,0,full,,,,inv2,2025-10-06,,proc,2025-06-25,,,,,,,,fifi,2025-06-26,,0,2,,,,paid,,2025-09-26,,,,0,0,Barang sudah siap,2025-08-08
1594,NsP@5xgOqFeW9aA1b2rHSpzy*,1650.SPK/BA.302/BA010102/2025,PENGADAAN MOUNTING & BEARING SHEAVE,2025-06-23,17,17,20,kesepakatan,,0,0,full,,,,inv2,2025-09-09,,proc,2025-06-23,,,,,,,,fifi,2025-06-26,,0,2,,,,paid,,2025-09-11,,,,0,0,,
1595,jCNUF0o4yZcr2YLh8G1x$H@mV,1669.SPK/BA.302/BA010102/2025,PENGADAAN SPAREPARTS ELECTRICIAN (STORE ELECTRICIAN),2025-06-24,2,5,14,kesepakatan,,0,0,full,,,,inv2,2025-10-08,,proc,2025-06-24,,,,,,,,fifi,2025-06-26,,0,2,,,,paid,,2025-09-23,,,,0,0,,
1596,h4Lt3CV@dl$SnmWiHR0jZcOqb,1658.SPK/BA.302/BA010102/2025,PENGADAAN SPAREPARTS PLC ALLEN BRADLEY (FOR UNLOADING CONTROL),2025-06-23,7,5,35,kesepakatan,,0,0,full,,,,inv2,2025-10-27,,proc,2025-06-23,,,,,,,,fifi,2025-06-26,,0,2,,,,paid,,2025-10-15,,,,0,0,,
1597,f0j14mq9h(M^HwJvFdi*$Pyr8,1686.SPK/BA.302/BA010102/2025,PENGADAAN BARANG SPAREPARTS FO PURIFIER,2025-06-25,17,6,9,kesepakatan,,0,0,full,,,,inv2,2025-10-29,,proc,2025-06-25,,,,,,,,fifi,2025-06-30,,0,2,,,,paid,,2025-10-08,,,,0,0,,
1598,kaBrYhQ7T6ySuzV1*$gHEN^Of,1652.SPK.BA.17/BA010102/2025,PENGADAAN ELECTRICAL EQUIPMENT,2025-06-23,2,17,20,kesepakatan,,0,0,full,,,,inv2,2025-08-05,,proc,2025-06-23,,,,,,,,fifi,2025-06-30,,0,2,,,,paid,,2025-09-01,,,,0,0,,
1599,)XOtH^B5!If6dlhAwJ$QrbZT7,1625.SPK/BA.101/BA010102/2025,PENGADAAN ANODE KEBUTUHAN DOCKING TB SRIKANDI BARUNA 2201 & BARUNA POWER 3004,2025-06-20,54,21,5,kesepakatan,,0,0,full,,,,inv2,2025-09-03,,proc,2025-06-20,,,,,,,,adit,2025-06-30,,0,3,,,,paid,,2025-09-19,,,,0,0,,
1600,T)kxyVm3QKY8e2NG7lgCj14MX,1626.SPK/BA.101/BA010102/2025,PENGADAAN ANODE KEBUTUHAN DOCKING TB SRIKANDI BARUNA 2203 & BARUNA POWER 3006,2025-06-26,54,25,5,kesepakatan,,0,0,full,,,,inv2,2025-09-03,,proc,2025-06-20,,,,,,,,adit,2025-06-30,,0,3,,,2025,paid,,2025-09-19,,,,0,0,,
1601,bm3ERkHhzOsSD6tUFTu)(GpyP,1671.SPK/BA.202/BA010102/2025,PENGADAAN RUNNING STORE CAT DECK DAN ENGINE,2025-06-24,4,10,16,kesepakatan,,0,0,full,,,,inv2,2025-10-30,,proc,2025-06-24,,,,,,,,fifi,2025-06-30,,0,2,,,,paid,,2025-10-10,,,,0,0,,
1602,PeZY1ru$b*I@wWz2NR4sM^Kly,1668.SPK/BA.202/BA010102/2025,PENGADAAN RUNNING STORE GALLEY,2025-06-24,2,2,14,kesepakatan,,0,0,full,,,,inv2,2025-08-15,,proc,2025-06-24,,,,,,,,fifi,2025-06-30,,0,2,,,,paid,,2025-09-08,,,,0,0,,
1603,jnSE7Qr9^2xCdO)(FIBpAUza4,1684.SPK/BA.101/BA010102/2025,PENGADAAN SPAREPARTS DOCKING MAIN ENGINE 6EY17W,2025-06-25,17,25,10,kesepakatan,,0,0,full,,,,inv2,2025-09-03,,proc,2025-06-25,,,,,,,,fifi,2025-06-30,,0,3,,,,paid,,2025-09-16,,,,0,0,,
1604,X)rDyk$f!7Bj4@eS(OK*A2QIm,1687.SPK/BA.17/BA010102/2025,PENGADAAN BARANG RUNNING STORE DECK DAN ENGINE DEPARTMENT,2025-06-25,2,6,15,kesepakatan,,0,0,full,,,,inv2,2025-10-08,,proc,2025-06-25,,,,,,,,fifi,2025-06-30,,2053,2,,,,paid,,2025-09-25,,,,0,0,,
1605,$q(*@Bd7UVPzkZnsjpQa0Y^lt,0071.SPBJ/PR.103/BA010400/2025,PENGADAAN SPAREPART DOCKING MAIN ENGINE 6S50MC-C,2025-06-26,37,3,10,jakarta,,0,0,full,,,,,,,,,,,,,,,,fifi,2025-06-30,,0,1,,,,paid,,2025-06-07,,,,0,1,Barang ada di gudang inco jkt,2025-09-02
1606,)6grnf7iCKRa3XdjhWZupP@^8,1696.SPK/BA.17/BA010102/2025,PENAMBAHAN PEKERJAAN PEMASANGAN KENTER SHACKLE,2025-06-26,21,20,5,kesepakatan,,0,0,full,,,,inv2,2025-10-15,,proc,2025-06-26,,,,,,,,fifi,2025-06-30,,0,3,,,,paid,,2025-10-03,,,,0,0,,
1607,iRHnaQrFzwMEUKh@oP*^vS4Gq,1698.SPK/BA.302/BA010102/2025,PERMINTAAN SPAREPART MAIN AIR COMPRESSOR ATLAS COPCO,2025-06-26,74,33,70,kesepakatan,,0,0,full,,,,inv2,2025-10-29,,proc,2025-06-26,,,,,,,,fifi,2025-06-30,,0,2,,,,paid,,2025-10-16,,,,0,0,,
1608,jxYpXgQiU$R7NKu8Cw4)AD*sk,1676.SPK/BA.17/BA010102/2025,PERBAIKAN POMPA MAIN AIR COOLING NO 2,2025-06-25,43,31,12,kesepakatan,,0,0,full,,,,inv2,2025-10-30,,proc,2025-06-25,,,,,,,,fifi,2025-06-30,,0,2,,,,paid,,2025-10-10,,,,0,0,,
1609,id2xGOKkp@4M3(WtVL$P7yFB9,1692.SPK/BA.101/BA010101/2025,PENGADAAN SPRING VALVE & ROTATOR MAIN ENGINE 6EY17W,2025-06-26,17,25,12,kesepakatan,,0,0,full,,,,inv2,2025-09-03,,proc,2025-06-26,,,,,,,,fifi,2025-06-30,,0,3,,,,paid,,2025-09-16,,,,0,0,,
1610,05T2VjI3$8kK^f9WepPZd1BMu,1667.SPK/BA.202/BA010102/2025,PENGADAAN MATERIAL CAT,2025-06-24,4,25,12,kesepakatan,,0,0,full,,,,inv2,2025-10-30,,proc,2025-06-24,,,,,,,,fifi,2025-06-30,,0,2,,,,paid,,2025-10-10,,,,0,0,,
1611,(ZNwQ2kjyFm@gtv3^9bT!X$p7,1654.SPK/BA.101/BA010102/2025,PENGADAAN BARANG DECK,2025-06-23,2,23,14,kesepakatan,,0,0,full,,,,inv2,2025-08-06,,proc,2025-06-23,,,log,,4200000,Lontar,,fifi,2025-06-30,linked,1721,2,,,,paid,,2025-09-01,,,,0,0,,
1612,E1QrBi4@e()qMlS9a3DZkKRyY,1685.SPK/BA.17/BA010102/2025,KEBUTUHAN GENERAL,2025-06-23,2,17,14,kesepakatan,,0,0,full,,,,inv2,2025-10-29,,proc,2025-06-23,,,,,,,,fifi,2025-06-30,,2112,2,,,,paid,,2025-10-01,2025-06-30,,,0,0,,
1613,n)1Qp*rVTfG!K(cx^mXS59CBH,1705.SPK/BA.101/BA010102/2025,PENGADAAN FUEL INJECTOR ASSY,2025-07-01,11,25,10,kesepakatan,,0,0,full,,,,inv2,2025-10-29,,proc,2025-07-01,,,,,,,,fifi,2025-07-01,,0,1,,,2025,paid,,2025-10-10,,,,0,0,,
1614,KdWDcTwsV6k^Ymj7Q4X9aI1ng,1706.DPK/BA.101/BA010102/2025,"PENGADAAN LINER, METAL ASSY & PUMP",2025-07-01,11,21,10,kesepakatan,,0,0,full,,,,inv2,2025-08-15,,proc,2025-07-01,,,,,,,,fifi,2025-07-01,,0,3,,,,,,,,,,0,0,,
1615,9pncrLOdE0(GyNWJ@ZkjK!oPB,1716.SPK/BA.302/BA010102/2025,PENGADAAN SPAREPARTS AUXILIARY ENGINE (COO),2025-06-30,11,8,20,kesepakatan,,0,0,full,,,,inv2,2025-09-03,,proc,2025-06-30,,,,,,,,fifi,2025-07-01,,0,3,,,2025,paid,,2025-09-18,,,,0,0,,
1616,UG1exwCQiLsJm8@a*ZdSzFE3n,1717.SPK/BA.101/BA010102/2025,PENGADAAN METAL ASSY,2025-06-30,37,21,5,kesepakatan,,0,0,full,,,,inv2,2025-09-03,,proc,2025-06-30,,,,,,,,fifi,2025-07-01,,0,3,,,,paid,,2025-09-17,,,,0,0,,
1617,itz^$5uvw)H6mE8TOVS2(F7rR,1704.SPK/BA.101/BA010102/2025,"PENGADAAN LINER, PACKING, METAL, FUEL INJECTOR & PIPE ME AE",2025-06-30,11,25,12,kesepakatan,,0,0,full,,,,inv2,2025-10-29,,proc,2025-06-30,,,,,,,,fifi,2025-07-01,,0,1,,,2025,paid,,2025-10-10,,,,0,0,,
1618,HzQSL6om91btfrciV)ylDa$!(,0040.SPBJ/PR.103/BA010400/2025,PENGADAAN SPAREPART UNIT GRAB,2025-04-23,37,32,45,kesepakatan,,0,0,full,,,,inv2,2025-08-15,,,2025-04-23,,,,,,,,alfin,2025-07-01,linked,2923,1,invest,2025,,paid,,2025-08-28,,,,0,0,,
1619,s@k^rmV!IJNa86fwY4)CcKX2n,1697.SPK/BA.202/BA010102/2025,PENGADAAN CAT,2025-06-26,13,1,14,kesepakatan,,0,0,full,,,,inv2,2025-10-06,,proc,2025-06-26,,,,,,,,fifi,2025-07-03,,0,2,,,,paid,,2025-09-26,,,,0,0,Barang sudah siap,2025-08-08
1620,fk9YtxqA@pImoFMZUeHDiG2Tc,0044.SPBJ/PR.103/BA010400/2025,PENGADAAN UNIT SPAREPART GRAB SMAG,2025-04-28,37,32,35,kesepakatan,,0,0,full,,,,,,,,,,,,,,,,alfin,2025-07-03,,0,1,invest,2025,,paid,,2025-08-20,,,,0,0,,
1621,F5UmMcXsY7LpzAPJ(HGgr0)ie,0039.SPBJ/PR.103/BA010400/2025,"PENGADAAN WIRE ROPE HOISTING, LUFFING DAN GRAB",2025-04-10,17,16,3,kesepakatan,,0,0,full,,,,,,,,,,,,,,,,alfin,2025-07-03,,0,1,,,,paid,,2025-05-21,,,,0,0,,
1622,*^3GPiv)lR6L@potwr1OF$SAU,0041.SPBJ/PR.103/BA010400/2025,Pengadaan Spareparts Crankshaft Auxiliary Engine Daihatsu 5DK-20 (COM),2025-04-24,12,5,45,kesepakatan,,0,0,full,,,,inv2,2025-09-01,,,,,,,,,,,alfin,2025-07-03,,0,1,invest,,,paid,,2025-07-30,,,,0,0,,
1623,zf)$kUClomg8d61FGMX^OB4yI,1791.SPK/BA.202/BA010102/2025,FABRIKASI FAN ELMOT GRAB,2025-07-03,43,4,10,kesepakatan,,0,0,full,,,,inv2,2025-10-27,,proc,2025-07-03,,,,,,,,fifi,2025-07-04,,0,2,,,,paid,,2025-10-15,,,,0,0,,
1624,pP4H1LMcQ2mlAYSfVe@*ThRCF,1740.SPK/BA.101/BA010102/2025,PENGADAAN SPAREPARTS MAIN ENGINE,2025-06-30,17,8,10,kesepakatan,,0,0,full,,,,inv2,2025-09-03,,proc,2025-06-30,,,,,,,,fifi,2025-07-04,,0,3,,,2025,paid,,2025-09-18,,,,0,0,,
1625,2N9fA7JxF^jKHksczqdo*GpDS,1753.SPK/BA.202/BA010102/2025,PENGADAAN RUNNING STORE CAT,2025-04-10,13,7,12,kesepakatan,,0,0,full,,,,inv2,2025-09-25,,proc,2025-04-10,,,,,,,,fifi,2025-07-04,,0,2,,,,paid,,2025-10-03,,,,0,0,Barang sudah siap,2025-08-08
1626,plEmvW3FMrkiVuCKjS@U2egzs,1757.SPK/BA.17/BA010102/2025,PENGADAAN BARANG ELEKTRIKAL,2025-07-03,3,6,9,kesepakatan,,0,0,full,,,,,,,proc,,,,log.1676,,,,,fifi,2025-07-04,,0,2,,,,paid,,2025-11-20,,,,0,1,,
1627,Ax5wcOLS0*(X$nQJrBZavFjz4,1746.SPK/BA.202/BA010102/2025,PENGADAAN RUNNING STORE DECK,2025-06-30,2,10,14,kesepakatan,,0,0,full,,,,inv2,2025-10-08,,proc,2025-06-30,,,log,,2700000,Lontar,,fifi,2025-07-07,,0,2,,,,paid,,2025-09-26,2025-07-04,,,0,0,,
1628,bDQFkKrTJdxgj*NC0iH^t6fB3,1750.SPK/BA.101/BA010102/2025,ADDITIONAL JASA REPOSISI DAN OVERHAUL TURBO CHARGER OF AUXILIARY ENGINE NO 2,2025-06-30,11,4,5,kesepakatan,,0,0,full,,,,inv2,2025-08-15,,proc,2025-06-30,,,,,,,,fifi,2025-07-07,,0,3,,,,paid,,2025-09-08,,,,0,0,,
1629,*o^zUxC31kuGIlmM2tiPp9Qb8,1748.SPK/PR.202/BA010102/2025,JASA OVERHAUL & PERBAIKAN COMPRESSOR BITZER 6H2Y,2025-06-30,7,31,20,kesepakatan,,0,0,full,,,,,,,proc,,,,,,,,,fifi,2025-07-07,,0,2,,,,paid,,2025-11-20,,,,0,1,sudah selesai dikerjakan,2025-09-01
1630,P7(WRXebTd2YzvfSgjOVABxsl,1743.SPK/BA.17/BA010102/2025,JASA FABRIKASI PARALEL PIN OF PURIFIER,2025-06-30,43,5,10,kesepakatan,,0,0,full,,,,inv2,2025-10-27,,proc,2025-06-30,,,,,,,,fifi,2025-07-07,,0,2,,,,paid,,2025-10-10,,,,0,0,,
1631,Eagw7D8Jyub2XPmiLCTf1kZs),1745.SPK/BA.17/BA010102/2025,RUNNING STORE ENGINE (TOOLS),2025-06-30,3,5,7,kesepakatan,,0,0,full,,,,inv2,2025-10-08,,proc,2025-06-30,,,log,,2500000,Merak,,fifi,2025-07-07,,1765,2,,,,paid,,2025-10-03,,,,0,0,,
1632,25KB!wO7YNig89WhZm1)auVbC,1747.SPK/BA.302/BA010102/2025,(REPEAT ORDER) PENGADAAN SPAREPARTS WATER INGRESS ALARM SYSTEM,2025-06-30,68,2,35,kesepakatan,,0,0,full,,,,inv2,2025-09-09,,proc,,,,,,,,,fifi,2025-07-07,,0,2,,,,paid,,2025-09-16,,,,0,0,,
1633,QGDfP)X6RHu$(KwUh1avi4Sr0,1744.SPK/BA.17/BA010102/2025,PENGADAAN RUNNING STORE ENGINE & DECK (PIPA & FLANGE),2025-06-30,3,5,7,kesepakatan,,0,0,full,,,,inv2,2025-09-03,,proc,2025-06-30,,,log,,3500000,Merak,,fifi,2025-07-07,,1764,2,,,,paid,,2025-10-03,,,,0,0,,
1634,hFs4G7fMRcDgyvo03ZOm6S*JW,1766.SPK/BA.101/BA010102/2025,PENGADAAN RING PISTON OF AUXILIARY ENGINE (GENUINE),2025-07-01,12,5,60,kesepakatan,,0,0,full,,,,inv2,2025-10-15,,proc,2025-07-01,,,,,,,,fifi,2025-07-07,,0,1,,,2025,paid,,2025-11-20,,,,0,0,,
1635,A$HTDZKxqiQ!754Ys@WCMRFN^,1801.SPK/BA.302/BA010102/2025,PENGADAAN PIPA BOILER (PEMULIHAN),2025-07-04,3,5,7,kesepakatan,,0,0,full,,,,inv2,2025-10-29,,proc,2025-07-04,,,log,,2500000,Merak,,fifi,2025-07-07,,2059,2,,,,paid,,2025-10-10,,,,0,0,,
1636,WkRd4Y(6z)N1v@$C^J5jwAItP,1781.SPK/BA.17/BA010102/2025,RO WIRE DECK CRANE,2025-07-03,17,3,25,kesepakatan,,0,0,full,,,,inv2,2025-10-29,,proc,2025-07-03,,,,,,,,adit,2025-07-07,,0,1,,,,paid,,2025-10-13,,,,0,0,,
1637,GWZ^CIHkaUilnFzv@hse6u3tg,1805.SPK/PR.202/BA010102/2025,JASA PEKERJAAN CONDITION MONITORING (REPEAT ORDER),2025-07-07,74,17,15,kesepakatan,,0,0,full,,,,inv2,2025-10-29,,proc,2025-07-07,,,,,,,,adit,2025-07-07,,0,2,,,,paid,,2025-12-24,,,,0,0,,
1638,zZr2HK0p@D3BcvuRhV(5bmsXn,1796.SPK/BA.302/BA010102/2025,PENGADAAN BARANG SPAREPARTS SELENOID VALVE FO PURIFIER,2025-07-04,17,6,9,kesepakatan,,0,0,full,,,,inv2,2025-09-09,,proc,2025-07-04,,,,,,,,fifi,2025-07-08,,0,2,,,,paid,,2025-09-11,,,,0,0,,
1639,RZQk3$JytcqVBnjzvL76fl!Nu,1817.SPK/BA.302/BA010102/2025,REPEAT ORDER PENGADAAN SPAREPARTS MAIN ENGINE CYLINDER LINER,2025-07-07,17,16,15,kesepakatan,,0,0,full,,,,inv2,2025-11-11,,proc,2025-07-07,,,,,,,,fifi,2025-07-08,,0,2,,,,paid,,2025-11-14,,,,0,1,,
1640,I2o5g!7V3Q90OGJqPl14Z6Ydy,1800.SPK/BA.302/BA010102/2025,PENGADAAN PCB LO FURIFIER,2025-07-04,68,7,30,kesepakatan,,0,0,full,,,,,,,proc,,,,,,,,,fifi,2025-07-08,,0,2,,,,paid,,2025-11-14,,,,0,0,,
1641,LJxI0VXn$rm^AQucbEOWjz1tP,1815.SPK/BA.302/BA010102/2025,PENGADAAN SPAREPARTS AUXILIARY ENGINE,2025-07-07,16,6,12,kesepakatan,,0,0,full,,,,,,,proc,2025-07-07,,,,,,,,fifi,2025-07-08,,0,2,,,,paid,,2025-10-06,,,,0,0,,
1642,2rFJICV(5ygqQ4aENM18c603Y,1795.SPK/BA.202/BA010102/2025,PENGADAAN BARANG RUNNING STORE STATIONARY,2025-07-04,3,6,8,kesepakatan,,0,0,full,,,,,,,proc,,,,log.1676,,,,,fifi,2025-07-08,,0,2,,,,paid,,2025-11-20,,,,0,1,,
1643,l0$!bpDHr)PY5CxjnyRhid@kO,0054.SPBJ/BA.301/BA010102/2025,PENGADAAN SPAREPARTS TURBOCHARGER MAIN ENGINE B&W TC66,2025-06-03,16,1,10,kesepakatan,,0,0,full,,,,,,,,,,,,,,,,fifi,2025-07-08,,0,1,,,2025,paid,,2025-11-25,,,,0,0,,
1644,iXtlrRBPGpk9CnFzMa*5jmZJ),0076.SPBJ/PR.103/BA010400/2025,PENGADAAN MARINE KABEL ONSHORE POWER SUPPLY,2025-07-03,98,5,30,kesepakatan,,0,0,full,,,,inv2,2025-09-03,,,2025-07-03,,,,,,,,fifi,2025-07-08,,0,3,invest,,2025,paid,,2025-09-11,,,,0,0,,
1645,(DcVd$N3iZRbJ^TPfsS)yUz1l,0051.SPBJ/BA.301/BA010400/2025,PENGADAAN SAPAREPART CRANE IHI,2025-05-09,17,32,25,kesepakatan,,0,0,full,,,,inv2,2025-10-08,,,2025-05-09,,,,,,,,fifi,2025-07-08,,1743,1,,,,paid,,2025-10-10,,,,0,0,,
1646,Ou^wJUF!zo6$ElLV)j32xCtcp,1818.SPK/BA.302/BA010102/2025,PENGADAAN BARANG SPAREPARTS CYLINDER HEAD,2025-07-07,17,6,9,kesepakatan,,0,0,full,,,,inv2,2025-10-27,,proc,2025-07-07,,,,,,,,fifi,2025-07-09,,0,2,,,,paid,,2025-10-17,,,,0,0,,
1647,mdVsb1t3^XI@wkY!jRroGc6Cl,1828.SPK/PR.202/BA010102/2025,PENGADAAN JASA PERBAIKAN INTERCOOLER MAIN ENGINE,2025-07-08,11,16,9,kesepakatan,,10000000,0,full,,,,inv2,2025-10-09,,proc,2025-07-08,,,,,,,,fifi,2025-07-09,,0,2,,,,paid,,2025-10-06,,,,0,0,,
1648,QouSBE71^iWCmp*y8MnjwV!U4,1822.SPK/BA.202/BA010102/2025,SPARE ELECTRICAL PART DECK CRANE,2025-07-08,2,3,10,kesepakatan,,0,0,full,,,,inv2,2025-08-06,,proc,2025-07-08,,,log.1649,,,,,fifi,2025-07-09,cancel,0,2,,,,paid,,2025-08-22,,,,0,0,,
1649,52AL!eoaZJB8nj1TzPgpDOf3(,1821.SPK/BA.202/BA010102/2025,RUNNING STORE ENGINE,2025-07-08,2,3,10,kesepakatan,,0,0,full,,,,,,,proc,,,,log,,5500000,Paiton,3500000,fifi,2025-07-09,,2057,2,,,,paid,,2025-11-05,,,,0,0,,
1650,M3*DRnU7vI0hX5xSFy!we$mEa,1820.SPK/BA.202/BA010102/2025,RUNNING STORE STATIONERY,2025-07-08,2,3,3,kesepakatan,,0,0,full,,,,inv2,2025-08-25,,proc,2025-07-10,,,log.1649,,,,,fifi,2025-07-09,,0,2,,,,paid,,2025-09-26,,,,0,0,,
1651,1cK!Y2h85J0TMRWZbov(NeADQ,1794.SPK/BA.202/BA010102/2025,PENGADAAN BUSHING TEFLON,2025-07-07,43,20,6,kesepakatan,,0,0,full,,,,inv2,2025-10-27,,proc,2025-07-07,,,,,,,,fifi,2025-07-09,,0,2,,,,paid,,2025-10-10,2025-07-09,,,0,0,,
1652,owzUNuBiY3Rv*h(4Cq@Ij5kVd,1838.SPK/BA.7/BA010102/2025,JASA SURVEY KONDISI KAPAL (REPEAT ORDER),2025-07-08,111,32,15,onboard,,0,0,full,,,,inv2,2025-10-15,,proc,2025-07-08,,,,,,,,fifi,2025-07-09,linked,3374,2,,,,paid,,2025-11-28,,,,0,0,,
1653,TYa2DVZjB53uz4xAwILK$hmOJ,1699.SPK/BA.101/BA010102/2025,"PENGADAAN RANTAI JANGKAR, SHACKLE & ROPE",2025-06-26,100,25,7,kesepakatan,,0,0,full,,,,inv2,2025-10-08,,proc,2025-06-26,,,log,,1000000,Merak,,fifi,2025-07-10,,1768,2,,,,paid,,2025-10-08,,,,0,0,,
1654,*ytwRemx0UanopklK)4LPdBiQ,1562.SPK/BA.202/BA010102/2025,PEMBUATAN AUSTRALIAN LADDER PALKA 1-3,2025-06-17,113,1,21,onboard,,0,0,full,,,,inv2,2025-08-06,,,2025-06-17,,,,,,,,fifi,2025-07-10,non-reimburse,0,2,,,,paid,,2025-07-28,,,,0,0,,
1655,QiXyPUa!0RV8AqS9^HtTB*$wJ,1844.SPK/BA.101/BA010102/2025,PENGADAAN SPAREPART AE,2025-07-09,11,25,6,kesepakatan,,0,0,full,,,,inv2,2025-09-03,,,2025-07-09,,,,,,,,fifi,2025-07-21,,0,3,,,,paid,,2025-09-26,,,,0,0,,
1656,TiKM9Wh1cZwQVg2@LbyHjkPrR,1624.SPK/PR.202/BA010102/2025,JASA CATALOGING,2025-07-03,56,3,180,kesepakatan,,0,0,full,,,,inv2.1.2,2025-10-07,,proc,2025-07-03,,,,,,,,fifi,2025-07-21,non-reimburse,0,4,,,,,,,,,,6,6,,
1657,a2PWqrXDZx!gCIS1GjTuLycwB,1229.SPK/BA.202/BA010102/2025,JASA PENGIRIMAN (REPEAT ORDER ) MEI - JUNI 2025,2025-05-16,48,0,60,kesepakatan,,0,0,full,,,,inv2,2025-09-09,,proc,2025-05-16,,,,,,,,fifi,2025-07-21,,0,4,,,,paid,,2025-09-11,,,,0,0,,
1658,BsU8IDLGbOw!Rj$*90Xmp@^Jl,1283.SPK/PR.202/BA010102/2025,JASA MAN POWER STOCK OPNAME,2025-05-20,48,2,7,kesepakatan,,0,0,full,,,,inv2,2025-09-09,,proc,2025-05-20,,,,,,,,fifi,2025-07-21,,0,4,,,,paid,,2025-09-16,,,,0,0,,
1659,lDuWVG7@YZdswk8Sojqy24U$5,1866.SPK/BA.7/BA010102/2025,JASA PEKERJAAN CONDITION MONITORING (REPEAT ORDER),2025-07-14,74,20,15,onboard,,0,0,full,,,,,,,proc,,,,,,,,,fifi,2025-07-21,,0,2,,,,paid,,2025-12-19,,,,0,1,,
1660,t!LseGn@kUcjzYm7OPBxvTXbd,1819.SPK/BA.17/BA010102/2025,(REPEAT ORDER) PENGADAAN KABEL PANEL ELECTROMOTOR GEARBOX MAIN DRIVE,2025-07-07,111,4,15,kesepakatan,,0,0,full,,,,,,,proc,,,,,,,,,fifi,2025-07-21,linked,3377,2,,,,paid,,2025-09-26,,,,0,1,,
1661,^3A9$0pGnUzRho6JEV7kbaFNd,1848.SPK/BA.302/BA010102/2025,PENGADAAN ENGINE RUNNING STORE,2025-07-09,100,8,5,kesepakatan,,0,0,full,,,,inv2,2025-08-06,,proc,2025-07-09,,,,,,,,fifi,2025-07-21,,0,2,,,,paid,,2025-08-28,,,,0,0,,
1662,uyW*!aRC7l^H2mqVfcot1Zr8S,0035.SPBJ/PR.103/BA010400/2025,PENGADAAN JASA TOP OVERHAUL MAIN ENGINE & AUXILIARY ENGINE,2025-03-21,11,12,10,kesepakatan,,0,0,full,,,,0,2025-09-25,,,,,,,,,,,fifi,2025-07-21,,0,1,,,2025,,,,,,,2,2,,
1663,WYSfdyJX$HFEG3AcUen^vt8Lb,1756.SPK/BA.101/BA010102/2025,PENGADAAN JASA SIRLAK AL TERNA TOR AE,2025-07-01,5,25,7,onboard,,0,0,full,,,,inv2,2025-09-08,,proc,2025-07-01,,,,,,,,fifi,2025-07-22,,0,3,,,,paid,,2025-09-11,,,,0,0,,
1664,nM9SNcEW!UkBf4gDxsZ8VabHy,1755.SPK/BA.101/BA010102/2025,PENGADAAN JASA SIRLAK AL TERNA TOR AE,2025-07-01,5,21,7,onboard,,0,0,full,,,,inv2,2025-10-27,,proc,2025-07-01,,,,,,,,fifi,2025-07-22,,0,1,,,,paid,,2025-10-10,,,,0,0,,
1665,uzxroPbfcVpA76hlX8HwIgDRY,1854.SPK/BA.202/BA010102/2025,PENGADAAN CAT,2025-07-10,13,33,14,kesepakatan,,0,0,full,,,,,,,proc,,,,,,,,,fifi,2025-07-22,,0,2,,,,paid,,2025-11-17,,,,0,1,Barang sudah siap,2025-08-08
1666,82ioxHZOlWPtKzAV$^uXnMcyU,1855.SPK/BA.202/BA010102/2025,PENGADAAN ENGINE RUNNING STORE,2025-07-09,100,27,5,kesepakatan,,0,0,full,,,,inv2,2025-10-15,,proc,2025-07-09,,,,,,,,fifi,2025-07-22,,0,2,,,,paid,,2025-10-15,,,,0,0,,
1667,SyVdgf6iGJYj84hvDFIuNmRHx,1839.SPK/BA.17/BA010102/2025,PENGADAAN WIRE,2025-07-09,100,1,7,kesepakatan,,0,0,full,,,,inv2,2025-10-08,,proc,2025-07-09,,,,,,,,fifi,2025-07-22,,0,2,,,2025,paid,,2025-09-29,,,,0,0,"Barang sudah siap, siap untuk dikirim",2025-08-08
1668,XxJ^Tj15a0KWQ2U6mLIE@iwuD,1846.SPK/BA.302/BA010102/2025,PENGADAAN BUSHING TEFLON,2025-07-09,43,20,6,kesepakatan,,0,0,full,,,,inv2,2025-09-25,,proc,2025-07-09,,,,,,,,fifi,2025-07-22,,0,2,,,,paid,,2025-09-29,,,,0,0,,
1669,osHKSJ*jw9AVCYxBWf5LQg4Zb,1845.SPK/PR.202/BA010102/2025,FABRIKASI STRAINER SEA CHEST,2025-07-09,43,1,12,kesepakatan,,0,0,full,,,,inv2,2025-10-08,,proc,2025-07-09,,,,,,,,fifi,2025-07-22,,0,2,,,,paid,,2025-10-26,,,,0,0,"Barang sudah siap, masih berada di bengkel",2025-08-08
1670,2tLlb5HVcxfz$q*DdFePjpZ0U,1644.SPK/BA.17/BA010102/2025,ADDITIONAL SCAFFOLDING PEMASANGAN JIB CRANE,2025-07-08,7,20,30,kesepakatan,,0,0,,,,,,,,proc,,,,,,,,,fifi,2025-07-22,,0,2,,,,,,,,,,0,0,sudah selesai dikerjakan,2025-09-01
1671,FylcbtBnC8XZQqwfe!Mk0HmU2,1851.SPK/PR.202/BA010102/2025,ADDITIONAL PERBAIKAN SAFETY GATE PIPE AUSTRALIAN LADDER DAN VERTICAL LADDER PALKA 1-3,2025-07-09,113,1,21,kesepakatan,,0,0,full,,,,,,,proc,,,,,,,,,fifi,2025-07-22,,0,2,,,,paid,,2025-11-04,,,,0,0,,
1672,blDwuryghzLK3vZP@x2f0d9YN,1852.SPK/PR.202/BA010102/2025,ADDITIONAL PERBAIKAN SAFETY GATE PIPE AUSTRALIAN LADDER DAN VERTICAL LADDER PALKA 4-5,2025-07-09,89,1,21,kesepakatan,,0,0,full,,,,inv2,2025-10-08,,proc,2025-07-09,,,,,,,,fifi,2025-07-22,,0,2,,,,paid,,2025-09-26,,,,0,0,,
1673,VGYMD58urhP*SpCN0IjOWnTiU,1853.SPK/PR.202/BA010102/2025,ADDITIONAL PERBAIKAN SAFETY GATE PIPE AUSTRALIAN LADDER DAN VERTICAL LADDER PALKA 6-7,2025-07-09,3,1,21,kesepakatan,,0,0,full,,,,inv2,2025-11-11,,proc,2025-07-09,,,,,,,,fifi,2025-07-22,,0,2,,,,paid,,2025-10-15,,,,0,1,sudah selesai dikerjakan,2025-09-01
1674,AK1cC7vdGNUgi^4Vk5@yQnTD!,1867.SPK/BA.202/BA010102/2025,PENGADAAN ELECTRIC GRIDDLE,2025-07-14,104,1,10,kesepakatan,,0,0,full,,,,inv2,2025-11-18,,proc,2025-07-14,,,log.1712,,,,,fifi,2025-07-22,,0,2,,,,paid,,2025-10-21,,,,0,1,,
1675,4RtbheZNF3G8lI9T5s0zA7c$Y,1885.SPK/BA.17/BA010102/2025,PENGADAAN PRESSURE SWITCH DANFOSS,2025-07-17,17,1,7,kesepakatan,,0,0,full,,,,inv2,2025-10-08,,proc,2025-07-17,,,,,,,,fifi,2025-07-22,,0,2,,,,paid,,2025-09-26,,,,0,0,,
1676,MyOFd15@Y9UafIW$xT2GKCm6o,1906.SPK/BA.17/BA010102/2025,PENGADAAN BARANG BATTERY DAN INSULATION MEGER TESTER,2025-07-17,3,6,5,kesepakatan,,0,0,full,,,,,,,proc,,,,log,,2300000,Merak,,fifi,2025-07-22,,2639,2,,,,paid,,2025-12-19,,,,0,1,,
1677,f!wkGcJHsoTxYbZEDN5Up2Xn0,1918.SPK/PR.202/BA010102/2025,PENGADAAN JASA PERBAIKAN OUTFITTING DECK,2025-07-17,58,7,60,kesepakatan,,10000000,0,full,,,,,,,proc,,,,,,,,,fifi,2025-07-22,,0,2,,,,paid,,2025-12-24,,,,0,1,Sedang proses pengerjaan,2025-09-01
1678,JjewBFrAhno5UHd!XlM7pIi6K,1921.SPK/BA.302/BA010102/2025,PENGADAAN BARANG FUEL OIL VALVE TEST PUMP UNIT,2025-07-17,17,6,10,kesepakatan,,0,0,full,,,,,,,proc,,,,,,,,,fifi,2025-07-22,,0,2,,,,paid,,2025-12-05,,,,0,1,,
1679,7$zMfNyrco9Z^dx*wt!baXlsB,1917.SPK/BA.302/BA010102/2025,PENGADAAN BARANG SPAREPARTS CYLINDER LINER FUEL PUMP,2025-07-17,17,16,12,kesepakatan,,0,0,full,,,,,,,proc,,,,,,,,,fifi,2025-07-22,,0,2,,,,paid,,2025-11-17,,,,0,1,,
1680,PV!Tl*o9gsuENYcB4$0KHR8M2,1899.SPK/BA.17/BA010102/2025,PENGADAAN BARANG ELECTRIC CONTROL PANEL PURIFIER,2025-07-17,68,16,35,kesepakatan,,0,0,full,,,,,,,proc,,,,,,,,,fifi,2025-07-22,,0,2,,,,paid,,2025-11-04,,,,0,1,,
1681,*qUCrVX0WaGRLSI$o^mKQy!i9,1898.SPK/BA.302/BA010102/2025,PENGADAAN BARANG SPAREPARTS FEED WATER PUMP,2025-07-16,30,6,35,kesepakatan,,0,0,full,,,,inv2,2025-10-27,,proc,2025-07-16,,,,,,,,fifi,2025-07-22,,0,2,,,,paid,,2025-10-10,,,,0,0,,
1682,lKdBL8MzEjrxFb1IHcXTQ*2ap,1902.SPK/BA.302/BA010102/2025,PENGADAAN BARANG GOVERNOR ACTUATOR MAIN ENGINE,2025-07-16,17,6,35,kesepakatan,,0,0,full,,,,,,,proc,,,,,,,,,fifi,2025-07-22,,0,2,,,,paid,,2025-12-17,,,,0,1,,
1683,L3^cONKx7DYnZkEUtWTJp*IMl,1888.SPK/BA.17/BA010102/2025,PENGADAAN BARANG SPAREPARTS PISTON CROWN MAIN ENGINE,2025-07-15,17,16,12,kesepakatan,,0,0,full,,,,,,,proc,,,,,,,,,fifi,2025-07-22,,0,2,,,,paid,,2025-11-14,,,,0,1,,
1684,yn^DtozIRMWeVFrl5Y1H!PJ@K,1883.SPK/BA.202/BA010102/2025,PENGADAAN BARANG ELECTRICAL MGPS DAN FLOWMETER,2025-07-14,68,7,120,kesepakatan,,0,0,full,,,,,,,proc,,,,,,,,,fifi,2025-07-22,,0,2,,,,paid,,2025-11-05,,,,0,1,Barang masih di order/ indent,2025-09-01
1685,qDsu^h6flrbQiXp0BFLmkGPZK,1870.SPK/BA.202/BA010102/2025,PENGADAAN BARANG INTAKE VALVE MV. INTAN BARUNA,2025-07-14,16,6,80,kesepakatan,,0,0,full,,,,,,,proc,,,,,,,,,fifi,2025-07-22,,0,2,,,,paid,,2025-11-28,,,,0,1,,
1686,ic!sPrCKZmdet52uST7MABFRE,1869.SPK/BA.302/BA010102/2025,PENGADAAN BARANG SPAREPARTS MAIN ENGINE,2025-07-14,17,16,12,kesepakatan,,0,0,full,,,,,,,proc,,,,,,,,,fifi,2025-07-22,,0,2,,,,paid,,2025-11-17,,,,0,1,,
1687,qlNIgrJ*KVGYsuWn62AMbixQX,0731.SPK/BP.002/BA010101/2025,JASA PENGIRIMAN MARET - APRIL 2025,2025-03-24,48,0,60,kesepakatan,,0,0,full,,,,,,,proc,,,,,,,,,fifi,2025-07-22,,0,4,,,,paid,,2025-10-03,,,,0,0,,
1688,hogWf^U5C3iprGmdJq$BEZXce,1908.SPK/BA.101/BA010102/2025,PENGADAAN ANODE KEBUTUHAN DOCKING KM. KARTINI BARUNA,2025-07-17,54,1,20,agen,,12000000,0,full,,,,inv2,2025-10-06,,proc,2025-07-17,,,,,,,,fifi,2025-07-23,,0,1,,,2025,paid,,2025-10-17,,,,0,0,,
1689,K$91PDjS6dknY5fmsTQ*rUuxv,1941.SPK/BA.17/BA010102/2025,RO WIRE DECK CRANE,2025-07-22,17,3,25,kesepakatan,,0,0,full,,,,,,,proc,,,,,,,,,adit,2025-07-23,,0,2,,,,paid,,2025-11-20,,,,0,1,,
1690,uTBFlEzewUymZKr0JDRWM93o6,1916.SPK/BA.302/BA010102/2025,PENGADAAN SPAREPART MAIN ENGINE EXHAUST VALVE - UPPER PART (PLATE N0. 90803 - 0049,2025-07-17,30,20,10,kesepakatan,,0,0,full,,,,,,,proc,,,,,,,,,fifi,2025-07-23,,0,2,,,,paid,,2025-10-15,,,,0,1,,
1691,UqFE1rtx!bKfN9izGWlkASc6I,1911.SPK/BA.202/BA010102/2025,PENGADAAN DECK RUNNING STORE,2025-07-17,10,20,7,kesepakatan,,0,0,full,,,,,,,proc,,,,,,,,,fifi,2025-07-23,,0,2,,,,paid,,2025-11-14,,,,0,1,"Barang sudah siap, menunggu kapal masuk",2025-08-08
1692,CLfzpb0wDg1u8c7NlJRTB4doG,0358.SPK/BA.101/BA010102/2025,PENGADAAN ANODE KEBUTUHAN DOCKING TB. SRIKANDI BARUNA 2401,2025-02-14,54,12,14,kesepakatan,,0,0,full,,,,inv2,2025-08-05,,,2025-02-14,,,,,,,,fifi,2025-07-24,,0,3,,,2025,paid,,2025-08-28,,,,0,0,,
1693,MxgT6P8dSmfw4B!UXVs1Z^ayc,1934.SPK/BA.302/BA010102/2025,PENGADAAN COMPLETE TURBOCHARGER OF AUXILIARY ENGINE NO 3,2025-07-21,57,5,14,kesepakatan,,0,0,full,,,,inv2,2025-10-30,,proc,2025-07-21,,,,,,,,fifi,2025-07-24,,0,2,,,,paid,,2025-10-13,2025-07-24,,,0,0,,
1694,OjtHNKnzexwUD0lf1m4huPqJy,1955.SPK/BA.302/BA010102/2025,PENGADAAN SPAREPARTS SUCTION VALVE OF COMPRESSOR,2025-07-23,36,2,7,kesepakatan,,0,0,full,,,,inv2,2025-09-09,,proc,2025-07-23,,,,,,,,fifi,2025-07-24,,0,2,,,,,,,,,,0,0,,
1695,nyY^8DCFlO$SNgMsvm29whi6u,1881.SPK/PR.202/BA010102/2025,JASA PEMASANGAN BEVEL GEAR SET OF MAIN DRIVE,2025-07-14,17,4,7,kesepakatan,,0,0,full,,,,inv2,2025-10-30,,proc,2025-07-14,,,,,,,,fifi,2025-07-24,,0,2,,,,paid,,2025-10-10,,,,0,0,,
1696,YnN4bG30ehxUJIDuf79Lzvd*t,1882.SPK/PR.202/BA010102/2025,JASA FABRIKASI ADAPTOR MOTOR HYDRAULIC PALKA,2025-07-14,36,4,7,kesepakatan,,0,0,full,,,,,,,proc,2025-07-31,,,,,,,,fifi,2025-07-24,,0,2,,,,paid,,2025-09-26,,,,0,0,,
1697,jiJP^@BH4GN1pM*vzlL3uAEg5,1762.SPK/BA.202/BA010102/2025,PENGADAAN RADIO HANDY TALKIE SUBMERSIBLE,2025-07-01,56,31,25,kesepakatan,,0,0,full,,,,inv2,2025-10-08,,proc,2025-07-01,,,,,,,,fifi,2025-07-24,,0,2,,,,paid,,2025-09-26,,,,0,0,Barang ready minggu depan,2025-08-08
1698,KDicUkGM6wpyJHa1sE4^Q8!j2,1949.SPK/BA.17/BA010102/2025,PENGADAAN MOORING ROPE,2025-07-23,100,3,3,kesepakatan,,0,0,full,,,,,,,,2025-07-23,,,,,,,,fifi,2025-07-24,,0,2,,,,paid,,2025-10-15,,,,0,0,Barang siap dikirim besok,2025-08-08
1700,Pe9FH5vR*TtGsDjh726uKzcbJ,1933.SPK/PR.202/BA010102/2025,JASA OVERHAUL DAN KALIBRASI GOVERNOR OF AUXILIARY ENGINE NO 1,2025-07-21,70,2,12,kesepakatan,,0,0,full,,,,inv2,2025-10-08,,proc,,,,,,,,,fifi,2025-07-24,,0,2,,,,paid,,2025-10-06,,,,0,0,,
1701,pZduCbJsjIx6TfhR0Kc^yztiP,1928.SPK/BA.17/BA010102/2025,PENGADAAN RUNNING STORE GALLEY,2025-07-20,3,5,7,kesepakatan,,0,0,full,,,,inv2,2025-09-09,,proc,2025-07-20,,,,,,,,fifi,2025-07-24,,0,2,,,,paid,,2025-09-11,,,,0,0,,
1702,@PZH2iKDY*ORslojJ^u7$W4pm,1951.SPK/BA.17/BA010102/2025,PENGADAAN AC SPLIT DAN ELECTRIC JET CHISEL MV.RASUNA BARUNA,2025-07-23,100,3,3,kesepakatan,,0,0,full,,,,inv2,2025-10-29,,proc,2025-07-23,,,,,,,,fifi,2025-07-24,,0,2,,,,paid,,2025-10-10,,,,0,0,Barang siap dikirim besok,2025-08-08
1703,GXwDCVF8R*LUyzdinYusB$hNk,1954.SPK/BA.101/BA010102/2025,PENGADAAN SPAREPART BOSCH PUMP & INJECTOR,2025-07-23,11,25,7,kesepakatan,,0,0,full,,,,,,,proc,,,,,,,,,fifi,2025-07-24,,0,1,,,2025,paid,,2025-10-15,,,,0,0,,
1704,Db9gZBt^!XKcLvzfQGiON1xIm,1927.SPK/BA.17/BA010102/2025,PENGADAAN RUNNING STORE DECK (CAT DAN THINNER0 JULI,2025-07-20,13,5,14,kesepakatan,,0,0,full,,,,inv2,2025-10-30,,proc,2025-07-20,,,,,,,,fifi,2025-07-24,,0,2,,,,paid,,2025-10-10,,,,0,0,Barang sudah siap,2025-08-08
1705,^4Iz6H*lPmtuaqG19DfpExFoO,1950.SPK/BA.202/BA010102/2025,RUNNING STORE STATIONERY,2025-07-23,2,3,7,kesepakatan,,0,0,full,,,,inv2,2025-10-15,,proc,,,,,,,,,fifi,2025-07-24,,0,2,,,,paid,,2025-10-06,,,,0,0,,
1706,@*V$!DhI5lMLsnT^UJ1rgRP7F,1959.SPK/BA.101/BA010102/2025,PENGADAAN PISTON ASSY AUXILIARY ENGINE (COM),2025-07-23,16,8,60,kesepakatan,,0,0,full,,,,,,,proc,,,,,,,,,fifi,2025-07-24,,0,1,,,2025,paid,,2025-11-25,,,,0,1,,
1707,dj1YvOfU4T2MzrKx9R$6kHuPt,1962.SPK/BA.17/BA010102/2025,PENGADAAN MATERIAL DAN JASA PASANG AC,2025-07-23,5,21,4,kesepakatan,,0,0,full,,,,,,,,2025-07-23,,,,,,,,fifi,2025-07-24,,0,2,,,,paid,,2025-09-26,,,,0,0,,
1708,M4s!oinKR1zt^jF9ZuUEf35lq,1963.SPK/BA.17/BA010102/2025,PENGADAAN MATERIAL DAN JASA PASANG AC,2025-07-23,5,25,4,kesepakatan,,0,0,full,,,,inv2,2025-10-29,,,2025-07-23,,,,,,,,fifi,2025-07-24,,0,2,,,,paid,,2025-10-06,,,,0,0,,
1709,8jvM$K^wtx3D5@9!1rLcEXyQb,1961.SPK/PR.202/BA010102/2025,PENGADAAN JASA KALIBRASI OMD & AXIAL VIBRATION,2025-07-23,11,17,25,kesepakatan,,0,0,full,,,,inv2,2025-10-15,,proc,2025-07-23,,,,,,,,fifi,2025-07-24,,0,2,,,,paid,,2025-10-10,,,,0,0,,
1710,Dw$Hr@aZdh6YWe4PI7pfRJQLk,1935.SPK/BA.202/BA010102/2025,PENGADAAN DECK TOOL,2025-07-21,104,31,14,kesepakatan,,0,0,full,,,,inv2,2025-10-08,,proc,2025-07-21,,,log,,3500000,Jepara,,fifi,2025-07-24,,2070,2,,,,paid,,2025-09-26,,,,0,0,,
1711,^DM5hIQ6Z$RVv!8oezqO@yc*m,1958.SPK/BA.101/BA010102/2025,PENGADAAN SPAREPARTS AUXILIARY ENGINE (COM),2025-07-23,16,8,30,kesepakatan,,0,0,full,,,,,,,proc,,,,,,,,,fifi,2025-07-25,,0,1,,,2025,paid,,2025-11-25,,,,0,1,,
1712,RFphWat$@nj9KA027i4J*mXlc,1914.SPK/BA.202/BA010102/2025,PENGADAAN DECK RUNNING STORE,2025-07-22,104,1,7,kesepakatan,,0,0,full,,,,,,,proc,,,,log,,2800000,Jepara,2000000,fifi,2025-07-25,,2315,2,,,,paid,,2025-11-21,,2025-08-17,,0,1,,
1713,S1gF8Q2CXI7h5x@WEYOu!^cNZ,1960.SPK/BA.202/BA010102/2025,PENGADAAN CONSUMABLE ENGINE,2025-07-23,100,21,4,kesepakatan,,0,0,full,,,,inv2,2025-10-15,,proc,2025-07-23,,,,,,,,fifi,2025-07-25,,0,2,,,,paid,,2025-10-10,,,,0,0,,
1714,qIcYSQDjziw*WREZNBrvt4TXb,1915.SPK/BA.202/BA010102/2025,PENGADAAN DECK RUNNING STORE,2025-07-22,113,1,10,kesepakatan,,0,0,full,,,,,,,proc,,,,,,,,,fifi,2025-07-25,,0,2,,,,paid,,2025-11-25,,,,0,0,,
1715,XB!TOuC2Mn^G@ZcfDlpzoISr$,1912.SPK/BA.202/BA010102/2025,PENGADAAN DECK RUNNING STORE,2025-07-17,113,20,7,kesepakatan,,0,0,full,,,,,,,proc,,,,,,,,,fifi,2025-07-25,,0,2,,,,paid,,2025-10-30,,,,0,0,Barang sudah siap,2025-08-11
1716,0NLoOYxgGzpA1tvn^6ac!Q3Bs,1925.SPK/BA.17/BA010102/2025,PENGADAAN RUNNING STORE ENGINE & TUNNEL,2025-07-20,2,5,14,kesepakatan,,0,0,full,,,,,,,proc,,,,log,,2500000,Merak,,fifi,2025-07-25,,2072,2,,,,paid,,2025-11-05,,,,0,0,,
1717,l$yiEzAhxfogk!8a@dnJOHBRu,0059.SPBJ/PR.103/BA010400/2025,PENGADAAN JASA GENERAL OVERHAUL MAIN ENGINE & AUXILIARY ENGINE KEBUTUHAN DOCKING TB. SRIKANDI BARUNA 2201,2025-06-12,11,21,10,kesepakatan,,0,0,full,,,,0.1,2025-10-25,,,2025-07-12,,,,,,,,fifi,2025-07-25,,0,1,,,2025,,,,,,,2,2,,
1718,d6LzfMA13mC4*2xE5tUeDFvP9,1924.SPK/BA.202/BA010102/2025,PENGADAAN RUNNING STORE ENGINE (JUNI),2025-07-20,100,5,7,kesepakatan,,0,0,full,,,,inv2,2025-10-09,,proc,2025-07-20,,,log,,4300000,Merak,,fifi,2025-07-25,,2049,2,,,,paid,,2025-10-10,,,,0,0,,
1719,DGVp8Z^2fLbl!sBeia1OhzNyj,1964.SPK/BA.202/BA010102/2025,PENGADAAN ENGINE RUNNING STORE,2025-07-24,3,20,10,kesepakatan,,0,0,full,,,,inv2,2025-10-08,,proc,2025-07-24,,,,,,,,fifi,2025-07-28,,0,2,,,,paid,,2025-12-05,,,,0,0,,
1720,Vk*zI$r6pjt7^cqC8B5EQMOYy,1965.SPK/BA.202/BA010102/2025,PENGADAAN ENGINE RUNNING STORE,2025-07-24,2,20,12,kesepakatan,,0,0,full,,,,inv2,2025-10-27,,proc,2025-07-24,,,,,,,,fifi,2025-07-28,,0,2,,,,paid,,2025-10-10,,,,0,0,,
1721,9$tlzcB4^PsIY03*Ah7HMifrS,1823.SPK/BA.7/BA010102/2025,OCCASIONAL SURVEY CLOSING COC,2025-07-08,82,20,30,onboard,,0,0,,,,,,,,proc,,,,,,,,,adit,2025-07-29,,0,3,,,,,,,,,,0,0,,
1722,vRk!d4$uXNUBo5xGbEjC6P3tS,0033.SPBJ/PR.103/BA010400/2025,PENGADAAN TALI MOORING MULTIFILAMENT 8-STRAND,2025-03-11,21,32,0,kesepakatan,,0,0,full,,,,inv2,2025-08-25,,,2025-03-11,,,log,,16000000,Merak,5000000,fifi,2025-07-29,,1771,1,,,,paid,,2025-06-20,,,,0,0,,
1723,BEu14tViok9GHXFq5jYRaD6OP,1956.SPK/BA.17/BA010102/2025,PENGADAAN STORE DECK & GALLEY,2025-07-23,3,5,7,kesepakatan,,0,0,full,,,,inv2,2025-11-11,,proc,2025-07-23,,,log,,3600000,Merak,,fifi,2025-07-29,,2339,2,,,,paid,,2025-10-15,,,,0,1,,
1724,gYNFB*VxbLSuJla$vD7co@Hep,1926.SPK/BA.17/BA010102/2025,PENGADAAN RUNNING STORE ENGINE (BATERAI FOR GENERAL SERVICE),2025-07-20,100,5,7,kesepakatan,,0,0,full,,,,inv2,2025-10-15,,proc,2025-07-20,,,log.1718,,,,,fifi,2025-07-29,,0,2,,,,paid,,2025-10-10,,,,0,0,,
1725,TP1Vmr^ozJMWLgYa89GB*n!Cs,1779.SPK/BA.17/BA010102/2025,PENGADAAN RUNNING STORE DECK (WIRE LIFE BOAT),2025-07-02,100,2,7,kesepakatan,,0,0,full,,,,inv2,2025-10-15,,proc,2025-07-02,,,log,,4500000,Merak,,fifi,2025-07-29,,2051,2,,,,paid,,2025-10-10,,,,0,0,,
1726,R@tYhUOVHxJq3sc5*WayBkZ4j,1937.SPK/PR.202/BA010102/2025,JASA EMERGENCY PEMASANGAN SETTING GEAR OF UNLOADER BOOM CONVEYOR,2025-07-21,17,5,7,kesepakatan,,0,0,full,,,,,,,,,,,,,,,,fifi,2025-07-29,,0,2,,,,paid,,2025-11-14,,,,0,1,,
1727,MoNQSWgTj*3VedfpkDu47wraJ,1929.SPK/OT.202/BA010102/2025,JASA TROUBLESHOOT CONTROL OF UNLOADER BOOM CONVEYOR,2025-07-20,11,5,7,kesepakatan,,0,0,full,,,,,,,,,,,,,,,,fifi,2025-07-29,,0,2,,,,paid,,2025-11-28,,,,0,1,Pekerjaan sudah dilakukan,2025-09-12
1728,RKtX6F1NoOgqzPYvLUyTk2@5i,1938.SPK/BA.302/BA010102/2025,FABRIKASI BEVEL GEAR SET OF UNLOADER BOOM CONVEYOR,2025-07-21,17,5,35,kesepakatan,,0,0,full,,,,,,,,,,,,,,,,fifi,2025-07-29,,0,2,,,,paid,,2025-11-20,,,,0,1,Barang sudah dikapal,2025-09-12
1729,wsUbdK4Z2Qg71Yyp@TSnhve8M,1966.SPK/PR.202/BA010102/2025,PENGADAAN JASA REKONDISI DAN BUAT BARU COVER TELESCOP GRAB,2025-07-25,43,17,10,kesepakatan,,0,0,full,,,,,,,proc,,,,,,,,,fifi,2025-07-29,,0,2,,,,,,,,,,0,0,Barang sudah dikirim ke gudang tebet,2025-09-02
1730,IGN4t5u*vsWAPHQkKJ$DarR8!,1990.SPK/BA.202/BA010102/2025,PENGADAAN MATERIAL DAN JASA PASANG TELEGRAPH,2025-07-28,11,32,25,onboard,,0,0,full,,,,,,,proc,,,,,,,,,fifi,2025-07-30,,0,2,,,,paid,,2025-11-20,,,,0,1,sudah selesai dikerjakan,2025-09-01
1731,lpj5HFzqGZ!ChvKJ^0IOVSuB8,1807.SPK/PR.202/BA010102/2025,PERBAIKAN DAN PEMULIHAN ELMOT & GEARBOX UNLOADER BOOM CONVEYOR,2025-07-04,52,5,26,kesepakatan,,0,0,full,,,,,,,proc,,,,,,,,,fifi,2025-07-30,,0,2,,,,paid,,2025-10-15,,,,0,0,,
1732,sPzIY1@djviDXbCQBac0S6EJK,2303.SPK/BA.202/BA010102/2024,RUNNING STORE ENGINE DAN DECK,2024-12-30,3,31,4,kesepakatan,,0,0,,,,,,,,,,,,,,,,,fifi,2025-07-30,,0,1,,,,,,,,,,0,0,Barang sudah dikirim ke kapal,2025-09-12
1733,voeUatdGLZmspRk!Qyr0bjgi5,1780.SPK/BA.17/BA010102/2025,PENGADAAN RUNNING STORE DECK (JUNI),2025-07-02,2,31,16,kesepakatan,,0,0,full,,,,inv2,2025-10-08,,proc,2025-07-02,,,log,,4500000,Jepara,1600000,fifi,2025-07-30,,2066,2,,,,paid,,2025-09-26,,,,0,0,,
1734,Jhx7qeKZn^D*co@94lGBazVuk,0021.SPBJ/PR.101/BA010400/2025,"PENGADAAN WIRE CRANE HOISTING, LUFFING & GRAB",2025-02-17,17,32,25,kesepakatan,,0,0,full,,,,,,,,,,,,,,,,fifi,2025-07-30,linked,1772,1,,,,,,,,,,0,0,,
1735,!*gw@lpPoEUieOydcHFbABIJQ,0069.SPBJ/PR.103/BA010400/2025,PENGADAAN JASA GENERAL OVERHAUL MAIN ENGINE & AUXILIARY ENGINE KEBUTUHAN DOCKING TB. SRIKANDI BARUNA 2203,2025-07-23,11,25,10,kesepakatan,,0,0,full,,,,inv2.1,2025-10-25,,,2025-06-23,,,,,,,,fifi,2025-07-30,,0,1,,,2025,,,,,,,2,2,,
1736,Ou6ctS!ZGnf1esmYWVF*vwK8a,1864.SPK/PI.404/BA010102/2025,JASA MAN POWER STOCK OPNAME,2025-07-11,48,3,7,kesepakatan,,0,0,full,,,,,,,proc,,,,,,,,,fifi,2025-07-30,non-reimburse,0,4,,,,paid,,2025-09-11,,,,0,0,,
1737,nfZ@CeV6j!1*iMdUbwBmhJarv,1946.SPK/BA.101/BA010102/2025,PENGADAAN SPAREPARTS ME & AE DOCKING,2025-07-22,11,21,10,kesepakatan,,0,0,full,,,,,,,proc,,,,,,,,,fifi,2025-07-30,,0,1,,,2025,paid,,2025-11-04,,,,0,0,,
1738,XO^zswxc4VF5!2NPYElUfjmB6,C.1377/BA.301/Div.Rendalhar-2025,PENGADAAN UNIT STERN TUBE LO PUMP,2025-07-29,17,32,40,kesepakatan,,0,0,full,,,,,,,proc,,,,,,,,,fifi,2025-07-30,,0,2,,,,,,,,,,0,1,,
1739,08g9@Hl2*hfx!vrLD$3CRu7AZ,C.1375/BA.301/Div.Rendalhar-2025,PENGADAAN MATERIAL CAT FOR MAINTENANCE,2025-07-29,4,17,14,kesepakatan,,0,0,full,,,,inv2,2025-11-18,,proc,2025-07-30,,,,,,,,fifi,2025-07-30,,0,2,,,,paid,,2025-11-14,,,,0,1,,
1740,0CN3bXylv^HfA6mZ8PtEg@1pR,C.1378/BA.301/Div.Rendalhar-2025,PENGADAAN SPAREPARTS AE MAN STX 5L 23/30H COM,2025-07-28,30,17,85,kesepakatan,,0,0,full,,,,inv2,2025-10-30,,proc,2025-07-28,,,,,,,,fifi,2025-07-30,,0,2,,,,paid,,2025-10-10,,,,0,0,,
1741,Tw7GOpq5X2QKEhJItAz@SYRiu,C.1376/BA.301/Div.Rendalhar-2025,PENGADAAN MATERIAL CAT MAIN DECK,2025-07-29,4,17,12,kesepakatan,,0,0,full,,,,inv2,2025-11-18,,proc,2025-07-29,,,,,,,,fifi,2025-07-30,,0,2,,,,paid,,2025-11-25,,,,0,1,,
1742,VlgUe*6Ct$MRrzfQavGAHEc4x,0110.SPBJ/PR.103/BA010400/2024,PENGADAAN ROLLER KARET DAN BEARING MV. ADHIGUNA TARAHAN,2024-12-30,17,4,60,kesepakatan,,0,0,full,,,,,,,,,,,,,,,,fifi,2025-07-30,,1773,1,,,,paid,,2025-03-23,,,,0,0,,
1743,F*@zthlGcsSupUy9o2abOLe!6,C.1382/BA.301/Div.Rendalhar-2025,PENGADAAN ACCESORIES FOR AIR OPERATED PUMP,2025-07-28,2,17,30,kesepakatan,,0,0,full,,,,,,,proc,,,,log.1744,,,,,fifi,2025-07-31,,0,2,,,,paid,,2025-11-05,,,,0,1,,
1744,MdTjxgXQ^@zEHDRlPr!4SF7An,C.1381/BA.301/Div.Rendalhar-2025,PENGADAAN CONSUMABLE / CONSUMABLE JULI,2025-07-29,2,17,15,kesepakatan,,0,0,full,,,,inv2,2025-10-30,,proc,2025-07-29,,,log,,7500000,Cilacap,,fifi,2025-07-31,,2297,2,,,,paid,,2025-10-17,,,,0,0,,
1745,kW94imy1Kt7lvuoQgI@z3aO8j,0055.SPBJ/BA.301/BA010400/2025,"PENGADAAN SERTA PEMASANGAN TRIGGER RUNNING HOUR MAINTENANCE SYSTEM MV. ARIMBI BARUNA, MV. KARTINI BARUNA, MV. RASUNA BARUNA, MV. MEUTIA BARUNA, MV MARTHA BARUNA, MV. INTAN BARUNA",2025-06-04,56,1,90,kesepakatan,,0,0,full,,,,,,,,,,,,,,,,fifi,2025-07-31,,0,1,invest,,,paid,,2025-09-16,,,,0,0,,
1746,I8W*UZ6zHy$F42B7RXiKSoleD,0058.SPBJ/PR.103/BA010400/2025,PENGADAAN GEAR COMPLETE LUFFING DAN HOISTING CARGO CRANE MV. LATIFAH BARUNA (REPEAT ORDER),2025-06-12,17,20,15,kesepakatan,,0,0,full,,,,inv2,2025-10-06,,,2025-01-09,,,,,,,,fifi,2025-07-31,,0,1,invest,,,paid,,2025-09-24,,,,0,0,,
1747,R!GEsV5wjYS1$ILxNWf7Jnt9B,2008.SPK/BA.17/BA010102/2025,FABRIKASI COVER HEAT EXCHANGER (CONDENSOR AUX BOILER),2025-07-30,43,7,20,kesepakatan,,3000000,0,full,,,,,,,proc,,,,,,,,,fifi,2025-08-01,,0,2,,,,paid,,2025-12-29,,,,0,1,Barang sudah dikirim ke gudang tebet,2025-09-02
1748,ETFXb6hw!pfex*mI1SRW7NJnj,1936.SPK/PR.202/BA010102/2025,JASA OVERHAUL DAN REPAIR FLUID COUPLING OF UNLOARDER BOOM CONVEYOR,2025-07-21,17,5,35,kesepakatan,,0,0,full,,,,,,,proc,,,,,,,,,fifi,2025-08-01,,0,2,,,,paid,,2025-11-20,,,,0,1,Barang sudah dikapal,2025-09-12
1749,YCDa0PhOXvA1f$sQpTrHGkEnJ,2002.SPK/BA.17/BA010102/2025,PENGADAAN BARANG RUNNING STORE ENGINE DEPARTMENT,2025-07-30,2,7,18,kesepakatan,,0,0,full,,,,,,,proc,,,,,,,,,fifi,2025-08-01,,3459,2,,,,paid,,2025-12-29,,,,0,1,Dikirim tanggal 4 sep sesuai arahan agent,2025-09-02
1750,Ra1HwMd5E4jU96tzPlLQSqgC2,C.1374/BA.301/Div.Rendalhar-2025,PENGADAAN JASA SIRLAK ALTERNATOR AE,2025-07-29,5,23,6,onboard,,0,0,full,,,,,,,proc,,,,,,,,,fifi,2025-08-01,,0,1,,,,paid,,2025-11-14,,,,0,0,,
1751,A9KTR8mMW5SPkewn!Ia^fyQEh,2011.SPK/BA.101/BA010102/2025,PENGADAAN UNIT VALVE,2025-07-30,2,14,16,kesepakatan,,0,0,full,,,,inv2,2025-11-11,,proc,2025-07-30,,,,,,,,fifi,2025-08-01,,0,1,,,,paid,,2025-11-21,,,,0,0,,
1752,UnsA@TDcEM4*md$vtLChN3J0f,2010.SPK/BA.17/BA010102/2025,PENGADAAN MATERIAL ELECTRICAL & SENSOR,2025-07-30,17,32,20,kesepakatan,,0,0,full,,,,,,,proc,,,,,,,,,fifi,2025-08-01,,0,2,,,,paid,,2025-12-24,,,,0,1,,
1753,unQOC^vt9HXGrjDpSYqNhfKx7,2003.SPK/BA.17/BA010102/2025,PENGADAAN BARANG RUNNING STORE,2025-07-30,100,7,5,kesepakatan,,0,0,full,,,,inv2,2025-10-08,,proc,2025-08-01,,,,,,,,fifi,2025-08-01,,0,2,,,,paid,,2025-09-29,,,,0,0,Barang belum siap,2025-08-08
1754,CZlR$54eD3caXSNts@!fMmKip,1998.SPK/BA.302/BA010102/2025,PENGADAAN CYLINDER HEAD AUXILIARY ENGINE,2025-07-30,17,5,20,kesepakatan,,0,0,full,,,,,,,proc,,,,,,,,,fifi,2025-08-01,,0,2,,,,paid,,2025-12-23,,,,0,1,,
1755,dsiyRQZMctmqgpka^HW9C5enT,2000.SPK/BA.202/BA010102/2025,PENGADAAN AC SPLIT,2025-07-31,100,4,5,kesepakatan,,0,0,full,,,,inv2,2025-10-15,,proc,2025-07-31,,,log,,2000000,Merak,,fifi,2025-08-01,,2050,2,,,,paid,,2025-10-10,,,,0,0,,
1756,ValGqeSx@*Yh3o7U!HFj9vRmP,1997.SPK/BA.302/BA010102/2025,PENGADAAN INTERCOOLER AUXILIARY ENGINE (COO),2025-07-30,17,1,20,kesepakatan,,0,0,full,,,,,,,proc,,,,,,,,,fifi,2025-08-01,,0,2,,,,paid,,2025-12-29,,,,0,1,,
1757,6mqd!7GghQ^e@KkFi4xlZcy*C,1996.SPK/BA.302/BA010102/2025,PENGADAAN SPAREPARTS AUXILIARY ENGINE (COO),2025-07-30,17,1,20,kesepakatan,,0,0,full,,,,,,,proc,,,,,,,,,fifi,2025-08-01,,0,2,,,,paid,,2025-12-23,,,,0,1,,
1758,!9kNRqp3bt7Mo8W@cYdhVX5FS,B.5128/SP.904/DIROPS-2024,Pengadaan Serta Pemasangan Planned Maintenance System,2024-12-12,119,0,90,onboard,,0,0,full,,,,inv2.1,2025-10-20,,,2024-12-16,,,,,,,,admin,2025-08-04,non-reimburse,0,1,invest,2025,,,,2025-08-20,,,,3,3,,
1759,8rhNpFsgPkqG2KcfRX!3YdBSI,2031.SPK/BA.17/BA010102/2025,REPEAT ORDER PENGADAAN MOORING EQUIPMENT,2025-08-01,31,33,7,kesepakatan,,0,0,full,,,,inv2,2025-10-08,,proc,2025-08-06,,,,,,,,fifi,2025-08-04,,0,2,,,,paid,1,2025-09-26,,,,1,1,,
1760,iKS65jewa4n*UVlEh2tvAxDr1,2039.SPK/PR.202/BA010102/2025,PENGADAAN JASA PERBAIKAN HYDRAULIC FREE FALL,2025-08-01,7,6,10,kesepakatan,,30000000,0,full,,,,,,,proc,,,,,,,,,fifi,2025-08-04,non-reimburse,0,2,,,,,,,,,,1,1,,2025-08-06
1761,FhCRmN3v5ztIL*S82VwpBWJG@,2040.SPK/BA.17/BA010102/2025,PENGADAAN JASA PERBAIKAN BOILER DAN MFO PURIFIER,2025-08-01,7,16,15,kesepakatan,,15000000,0,full,,,,,,,proc,,,,,,,,,fifi,2025-08-04,non-reimburse,0,2,,,,,,,,,,1,1,,
1762,$wgyjM@0xYW1qeo8ND96Q!VhA,2030.SPK/BA.101/BA010102/2025,PENGADAAN BARANG SPAREPARTS MAIN AIR COMPRESSOR (COO),2025-08-01,17,6,12,kesepakatan,,0,0,full,,,,,,,proc,,,,,,,,,fifi,2025-08-04,,0,1,,,2025,paid,,2025-12-17,,,,1,1,,
1763,U3H0r2IW648MvQ!PqVz1dwXFa,2041.SPK/PE.601/BA010102/2025,JASA SEWA MOBIL CRANE,2025-08-01,48,0,7,kesepakatan,,0,0,full,,,,inv2,2025-10-06,,proc,2025-08-01,,,,,,,,fifi,2025-08-04,,0,4,,,,paid,1,2025-09-29,,,,1,1,,
1764,8TxLeuVYwa3*!MPytAlfo0JWz,2056.SPK/BA.17/BA010102/2025,PENGADAAN JASA PERGANTIAN PIPA KABEL DAN FAIRLEAD,2025-08-04,58,7,60,kesepakatan,,10000000,0,full,,,,,,,proc,,,,,,,,,fifi,2025-08-05,,0,2,,,,paid,,2025-12-24,,,,1,1,Sedang proses pengerjaan,2025-09-01
1765,1Ccdj0nmsXNrM8woqJIuP5GAL,2024.SPK/BA.302/BA010102/2025,PENGADAAN SPAREPARTS MAIN ENGINE 6S50MC-C,2025-08-05,30,32,10,kesepakatan,,0,0,full,,,,inv2,2025-09-25,,proc,2025-08-05,,,log,,,,,fifi,2025-08-06,,2273,2,,,,paid,1,2025-09-29,,,,1,1,,
1766,m!cXPbQ3Y82l@LoKuStZG7kr9,2025.SPK/BA.302/BA010102/2025,PENGADAAN SPAREPARTS ME FUEL PUMP & FUEL VALVE 5S50MC-C7,2025-08-05,30,17,35,kesepakatan,,0,0,full,,,,inv2,2025-10-30,,proc,2025-08-05,,,,,,,,fifi,2025-08-06,,0,2,,,,paid,1,2025-10-10,,,,1,1,,
1767,Q^FbVAm6jWIJzB7DTpGO4kCcY,1768.SPK/BA.101/BA010102/2025,PENGADAAN SPAREPARTS NOZZLE OF AUXILIARY ENGINE (GENUINE),2025-07-01,12,5,90,kesepakatan,,0,0,full,,,,inv2,2025-10-06,,proc,2025-07-01,,,,,,,,fifi,2025-08-06,,0,3,,,2025,paid,1,2025-10-06,,,,1,1,,
1768,5W*afoy6RhTPtpgzmBwQZ^07i,2092.SPK/BA.17/BA010102/2025,RO WIRE DECK CRANE,2025-08-06,17,3,25,kesepakatan,,0,0,full,,,,,,,proc,,,,,,,,,fifi,2025-08-07,,0,2,,,,paid,,2025-11-05,,,,1,1,,
1769,jiOoRt!39beCSx8YJ7kauD*cF,2090.SPK/BA.302/BA010102/2025,PENGADAAN CHARGED AIR COOLER,2025-08-06,17,17,15,kesepakatan,,0,0,full,,,,,,,proc,,,,,,,,,fifi,2025-08-07,,0,2,,,,paid,,2025-12-17,,,,1,1,,
1770,wKJvHPsl$hA8tSBpxg^EX3z2G,2093.SPK/BA.302/BA010102/2025,PENGADAAN SPAREPARTS FUEL INJECTION PUMP & FUEL PUMP,2025-08-07,30,32,12,kesepakatan,,0,0,full,,,,inv2,2025-09-25,,proc,2025-08-07,,,,,,,,fifi,2025-08-07,,0,2,,,,paid,1,2025-09-29,,,,1,1,,
1771,hgIAcbrV5D7uU69XB*ltP$jJ@,2097.SPK/BA.17/BA010102/2025,PENGADAAN WIRE GRAB,2025-08-06,100,3,3,kesepakatan,,0,0,full,,,,inv2,2025-10-08,,proc,2025-08-06,,,,,,,,fifi,2025-08-07,,0,2,,,,paid,1,2025-09-26,,,,1,1,,
1772,ZE!u@o*A0$U4DqmiG^Ycg8svk,2096.SPK/BA.17/BA010102/2025,PENGADAAN WIRE ROPE (GRAB JANUS),2025-08-06,100,3,3,kesepakatan,,0,0,full,,,,inv2,2025-10-08,,proc,2025-08-06,,,,,,,,fifi,2025-08-07,,0,2,,,,paid,1,2025-09-26,,,,1,1,,
1773,48cOXxPB*UojzGVsn1pDdfQmv,0029.SPBJ/PR.103/BA010400/2025,PENGADAAN SPAREPART MAIN ENGINE MV. ZALECHA BARUNA,2025-03-04,30,32,120,kesepakatan,,0,27614875,full,,,,inv2,2025-09-08,,,2025-03-04,,,,,,,,fifi,2025-08-07,,0,1,,,,paid,1,2025-09-11,,,,1,1,,
1774,eoIpHO4Mb67qBgm*C1fSNTs!x,2032.SPK/BA.17/BA010102/2025,(REPEAT ORDER) PENGADAAN FABRIKASI RENEW CYLINDER HYDRAULIC (FOR TUNNEL GATE),2025-08-01,52,5,18,kesepakatan,,0,0,full,,,,inv2,2025-11-25,,proc,,,,,,,,,fifi,2025-08-07,,0,2,,,,paid,,2025-12-12,,,,1,1,Sedang proses pengerjaan,2025-09-02
1775,QqNuP*y8g7VdjT1wEro6k^4A9,2063.SPK/BA.17/BA010102/2025,PENGADAAN KABEL MARINE (FOR WATER INGRESS),2025-08-04,100,2,9,kesepakatan,,0,0,full,,,,inv2,2025-10-30,,proc,2025-08-04,,,log.1792,,,,,fifi,2025-08-07,,2319,2,,,,paid,,2025-10-15,,,,1,1,,
1776,f$oS@!NdsEa9LMCRuB^X1DFtG,2094.SPK/BA.302/BA010102/2025,PENGADAAN SPAREPARTS OF HT PLATE HEAT EXCHANGER,2025-08-06,17,5,25,kesepakatan,,0,0,full,,,,,,,proc,,,,,,,,,fifi,2025-08-07,,0,2,,,,paid,,2025-11-20,,,,1,1,Barang masih digudang vendor,2025-09-12
1777,nSw9v@85yagr2tIlfmb7ozshA,2034.SPK/BA.302/BA010102/2025,PENGADAAN SPAREPARTS AUXILIARY ENGINE (JULI),2025-08-01,17,5,22,kesepakatan,,0,0,full,,,,,,,proc,,,,,,,,,fifi,2025-08-07,,0,2,,,,paid,,2025-11-28,,,,1,1,Barang masih di gudang vendor,2025-09-12
1778,NMCgBm7W3Ow$U1lti*hsRxnkf,2067.SPK/BA.302/BA010102/2025,PENGADAAN SPAREPARTS AUXILIARY ENGINE NO 1,2025-08-04,17,2,26,kesepakatan,,0,0,full,,,,,,,proc,,,,,,,,,fifi,2025-08-08,,0,2,,,,paid,,2025-12-17,,,,1,1,"Barang sudah ready, tinggal kirim",2025-09-12
1779,u^bjVhvRoGZIc4Skt8eCAygTW,0053.SPBJ/BA.301/BA010400/2025,PENGADAAN SPAREPARTS DOCKING AUXILIARY ENGINE DAIHATSU 5DC-17 (COO) MV. KARTINI BARUNA,2025-06-03,30,1,11,kesepakatan,,0,72110000,full,,,,inv2,2025-08-15,,,2025-06-03,,,,,,,,fifi,2025-08-08,,0,1,,,,paid,1,2025-09-11,,,,1,1,,
1780,lwtH2xTeIb3!O*usfKLXY5vPm,0074.SPBJ/PR.103/BA010400/2025,PENGADAAN SPAREPART DOCKING MAIN ENGINE MITSUI MAN B&W 7S50MC-C MV. KARTINI BARUNA (COO),2025-06-30,17,1,20,kesepakatan,,0,0,full,,,,,,,,,,,,,,,,fifi,2025-08-08,,0,1,,,,paid,,2025-12-29,,,,1,1,,
1781,hVCaHc!89X4pl7@6dIF5tULG0,0079.SPBJ/PR.103/BA010400/2025,PENGADAAN STAFFA MOTOR WINDLASS MV. KARTINI BARUNA,2025-07-09,17,1,15,kesepakatan,,0,0,full,,,,,,,,,,,,,,,,fifi,2025-08-08,linked,0,1,invest,2025,,,,,,,,1,1,,
1782,1WtTn20bES@8zvJiM$A93rNhF,2087.SPK/BA.302/BA010102/2025,PENGADAAN SPAREPART HYDRAULIC MACHINERY,2025-08-05,17,17,26,kesepakatan,,0,0,full,,,,,,,proc,,,,,,,,,fifi,2025-08-08,,0,2,,,,paid,,2025-12-23,,,,1,1,,
1783,cUV96WQ!Elz@$ObnGXICDZvw7,2013.SPK/PR.202/BA010102/2025,PENGADAAN JASA PERBAIKAN CRANE NO. 1,2025-08-07,52,32,8,onboard,,0,0,full,,,,,,,proc,,,,,,,,,fifi,2025-08-08,non-reimburse,0,2,,,,,,,,,,1,0,,
1784,SC!FgbVyHq*N7dO3ZcaURl$vt,2085.SPK/BA.302/BA010102/2025,PENGADAAN GOVERNOOR & REGULATING DEVICE,2025-08-05,30,17,60,kesepakatan,,0,0,full,,,,,,,proc,2024-12-02,,,,,,,,fifi,2025-08-08,,0,2,,,,paid,,2025-10-15,,,,1,1,,
1785,Vj^J$AR7xLnGYFp398uCb4yMm,2084.SPK/BA.17/BA010102/2025,PENGADAAN CONSUMABLE DECK,2025-08-05,100,25,5,kesepakatan,,0,0,full,,,,inv2,2025-10-30,,proc,2025-08-05,,,log,,10500000,Tarahan,,fifi,2025-08-08,,2318,2,,,,paid,1,2025-10-10,,,,1,1,,
1786,bohqQAF3m1IZ^*XG$Wa5f4MEr,2086.SPK/BA.302/BA010102/2025,PENGADAAN SPAREPARTS LO PURIFIER,2025-08-05,17,17,10,kesepakatan,,0,0,full,,,,,,,proc,,,,,,,,,fifi,2025-08-08,,0,2,,,,paid,,2025-11-14,,,,1,1,,
1787,Xd*Znv6K2u7agrRtBUzP9AV8I,0083.SPBJ/PR.103/BA010200/2025,PENGADAAN GEARBOX HOISTING DECK CRANE (COO) MV. RASUNA BARUNA,2025-07-18,37,3,10,kesepakatan,,0,0,full,,,,,,,,,,,,,,,,fifi,2025-08-08,,0,1,,,,paid,,2025-12-23,,,,1,1,Barang ada di gudang inco jkt,2025-09-02
1788,8zPhEaMp7Iuntv6jA9JQW!wm2,0081.SPBJ/PR.103/BA010400/2025,PENGADAAN SPAREPART CRANE IHI MARK II MV. ZALECHA BARUNA,2025-07-11,37,32,15,jakarta,,0,0,full,,,,inv2,2025-10-06,,,2025-07-11,,,,,,,,fifi,2025-08-11,,0,1,,,,paid,1,2025-09-29,,,,1,1,,
1789,4BUEeiFK$zg0nQkuYV9lTIdr8,0084.SPBJ/PR.103/BA010400/2025,PENGADAAN SPAREPART MAIN ENGINE & AUXILIARY ENGINE CC MV. ZALECHA BARUNA,2025-07-22,37,32,10,jakarta,,0,0,full,,,,inv2,2025-10-29,,,2025-07-22,,,,,,,,fifi,2025-08-11,,0,1,,,,paid,1,2025-10-21,,,,1,1,,
1790,kSy68HoWXr5JvEqgphn4GZLl7,2102.SPK/BA.302/BA010102/2025,PENGADAAN SPAREPARTS COAXIAL CABLE OF WATER INGRESS (SEAMATE),2025-08-07,68,2,30,kesepakatan,,0,0,full,,,,,,,proc,,,,,,,,,fifi,2025-08-11,,0,2,,,,paid,,2025-11-25,,,,1,1,Sudah dikirim tanggal 26 Agustus,2025-09-01
1791,sLE$^1n7fS6tcv5IhuNjePgqV,2103.SPK/BA.302/BA010102/2025,PENGADAAN PULLEY NO. 7 OF BOOM CONVEYOR,2025-08-07,52,5,60,kesepakatan,,0,0,full,,,,inv2,2025-11-20,,proc,,,,,,,,,fifi,2025-08-11,,0,2,,,,paid,,2025-12-05,,,,1,1,Sedang proses pengerjaan,2025-09-02
1792,u9D26NKXi$V8!FxgWUanjbAoR,2064.SPK/BA.17/BA010102/2025,PENGADAAN WIRE GRAB,2025-08-01,100,2,14,kesepakatan,,0,0,full,,,,inv2,2025-10-30,,proc,2025-08-01,,,log,,1000000,Merak,,fifi,2025-08-11,,0,2,,,,paid,1,2025-10-10,,,,1,1,,
1793,7g8Jh$HikeGOX5R^VC*Wrj@sA,2104.SPK/BA.302/BA010102/2025,PENGADAAN GOVERNOR OF AUXILIARY ENGINE,2025-08-07,12,5,55,kesepakatan,,0,0,full,,,,,,,proc,,,,,,,,,fifi,2025-08-11,,0,2,,,,paid,,2025-12-17,,,,1,1,"Barang Sudah Di Oyama, Siap Kirim",2025-09-01
1794,VE4zot6OxSdZFJyXcjh*C0@GQ,2116.SPK/BA.17/BA010102/2025,PENGADAAN RUNNING STORE DECK,2025-08-08,2,2,14,kesepakatan,,0,0,full,,,,inv2,2025-10-08,,proc,2025-08-08,,,,,,,,fifi,2025-08-11,,2111,2,,,,paid,1,2025-09-26,,,,1,1,,
1795,sreyipNqYjzScTFXtnO1ABo87,2033.SPK/BA.302/BA010102/2025,PENGADAAN SPAREPARTS MAIN ENGINE,2025-08-04,17,2,18,kesepakatan,,0,0,full,,,,,,,proc,,,,,,,,,fifi,2025-08-11,,0,2,,,,paid,,2025-12-17,,,,1,1,"Barang sudah ready, tinggal kirim",2025-09-12
1796,pS5fvYrPZ9260CJOojtdlkecm,0027.SPBJ/PR.103/BA010400/2025,Jasa Konsultasi Pengawasan  Pembangunan 4 (Empat) Set Tug & Barge,2025-02-27,120,0,180,onboard,,0,,full,,,,0,2025-08-15,,,,,,,,,,,admin,2025-08-11,non-reimburse,0,1,,,,,,,,,,6,1,,
1797,Uq*T7XCBamPbylv8Nn5dpSIK6,2117.SPK/BA.302/BA010102/2025,PENGADAAN SPAREPART DECK MACHINERY,2025-08-08,53,17,10,kesepakatan,,0,,full,,,,inv2,2025-09-08,,proc,2024-12-05,,,,,,,,fifi,2025-08-11,,0,2,,,2025,paid,1,2025-09-11,,,,1,1,,
1798,eDo@LBMWOVYqr^5mgzIbaJyX!,2100.SPK/BA.302/BA010102/2025,PENGADAAN AC COMPRESSOR,2025-08-07,68,33,7,kesepakatan,,0,,full,,,,,,,proc,,,,,,,,,fifi,2025-08-11,,0,2,,,,paid,,2025-11-25,,,,1,1,Sudah dikirim tanggal 15 Agustus,2025-09-01
1799,JnAsoE!fLdT*gb0rRc6@zlO18,2091.SPK/PR.202/BA010102/2025,PENGADAAN JASA PENYELAMAN JANGKAR,2025-08-06,5,8,5,onboard,,0,,full,,,,inv2,2025-10-29,,proc,2025-08-06,,,,,,,,fifi,2025-08-11,,0,2,,,,paid,1,2025-10-10,,,,1,1,,
1800,jQ19lOFt37K6JcdPqAs48NiMy,2119.SPK/BA.101/BA010102/2025,PENGADAAN TURBOCHARGER ASSY ME,2025-08-08,17,8,10,kesepakatan,,0,,full,,,,,,,proc,,,,,,,,,fifi,2025-08-11,,0,1,,,2025,paid,,2025-12-23,,,,1,1,,
1801,F8Cx3cADYpXzUQL25G6WTsBfv,2111.SPK/BA.17/BA010102/2025,PENGADAAN TALI MOORING,2025-08-08,100,25,5,kesepakatan,,0,,full,,,,inv2,2025-10-30,,proc,2025-08-08,,,log.1785,,,,,fifi,2025-08-11,,0,2,,,,paid,1,2025-10-10,,,,1,1,,
1802,9s5opf^AjTybUFqJYQgrVze1I,2029.SPK/BA.17/BA010102/2025,PENGADAAN CHEMICAL,2025-08-08,27,1,10,kesepakatan,,0,,full,,,,inv2,2025-10-30,,proc,2025-08-08,,,,,,,,fifi,2025-08-11,,2322,2,,,,paid,,2025-10-17,,,,1,1,,
1803,qkrLXpF0jHI1fR9cMtY37!mNa,2121.SPK/BA.101/BA010102/2025,PENGADAAN SPAREPARTS COOLING SYSTEM,2025-08-08,11,8,10,kesepakatan,,0,,full,,,,,,,proc,,,,,,,,,fifi,2025-08-11,,0,1,,,2025,paid,,2025-11-26,,,,1,1,"Barang sudah siap, menunggu pengecekan pihak BAg",2025-09-01
1804,Ewoqiu*QIvhgkeytf8bBaNjKs,2101.SPK/BA.302/BA010102/2025,PENGADAAN PERALATAN ELEKTRONIK,2025-08-07,104,33,5,kesepakatan,,0,,full,,,,inv2,2025-10-30,,proc,2025-08-07,,,log.1808,,,,,fifi,2025-08-11,,0,2,,,,paid,1,2025-10-13,,,,1,1,,
1805,LGTlR$^6WN3Mfv7sAdozt9ipZ,2109.SPK/BA.202/BA010102/2025,PENGADAAN CONSUMABLE ENGINE JULI,2025-08-07,2,29,14,kesepakatan,,0,,full,,,,,,,proc,,,,,,,,,fifi,2025-08-12,,0,2,,,,paid,1,2025-10-17,,,,1,1,,
1806,DxHsB1EcCKfOGuo2UpbIh*TR0,2110.SPK/BA.202/BA010102/2025,PENGADAAN RUNNING STORE ENGINE JULI,2025-08-08,100,29,5,kesepakatan,,0,,full,,,,inv2,2025-10-30,,proc,2025-08-08,,,,,,,,fifi,2025-08-12,,0,2,,,,paid,1,2025-10-10,,,,1,1,,
1807,BiusVLvAn2poO@UFlPX45JcGd,2112. SPK/BA.17/BA010102/2025,PENGADAAN CONSUMABLE ENGINE AGUSTUS,2025-08-08,100,17,5,kesepakatan,,0,,full,,,,,,,proc,,,,,,,,,fifi,2025-08-12,,0,2,,,2025,paid,,2025-12-24,,,,1,1,,
1808,cvnlk1WwFS8xi5UqZ2eV^gGHC,2107.SPK/BA.302/BA010102/2025,PENGADAAN PELINDUNG KERJA,2025-08-08,104,33,7,kesepakatan,,0,,full,,,,inv2,2025-10-30,,proc,2025-08-08,,,log,,3000000,gresik,,fifi,2025-08-12,,2314,2,,,,paid,1,2025-10-23,,,,1,1,,
1809,ELUXO1TsBxcav7^R3Djte0mIu,2120.SPK/BA.101/BA010102/2025,PENGADAAN SPAREPARTS MAIN ENGINE,2025-08-08,17,8,10,kesepakatan,,0,,full,,,,,,,proc,,,,,,,,,fifi,2025-08-12,,0,1,,,2025,paid,,2026-02-11,,,,1,1,,
1810,ILDGNWrh@u$REzK8lC5qAf09^,2122.SPK/BA.101/BA010102/2025,PENGADAAN CYLINDER HEAD DAN UPPER SECTION ENGINE,2025-08-08,11,8,10,kesepakatan,,0,,full,,,,,,,proc,,,,,,,,,fifi,2025-08-12,,0,1,,,2025,paid,,2025-11-25,,,,1,1,"Barang sudah siap, menunggu pengecekan pihak BAg",2025-09-01
1811,@7XaO32qEoAlvzCbNpZY^s6DF,2108.SPK/BA.302/BA010102/2025,PENGADAAN ALAT KERJA,2025-08-08,104,33,7,kesepakatan,,0,,full,,,,inv2,2025-10-30,,proc,2025-08-08,,,log.1808,,,,,fifi,2025-08-12,,0,2,,,,paid,1,2025-10-10,,,,1,1,,
1812,OP4p3UxRoXCTh!^5*nHWAsr1g,0001.SPBJ/PR.103/BA010400/2025,PENGADAAN SPMK SPAREPART DECK CRANE MACGREGGOR MV. LATIFAH BARUNA,2025-01-02,17,20,15,kesepakatan,,0,,,,,,,,,,,,,,,,,,fifi,2025-08-13,,0,1,,,2025,,,,,,,1,0,,
1813,X*1JuL3Ok2C$b6EevHpt4Y90y,0002.SPBJ/PR.103/BA010400/2025,PENGADAAN SERTA PEMASANGAN TRIGGER HOUR PLANNED MAINTENANCE SYSTEM,2025-01-02,56,20,15,kesepakatan,,0,,,,,,,,,,,,,,,,,,fifi,2025-08-13,,0,1,,,2025,,,,,,,1,0,,
1814,LT7UNKszjSfMG8VEydaAweuBl,0003.SPBJ/PR.103/BA010400/2025,PENGADAAN JASA PENGGANTIAN CONVEYOR BELT,2025-01-03,60,4,45,kesepakatan,,0,,full,,,,,,,,,,,,,,,,fifi,2025-08-13,,0,1,,,2025,paid,1,2025-05-09,,,,1,1,,
1815,xBQvD0hpR15@TIdbAzu!42eSM,2133.SPK/BA.302/BA010102/2025,PENGADAAN FILTER RACOR MAIN ENGINE DAN AUXILIARY ENGINE,2025-08-12,5,27,2,onboard,,0,,,,,,,,,proc,,,,,,500000,,,fifi,2025-08-14,,0,2,,,,,,,,,,1,0,,
1816,789n!SEt0LUAlZviCsJeKuIdp,2144.SPK/BA.17/BA010102/2025,PENGADAAN MOORING EQUIPMENT,2025-08-13,31,4,5,kesepakatan,,0,,full,,,,inv2,2025-11-18,,proc,2025-02-13,,,log,,5000000,Merak,,fifi,2025-08-14,,2306,2,,,,paid,,2025-10-21,,,,1,1,,
1817,Q1g3BRXkn@O^YUou4J8l*AhSK,2135.SPK/BA.7/BA010102/2025,JASA SURVEY KONDISI KAPAL (REPEAT ORDER),2025-08-12,111,7,15,onboard,,0,,full,,,,,,,proc,,,,,,,,,fifi,2025-08-14,,3376,2,,,,paid,,2026-02-27,,,,1,1,sudah selesai dikerjakan,2025-09-02
1818,ThaOrdfoX2WQRV1N8glwE7jy9,2127.SPK/BA.302/BA010102/2025,"PENGADAAN SPAREPARTS SEAL, SPIROFLEX OF MAIN ENGINE",2025-08-11,36,4,14,kesepakatan,,0,,full,,,,,,,proc,,,,,,,,,fifi,2025-08-14,,0,2,,,,paid,,2025-10-14,,,,1,1,,
1819,LNU4qFPcHV31QYzGrOA5*udD6,1922.SPK/BA.302/BA010102/2025,PENGADAAN BARANG SPAREPARTS GEARBOX,2025-07-17,37,5,50,kesepakatan,,0,,full,,,,,,,proc,,,,,,,,,fifi,2025-08-14,,0,2,,,,paid,,2025-12-23,,,,1,1,Barang ada di gudang inco jkt,2025-09-02
1820,Tiu7B@XMcQJeDqYVkr*2Cjh4S,2129.SPK/TU.006/BA010102/2025,JASA PENGIRIMAN SPAREPARTS DAN RUNNING STORE KE BALIKPAPAN,2025-08-11,48,32,7,kesepakatan,,0,,full,,,,inv2,2025-10-08,,proc,2025-08-11,,,,,,,,fifi,2025-08-14,,0,4,,,,paid,1,2025-09-29,,,,1,1,sudah selesai dikerjakan,2025-09-02
1821,@s*w7Pp84!EQf^rRUidLKXFSv,2124.SPK/BA.17/BA010102/2025,PENGADAAN SMART UPS,2025-08-11,2,31,14,kesepakatan,,0,,full,,,,inv2,2025-09-10,,proc,2025-08-11,,,,,,,,fifi,2025-08-14,,0,2,,,,paid,1,2025-09-26,,,,1,1,,
1822,ZxY$Orinc3MClX61LuWNKE!Ho,2141.SPK/BA.302/BA010102/2025,PENGADAAN SPAREPARTS AUXILIARY BOILER,2025-08-12,68,1,120,kesepakatan,,0,,full,,,,,,,proc,,,,,,,,,fifi,2025-08-14,,0,2,,,,paid,,2025-11-28,,,,1,1,Barang masih di order/ indent,2025-09-01
1823,rVf64MiyNdDgXZW^A@ms7TkbU,2143.SPK/BA.17/BA010102/2025,FABRIKASI DAN REKONDISI KEBUTUHAN PERMESINAN KAPAL,2025-08-13,43,1,12,kesepakatan,,0,,full,,,,,,,proc,,,,,,,,,fifi,2025-08-14,,0,2,,,,paid,,2025-11-14,,,,1,1,,
1824,HX6COk3ibyIsStYapUu1hxPr0,2139.SPK/PR.202/BA010102/2025,FABRIKASI IMPELLER DAN SHAFT SW COOLING CENTRAL PUMP,2025-08-13,43,20,12,kesepakatan,,0,,full,,,,,,,proc,,,,,,,,,fifi,2025-08-14,,0,2,,,,paid,,2025-12-23,,,,1,1,,
1825,x4JVXh5NfPsd!bU@392lTLuAt,2151.SPK/BA.302/BA010102/2025,PENGADAAN SPECIAL TOOLS OF AUXILIARY ENGINE,2025-08-13,17,2,16,kesepakatan,,0,,full,,,,,,,proc,,,,,,,,,fifi,2025-08-14,,0,2,,,,paid,,2025-12-23,,,,1,1,"Barang sudah ready, tinggal kirim",2025-09-12
1826,dqjGOvru@eDS5IMJE0o6i8s2A,2134.SPK/BA.302/BA010102/2025,PENGADAAN BARANG SPAREPARTS MAIN AIR COMRESSOR,2025-08-11,17,16,12,kesepakatan,,0,,full,,,,,,,proc,,,,,,,,,fifi,2025-08-14,,0,2,,,,paid,,2025-11-25,,,,1,1,,
1827,tQVD$S2i6FwsJLvrW7yhACcnm,2137.SPK/BA.302/BA010102/2025,PENGADAAN MAIN BEARING AUXILIARY ENGINE,2025-08-13,17,4,25,kesepakatan,,0,,full,,,,,,,proc,,,,,,,,,fifi,2025-08-14,,0,2,,,,paid,,2025-11-14,,,,1,1,,
1828,HpvnWf!dYNJq0j2Zx@*8Pki9y,0067.SPBJ/PR.103/BA010400/2025,PENGADAAN SPAREPARTS DOCKING MAIN ENGINE MITSUI MAN B&W 7S50MC-C,2025-06-20,37,1,50,jakarta,,0,,full,,,,inv2,2025-09-25,,,2025-06-20,,,,,,,,fifi,2025-08-15,,0,1,,,2025,paid,1,2025-10-16,,,,1,1,,
1829,wX5oZp*lG7BkhendF$3KVWA64,0062.SPBJ/PR.103/BA010400/2025,PENGADAAN SPAREPARTS AUXILIARY BOILER GENUINE,2025-06-12,37,1,20,jakarta,,0,,full,,,,inv2,2025-11-11,,,2025-06-12,,,,,,,,fifi,2025-08-15,,0,1,,,2025,paid,,2025-10-17,,,,1,1,,
1830,tL!Mmr2vS3IP$fVq0NznpEldO,0056.SPBJ/BA.301/BA010400/2025,PENGADAAN BEARING STERN TUBE KEMEL (COM),2025-06-05,37,1,135,kesepakatan,,0,,full,,,,inv2,2025-09-25,,,2025-06-05,,,,,,,,fifi,2025-08-15,,0,1,,,,paid,1,2025-09-26,,,,1,1,,
1832,h^vZsULc*MYKA8FCg7qjB1fto,2118.SPK/BA.302/BA010102/2025,PENGADAAN SPAREPARTS CRANE,2025-08-08,17,17,10,kesepakatan,"2,3,4,5,8,10, 16",0,,full,,,,,,,,,,,,,,,,fifi,2025-08-21,,0,2,,,,paid,,2025-11-20,,,,1,1,,
1833,Gf$dCosMR8U6jtDP4pZrxXI7K,2131.SPK/BA.302/BA010102/2025,PENGADAAN SPAREPARTS HFO PURIFIER SJ 30 G,2025-08-08,17,17,14,kesepakatan,"2,3,4,5,8,10, 16",0,,full,,,,,,,,,,,,,,,,fifi,2025-08-21,,0,2,,,,paid,,2025-12-30,,,,1,1,,
1834,jGwRav6CTmxhMzYe$1ZLHbyr!,2130.SPK/BA.302/BA010102/2025,PENGADAAN SPAREPART HFO PURIFIER SJ 30 G (ADDITIONAL),2025-08-11,17,17,14,kesepakatan,"2,3,4,5,8,10, 16",0,,full,,,,,,,,,,,,,,,,fifi,2025-08-21,,0,2,,,,paid,,2025-12-29,,,,1,1,,
1835,O0@65AzTpHIdFxyth^j1fP2vb,2154.SPK/PR.202/BA010102/2025,PENGADAAN JASA PERBAIKAN ALARM FUEL CAM MAIN ENGINE,2025-08-13,11,7,12,kesepakatan,"2,3,4,5,8, 16",0,,full,,,,,,,proc,,,,,,,,,fifi,2025-08-21,,0,2,,,,paid,1,2025-11-14,,,,1,1,sudah selesai dikerjakan,2025-09-01
1836,fQcvP42Bh8RFL!D^skHGtqYM3,2205.SPK/BA.302/BA010102/2025,PENGADAAN UNIT TURBOCHARGER OF AUXILIARY ENGINE,2025-08-20,57,2,13,kesepakatan,"2,3,4,5,8,10, 16",0,,full,,,,inv2,2026-01-14,,proc,2025-08-20,,,,,,,,fifi,2025-08-21,,0,2,,,,paid,,2025-12-10,,,,1,1,"Barang sudah ready, tinggal kirim",2025-09-12
1837,*JAhLx$5kDEa6FlHwvIeQtr93,2169.SPK/PR.202/BA010102/2025,FABRIKASI PIPA REDUCER MANIFOLD OF MAIN ENGINE NO 1,2025-08-15,52,5,16,kesepakatan,"2,3,4,5,8, 16",0,,,,,,,,,proc,,,,,,,,,fifi,2025-08-21,,0,2,,,,,,,,,,1,0,Sedang proses pengerjaan,2025-09-02
1838,pPNZb6YWzq*$TBxerF9lju8y5,2172.SPK/PR.202/BA010102/2025,FABRIKASI LO NOZZLE OF AUXILIARY ENGINE,2025-08-15,43,4,14,kesepakatan,"2,3,4,5,8, 16",0,,full,,,,,,,proc,,,,,,,,,fifi,2025-08-21,,0,2,,,,paid,,2025-12-24,,,,1,1,Barang sudah diambil,2025-09-02
1839,8P5*G^DYUcwzJ7bsfvAr4SQy1,2176.SPK/BA.302/BA010102/2025,PENGADAAN VALVE IN ENGINE ROOM,2025-08-15,2,5,17,kesepakatan,"2,3,4,5,8, 16",0,,full,,,,inv2,2025-10-30,,,2025-08-15,,,,,,,,fifi,2025-08-21,,0,2,,,,paid,,2025-10-10,,,,1,1,,
1840,KBT!lS6qHpayXE01I^U@D8VwM,2175.SPK/BA.202/BA010102/2025,RUNNING STORE DECK,2025-08-15,2,2,14,kesepakatan,"2,3,4,5,8, 16",0,,full,,,,,,,,,,,,,,,,fifi,2025-08-21,,0,2,,,,paid,,2025-10-17,,,,1,1,Kurang valve,2025-09-02
1841,Nm6WD2pE^$Uu7dkMRq8xLrijs,2125.SPK/BA.17/BA010102/2025,PENGADAAN CABLE GRAB (SMAG),2025-08-11,111,2,9,kesepakatan,"2,3,4,5,8, 16",0,,full,,,,,,,,,,,,,,,,fifi,2025-08-21,,3115,2,,,,paid,,2025-12-05,,,,1,1,Barang Sudah Dikirim,2025-09-02
1842,4@q^GsVcuHL$0o589livWtXjf,2166.SPK/PR.202/BA010102/2025,JASA PEMASANGAN KABEL PANEL ELMOT MAIN DRIVE KIRI,2025-08-15,7,4,18,kesepakatan,"2,3,4,5,8, 16",0,,full,,,,,,,,,,,,,,,,fifi,2025-08-21,non-reimburse,0,2,,,,,,,,,,1,0,sudah selesai dikerjakan,2025-09-01
1843,o5Oxi2Bzk!l61JcQuvsNKY3GD,2126.SPK/BA.17/BA010102/2025,PENGADAAN PORTABLE AIR COMPRESSOR (DECK DEPARTMENT),2025-08-11,17,2,24,kesepakatan,"2,3,4,5,8, 16",0,,full,,,,,,,,,,,,,,,,fifi,2025-08-21,,0,2,,,,paid,,2025-11-05,,,,1,1,"Barang sudah ready, tinggal kirim",2025-09-12
1844,5SHT34lyYGLNrzuXB$R@gfs02,2168.SPK/PR.202/BA010102/2025,JASA PERBAIKAN ELECTRICAL PANEL GEARBOX MAIN DRIVE (KIRI),2025-08-15,11,4,14,kesepakatan,"2,3,4,5,8, 16",0,,full,,,,inv2,2025-11-11,,,2025-08-15,,,,,,,,fifi,2025-08-22,,0,2,,,,paid,,2025-10-15,,,,1,1,,
1845,nQZq$wNjGp5kgXm6L8td^fWCP,2123.SPK/BA.302/BA010102/2025,PENGADAAN AIR MOTOR FOR DECK MACHINERY,2025-08-11,68,5,70,kesepakatan,"2,3,4,5,8, 16",0,,full,,,,,,,,,,,,,,,,fifi,2025-08-22,,0,2,,,,paid,,2025-12-10,,,,1,1,Barang masih di order/ indent,2025-09-01
1846,yEXQ$e56ctgLOB2H4sGuphPvF,2197.SPK/BA.302/BA010102/2025,PENGADAAN SPAREPARTS OF LT PLATE HEAT EXCHANGER,2025-08-19,17,5,18,kesepakatan,"2,3,4,5,8,10, 16",0,,full,,,,,,,,,,,,,,,,fifi,2025-08-22,,0,2,,,,paid,,2025-12-17,,,,1,1,Barang masih di vendor,2025-09-12
1847,9RC8cuqad4Syt7B6NoJnLbZXf,2173.SPK/BA.17/BA010102/2025,INSPEKSI & CLEANING TURBOCHARGER OF AUXILIARY ENGINE NO 2,2025-08-15,57,2,10,kesepakatan,"2,3,4,5,8, 16",0,,full,,,,inv2,2026-01-09,,,2025-08-15,,,,,,,,fifi,2025-08-22,,0,2,,,,paid,,2025-12-10,,,,1,1,"Barang sudah ready, tinggal kirim",2025-09-12
1848,RrLMyBie4nEjl@8F9Hw6YWfAm,2105.SPK/BA.302/BA010102/2025,PENGADAAN AIR MOTOR STARTER OF AUXILIARY ENGINE,2025-08-07,37,5,25,kesepakatan,"2,3,4,5,8, 16",0,,full,,,,,,,,,,,,,,,,fifi,2025-08-22,,0,2,,,,paid,,2025-11-25,,,,1,1,Barang belum ada di gudang inco,2025-09-02
1849,W0V!gyrmB^ajCYxvd$pMf6c9F,2212.SPK/PR.202/BA010102/2025,OVERHAUL & REPAIR MOTOR HYDRAULIC OF HATCH COVER,2025-08-21,43,4,16,kesepakatan,"2,3,4,5,8, 16",0,,full,,,,,,,proc,,,,,,,,,fifi,2025-08-22,,0,2,,,,paid,,2025-12-23,,,,1,1,Proses rekondisi 70%,2025-09-02
1850,9XJTozc4qGuen2sBtNPjFwHMQ,2155.SPK/BA.17/BA010102/2025,FABRIKASI FLEXIBLE EXHAUST MANIFOLD OF AUXILIARY ENGINE,2025-08-13,36,4,20,kesepakatan,"2,3,4,5,8, 16",0,,,,,,,,,proc,,,,,,,,,fifi,2025-08-22,,0,2,,,,,,,,,,1,0,,
1851,*kcLWqHlV$eh0zr!1BuOnNX6d,2193.SPK/PR.202/BA010102/2025,PENGADAAN JASA PERBAIKAN OUTFITTING DECK,2025-08-19,58,7,60,kesepakatan,"2,3,4,5,8, 16",10000000,,full,,,,,,,proc,,,,,,,,,fifi,2025-08-22,,0,2,,,,paid,,2025-12-24,,,,1,1,Sedang proses pengerjaan,2025-09-01
1852,lYMGAqX^HgB3I*uKNTSdFp5vJ,2195.SPK/BA.17/BA010102/2025,PENGADAAN BARANG RUNNING STORE ENGINE DEPT,2025-08-19,2,12,15,kesepakatan,"2,3,4,5,8, 16",0,,full,,,,inv2,2026-01-09,,proc,2025-08-19,,,,,,,,fifi,2025-08-22,,2645,2,,,,paid,,2025-11-21,,,,1,1,Sedang proses packing,2025-09-02
1853,RlaBw@ND952Jx8eYvrtFTMhbA,2199.SPK/BA.17/BA010102/2025,PENGADAAN BARANG RUNNING STORE DECK DAN ENGINE,2025-08-19,104,6,8,kesepakatan,"2,3,4,5,8, 16",0,,full,,,,,,,proc,,,,,,,,,fifi,2025-08-22,,2687,2,,,,paid,,2025-12-29,,,,1,1,Barang sudah dikirim ke kapal,2025-09-02
1854,KBOun@dfo1Vbrix*WC9Pg^4hz,2200.SPK/BA.302/BA010102/2025,PENGADAAN BARANG SPAREPARTS MAIN AIR COMPRESSOR,2025-08-19,17,16,12,kesepakatan,"2,3,4,5,8, 16",0,,full,,,,inv2,2026-01-14,,proc,2025-08-19,,,,,,,,fifi,2025-08-22,,0,2,,,,paid,,2025-11-14,,,,1,1,,
1855,HYhkgvL*jJx^yW3VOEFX0u!cs,2228.SPK/BA.302/BA010102/2025,PENGADAAN BARANG SPAREPARTS AUXILIARY ENGINE,2025-08-22,110,16,50,kesepakatan,"2,3,4,5,8,13, 16",0,,full,,,,inv2,2026-01-20,,proc,2022-08-22,,,,,,,,fifi,2025-08-22,,0,2,,,,paid,,2025-11-28,,,,1,1,,
1856,1ItBQ28SeVUTuqY^dHjmE!$n*,2220.SPK/BA.17/BA010102/2025,PENGADAAN BARANG RUNNING STORE CAT,2025-08-21,13,6,14,kesepakatan,"2,3,4,5,8, 16",0,,full,,,,inv2,2026-01-20,,proc,2025-08-21,,,,,,,,fifi,2025-08-22,,0,2,,,,paid,,2025-11-25,,,,1,1,,
1857,FkbRjHsL!JYQDr@whPC3IKum2,2196.SPK/BA.17/BA010102/2025,PENGADAAN BARANG RUNNING STORE ENGINE DEPT,2025-08-19,100,12,18,kesepakatan,"2,3,4,5,8,16, 18",0,,full,,,,,,,proc,2025-08-19,,,,,,,,fifi,2025-08-22,,0,2,,,,paid,,2025-11-05,,,,1,1,,
1858,pEJtGaDyuUR0KLOk!dZPf6h38,2012.SPK/PR.202/BA010102/2025,PENGADAAN JASA INSPEKSI PROPELLER,2025-07-30,121,7,18,kesepakatan,"2,3,4,5,8,16, 18",0,,full,,,,,,,proc,,,,,,,,,fifi,2025-08-22,linked,3740,3,,,,paid,,2025-12-05,,,,1,1,,
1859,wptgDlC9im8@*dqK!OJH12Enh,2201.SPK/BA.17/BA010102/2025,PENGADAAN STORE ENGINE (BEARING),2025-08-20,100,5,16,kesepakatan,"2,3,4,5,8, 16",0,,full,,,,inv2,2026-01-14,,proc,2025-08-20,,,log.1939,,,,,fifi,2025-08-22,,0,2,,,,paid,,2025-12-10,,,,1,1,,
1860,0wjbK4lrvQYmPIsM7x1*pSyRi,2215.SPK/BA.17/BA010102/2025,PENGADAAN RUNNING STORE DECK,2025-08-21,104,2,14,kesepakatan,"2,3,4,5,8, 16",0,,full,,,,inv2,2025-12-02,,proc,2025-08-21,,,,,,,,fifi,2025-08-22,,2796,2,,,,paid,,2025-12-23,,,,1,1,Barang sudah siap,2025-09-02
1861,Mmk91OZ3RpeqJdubwyIQKP07f,2214.SPK/BA.17/BA010102/2025,PENGADAAN RUNNING STORE DECK & ENGINE (AGUSTUS),2025-08-21,2,2,16,kesepakatan,"2,3,4,5,8, 16",0,,full,,,,inv2,2026-01-20,,proc,2025-08-21,,,,,,,,fifi,2025-08-22,,0,2,,,,paid,,2025-11-21,,,,1,1,Sedang proses packing,2025-09-02
1862,3cp9oFdM$usHCSW@rDlGg^5wI,2204.SPK/BA.17/BA010102/2025,RO WIRE DECK CRANE,2025-08-21,17,3,25,kesepakatan,"2,3,4,5,8,15,16, 18",0,,full,,,,inv2,2026-01-14,,proc,2025-08-21,,,,,,,,fifi,2025-08-22,,0,2,,,,paid,,2025-11-20,,,,1,1,,
1863,s80cVer3Pin4UDXupfl5yQ$gt,2211.SPK/BA.17/BA010102/2025,AIR MOTOR FOR ACCOMMODATION LADDER,2025-08-21,32,3,18,kesepakatan,"3,4,5,8,9,13,16, 18",0,,full,,,,inv2,2026-01-20,,proc,2024-12-16,,,,,,,,fifi,2025-08-22,,0,1,,,,paid,,2025-11-28,,,,1,1,Barang belum diambil,2025-09-02
1864,$celIqsK7428mvdXxHrBzC9ZF,0073.SPBJ/PR.103/BA010400/2025,Pengadaan Jasa Fabrikasi Intercooler Main Engine,2025-06-30,11,7,60,kesepakatan,5,0,,full,,,,inv2,2025-10-29,,,2025-06-30,,,,,,,,alfin,2025-08-23,,0,1,invest,,,,,2025-11-20,,,,0,0,Sudah terdelivery,2025-08-23
1865,vW!KELwxItCq7sXTDH0jzu$59,2161.SPK/BA.101/BA010102/2025,SPAREPARTS NOZZLE MAIN ENGINE DAIHATSU 6DKM-26L,2025-08-13,12,5,55,kesepakatan,"2,3,4,5,8,9,16,18",0,,full,,,,,,,proc,,,,,,,,,adit,2025-08-25,,0,2,,,,paid,,2025-12-19,,,,0,1,Barang Masih Di Jepang,2025-09-01
1866,AFlk^yWIsorhU6HN3XCmdLevV,2164.SPK/BA.302/BA010102/2025,SPAREPARTS DECK CRANE,2025-08-21,32,20,217,kesepakatan,"2,3,5,7,8,16,18,23",0,,full,,,,,,,proc,,,,,,,,,fifi,2025-08-26,,0,2,,,,paid,,2025-12-29,,,,1,1,Barang siap dikirim,2025-09-11
1867,wTseIk7ZDPlpj8M^oc3qrb!CL,2138.SPK/PR.202/BA010102/2025,PENGADAAN REKONDISI SPIROFLEX (REPEAT ORDER),2025-08-12,63,4,30,kesepakatan,"2,3,4,7,8,16",0,,full,,,,inv2,2025-10-30,,proc,2025-08-12,,,,,,,,fifi,2025-08-26,,0,2,,,,paid,,2025-11-04,,,,1,1,,
1868,Qm6jRbJXzZ4at^fuFhnNqxAs!,2234.SPK/BA.302/BA010102/2025,PENGADAAN BARANG SPAREPARTS MAIN AIR COMPRESSOR,2025-08-22,17,16,12,kesepakatan,"2,4,5,7,8,10,16",0,,full,,,,inv2,2026-01-20,,proc,2025-08-22,,,,,,,,fifi,2025-08-26,,0,2,,,,paid,,2025-11-14,,,,1,1,,
1869,zbNaUH^KR0yB@o4YOW2sMvGd*,2136.SPK/BA.302/BA010102/2025,PENGADAAN CRANKPIN BEARING AUXILIARY ENGINE,2025-08-20,17,4,1,kesepakatan,"2,3,4,5,7,8,10,16",0,,full,,,,,,,,,,,,,,,,fifi,2025-08-26,,0,2,,,,paid,,2025-11-26,,,,1,1,,
1870,q2hJP3dyFovaG$pjY74b^XHNg,2226.SPK/BA.302/BA010102/2025,PENGADAAN BARANG SPAREPARTS AUXILIARY ENGINE,2025-08-22,37,16,12,kesepakatan,"2,3,4,5,8,10,16,18",0,,full,,,,inv2,2026-01-20,,proc,2025-08-22,,,log,,15000000,Banjarmasin,,fifi,2025-08-26,,2691,2,,,,paid,,2025-11-25,,,,1,1,Barang ada di gudang inco jkt,2025-09-02
1871,9DKT6ztEyvYCVb5@panchFGQ$,2243.SPK/BA.17/BA010102/2025,PENGADAAN BARANG RUNNING STORE CAT,2025-08-25,13,7,12,kesepakatan,"2,3,4,5,8,16",0,,full,,,,,,,proc,,,,,,,,,fifi,2025-08-26,,0,2,,,,paid,,2025-12-17,,,,1,1,,
1872,1jo*ebf9Yh85q!JnlQUiZvIOt,2239.SPK/BA.302/BA010102/2025,PENGADAAN BARANG SPAREPARTS AUXILIARY ENGINE,2025-08-25,37,16,9,kesepakatan,"2,3,4,5,7,8,16,18",0,,full,,,,inv2,2026-01-20,,proc,2025-02-08,,,log.1870,,,,,fifi,2025-08-26,,0,2,,,,paid,,2025-11-25,,,,1,1,Barang ada di gudang inco jkt,2025-09-02
1873,b1wz$xnTBNWJISPeoULmt286A,0068.SPBJ/PR.103/BA010400/2025,PENGADAAN SPAREPART DOCKING AUXILIARY ENGINE DAIHATSU 5DC-17 MV. KARTINI BARUNA (COM),2025-06-23,12,1,365,jakarta,"1,3,4,5,9,16,18,19",0,,full,,,,,,,,,,,,,,,,fifi,2025-08-26,,0,1,,,2025,paid,,2025-12-29,,,,1,1,Sisa 2 Item Masih Di Jepang,2025-09-01
1874,0BFompMq7xiInsLu2JP*ekb1!,0063.SPBJ/PR.103/BA010400/2025,PENGADAAN SPAREPARTS POMPA (DOCKING) MV. KARTINI BARUNA,2025-06-13,17,1,45,jakarta,"1,3,4,5,8,10,16,19",0,,full,,,,,,,,,,,,,,,,fifi,2025-08-26,,0,1,,,,paid,,2025-12-22,,,,1,1,,
1875,Qq31g6s^zL7PhrWyd9SwAR$8M,0061.SPBJ/PR.103/BA010400/2025,PENGADAAN RANTAI JANGKAR DAN AKSESORIS (DOCKING) MV. KARTINI BARUNA,2025-06-12,37,1,7,onboard,"1,3,4,5,8,15,19",0,,full,,,,,,,,,,,,,,,,fifi,2025-08-26,,0,1,,,2025,paid,,2025-12-29,,,,1,1,Barang ada di gudang inco jkt,2025-09-02
1876,yNj8ofRnW1teKi0zaQZJkclbg,0057.SPBJ/PR.103/BA010400/2025,Pengadaan Spare Parts Stern Tube Kemel MV. Kartini Baruna (COM),2025-06-05,37,1,20,kesepakatan,"1,3,4,5,8,9,16,18,19,24",0,,full,,,,,,,,,,,,,,,,admin,2025-08-26,,0,1,,,2025,,,,,,,0,1,Barang sudah di pickup oleh BAg,2025-09-02
1877,cT^jXWpNM8rvHz2V4*ql3khtS,C.4616/BA.301/VP PENGADAAN-2024,Pengadaan Jasa Konsultan Pembangunan Tug & Barge,2024-10-21,122,0,360,jakarta,"2,3,4,5,8,16",0,,full,,,,,,,,,,,,,,,,admin,2025-08-27,,0,1,,,,paid,,2025-09-11,,,,0,0,,
1878,k0Tn*FLc29qBG18Dd7lr@ZzYa,2206.SPK/BA.101/BA010102/2025,PENGADAAN ANODE KEBUTUHAN DOCKING TB. SRIKANDI BARUNA 2202 & BARUNA POWER 3005,2025-08-20,54,23,5,kesepakatan,"1,2,3,4,5,8",0,,full,,,,inv2,2025-10-30,,,2025-08-20,,,,,,,,fifi,2025-08-27,,0,1,,,2025,paid,1,2025-10-10,,,,1,1,,
1879,*G7yP!JSZUCDsex0jgpv1bdIB,2218.SPK/BA.302/BA010102/2025,PENGADAAN KOMPRESSOR DECK,2025-08-21,7,31,18,kesepakatan,"2,3,4,5,7,8,16",0,,full,,,,,,,proc,,,,,,,,,fifi,2025-08-27,,3928,2,,,,paid,,2026-03-06,,,,1,1,Barang Sudah Siap,2025-09-01
1880,I8enPA5OB1cXpimC*0syTfoJq,2244.SPK/BA.17/BA010102/2025,PENGADAAN BARANG RUNNING STORE CAT,2025-08-25,13,16,12,kesepakatan,"2,3,4,5,7,8,16",0,,full,,,,inv2,2025-11-11,,proc,2025-08-25,,,,,,,,fifi,2025-08-27,,0,2,,,,paid,,2025-10-15,,,,1,1,,
1881,pw7TZt41jx*oHsum2!e6IEcWa,2229.SPK/BA.302/BA010102/2025,PENGADAAN SPAREPARTS FILTER OF AUXILIARY ENGINE,2025-08-22,30,5,18,kesepakatan,"2,3,4,5,7,8,16",0,,full,,,,inv2,2025-10-30,,proc,2025-08-22,,,,,,,,fifi,2025-08-27,,0,2,,,,paid,1,2025-10-10,,,,1,1,Barang masi digudang vendor,2025-09-12
1882,A7Y0W^1sOiFXKy!6$lC2Gq@mp,2219.SPK/BA.302/BA010102/2025,SUPPLY & INSTALL OIL SEPARATOR OF AIR CONDITIONING NO 2,2025-08-21,7,31,18,kesepakatan,"2,3,4,5,7,8,16",0,,full,,,,,,,proc,,,,,,,,,fifi,2025-08-27,,0,2,,,,paid,,2026-03-06,,,,1,1,sudah selesai dikerjakan,2025-09-02
1883,1qEvTDbs^wFzNoSP8nmMKIli5,2245..SPK/BA.302/BA010102/2025,SPAREPARTS MAIN ENGINE,2025-08-26,17,3,5,kesepakatan,"2,3,4,5,7,8,16,18,23",0,,full,,,,,,,proc,,,,,,,,,fifi,2025-08-27,,0,1,,,,paid,,2025-12-17,,,,1,1,,
1884,6DQzaikv7X2rgTAIMs9!531bL,2246.SPK/BA.302/BA010102/2025,SPAREPARTS F.W HYDROPHORE PUMP,2025-08-26,17,3,18,jakarta,"2,3,4,5,7,8,10,16,18",0,,full,,,,,,,proc,,,,,,,,,fifi,2025-08-27,,0,3,,,,paid,,2025-12-17,,,,1,1,,
1885,4dk$oDsMa!OrI@2XTwmpVPNuJ,2203.SPK/TU.006/BA010102/205,JASA PENGIRIMAN SPAREPARTS KE BALIKPAPAN,2025-08-20,17,32,7,kesepakatan,"2,3,4,5,8,16",0,,full,,,,inv2,2025-11-18,,proc,,,,,,,,,fifi,2025-08-28,,0,4,,,,paid,,2025-12-23,,,,1,1,,
1886,LTcyqXkhwAp^iNjUx26vBZQr1,2225.SPK/TU.006/BA010102/2025,JASA PENGIRIMAN SPAREPARTS DAN RUNNING STORE KE BALIKP-APAN,2025-08-22,48,20,7,kesepakatan,"2,3,4,5,8,16",0,,full,,,,inv2,2025-10-30,,proc,2025-08-22,,,,,,,,fifi,2025-08-28,,0,4,,,,paid,1,2025-10-10,,,,1,1,sudah selesai dikerjakan,2025-09-02
1887,u*7l0O!BeVxhkvMK5gPo6STLz,2242.SPK/BA.17/BA010102/2025,PENGADAAN INVENTORY DECK,2025-08-26,84,34,5,kesepakatan,"2,3,4,5,7,8,16",0,,full,,,,inv2,2026-01-22,,proc,2025-08-26,,,,,,,,fifi,2025-08-29,,0,2,,,,paid,,2025-11-14,,,,1,1,Barang Sudah Dikirim,2025-09-01
1888,YU3@QCdFID8lb!jx1LZERgXiu,C.1418/PR.103/DIV.PENGADAAN-2025,Pengadaan Jasa Appraisal Handysize,2025-08-01,124,0,120,jakarta,"2,3,4,5,8,16",0,,full,,,,inv2,2025-09-25,,,,,,,,,,,admin,2025-09-02,,0,1,,,,paid,,2025-10-01,,,,0,0,,
1889,T5x8WEi!KJjHLr^Vd1aqt$Gsf,2248.SPK/BA.17/BA010102/2025,RUNNING STORE DECK,2025-08-21,40,3,7,kesepakatan,"2,3,4,5,7,8,16",0,,full,,,,,,,,,,,,,,,,fifi,2025-09-03,,0,2,,,,,,,,,,1,1,SUDAH SELESAIII,2025-10-31
1890,rwNCFjLpoxV9@Q$d8E6JhugmI,2265.SPK/BA.101/BA010102/2025,Pengadaan Jasa Overhaul Governor AE KM Kartini Baruna,2025-01-09,93,1,75,onboard,"1,2,3,5,8",0,,full,,,,,,,proc,,,,,,,,,admin,2025-09-03,non-reimburse,0,1,,,2025,,,,,,,0,1,,
1891,St97Xf!dCp5N6@P48sqzjo2Te,2238.SPK/BA.10/BA010102/2025,Pengadaan Rubber Cutles Bearing TB Srikandi Baruna 2202,2025-08-23,125,23,8,onboard,"1,2,3,4,5,8",0,,full,,,,inv2,2026-01-20,,proc,2025-08-23,,,,,,,,admin,2025-09-03,,0,1,,,2025,paid,,2025-12-19,,,,0,1,,
1892,eDR^*yVt8Y7cbZlqfonPOJvp$,0060.SPBJ/PR.103/BA010400/2025,PENGADAAN JASA GENERAL OVERHAUL MAIN ENGINE & AUXILIARY ENGINE KEBUTUHAN DOCKING TB. SRIKANDI BARUNA 2202,2025-06-12,11,23,10,kesepakatan,"1,2,3,4,5,6,17",0,,full,,,,inv2.1,2025-11-11,,,,,,,,,,,fifi,2025-09-04,,0,1,,,2025,,,,,,,2,1,,
1893,jGU6cTWPkZaRQH@wKN4iMX0xE,2145.SPK/BA.17/BA010102/2025,PENGADAAN BEARING,2025-08-11,100,32,4,kesepakatan,"2,3,4,5,7,8,16",0,,full,,,,,,,proc,,,,,,,,,fifi,2025-09-04,,0,2,,,,paid,,2025-11-04,,,,1,1,,
1894,Qgj@!uCJTFfKavDo4VmOhwqcB,2259.SPK/BA.17/BA010102/2025,FABRIKASI BOLT & NUT OF JIB CRANE NO 3,2025-08-27,43,3,12,kesepakatan,"2,3,4,5,7,8,16",0,,full,,,,,,,proc,,,,,,,,,fifi,2025-09-08,,0,2,,,,,,,,,,1,0,,
1895,u2hH4!TB@x7UcM6Dmor0d^SIP,2208.SPK/BA.302/BA010102/2025,FABRIKASI RUBBER COUPLING GEARBOX MAIN ENGINE,2025-08-27,43,8,7,kesepakatan,"2,3,4,5,7,8,16",0,,full,,,,inv2,2026-01-14,,proc,2025-08-27,,,,,,,,fifi,2025-09-08,,0,2,,,,paid,,2025-11-14,,,,1,1,,
1896,fcj9Jz2lIX4WgB^1Atx76weyF,2202.SPK/BA.302/BA010102/2025,PENGADAAN THRUST METAL AUXILIARY ENGINE,2025-08-27,17,4,35,kesepakatan,"2,3,4,5,7,8,10,16",0,,full,,,,inv2,2026-01-14,,proc,2025-08-27,,,,,,,,fifi,2025-09-08,,0,2,,,,paid,,2025-11-05,,,,1,1,,
1897,8@Tp$hIZwVAefUr*GqDKca!Jd,2247.SPK/BA.17/BA010102/2025,PENGADAAN RUNNING STORE DECK (CAT & THINNER),2025-08-26,13,2,16,kesepakatan,"2,3,4,5,7,8,16",0,,,,,,,,,proc,,,,,,,,,fifi,2025-09-08,,0,2,,,,,,,,,,1,0,Barang sudah dikirim,2025-09-12
1898,6!c1HeJt7S8GdR9Cvlm0K*BV^,2291.SPK/BA.17/BA010102/2025,PERMINTAAN UNIT COMPRESSOR DECK,2025-08-17,11,32,5,kesepakatan,"2,3,4,5,7,8,16",0,,full,,,,inv2,2026-01-22,,proc,2025-08-17,,,,,,,,fifi,2025-09-08,,0,2,,,,paid,,2025-11-25,,,,1,1,,
1899,aK8bzpDWVuhG0AF7^LZq65dsg,2292.SPK/BA.302/BA010102/2025,PENGADAAN SPAREPART ME DOOSAN MAN B&W TYPE 6S50MC-C,2025-08-18,30,32,50,kesepakatan,"2,3,4,5,7,8,9,16",0,,full,,,,inv2,2026-01-22,,proc,2025-08-18,,,,,,,,fifi,2025-09-08,,0,2,,,,paid,,2025-12-17,,,,1,1,,
1900,wJqliZUN^hVPv$odrEa2XeGfn,2293.SPK/PR.202/BA010102/2025,PENGADAAN MATERIAL & JASA PERNOMALAN AUX. BOILER,2025-08-18,11,32,22,kesepakatan,"2,3,4,5,7,8,16",0,,,,,,,,,proc,,,,,,,,,fifi,2025-09-08,,0,2,,,,,,,,,,1,0,,
1901,qByWb5J1ElUdhvZToCReFpzIA,0078.SPBJ/PR.103/BA010400/2025,PENGADAAN MATERIAL CAT KEBUTUHAN DOCKING TB. SRIKANDI BARUNA 2201 DAN BARUNA POWER 3004,2025-07-03,13,21,1,kesepakatan,"1,3,4,5,8,18",0,,full,,,,inv2,2025-10-29,,,2025-07-03,,,,,,,,fifi,2025-09-08,,0,1,,,,paid,1,2025-10-21,,,,1,1,,
1902,A$0JM8g5OznoBE*spWyLUqf7h,0077.SPBJ/PR.103/BA010400/2025,PENGADAAN MATERIAL CAT KEBUTUHAN DOCKING TB. SRIKANDI BARUNA 2203 DAN BARUNA POWER 3006,2025-07-03,13,25,1,kesepakatan,"1,3,4,5,8,18",0,,full,,,,inv2,2025-10-29,,,,,,,,,,,fifi,2025-09-08,,0,1,,,2025,paid,1,2025-10-17,,,,1,1,,
1903,^emEiBF1kazZuUtgdv@RLsO67,2284.SPK/BA.17/BA010102/2025,FABRIKASI BOWL PURIFIER,2025-09-04,43,1,5,jakarta,"2,3,4,5,7,8,16",0,,full,,,,,,,proc,,,,,,,,,fifi,2025-09-09,,0,2,,,,paid,,2025-12-29,,,,1,1,Barang sedang dikerjakan,2025-09-11
1904,LMxI1v25kz0O3bPr7RAmgG8n9,2287.SPK/BA.17/BA010102/2025,FABRIKASI PIPA NOZZLE FRESH WATER COOLER AUXILIARY ENGINE,2025-09-04,43,4,12,kesepakatan,"2,3,4,5,7,8,16",0,,full,,,,,,,proc,,,,,,,,,fifi,2025-09-09,,0,2,,,,paid,,2025-12-23,,,,1,1,Barang sedang dikerjakan,2025-09-11
1905,uDnF1jRxvkt2o4bALSZ@ea3cp,2165.SPK/PR.202/BA010102/2025,PERBAIKAN CRANE NO. 4,2025-08-22,7,20,21,onboard,"2,3,4,5,8,17",0,,full,,,,,,,,,,,,,,,,fifi,2025-09-09,,0,2,,,,paid,,2025-11-20,,,,1,1,Sudah selesai dikerjakan,2025-09-11
1906,0bUXQ8jC4SL2!1dKB7qvfi3o*,2264.SPK/BA.202/BA010102/2025,PENGADAAN WIRE DAVIT (REPEAT ORDER),2025-09-02,100,1,5,kesepakatan,"2,3,4,5,7,8,16",0,,full,,,,inv2,2026-01-22,,proc,2025-09-02,,,,,,,,fifi,2025-09-09,,0,2,,,,paid,,2025-11-28,,,,1,1,,
1907,^RP1pI6$Z4qbuY@Ad0B!Q8cWe,2286.SPK/BA.17/BA010102/2025,FABRIKASI SEPATU MAIN SWITCH BOARD OF AUXILIARY ENGINE,2025-09-04,43,4,12,kesepakatan,"2,3,4,5,7,8,16",0,,full,,,,,,,proc,,,,,,,,,fifi,2025-09-09,,0,2,,,,paid,,2025-12-23,,,,1,1,Barang sedang dikerjakan,2025-09-11
1908,!oF23e47gUIcY1l*68vx$hatE,2267.SPK/BA.302/BA010102/2025,PENGADAAN NOZZLE OF AUXILIARY ENGINE (COM),2025-09-01,12,5,65,kesepakatan,"2,3,5,7,8,9,16",0,,full,,,,,,,proc,,,,,,,,,fifi,2025-09-09,,0,2,,,,paid,,2025-12-19,,,,1,1,Barang sedang dikerjakan,2025-09-11
1909,4BYWZsueXE58Lb@JMQAF3$PrH,2266.SPK/BA.302/BA010102/2025,PENGADAAN PLUNGER ASSY OF AUXILIARY ENGINE NO 1 (COM),2025-09-01,12,5,150,kesepakatan,"2,3,5,7,8,9,16",0,,full,,,,,,,proc,,,,,,,,,fifi,2025-09-09,,0,2,,,,paid,,2025-12-19,,,,1,1,Barang sedang dikerjakan,2025-09-11
1910,$C9vEJYU8xP2w5snhZ^TBuGLI,2271.SPK/BA.17/BA010102/2025,JASA REWIRING DAN TROUBLESHOOT CONTROL OF BOILER,2025-09-01,11,5,7,kesepakatan,"2,3,4,5,7,8,16",0,,full,,,,,,,proc,,,,,,,,,fifi,2025-09-09,,0,2,,,,paid,,2025-11-25,,,,1,1,Sudah selesai dikerjakan,2025-09-11
1911,UiPhB0k8s!eCbqJRxATDOnm2$,2278.SPK/BA.202/BA010102/2025,PENGADAAN STORE DECK (CAT & THINNER) AGUSTUS,2025-09-02,13,5,16,kesepakatan,"2,3,4,5,7,8,16",0,,full,,,,,,,proc,,,,,,,,,fifi,2025-09-09,,0,2,,,,paid,,2025-12-29,,,,1,1,Barang siap dikirim,2025-09-11
1912,e$o0HGZw!Jc3Yl8t*p4asC^TW,2289.SPK/BA.202/BA010102/2025,RUNNING STORE PAINT,2025-09-04,4,29,10,kesepakatan,"2,3,4,5,7,8,16",0,,full,,,,inv2,2026-01-22,,proc,2025-09-04,,,,,,,,fifi,2025-09-09,,0,2,,,,paid,,2025-12-10,,,,1,1,,
1913,pZnejFa3!bCN1yfxGzP9HJ5qu,2272.SPK/BA.17/BA010102/2025,PENGADAAN STORE ENGINE,2025-09-01,84,34,7,kesepakatan,"2,3,4,5,7,8,16",0,,full,,,,inv2,2026-01-22,,proc,,,,,,,,,fifi,2025-09-09,,0,2,,,,paid,,2025-12-19,,,,1,1,Barang sudah dikirim ke kapal,2025-09-11
1914,PKXuN$UGQ1vxjLsi9ea8yCYfg,2270.SPK/BA.17/BA010102/2025,JASA POLISHING INSITU SHAFT CRANKPIN JOURNAL CYL NO 6 OF AUXILIARY ENGINE NO 2,2025-09-01,52,4,7,kesepakatan,"2,3,4,5,7,8,16",0,,,,,,,,,proc,,,,,,,,,fifi,2025-09-09,,0,2,,,,,,,,,,1,0,Pekerjaan sedang berlangsung,2025-09-11
1915,u0NTw4jDdUzk5rK6xYs7QmpgG,2275.SPK/BA.17/BA010102/2025,JASA REWINDING ELMOT MAIN COOLING SEA WATER PUMP,2025-09-01,5,5,10,kesepakatan,"2,3,4,5,7,8,16",0,,full,,,,,,,proc,,,,,,,,,fifi,2025-09-09,,0,2,,,,paid,,2025-12-12,,,,1,1,Barang sudah dikapal,2025-09-11
1916,oPfjN8HvSUJilDmQV7dwM!@$R,2280.SPK/BA.17/BA010102/2025,PENGADAAN PILOT LADDER,2025-09-03,84,1,7,kesepakatan,"2,3,4,5,7,8,16",0,,full,,,,inv2,2026-01-22,,proc,2025-09-03,,,,,,,,fifi,2025-09-09,,0,1,,,,paid,,2025-11-28,,,,1,1,Barang sudah di batam,2025-09-11
1917,GSnirW12TelNtzZ$@8sgYXL7c,2279.SPK/PR.202/BA010102/2025,OVERHAUL & KALIBRASI GOVERNOR OF AUXILIARY ENGINE,2025-09-02,70,4,12,kesepakatan,"2,3,4,5,7,8,16",0,,full,,,,inv2,2026-01-22,,proc,2025-09-02,,,,,,,,fifi,2025-09-09,,0,2,,,,paid,,2025-12-05,,,,1,1,"Jasa sudah selesai, barang masih di gudang vendor",2025-09-11
1918,*@pG4xZeXFPCyToirA!laWtch,0072.SPBJ/PR.103/BA010400/2025,PENGADAAN SPAREPARTS DECK CRANE MV. LATIFAH BARUNA,2025-06-30,17,20,10,kesepakatan,"1,3,4,10,18,24",0,,full,,,,,,,,,,,,,,,,fifi,2025-09-09,,0,1,invest,,,paid,1,2025-12-19,,,,1,1,,
1919,Qs^JLMiPuce@0!512dgB6yaHr,0080.SPBJ/PR.103/BA010400/2025,PENGADAAN HYDRAULIC HATCH COVER MV. ZALECHA BARUNA,2025-07-14,17,32,20,kesepakatan,"1,3,4,10,16,18,19,24",0,,full,,,,,,,,,,,,,,,,fifi,2025-09-09,,0,1,,,,paid,,2025-12-17,,,,1,1,,
1920,t1xZluOcgHmPfr3dbeE7yw8Vs,0095.SPBJ/PR.103/BA010400/2025,PENGADAAN SPAREPART GENERAL OVERHAUL MAIN ENGINE TB. SRIKANDI BARUNA 2203,2025-08-25,11,25,7,jakarta,"1,3,4,18,19,24",0,,full,,,,inv2,2025-10-27,,,2025-08-25,,,,,,,,fifi,2025-09-09,,0,1,,,2025,paid,1,2025-11-17,,,,1,1,,
1921,7GE9C^ioOl$Ya@Txu8!nsrLB4,0097.SPBJ/PR.103/BA010400/2025,PENGADAAN HYDRAULIC MOTOR FOR HOISTING (COO),2025-08-28,17,3,7,onboard,"1,3,4,5,10,16,18,19,24",0,,full,,,,,,,,,,,,,,,,fifi,2025-09-09,,0,1,,,,paid,,2025-12-19,,,,1,1,,
1922,RU7hPqOE6A@ptIMDgSBWa0ycL,0064.SPBJ/PR.103/BA010400/2025,PENGADAAN GOVERNOR UG8D,2025-06-17,86,17,35,jakarta,"1,3,4,5,9,16,18,19,24",0,,full,,,,,,,,,,,,,,,,fifi,2025-09-09,,0,1,,,,paid,,2025-12-17,,,,1,1,,
1923,Q9ZchGaLx8AeM7HkUqi0BVp$2,0077.SPBJ/PR.103/BA010400/2024,PENGADAAN SPAREPART TURBOCHARGER,2024-11-20,126,1,140,kesepakatan,"1,3,4,5,9,16,18,19,24",0,,full,,,,inv2,2025-10-29,,,2025-07-03,,,,,,,,fifi,2025-09-09,,0,1,,,,paid,1,2025-11-28,,,,1,1,,
1924,D9fsUeuizFoXV!Q^kYyPq4Cpw,2354.SPK/BA.202/BA010102/2025,PENGADAAN RUBBER HATCH COVER,2025-09-12,84,1,4,kesepakatan,"2,3,4,5,7,8,16",0,,full,,,,,,,proc,,,,,,,,,fifi,2025-09-18,,0,1,,,,paid,,2025-12-12,,,,1,1,,
1925,rCM9hWGcoERPKq2VXjBme^6JF,2261.SPK/BA.302/BA010102/2025,PENGADAAN PNEUMATIC HYDRAULIC HIGH PRESSURE,2025-09-09,43,1,5,kesepakatan,"2,3,4,5,7,8,16",0,,full,,,,,,,proc,,,,,,,,,fifi,2025-09-18,non-reimburse,0,2,,,,,,,,,,1,0,Barang sudah dikirim ke kapal,2025-10-31
1926,wGa2KY83bn6Cx$FUMQ0A^W*ov,2325.SPK/BA.7/BA010102/2025,JASA UNDERWATER INSPECTION BG. BARUNA POWER 3001,2025-09-10,99,9,7,kesepakatan,"1,2,3,4,5,8,16",0,,full,,,,,,,proc,,,,,,,,,fifi,2025-09-18,,0,1,,,,paid,,2025-11-05,,,,1,1,,
1927,xXY1kdOwFgJyUR@Mbsv0j4cVt,2311.SPK/BA.17/BA010102/2025,REPEAT ORDER PENGADAAN MOORING EQUIPMENT,2025-09-08,31,33,7,kesepakatan,"2,3,4,5,7,8,15,16",0,,full,,,,,,,proc,,,,,,,,,fifi,2025-09-18,,0,2,,,,paid,,2025-11-25,,,,1,1,,
1928,KTp9cw3@nmLBq$z0HQbuldSaJ,2320.SPK/BA.302/BA010102/2025,PENGADAAN CYLINDER HEAD OF AUXILIARY ENGINE NO 1,2025-09-09,17,5,10,kesepakatan,"2,3,4,5,7,8,16",0,,full,,,,,,,proc,,,,,,,,,fifi,2025-09-18,,0,2,,,,paid,,2025-12-17,,,,1,1,,
1929,GXv@hawi8FHeRtT6s*LJ$1KPy,2281.SPK/BA.302/BA010102/2025,PENGADAAN VALVE,2025-09-04,84,1,5,kesepakatan,"2,3,4,5,7,8,16",0,,full,,,,inv2,2026-01-22,,proc,2025-09-04,,,,,,,,fifi,2025-09-18,,0,1,,,,paid,,2025-12-12,,,,1,1,,
1930,JCj5xNV$qfbLKr6MPE!nUhOuX,2346.SPK/BA.202/BA010102/2025,PENGADAAN WIRE DAN TURNBUCKLES HATCH COVER,2025-09-12,84,1,7,kesepakatan,"1,2,3,4,5,7,8,16",0,,full,,,,,,,proc,,,,,,,,,fifi,2025-09-18,,0,3,,,,paid,,2025-12-19,,,,1,1,,
1931,8fSbmQ1eorAF3IiOCEG2qUMYu,2301.SPK/BA.302/BA010102/2025,SPAREPART ELECTRICAL ME,2025-09-10,11,17,15,kesepakatan,"2,3,4,5,7,8,16",0,,full,,,,inv2,2026-01-22,,proc,2025-09-10,,,,,,,,fifi,2025-09-18,,0,2,,,,paid,,2025-12-17,,,,1,1,,
1932,bleVZmd8PTU^GjK4a*x2pw3SX,2327.SPK/BA.17/BA010102/2025,PENGADAAN MATERIAL CAT,2025-09-10,4,14,12,kesepakatan,"2,3,4,5,7,8,16",0,,full,,,,,,,proc,,,,,,,,,fifi,2025-09-18,,0,2,,,,paid,,2025-12-05,,,,1,1,,
1933,WKjSJPw*Fy6czLTXUdB5YmsaO,2300.SPK/PR.202/BA010102/2025,PENGADAAN JASA PASANG SHEAVE ROLLER CRANE NO1,2025-09-08,52,32,10,onboard,"2,3,4,5,7,8,16",0,,full,,,,inv2,2025-11-20,,proc,,,,,,,,,fifi,2025-09-18,,0,2,,,,paid,,2025-12-05,,,,1,1,,
1934,63uJVpC0mPbN9$A1Rn7^GUt@w,2299.SPK/PR.202/BA010102/2025,PENGADAAN JASA PASANG PIPA HATCH COVER,2025-09-04,52,32,15,kesepakatan,"2,3,4,5,7,8,16",0,,full,,,,,,,proc,2025-09-04,,,,,,,,fifi,2025-09-18,,0,2,,,,paid,,2025-11-28,,,,1,1,,
1935,Ba6tcVv!WIoMD8UQPCwHKzX4n,2333.SPK/BA.202/BA010102/2025,PENGADAAN BARANG BATTERY UPS STARLINK,2025-09-11,100,7,5,kesepakatan,"2,3,4,5,8,16",0,,full,,,,,,,proc,,,,,,,,,fifi,2025-09-18,,0,2,,,,paid,,2025-12-17,,,,1,1,,
1936,wLAq6xjcD@KWOItRnUZieE$zB,2312.SPK/BA.101/BA010102/2025,PEKERJAAN TAMBAHAN PADA OVERHAUL TURBOCHARGER MAIN ENGINE & AUXILIARY ENGINE,2025-09-09,11,1,14,kesepakatan,"2,3,4,5,8,16,17",0,,full,,,,,,,proc,,,,,,,,,fifi,2025-09-18,,0,3,,,,,,,,,,1,1,,
1937,o7kg60GC$Us^a*VBEtqS8Nfcj,2329.SPK/BA.17/BA010102/2025,FABRIKASI ROLLER OF CONVEYOR,2025-09-11,11,4,35,kesepakatan,"2,3,4,5,7,8,16",0,,full,,,,,,,proc,,,,,,,,,fifi,2025-09-18,,0,2,,,,paid,,2025-12-24,,,,1,1,,
1938,8iQAF5LOplYs^9B1JTwPEoKrz,2294.SPK/BA.202/BA010102/2025,PENGADAAN HANDY TALKIE FOR DECK,2025-09-04,56,2,25,kesepakatan,"2,3,4,5,7,8,16",0,,full,,,,,,,proc,,,,,,,,,fifi,2025-09-18,,0,2,,,,paid,,2025-12-29,,,,1,1,,
1939,TZwecdWs3lROYvHPGfgUJBzXt,2295.SPK/BA.202/BA010102/2025,PENGADAAN STORE DECK,2025-09-04,100,5,12,kesepakatan,"2,3,4,5,7,8,16",0,,full,,,,inv2,2026-01-22,,proc,2025-09-04,,,log,,1000000,Merak,,fifi,2025-09-18,,2804,2,,,,paid,,2025-12-10,,,,1,1,,
1940,Mh^7wALPHIxVQzaBqs@Ddy2no,2296.SPK/BA.17/BA010102/2025,PENGADAAN RUNNING STORE ENGINE,2025-09-04,2,5,18,kesepakatan,"2,3,4,5,7,8,16",0,,full,,,,inv2,2026-01-22,,proc,2025-09-04,,,,,,,,fifi,2025-09-18,,0,2,,,,paid,,2025-11-28,,,,1,1,,
1941,bW1yz7lugiD@PVOFfv6MZ*S$U,2317.SPK/BA.302/BA010102/2025,PENGADAAN BEARING UCP 310 FOR TUNNEL ROLLER,2025-09-09,100,4,7,kesepakatan,"2,3,4,5,7,8,16",0,,full,,,,,,,proc,,,,,,,,,fifi,2025-09-18,,2640,2,,,,paid,,2025-11-05,,,,1,1,,
1942,qc3IQf9$eCws@EL6vjkgZmybr,2316.SPK/BA.17/BA010102/2025,FABRIKASI PIPA FLEXIBLE OF FRESH WATER PUMP & LUBE OIL PUMP,2025-09-09,52,4,15,kesepakatan,"2,3,4,5,7,8,16",0,,full,,,,inv2,2025-12-02,,proc,,,,,,,,,fifi,2025-09-18,,0,2,,,,paid,,2025-12-19,,,,1,1,,
1943,eg6sFO8mPwv!Cxc7X1uNUrf4a,1989.SPK/PR.202/BA010102/2025,JASA PERBAIKAN BOILER (REFRACTORY & RETUBING),2025-07-25,11,5,50,kesepakatan,"2,3,4,5,7,8,16",0,,full,,,,,,,proc,,,,,,,,,fifi,2025-09-18,,0,2,,,,paid,,2025-12-19,,,,1,1,,
1944,2r*8V!hEtHkDOijAgSmX7v$z0,2349.SPK/BA.17/BA010102/2025,JASA REWELDING GEAR OF HATCH COVER NO 2,2025-09-12,52,5,7,kesepakatan,"2,3,4,5,7,8,16",0,,full,,,,inv2,2025-11-20,,proc,,,,,,,,,fifi,2025-09-18,,0,2,,,,paid,,2025-11-28,,,,1,1,,
1945,FRV@d0DG5HEciNlb6KM1wteuS,2230.SPK/BA.17/BA010102/2025,FABRIKASI LINING DECK CRANE,2025-08-22,52,2,30,kesepakatan,"2,3,4,5,7,8,16",0,,,,,,,,,proc,,,,,,,,,fifi,2025-09-18,,0,2,,,,,,,,,,1,0,,
1946,h6os!yJPwBg3dzb29YxNainFZ,2282.SPK/BA.17/BA010102/2025,REKONDISI HYDRAULIC JACK HATCH COVER,2025-09-04,43,1,7,kesepakatan,"2,3,4,5,7,8,16",0,,full,,,,,,,proc,,,,,,,,,fifi,2025-09-18,,0,3,,,,paid,,2025-12-23,,,,1,1,,
1947,Kr9bMxvgm6Yw*FIj$81CLoOUX,2353.SPK/BA.302/BA010102/2025,PENGADAAN TURBOCHARGER ASSY OF MAIN ENGINE,2025-09-12,11,10,12,kesepakatan,"2,3,4,5,7,8,16,23",0,,full,,,,,,,proc,,,,,,,,,fifi,2025-09-18,,0,3,,,,paid,,2025-12-19,,,,1,1,,
1948,E52hctYl3mzTb1uAfVZsW^PgJ,2318.SPK/BA.302/BA010102/2025,PENGADAAN SPAREPARTS JETS VACUUM TOILET,2025-09-09,68,31,40,kesepakatan,"2,3,4,5,7,8,11,16",0,,full,,,,,,,proc,,,,,,,,,fifi,2025-09-18,,0,2,,,,paid,,2025-11-05,,,,1,1,,
1949,EW5^RpgqhK0P@2rIiBTG!dNe7,0022.SPBJ/PR.103/BA010400/2025,PENGADAAN MATERIAL CAT KEBUTUHAN DOCKING KM. KATIFAH BARUNA,2025-02-19,13,20,7,kesepakatan,"1,3,4,18,24",0,,full,,,,inv2,2025-10-25,,,2025-02-19,,,,,,,,fifi,2025-09-18,,0,1,,,2025,paid,,,,,,1,1,,
1950,hfGJ7usW0od8@g6et^TZSYkl5,0012.SPBJ/PR.103/BA010400/2025,PENGADAAN JASA OVERHAUL MAIN ENGINE SAAT DOCKING,2025-01-31,11,20,15,kesepakatan,"1,3,4",0,,full,,,,,,,,2025-01-31,,,,,,,,fifi,2025-09-18,,0,1,,,2025,,,,,,,2,0,,
1951,Gz$f*dNQE2htxnmRVMU4YwJZ!,2315.SPK/BA.17/BA010102/2025,FABRIKASI PONDASI GEARBOX MOTOR LISTRIK OF BOOM & TRANSFER CONVEYOR,2025-09-09,52,5,30,kesepakatan,"2,3,4,5,7,8,16",0,,,,,,,,,proc,,,,,,,,,fifi,2025-09-18,,0,2,,,,,,,,,,1,0,"Fabrikasi sudah selasai, tinggal menunggu pemasangan saat docking",2025-10-31
1952,452o!t6AuUY0lc*1Gjzx8SfvO,2330.SPK/PR.202/BA010102/2025,PENGADAAN JASA GENERAL CHECK CRANE 1-4,2025-08-28,127,32,12,onboard,"2,3,4,5,7,8,16",0,,,,,,,,,proc,,,,,,,,,fifi,2025-09-18,,0,2,,,,,,,,,,1,0,,
1953,mrtX9P4HOaqkTEeMlGbD7YoZ*,2355.SPK/BA.202/BA010102/2025,PENGADAAN UNIT MAIN AIR COMPRESSOR,2025-09-12,53,17,682,kesepakatan,"2,3,4,5,7,8,16",0,,full,,,,,,,proc,,,,,,,,,fifi,2025-09-18,,0,2,,,,paid,,2026-03-06,,,,1,1,,
1954,GX!BwNdhpxF9z0lsektVCS^O7,2339.SPK/BA.202/BA010102/2025,FABRIKASI WHEEL FLANGED & PLAIN ASSY OF HATCH COVER,2025-09-12,43,31,40,kesepakatan,"2,3,4,5,7,8,16",0,,full,,,,,,,proc,,,,,,,,,fifi,2025-09-18,,0,2,,,,,,,,,,1,0,Barang ready tanggal 3 nov,2025-10-31
1955,2lg^GNUX@!BcitqjZO04pLd3b,2342.SPK/BA.202/BA010102/2025,PENGADAAN MESIN CUCI FOR ENGINE CREW,2025-09-12,3,5,12,kesepakatan,"2,3,4,5,7,8,16",0,,full,,,,,,,proc,,,,,,,,,fifi,2025-09-18,,0,2,,,,paid,,2025-12-05,,,,1,1,,
1956,$emcToIlbECL8RtO31!Fx@6uS,2375.SPK/BA.302/BA010102/2025,PENGADAAN SPAREPARTS MAIN AIR COMPRESSOR SPERRE,2025-09-16,37,32,15,kesepakatan,"2,3,4,5,7,8,9,16",0,,full,,,,,,,proc,,,,,,,,,fifi,2025-09-18,,0,2,,,,paid,,2025-12-19,,,,1,1,,
1957,kWenBbuM9EQ1Z$mpJNL3vajKX,2332.SPK/BA.17/BA010102/2025,PENGADAAN FABRIKASI IMPELLER GS PUMP,2025-09-12,43,32,12,kesepakatan,"2,3,4,5,7,8,16",0,,full,,,,,,,proc,,,,,,,,,fifi,2025-09-18,,0,2,,,,paid,,2025-12-23,,,,1,1,,
1958,JUMN1bAgQWPjdLzH8Zio0!sE7,2331.SPK/PR.202/BA010102/2025,PENGADAAN JASA PERBAIKAN JENDELA & PINTU WATERTIGHT DOOR NAVIGATION ROOM,2025-09-12,5,23,7,onboard,"2,3,4,5,7,8,16",0,,full,,,,,,,proc,,,,,,,,,fifi,2025-09-18,non-reimburse,0,2,,,,,,,,,,1,0,,
1959,jJYbQFafgeU!HMOBNwuKTL3DR,2344.SPK/BA.302/BA010102/2025,PENGADAAN SPAREPARTS GENERATOR,2025-09-12,110,10,15,kesepakatan,"2,3,4,5,7,8,16",0,,full,,,,,,,proc,,,,,,,,,fifi,2025-09-18,,0,2,,,,paid,,2025-12-29,,,,1,1,,
1960,Q5KSgsC$2qFefRzHOx3nDmVNp,2376.SPK/BA.202/BA010102/2025,PENGADAAN MODUL HFO PURIFIER & SOLENOID VALVE YUKEN,2025-09-16,17,32,15,kesepakatan,"2,3,4,5,7,8,16",0,,full,,,,,,,proc,,,,,,,,,fifi,2025-09-18,,0,2,,,,paid,,2025-12-29,,,,1,1,,
1961,Y29x3XsUW@aybZeHBr0Rkgodj,2351.SPK/BA.302/BA010102/2025,PENGADAAN FLEXIBLE HOSE OF BOOM CONVEYOR,2025-09-12,5,5,10,kesepakatan,"2,3,4,5,7,8,16",0,,full,,,,,,,proc,,,,,,,,,fifi,2025-09-18,,0,2,,,,paid,,2025-12-10,,,,1,1,,
1962,FdM41*9CpK7z6$0arEwquZoeX,2345.SPK/BA.105/BA010102/2025,PENGADAAN JASA PENGECEKAN BWTS,2025-09-12,128,32,4,onboard,"2,3,4,5,7,8,16",0,,full,,,,,,,proc,,,,,,,,,fifi,2025-09-19,non-reimburse,0,2,,,,,,,,,,1,1,,
1963,airEkoYdGLBCHMb3^ghjy120s,2340.SPK/BA.202/BA010102/2025,PENGADAAN STORE TUNNEL,2025-09-12,2,4,14,kesepakatan,"2,3,4,5,7,8,16",0,,full,,,,,,,proc,,,,,,,,,fifi,2025-09-19,,0,2,,,,paid,,2025-11-28,,,,1,1,,
1964,A68^ytGfP$9XwUIVxFJHm!cz5,2324.SPK/BA.302/BA010102/2025,PENGADAAN SPAREPARTS AUXILIARY ENGINE (KANAN),2025-09-09,110,10,15,kesepakatan,"2,3,4,5,7,8,16",0,,full,,,,,,,proc,,,,,,,,,fifi,2025-09-19,,0,2,,,,paid,,2025-12-29,,,,1,1,,
1965,0b1SEd8Ular54*RV!kXqcKAIH,2379.SPK/BA.202/BA010102/2025,PENGADAAN MOORING EQUIPMENT,2025-09-17,31,34,14,kesepakatan,"2,3,4,5,7,8,16",0,,full,,,,,,,proc,,,,,,,,,fifi,2025-09-19,,0,2,,,,paid,,2025-12-12,,,,1,1,,
1966,iCm^9DJqEKPYMoIR345Shk$6W,2371.SPK/BA.202/BA010102/2025,PENGADAAN TALI MOORING,2025-09-16,31,5,16,kesepakatan,"2,3,4,5,7,8,16",0,,full,,,,,,,proc,,,,,,,,,fifi,2025-09-19,,2698,2,,,,paid,,2025-11-26,,,,1,1,,
1967,wijx6s91WyIAcpV8rqlvSPF5R,2382.SPK/BA.302/BA010102/2025,PENGADAANN SPAREPART IHI MARK II DECK CRANE,2025-09-18,17,32,20,kesepakatan,"2,3,4,5,7,8,10,16",0,,full,,,,,,,proc,,,,,,,,,fifi,2025-09-19,,0,2,,,,paid,,2025-12-23,,,,1,1,,
1968,UKhzm21FwEivNYOWM43pZVB!P,2337.SPK/BA.302/BA010102/2025,PENGADAAN BARANG SPAREPARTS BOILER,2025-09-11,68,6,40,kesepakatan,"2,3,4,5,7,8,9,13,16",0,,full,,,,,,,proc,,,,,,,,,fifi,2025-09-19,,0,2,,,,paid,,2025-12-17,,,,1,1,,
1969,UTn!otQHKf5mvyihDP9Y0WS1B,2377.SPK/BA.302/BA010102/2025,PENGADAAN SPAREPART MAC,2025-09-16,17,17,7,kesepakatan,"2,3,4,5,7,8,10,16",0,,full,,,,,,,proc,,,,,,,,,fifi,2025-09-19,,0,2,,,,paid,,2025-12-30,,,,1,1,,
1970,XLCMAPtQq6rOW2dThvps$RaG5,2378.SPK/BA.202/BA010102/2025,PENGADAAN RUNNING STORE DECK,2025-09-17,100,34,14,kesepakatan,"2,3,4,5,7,8,16",0,,full,,,,,,,proc,,,,,,,,,fifi,2025-09-19,,0,2,,,,paid,,2025-12-24,,,,1,1,,
1971,Ewn*fADzqKhOZa$sr7^e0RvWm,2386.SPK/BA.7/BA010102/2025,JASA UNDERWATER INSPECTION TB. SRIKANDI BARUNA 2402,2025-09-18,99,14,4,onboard,"1,2,3,8,16,17",0,,full,,,,,,,proc,,,,,,,,,fifi,2025-09-19,,0,1,,,,paid,,2025-11-05,,,,1,1,,
1972,k@WSXIsZ!7KMzORyhcqTeCmAa,2348.SPK/BA.202/BA010102/2025,PENGADAAN RUNNING STORE FOR ELECTRICAL,2025-09-12,104,10,12,kesepakatan,"2,3,4,5,7,8,16",0,,full,,,,,,,proc,,,,,,,,,fifi,2025-09-19,,2968,2,,,,paid,,2025-12-17,,,,1,1,,
1973,lK52HJR4O6AWT7g$mcdICf9^v,2343.SPK/BA.202/BA010102/2025,PENGADAAN ELECTRICIAN STORE FOR NAVIGATION DECK LAMP,2025-09-12,3,5,10,kesepakatan,"2,3,4,5,7,8,16",0,,full,,,,,,,proc,,,,,,,,,fifi,2025-09-19,,0,2,,,,paid,,2025-12-05,,,,1,1,,
1974,y$mQw^k95Ljn2Va8EPGoNevM3,2341.SPK/BA.17/BA010102/2025,PENGADAAN RUNNING STORE ENGINE,2025-09-12,3,10,12,kesepakatan,"2,3,4,5,7,8,16",0,,full,,,,,,,proc,,,,,,,,,fifi,2025-09-19,,0,2,,,,paid,,2025-12-24,,,,1,1,,
1975,o1f9I!4vcxjhdVDKZGmiC6uTW,1723.Pj/BA.301/BA010400/2025,Jasa Docking Repair TB Srikandi Baruna 2202 dan BG Baruna Power 3005,2025-08-21,117,23,15,onboard,"1,2,3,5,6",0,,full,,,,,,,,,,,,,,,,admin,2025-09-19,non-reimburse,0,1,,,,,,,,,,4,3,,
1976,$aMwoQ0T8FyEDCYlXSRJpfjd2,2380.SPK/BA.17/BA010102/2025,PENGADAAN REPEAT ORDER HATCH CHAIN,2025-09-17,84,1,7,onboard,"2,3,4,5,7,8,16",0,,full,,,,,,,proc,,,,,,,,,fifi,2025-09-22,,0,3,,,,paid,,2025-12-29,,,,1,1,,
1977,XMF$hCRJZ2@v09EAVN8lg36Kc,2347.SPK/BA.202/BA010102/2025,PENGADAAN HATCH COVER CHAIN NO 2-4,2025-09-12,84,1,7,onboard,"2,3,4,5,7,8,16",0,,full,,,,,,,proc,,,,,,,,,fifi,2025-09-22,,0,1,,,,paid,,2025-12-19,,,,1,1,,
1978,ek4zXsGx$3pyWHNhvAVmK*!bU,2381.SPK/BA.17/BA010102/2025,REKONDISI CRANKSHAFT AUXILIARY ENGINE NO 1,2025-09-18,11,1,30,onboard,"2,3,4,5,8,16,17",0,,full,,,,,,,proc,,,,,,,,,fifi,2025-09-22,,0,3,,,,paid,,2026-02-10,,,,1,1,,
1979,jq*yrR16Y4v@QWdu3C78l0D^h,2384.SPK/BA.302/BA010102/2025,PENGADAAN PRESSURE SWITCH,2025-09-19,84,20,10,kesepakatan,"2,3,4,5,7,8,16",0,,full,,,,,,,proc,,,,,,,,,fifi,2025-09-22,,0,2,,,,paid,,2025-12-12,,,,1,1,,
1980,t0f85UNaiI!E6RWyOTPjeumQv,2113.SPK/BA.101/BA010102/2025,PENGADAAN SPAREPARTS MAIN ENGINE (DOCKING),2025-09-08,17,14,5,kesepakatan,"2,3,4,5,8,16",0,,full,,,,,,,proc,,,,,,,,,fifi,2025-09-22,,0,2,,,,,,,,,,1,1,,
1981,Slb2xKh3vokZ@C^tD!Fj4zciX,2390.SPK/BA.202/BA010102/2025,PENGADAAN COVER CONDENSOR BOILER,2025-09-22,43,1,5,kesepakatan,"2,3,4,5,7,8,16",0,,full,,,,,,,proc,,,,,,,,,fifi,2025-09-22,,0,3,,,,paid,,2025-12-29,,,,1,1,Barang sudah digudang logistik,2025-10-31
1982,*mNd!QH^UMifRezx17I6E09gC,2403.SPK/BP.2023/BA010102/2025,REKONDISI CRANKSHAFT AUXILIARY ENGINE NO 2,2025-09-22,11,1,30,onboard,"2,3,4,5,8,16,17",0,,full,,,,,,,proc,,,,,,,,,fifi,2025-09-22,non-reimburse,0,3,,,,,,,,,,1,1,Pekerjaan sudah dilakukan,2025-10-31
1983,*weGL5QnypRlMb2ht@UoSXdcO,2383.SPK/BA.202/BA010102/2025,PENGADAAN AIR VENT HEAD,2025-09-22,84,1,2,onboard,"2,3,4,5,7,8,16",0,,full,,,,,,,proc,,,,,,,,,fifi,2025-09-22,,0,1,,,,paid,,2025-12-12,,,,1,1,,
1984,9sxCP470Jd3jkOLveZKugI2rG,2256.SPK/BA.302/BA010102/2025,PENGADAAN SPAREPARTS HYDRAULIC GOVERNOR AUXILIARY ENGINE,2025-08-26,110,7,5,kesepakatan,"2,3,4,5,8,13,16",0,,full,,,,inv2,2026-01-22,,,2025-08-26,,,,,,,,fifi,2025-09-23,,0,2,,,,paid,,2025-11-28,,,,1,1,,
1985,obztEiMB64YjcPuUN1IaWgZh!,0087.SPBJ/PR.103/BA010400/2025,PENGADAAN MATERIAL CAT KEBUTUHAN DOCKING TB. SRIKANDI BARUNA 2202 DAN BARUNA POWER 3005,2025-08-05,13,23,3,kesepakatan,"1,3,4,5,8,19,24",0,,full,,,,,,,,,,,,,,,,fifi,2025-09-23,,0,1,,,2025,paid,,2025-11-25,,,,1,1,,
1986,XD4o1w!gQzyPhs0Lb8*d^kqB7,1847.SPK/TU.006/BA010102/2025,JASA PENGIRIMAN (REPEAT ORDER ) JULI - AGUSTUS 2025,2025-07-09,48,0,60,kesepakatan,"2,3,4,8,16",0,,full,,,,,,,,,,,,,,,,fifi,2025-09-23,,0,4,,,,paid,,2025-11-14,,,,1,1,,
1987,48DHj^UvSemc53XksT$opbGAf,2321.SPK/BA.202/BA010102/2025,JASA REWINDING ELMOT MOORING WINCH (AFT) MIDDLE,2025-09-09,52,4,22,kesepakatan,"2,3,4,5,7,8,16",0,,full,,,,,,,proc,,,,,,,,,fifi,2025-09-23,,0,2,,,,paid,,2025-12-10,,,,1,1,,
1988,E@TGJ!QVxqK51a2Wsdr$wLMIg,2374.SPK/BA.302/BA010102/2025,PENGADAAN COMPRESSOR FOR AIR CONDITIONING CONTROL ROOM,2025-09-16,100,31,10,kesepakatan,"2,3,4,5,7,8,16",0,,full,,,,,,,proc,,,,,,,,,fifi,2025-09-23,,0,2,,,,paid,,2025-12-19,,,,1,1,,
1989,bqFygW^JeGPcEvYSRM@tVONrm,2352.SPK/BA.302/BA010102/2025,PENGADAAN MOTOR HYDRAULIC PISTON ASSY OF HATCH COVER,2025-09-12,68,31,55,kesepakatan,"2,3,4,5,7,8,10,16",0,,full,,,,,,,proc,,,,,,,,,fifi,2025-09-23,,0,2,,,,paid,,2025-12-24,,,,1,1,,
1990,suot3B2FPG65YJ07dzchxKq4f,2319.SPK/BA.302/BA010102/2025,PENGADAAN SPAREPARTS AUXILIARY ENGINE,2025-09-09,17,5,20,kesepakatan,"2,3,4,5,7,8,10,16",0,,full,,,,,,,proc,,,,,,,,,fifi,2025-09-23,,0,2,,,,paid,,2026-02-04,,,,1,1,,
1992,*on@N^6L2l8SMz0Bqg73DVtf5,2250.SPK/BA.101/BA010102/2025,PENGADAAN SPAREPARTS LINER ASSY,2025-08-24,11,23,15,kesepakatan,"2,3,4,5,7,8,9,16",0,,full,,,,inv2,2025-11-28,,proc,,,,,,,,,fifi,2025-09-25,,0,3,,,,paid,,2025-12-17,,,,0,1,,
1993,S1zJ!^wUseNrR@bLFcygGEO8P,2302.SPK/BA.101/BA010102/2025,PENGADAAN SPAREPARTS SEAT EXHAUST & GUIDE VALVE,2025-08-23,11,23,15,kesepakatan,"2,3,4,5,7,8,9,16",0,,full,,,,,,,proc,,,,,,,,,fifi,2025-09-25,,0,3,,,,paid,,2025-12-19,,,,0,1,,
1994,EJAV9UraXLtv3Odky5YwhfF*o,2411.SPK/BA.302/BA010102/2025,PENGADAAN UNIT ELMOT AUX BLOWER ME,2025-09-22,17,17,15,kesepakatan,"2,3,4,5,7,8,16",0,,full,,,,,,,proc,,,,,,,,,fifi,2025-09-25,,0,2,,,,paid,,2025-12-30,,,,0,1,,
1995,lj1EWOYbtAp*BuqwVcDsQyfF0,2251.SPK/BA.101/BA010102/2025,PENGADAAN SPAREOARTS METAL ASSY,2025-08-20,11,23,15,kesepakatan,"2,3,4,5,7,8,9,16",0,,full,,,,inv2,2025-11-28,,proc,,,,,,,,,fifi,2025-09-25,,0,3,,,,paid,,2025-12-12,,,,0,1,,
1996,lprai8P47bTOR3fz!uEqInvm*,2303.SPK/BA.101/BA010102/2025,PENGADAAN SPAREPARTS VALVE INTAKE & EXHAUST,2025-08-19,11,23,15,kesepakatan,"2,3,4,5,7,8,9,16",0,,full,,,,,,,proc,,,,,,,,,fifi,2025-09-25,,0,3,,,,paid,,2025-12-19,,,,0,1,,
1997,HdAe$IqULOXFa8rxkiEY!7Qgo,2249.SPK/BA.101/BA010102/2025,PENGADAAN SPAREPARTS SEAT EXHAUST & GUIDE VALVE,2025-08-18,11,23,15,kesepakatan,"2,3,4,5,7,8,9,16",0,,full,,,,,,,proc,,,,,,,,,fifi,2025-09-25,,0,3,,,,paid,,2025-12-23,,,,0,1,,
1998,^dsAgpJMIGEZu75FHbR3Qr0my,2373.SPK/BA.101/BA010102/2025,PENGADAAN SPAREPARTS BOSCHPUMP,2025-08-15,11,23,15,kesepakatan,"2,3,4,5,7,9,16",0,,full,,,,,,,proc,,,,,,,,,fifi,2025-09-25,,0,3,,,,paid,,2025-12-23,,,,0,1,,
1999,s1cG4rOjYADkU!MX70n2*SBel,2252.SPK/BA.101/BA010102/2025,"PENGADAAN SPAREPARTS PACKING, GASKET, SPRING PLUNGER, PISTON RING, METAL",2025-08-17,11,23,15,kesepakatan,"2,3,4,5,7,8,9,16",0,,full,,,,,,,proc,,,,,,,,,fifi,2025-09-25,,0,3,,,,paid,,2025-12-23,,,,0,1,,
2000,6b*5y0nfJzjDeqkTiKPO4A!Fr,2414.SPK/BA.17/BA010102/2025,PENGADAAN CAT,2025-09-22,33,20,14,kesepakatan,"2,3,4,5,7,8,16",0,,full,,,,,,,proc,,,,,,,,,fifi,2025-09-25,,0,2,,,,paid,,2025-12-29,,,,0,1,Barang sudah dikirim ke kapal,2025-10-31
2001,KLVpyxz$9m!dIWb6N5EewfvQC,2297.SPK/BA.302/BA010102/2025,PENGADAAN SPAREPARTS PURIFIER,2025-09-22,17,1,14,onboard,"2,3,4,5,7,8,16",0,,full,,,,,,,proc,,,,,,,,,fifi,2025-09-25,,0,2,,,,paid,,2025-12-23,,,,0,1,,
2002,ZXBncqihAY^CKw9LWjxkIQuOp,2407.SPK/BA.17/BA010102/2025,PENGADAAN CONSUMABLE SEPTEMBER,2025-09-22,100,14,6,kesepakatan,"2,3,4,5,7,8,16",0,,full,,,,,,,proc,,,,,,,,,fifi,2025-09-25,,0,2,,,,paid,,2025-12-19,,,,0,1,,
2003,3C6IS!p^E1y0tDwOLliBGKcQb,2408.SPK/BA.17/BA010102/2025,PENGADAAN RUNNING STORE SEPTEMBER,2025-09-22,2,14,12,kesepakatan,"2,3,4,5,7,8,16",0,,full,,,,,,,proc,,,,,,,,,fifi,2025-09-25,,0,2,,,,paid,,2025-12-19,,,,0,1,,
2004,0FES4obAD2*xwQ!WN9tZmkHJz,2253.SPK/BA.101/BA010102/2025,PENGADAAN SPAREPARTS ME & AE,2025-08-16,11,23,30,kesepakatan,"2,3,4,5,7,8,9,16",0,,full,,,,,,,proc,,,,,,,,,fifi,2025-09-25,,0,3,,,,paid,,2025-12-29,,,,0,1,,
2005,SouXhrQWzxew^TvZPAqmlCkH*,2406.SPK/TU.006/BA010102/2025),JASA PENGIRIMAN SPAREPARTS KE BATAM,2025-09-22,48,1,7,kesepakatan,"2,3,4,5,8,16",0,,full,,,,,,,proc,,,,,,,,,fifi,2025-09-25,,0,4,,,,paid,,2025-12-10,,,,0,1,,
2006,o08Ig1!P*2GmanfEZvFDrQLSj,2285.SPK/TU.006/BA010102/2025,JASA PENGIRIMAN SPAREPARTS KE BALIKPAPAN,2025-09-04,48,32,7,kesepakatan,"2,3,4,5,8,16",0,,full,,,,inv2,2026-01-22,,proc,2025-09-04,,,,,,,,fifi,2025-09-25,,0,4,,,,paid,,2025-12-10,,,,0,1,,
2007,nsvxhSkdQ5^iWueGU86qVc*mb,C.0526/PR.103/DIV.RENDALHAR-2025,REIMBURSABLE AKOMODASI KEBUTUHAN ACCESS POINT,2025-03-07,56,7,7,kesepakatan,"2,3,4,5,8,16",0,,full,,,,,,,proc,,,,,,,,,fifi,2025-09-25,non-reimburse,0,4,,,,,,,,,,0,1,,
2008,qmBLV$grteQbixj1KEzRsFyXl,C.0410/PR.103/DIV.RENDALHAR-2025,JASA PENGIRIMAN SPAREPARTS KE BATAM,2025-02-24,17,20,7,kesepakatan,"2,3,4,5,8,16",0,,full,,,,,,,proc,,,,,,,,,fifi,2025-09-25,,0,4,,,,paid,,2025-12-23,,,,0,1,,
2009,1KNmgF!p8T0EP6zDCQM2GvVwx,C.1154/PR.103/DIV.RENDALHAR-2025,JASA PENGIRIMAN SPAREPARTS KE BALIKPAPAN,2025-06-20,17,32,7,kesepakatan,"2,3,4,5,8,16",0,,full,,,,,,,proc,,,,,,,,,fifi,2025-09-25,,0,4,,,,paid,,2025-12-23,,,,0,1,,
2010,GCZ96UMVAi4*TsONQ0vzmHy1d,C.0751/PR.103/DIV.RENDALHAR-2025,JASA PENGIRIMAN SPAREPARTS KE TABONEO,2025-04-15,17,32,7,kesepakatan,"2,3,4,5,8,16",0,,full,,,,,,,proc,,,,,,,,,fifi,2025-09-25,,0,4,,,,paid,,2025-12-23,,,,0,1,,
2011,IfOq5j!6plQNgaux*@zW410nT,C.0849/PR.103/DIV.RENDALHAR-2025,JASA PENGIRIMAN SPAREPARTS KE PAITON,2025-04-27,17,16,7,kesepakatan,"2,3,4,5,8,16",0,,full,,,,,,,proc,,,,,,,,,fifi,2025-09-25,,0,4,,,,paid,,2025-12-23,,,,0,1,,
2012,my$D2HP41cpXA@uRStEbBI9QT,C.0860/PR.103/DIV.RENDALHAR-2025,JASA PENGIRIMAN SPAREPARTS KE TABONEO,2025-04-29,17,20,7,kesepakatan,"2,3,4,5,8,16",0,,full,,,,,,,proc,,,,,,,,,fifi,2025-09-25,,0,4,,,,paid,,2025-12-23,,,,0,1,,
2013,ZMQTPgx!4RXvOnCL@zwi2DdpA,C.0942/PR.103/DIV.RENDALHAR-2025,JASA PENGIRIMAN SPAREPARTS KE BATAM,2025-05-12,17,20,7,kesepakatan,"2,3,4,5,8,16",0,,full,,,,,,,proc,,,,,,,,,fifi,2025-09-25,non-reimburse,0,4,,,,,,,,,,0,1,,
2014,m$2YJkKasQRU1OFj5bygqzH4o,C.0384/PR.103/DIV.RENDALHAR-2025,JASA PENGIRIRMAN ROLLER KE BATAM,2025-02-20,17,4,7,kesepakatan,"2,3,4,5,8,16",0,,full,,,,,,,proc,,,,,,,,,fifi,2025-09-25,,0,4,,,,paid,,2025-12-23,,,,0,1,,
2015,U@fxZ9BKH^jaT*3PDLEloIvMJ,C.1153/PR.103/DIV.RENDALHAR-2025,JASA PENGIRIMAN SPAREPARTS KE PANGKALAN SUSU,2025-06-20,17,20,7,kesepakatan,"2,3,4,5,8,16",0,,full,,,,,,,proc,,,,,,,,,fifi,2025-09-25,,0,4,,,,paid,,2025-12-24,,,,0,1,,
2016,MHtdpVeh3gGXqnF^PBCrScYfE,C.0129/PR.103/DIV.RENDALHAR-2025,JASA PENGIRIMAN SPAREPARTS KE TANJUNG BALAI KARIMUN,2025-01-17,11,17,7,kesepakatan,"2,3,4,5,8,16",0,,full,,,,,,,,,,,,,,,,fifi,2025-09-25,non-reimburse,0,4,,,,,,,,,,0,1,,
2017,xbQvB!uT7P^WDqMiC0zIUnfK@,2410.SPK/BA.101/BA010102/2025,(REPEAT ORDER) PENGADAAN PISTON ASSY AUXILIARY ENGINE (GENUINE),2025-09-22,16,10,10,kesepakatan,"2,3,4,5,7,8,13,16",0,,full,,,,,,,proc,,,,,,,,,fifi,2025-09-26,,0,3,,,,paid,,2025-12-23,,,,0,1,,
2018,URqMer6EtGdpn1Nm3wJYzkOIu,2412.SPK/BA.202/BA010102/2025,PENGADAAN MOORING EQUIPMENT,2025-09-22,31,10,12,kesepakatan,"2,3,4,5,7,8,14,15,16",0,,full,,,,,,,proc,,,,,,,,,fifi,2025-09-26,,0,2,,,,paid,,2025-12-29,,,,0,1,,
2019,dYoiQPfA8IF^Lw9OTGjs7uRxt,2405.SPK/BA.202/BA010102/2025,SUPPLY & INSTALL AIR CONDITIONING FOR CREW ROOM,2025-09-22,26,10,7,onboard,"2,3,4,5,7,8,16",0,,full,,,,,,,proc,,,,,,,,,fifi,2025-09-26,,0,2,,,,paid,,2025-11-25,,,,0,1,,
2020,XRc8!dzGmjFYnu25atfEVlK@b,2393.SPK/BA.101/BA010102/2025,(REPEAT ORDER) PENGADAAN SPAREPARTS PLUNGER ASSY OF MAIN ENGINE,2025-09-19,17,10,10,kesepakatan,"2,3,4,5,7,8,18,23",0,,full,,,,,,,proc,,,,,,,,,fifi,2025-09-26,,0,3,,,,paid,,2025-12-29,,,,0,1,,
2021,XmvhpY0Z6VKN^DyCt7$diz4Ib,2396.SPK/BA.101/BA010102/2025,(REPEAT ORDER) PENGADAAN SPAREPARTS COOLING SYSTEM OF MAIN ENGINE,2025-09-19,11,10,10,kesepakatan,"2,3,4,5,7,8,18,23",0,,full,,,,,,,proc,,,,,,,,,fifi,2025-09-26,,0,3,,,,paid,,2025-12-29,,,,0,1,Barang sudah siap dari tanggal 29 sep,2025-10-31
2022,VDxpWuGimtKR^vfNdyaSC5$k7,2409.SPK/BA.101/BA010102/2025,(REPEAT ORDER) PENGADAAN SPAREPARTS AUXILIARY ENGINE (GENUINE),2025-09-22,16,10,30,kesepakatan,"2,3,4,5,7,8,9,13,16",0,,full,,,,,,,proc,,,,,,,,,fifi,2025-09-26,,0,3,,,,paid,,2025-12-23,,,,0,1,,
2023,@CJjgfw1IPdnX75BlysmzYNTK,2395.SPK/BA.101/BA010102/2025,(REPEAT ORDER) PENGADAAN SPAREPARTS MAIN ENGINE,2025-09-19,17,10,10,kesepakatan,"2,3,4,5,7,8,18,23",0,,full,,,,,,,proc,,,,,,,,,fifi,2025-09-26,,0,1,,,,,,,,,,0,1,,
2024,$DM7ohdVFq3EYPkSyKG4BXumb,2398.SPK/BA.101/BA010102/2025,(REPEAT ORDER) PENGADAAN SPAREPARTS AUXILIARY ENGINE,2025-09-19,11,10,10,kesepakatan,"2,3,4,5,7,8,16,23",0,,full,,,,,,,proc,,,,,,,,,fifi,2025-09-26,,0,3,,,,paid,,2025-12-24,,,,0,1,Barang sudah siap dari tanggal 29 sep,2025-10-31
2025,KjcUM1LDpbFz!NyhTS75OqdHZ,2397.SPK/BA.101/BA010102/2025,(REPEAT ORDER) PENGADAAN CYLINDER HEAD DAN UPPER SECTION OF MAIN ENGINE,2025-09-19,11,10,10,kesepakatan,"2,3,4,5,7,8,16,18,23",0,,full,,,,,,,proc,,,,,,,,,fifi,2025-09-26,,0,3,,,,paid,,2025-12-24,,,,0,1,Barang sudah siap dari tanggal 29 sep,2025-10-31
2026,HofvUCK$pBx1t6k@Y45nXMgRI,2413.SPK/BA.202/BA010102/2025,PENGADAAN RUNNING STORE DECK,2025-09-23,2,10,14,kesepakatan,"2,3,4,5,7,8,16",0,,full,,,,,,,proc,,,,,,,,,fifi,2025-09-26,,0,2,,,,paid,,2025-12-29,,,,0,1,Barang sudah siap dari tanggal 6 oktober,2025-10-31
2027,WY4$IE^tFsOeRz3HyQxfc!d2u,2307.SPK/PR.202/BA010102/2025,PENGADAAN JASA SIRLAK ALTERNATOR,2025-09-08,5,14,6,onboard,"2,3,4,5,7,8,16",0,,full,,,,inv2,2026-01-22,,,2025-09-08,,,,,,,,fifi,2025-09-29,,0,2,,,,paid,,2025-10-12,,,,0,1,,
2028,wZ*3b4c1xTSLRrHMEIy29CdfQ,2309.SPK/BA.202/BA010102/2025,PENGADAAN UNIT DAN JASA PASANG AC 2 PK,2025-09-08,5,25,2,onboard,"2,3,4,5,7,8,16",0,,full,,,,,,,,,,,,,,,,fifi,2025-09-29,,0,2,,,,paid,,2025-12-12,,,,0,1,,
2029,DU2t1Q3^o8i7j5H4bpf!zwg@W,2308.SPK/PR.202/BA010102/2025,PENGADAAN MATERIAL/ JASA PERBAIKAN BOLDER DAN REPAIR PONDASI BOLDER,2025-09-08,5,14,7,onboard,"2,3,4,5,7,8,16",0,,full,,,,,,,,,,,,,,,,fifi,2025-09-29,,2636,2,,,,paid,,2025-12-29,,,,0,1,,
2030,sZ1W5q^Y8Hnap*2M90QhfJBm7,2433.SPK/BA.302/BA010102/2025,PENGADAAN SPAREPARTS MAIN ENGINE BEARING OF AUXILIARY ENGINE (YAMAR 6N18LEV),2025-09-26,16,2,10,kesepakatan,"2,3,4,5,7,8,13,16",0,,full,,,,,,,proc,,,,,,,,,fifi,2025-09-30,,0,2,,,,paid,,2025-11-28,,,,0,1,,
2031,9fIHE0RZlx3B8V$useoSzmLMk,2435.SPK/BA.302/BA010102/2025,PENGADAAN SPAREPARTS CYLINDER LINER ASSY OF AUXILIARAY ENGINE (YANMAR 6N18LEV),2025-09-26,17,2,12,kesepakatan,"2,3,4,5,7,8,10,16",0,,full,,,,,,,proc,,,,,,,,,fifi,2025-09-30,,0,2,,,,paid,,2025-12-23,,,,0,1,,
2032,cRh!vfnG$2AmpFOP8goiB3UkC,2391.SPK/BA.302/BA010102/2025,PENGADAAN BARANG SPAREPARTS AUXILIARY ENGINE,2025-09-24,110,7,7,kesepakatan,"2,3,4,5,8,16,18,23",0,,full,,,,,,,proc,,,,,,,,,fifi,2025-09-30,,0,2,,,,paid,,2025-12-29,,,,0,1,,
2033,NX7B6F5Y2IdmM$oraSv4ChuZP,0090.SPBJ/PR.103/BA010400/2025,PENGADAAN SPAREPART MAIN ENGINE MITSUBISHI S6R2-MTK3L,2025-08-11,16,8,150,kesepakatan,"1,3,4,5,9,16,18,19,24",0,,full,,,,,,,,,,,,,,,,fifi,2025-10-02,,0,1,,,2025,,,,,,,2,2,,
2034,b5610COgRf!TvM@aBAqwmEoXS,2258.SPK/BA.17/BA010102/2025,ADDITIONAL CHOCKFAST,2025-08-27,5,8,5,onboard,"2,3,4,5,7,8,16",0,,full,,,,,,,,,,,,,,,,fifi,2025-10-02,,0,2,,,,paid,,2025-12-10,,,,0,1,,
2035,QSFtE8UA@*aisojP1rIcLON$!,2423.SPK/BA.202/BA010102/2025,PENGADAAN UNIT TURBOCOUPLING,2025-09-22,17,32,8,kesepakatan,"2,3,4,5,7,8,10,16",0,,full,,,,,,,proc,,,,,,,,,fifi,2025-10-03,,0,2,,,,paid,,2025-12-29,,,,0,1,,
2036,!f9prd8QvcuZWzaj$qFCXmBy1,2425.SPK/BA.202/BA010102/2025,PENGADAAN PAPER ELEMENT AE ZJMD MAN B&W 6L23/30H,2025-09-24,30,32,10,kesepakatan,"3,5,7,8,9,13,16",0,,full,,,,,,,proc,,,,,,,,,fifi,2025-10-03,,0,2,,,,paid,,2025-12-05,,,,0,1,,
2037,VCIxB*LGFaYuPrNK7W^ydRtO$,2426.SPK/BP.003/BA010102/2025,PENGADAAN JASA PASANG ROLLER HEAD CRANE NO. 1,2025-09-22,52,32,8,kesepakatan,"2,3,4,5,7,8,16",0,,full,,,,,,,proc,,,,,,,,,fifi,2025-10-03,,0,2,,,,paid,,2026-02-11,,,,0,1,,
2038,2OHmk*QFxPJqoBU1cp!nD@ZWE,2442.SPK/BA.302/BA010102/2025,PENGADAAN UNIT MAIN AIR COMPRESSOR,2025-09-29,36,17,3,kesepakatan,"2,3,4,5,7,8,16",0,,full,,,,,,,proc,,,,,,,,,fifi,2025-10-03,,0,2,,,,paid,,2025-10-30,,,,0,1,,
2039,kqxOvomV5IcEUW62Ngr^C4*Pe,2424.SPK/BA.202/BA010102/2025,PENGADAAN ITEM SHEAVE,2025-09-24,17,32,8,kesepakatan,"2,3,4,5,7,8,10,16",0,,full,,,,,,,proc,,,,,,,,,fifi,2025-10-03,,0,2,,,,paid,,2025-12-29,,,,0,1,,
2040,i4yC6Jh1avYSwXZK!OGA2PE3k,2439.SPK/BA.17/BA010102/2025,PENGADAAN MATERIAL CAT SEPTEMBER,2025-09-26,4,21,14,kesepakatan,"2,3,4,5,7,8,16",0,,full,,,,,,,proc,,,,,,,,,fifi,2025-10-03,,0,2,,,,paid,,2025-12-10,,,,0,1,,
2041,VwvW$KL3@5OIeCcnbBkN*s^jt,2421.SPK/BA.202/BA010102/2025,PENGADAAN CONSUMABLE SEPTEMBER,2025-09-24,100,32,5,kesepakatan,"2,3,4,5,7,8,16",0,,full,,,,,,,proc,,,,,,,,,fifi,2025-10-03,,0,2,,,,paid,,2025-12-10,,,,0,1,,
2042,1WfwpZlSOQ4ns8mvXGoARFM3q,C.1419/PR.103/DIV.PENGADAAN-2025,PENGADAAN JASA SURVEYOR INDEPENDENT PEMBELIAN KAPAL HANDYSIZE,2025-08-01,103,0,120,onboard,"2,3,4,5,7,8,16",0,,full,,,,,,,,,,,,,,,,fifi,2025-10-06,,0,1,,,,,,,,,,0,1,,
2043,B2V7GfSTbdH!RarhkjIPwLUCv,2422.SPK/BA.302/BA010102/2025,PENGADAAN UNIT TURBIN AIR STARTER,2025-09-24,30,17,45,kesepakatan,"3,5,7,8,9,13,16",0,,full,,,,,,,proc,,,,,,,,,fifi,2025-10-06,,0,2,,,,paid,,2025-12-05,,,,0,1,,
2044,VnOMxlE2pAR@wdSJ8Q416*oc!,2298.SPK/BA.17/BA010102/2025,PENGADAAN MULTI MONITOR,2025-09-26,17,1,40,onboard,"2,3,4,5,7,8,16",0,,full,,,,,,,proc,,,,,,,,,fifi,2025-10-06,,0,2,,,,paid,,2025-12-23,,,,0,1,,
2045,q3LpBY9WkcdneFzu!a2xtA6SJ,2437.SPK/BA.202/BA010102/2025,REPEAT ORDER FABRIKASI RUBBER COUPLING GEARBOX MAIN ENGINE,2025-09-30,43,8,7,kesepakatan,"2,3,4,5,7,8,16",0,,full,,,,,,,proc,,,,,,,,,fifi,2025-10-06,,0,2,,,,paid,,2025-12-29,,,,0,1,,
2046,rT7Pxu9dMwENaheWnLH!61s3G,2418.SPK/BA.202/BA010102/2025,PENGADAAN BATTERY CHARGER FOR LIFEBOAT & RESCUE BOAT,2025-09-24,100,31,12,kesepakatan,"2,3,4,5,7,8,16",0,,full,,,,,,,proc,,,,,,,,,fifi,2025-10-06,,0,2,,,,paid,,2025-12-19,,,,0,1,,
2047,bF4Sa2B@xw0R^WGtjH15nPvTC,2388.SPK/BA.17/BA010102/2025,FABRIKASI BAUT SLEWING BEARING,2025-09-25,43,3,3,kesepakatan,"2,3,4,5,7,8,16,18",0,,full,,,,,,,proc,,,,,,,,,fifi,2025-10-06,,0,2,,,,paid,,2025-12-23,,,,0,1,,
2048,ALz6Wl^792xHh*RJCGT!SYU3E,2444.SPK/BA.17/BA010102/2025,FABRIKASI & SUPPLY SEAL FOR HATCH COVER,2025-09-29,7,31,16,kesepakatan,"2,3,4,5,7,8,16",0,,full,,,,,,,proc,,,,,,,,,fifi,2025-10-06,,0,2,,,,,,,,,,0,0,Barang sudah siap,2025-10-31
2049,x8zsJPk*CA7GcaWeNIS!bRy6h,2436.SPK/BA.302/BA010102/2025,REPEAT ORDER REKONDISI HYDRAULIC JACK HATCH COVER,2025-09-30,43,1,7,onboard,"2,3,4,5,7,8,16",0,,full,,,,,,,proc,,,,,,,,,fifi,2025-10-06,,0,3,,,,paid,,2025-12-23,,,,0,1,,
2050,whqzGYRExWy@Hm^3QgZLIUi1P,2440.SPK/BA.202/BA010102/2025,PLATE HEAT EXCHANGER ME & AE,2025-09-30,17,3,12,kesepakatan,"2,3,4,5,7,8,16,18",0,,full,,,,,,,proc,,,,,,,,,fifi,2025-10-06,,0,2,,,,paid,,2025-12-29,,,,0,1,,
2051,Bt*dJEc7I8vHAzqKxSY4C1Pf^,2428.SPK/BA.17/BA010102/2025,PENGADAAN CAT,2025-09-26,33,20,14,kesepakatan,"2,3,4,5,7,8,16",0,,full,,,,,,,proc,,,,,,,,,fifi,2025-10-06,,0,2,,,,paid,,2025-12-24,,,,0,1,Barang sudah dikirim ke kapal,2025-10-31
2052,TUIkojJux*9W2ywp$XFiN8n@v,2387.SPK/BA.17/BA010102/2025,PENGADAAN STEEL PLATE & PIPE,2025-09-25,104,3,5,kesepakatan,"2,3,4,5,7,8,16",0,,full,,,,,,,proc,,,,log,,10500000,Cilacap,,fifi,2025-10-06,,3142,2,,,,paid,,2025-12-29,,,,0,1,"Barang sudah ready, tinggal kirim",2025-10-31
2053,tLq3KvZGaue62IBC0R4mr!sg@,2372.SPK/BA.202/BA010102/2025,RUNNING STORE DECK PAINT,2025-09-25,13,3,10,kesepakatan,"2,3,4,5,7,8,16",0,,,,,,,,,proc,,,,,,,,,fifi,2025-10-06,linked,3947,2,,,,,,,,,,0,0,,
2054,9d73msQozNMT@R*ShjLEbq0Ue,2441.SPK/BA.202/BA010102/2025,RUNNING STORE OF DECK (CAT & THINNER),2025-09-29,13,31,16,kesepakatan,"5,7,8,9,13,16",0,,full,,,,,,,proc,,,,,,,,,fifi,2025-10-06,,0,2,,,,paid,,2025-12-19,,,,0,1,,
2055,h3sHnrP@ygtC*cbN!$EvjqSp1,2460.SPK/BA.302/BA010102/2025,VALVE F.W. COOLING ME,2025-10-01,3,3,5,kesepakatan,"2,3,4,5,7,8,16,18",0,,full,,,,,,,,,,,,,,,,fifi,2025-10-06,,0,2,,,,paid,,2025-12-24,,,,0,1,,
2056,SBT*aKeGjLv!MU8^C@3AduER6,2157.SPK/PR.202/BA010102/2025,JASA PEKERJAAN CONDITION MONITORING (REPEAT ORDER),2025-08-13,74,32,15,onboard,"2,3,4,5,8,16",0,,full,,,,,,,,,,,,,,,,fifi,2025-10-07,,0,2,,,,,,,,,,0,1,,
2057,vosnwIcH3D120BrXkft6Nu9Cx,2257.SPK/BA.17/BA010102/2025,PENGADAAN HYDRAULIC PUMP FOR HOISTING,2025-08-26,17,2,14,kesepakatan,"2,3,4,5,7,8,10,16",0,,full,,,,inv2,2026-01-22,,,2025-08-26,,,,,,,,fifi,2025-10-08,,0,2,,,,paid,,2025-12-12,,,,0,1,,
2058,8nNBDjPJt*0zUYdaHXKcCSZlb,1285.Pj/BA.301/BA010400/2025,Jasa Docking Repair TB Srikandi Baruna 2203 dan BG Baruna Power 3006,2025-07-31,117,25,90,jakarta,"1,2,3,5",0,,full,,,,inv2.1.2.3.4,2025-11-18,,,,,,,,,,,admin,2025-10-08,,0,1,,,2025,,,,,,,4,4,,
2059,L2MUated1*I4@D7u!K3j^YN6A,1264.Pj/BA.301/BA010400/2025,Jasa Docking Repair TB Srikandi Baruna 2201 dan BG Baruna Power 3004,2025-07-05,117,21,15,jakarta,"1,2,3,5",0,,full,,,,inv2.2.1.3,2025-11-13,,,,,,,,,,,admin,2025-10-08,,0,1,,,2025,,,,,,,4,4,,
2060,4PYEGKsOrndXw9zqpLi5VBkFm,0104.SPBJ/PR.103/BA010400/2025,Pengadaan Jasa Penggantian Slewing Bearing Deck Crane KM Rasuna Baruna,2025-09-23,117,3,14,jakarta,"1,3,4,5,8,16,18,24",0,,full,,,,,,,,,,,,,,,,admin,2025-10-08,,0,1,,,2025,paid,,2025-10-24,,,,1,1,,
2061,a5OqXzG!W9ToV$Yrt3S0Ubx1w,2445.SPK/BA.302/BA010102/2025,PENGADAAN CHARGED AIR COOLER (REPEAT ORDER),2025-09-29,17,17,15,kesepakatan,"2,3,4,5,7,8,10,16",0,,full,,,,,,,proc,,,,,,,,,fifi,2025-10-08,,0,2,,,,paid,,2026-02-04,,,,0,1,,
2062,1$zc*nR28Hr@!5fvUWs6^GIQN,2446.SPK/BA.302/BA010102/2025,PENGADAAN JASA PENORMALAN AUX BOILER,2025-09-25,11,17,12,onboard,"2,3,4,5,7,8,16",0,,full,,,,,,,proc,,,,,,,,,fifi,2025-10-08,,0,2,,,,paid,,2025-12-29,,,,0,1,Pekerjaan sudah dilakukan,2025-10-31
2063,mtMvl91xnDe*iO4$73kSqoBFR,2447.SPK/PR.202/BA010102/2025,PENGADAAN JASA TROUBLESHOOTING ME & AE,2025-09-29,11,17,12,onboard,"2,3,4,5,7,8,16",0,,full,,,,,,,proc,,,,,,,,,fifi,2025-10-08,,0,2,,,,paid,,2025-12-29,,,,0,1,Pekerjaan sudah dilakukan,2025-10-31
2064,j0yL6AWzcnPU8rb3uKgJsVpxo,0098.SPBJ/PR.103/BA010400/2025,PENGADAAN SPAREPART DECK CRANE MCGREGOR (COO),2025-08-28,37,17,20,kesepakatan,"1,3,4,5,10,16,18,19,24",0,,full,,,,inv2,2025-11-13,,,2025-08-28,,,,,,,,fifi,2025-10-09,,0,1,,,,paid,,2025-12-17,,,,0,1,,
2065,W@oiI$DZw4UpxdQe2^V36Mls7,2475.SPK/PR.202/BA010102/2025,PENGADAAN JASA REWINDING ELMOT AUX. BOILER,2025-10-06,7,17,15,kesepakatan,"2,3,4,5,7,8,16",0,,full,,,,,,,proc,,,,,,,,,fifi,2025-10-09,,0,2,,,,paid,,2026-02-20,,,,0,1,Pekerjaan sudah dilakukan,2025-10-31
2066,Rok2ZDUnubLy@v$IPaze!hrQ7,2484.SPK/BA.302/BA010102/2025,PENGADAAN SPAREPART ME YANMAR 6EY17W,2025-10-07,37,25,124,kesepakatan,"2,3,4,5,7,8,16",0,,full,,,,,,,proc,,,,,,,,,fifi,2025-10-09,,0,2,,,,paid,,2026-03-12,,,,0,1,,
2067,h57OZ6Ec1VU9WG04ogyx$tikf,2474.SPK/BA.17/BA010102/2025,PENGADAAN UNIT CABLE GRAB,2025-10-06,37,32,7,kesepakatan,"2,3,4,5,7,8,16",0,,full,,,,,,,proc,,,,,,,,,fifi,2025-10-09,,0,2,,,,paid,,2025-12-19,,,,0,1,,
2068,ViPRH3b5mGFN@v*CD2xg7$9tI,2472.SPK/BA.17/BA010102/2025,PENGADAAN JASA FABRIKASI UNIT QUICK ACTING CLEAT,2025-10-06,43,17,10,kesepakatan,"2,3,4,5,7,8,16",0,,full,,,,,,,proc,,,,,,,,,fifi,2025-10-09,,0,2,,,,paid,,2026-02-11,,,,0,1,Barang ready siap kirim ke gudang logistik,2025-10-31
2069,gnZ*TNkhx2vBy7q!tlLJsPoaf,2468.SPK/BA.17/BA010102/2025,PENGADAAN UNIT AC & JASA PASANG,2025-10-06,5,23,7,kesepakatan,"2,3,4,5,7,8,16",0,,full,,,,,,,proc,,,,,,,,,fifi,2025-10-09,,0,2,,,,paid,,2026-02-12,,,,0,1,,
2070,q2HyRBOSiUxI*eL1GfZp0D79h,2471.SPK/BA.17/BA010102/2025,"PENGADAAN ELECTRICAL, TEST INJECTION & PERLENGKAPAN LAS",2025-10-06,100,14,5,kesepakatan,"2,3,4,5,7,8,16",0,,full,,,,,,,proc,,,,,,,,,fifi,2025-10-09,,0,2,,,,paid,,2025-12-19,,,,0,1,,
2071,wF$@2tkiRuj9ShlyNPMAmIDUT,2470.SPK/BA.202/BA010102/2025,PENGADAAN CONSUMABLE DECK,2025-10-06,100,21,5,kesepakatan,"2,3,4,5,7,8,16",0,,full,,,,,,,proc,,,,,,,,,fifi,2025-10-09,,0,2,,,,paid,,2025-12-19,,,,0,1,,
2072,dt9DlRwGNemKVnyq*jkA^Pb73,2469.SPK/BA.202/BA010102/2025,PENGADAAN PERLENGKAPAN DECK & ENGINE,2025-10-06,100,25,12,kesepakatan,"2,3,4,5,7,8,16",0,,full,,,,,,,proc,,,,,,,,,fifi,2025-10-09,linked,3597,2,,,,paid,,2025-12-29,,,,0,1,,
2073,fJutWq2gPkM9*py3^RAH!CamE,2488.SPK/BA.302/BA010102/2025,PENGADAAN AFTER COOLER MAIN ENGINE,2025-10-07,5,12,5,kesepakatan,"2,3,4,5,8,16",750000,,full,,,,,,,proc,,,,,,,,,fifi,2025-10-09,,0,2,,,,paid,,2025-12-12,,,,0,1,,
2074,ZeiuOl!TLnj^b3f1J5WKr0INd,2449.SPK/BA.17/BA010102/2025,PENGADAAN OIL SEAL,2025-10-07,36,4,5,onboard,"2,3,5,7,8,16",0,,full,,,,,,,proc,,,,,,,,,fifi,2025-10-09,,0,3,,,,paid,,2025-12-05,,,,0,1,,
2075,soKnzE*N7G@vah2WXF1yTkS!u,2450.SPK/BA.302/BA010102/2025,PENGADAAN OIL SEAL STAFFA,2025-10-07,36,1,5,onboard,"2,3,5,7,8,16",0,,full,,,,,,,proc,,,,,,,,,fifi,2025-10-09,,0,3,,,,paid,,2025-12-12,,,,0,1,,
2076,^4Y1UkwcX*ZEd2RKaT379B60V,2465.SPK/PR.202/BA010102/2025,"PENGADAAN JASA / MATERIAL REPLATING GRAB, PENORMALAN & FUNCTION TEST GRAB",2025-10-03,63,32,45,onboard,"2,3,4,5,8,16",0,,full,,,,,,,proc,,,,,,,,,fifi,2025-10-10,,0,2,,,,paid,,2025-12-30,,,,0,1,,
2077,!sqSo8QJuay$zpw1K9iNEVPkU,2466.SPK/PR.202/BA010102/2025,PENGADAAN JASA REKONDISI HYDRAULIC SYSTEM GRAB,2025-10-06,63,32,45,onboard,"2,3,4,5,8,16",0,,full,,,,,,,proc,,,,,,,,,fifi,2025-10-10,,0,2,,,,paid,,2025-12-29,,,,0,1,,
2078,bCW5^PXsFeTZQr3nJMx19d@R0,2467.SPK/BA.17/BA010102/2025,PENGADAAN JASA FABRIKASI LINING,2025-10-06,43,32,10,kesepakatan,"2,3,4,5,8,16",0,,full,,,,,,,proc,,,,,,,,,fifi,2025-10-10,,0,2,,,,paid,,2026-02-11,,,,0,1,Barang ready tanggal 3 nov,2025-10-31
2079,WaF^kicDvPSjbKoZTUy5dAz2$,2496.SPK/BA.302/BA010102/2025,PENGADAAN SPAREPART AUXILIARY ENGINE MAN STX 5L 23/30H,2025-10-08,30,32,3,kesepakatan,"2,3,4,5,8,16",0,,full,,,,,,,proc,,,,,,,,,fifi,2025-10-10,,0,2,,,,paid,,2025-12-23,,,,0,1,,
2080,FON$mlzAyt7^ZicWHKM1rdI!4,2497.SPK/BA.202/BA010102/2025,PENGADAAN PERLENGKAPAN DECK,2025-10-09,2,17,12,kesepakatan,"2,3,4,5,7,8,16",0,,full,,,,,,,proc,,,,,,,,,fifi,2025-10-10,,0,2,,,,paid,,2025-12-29,,,,0,1,"Masih on proses, item no 3 sedang di tanyakan ke pak waskito",2025-10-31
2081,HjR5gD6dCpstyIYhKbUT!iMfG,2491.SPK/PR.202/BA010102/2025,PENGADAAN COVER CONDENSOR AC,2025-10-09,43,1,7,kesepakatan,"2,3,4,5,7,8,16",0,,full,,,,,,,proc,,,,,,,,,fifi,2025-10-10,,0,3,,,,paid,,2026-02-11,,,,0,1,Barang sudah digudang logistik,2025-10-31
2082,c2qazuK!WUw3YNXexi@VIQl9g,2492.SPK/BA.17/BA010102/2025,PENGADAAN BRAKE LINING,2025-10-09,84,1,2,onboard,"2,3,4,5,7,8,16",0,,full,,,,,,,proc,,,,,,,,,fifi,2025-10-10,,0,3,,,,paid,,2025-12-19,,,,0,1,,
2083,S1FzWxMHRg7h9$Ndvaqsm^pyE,2502.SPK/BA.302/BA010102/2025,PENGADAAN SPAREPART GRAB SMAG TYPE MZG/NG30/V30D,2025-10-09,17,32,10,kesepakatan,"2,3,4,5,7,8,16",0,,full,,,,,,,proc,,,,,,,,,fifi,2025-10-13,,0,2,,,,paid,,2025-12-29,,,,0,1,,
2084,dHGUcnKtBz@y$7iCAo89ZFpEm,2500.SPK/BA.17/BA010102/2025,PENGADAAN TALI MOORING,2025-10-10,31,14,3,kesepakatan,"2,3,4,5,7,8,16",0,,full,,,,,,,proc,,,,,,,,,fifi,2025-10-13,,0,2,,,,paid,,2025-12-22,,,,0,1,,
2085,F^uNJeTcY0!x2amR86Ck5Py@4,2501.SPK/BA.17/BA010102/2025,PENGADAAN TALI MOORING,2025-10-09,100,17,5,kesepakatan,"2,3,4,5,7,8,16",0,,full,,,,,,,proc,,,,,,,,,fifi,2025-10-13,,0,2,,,,paid,,2025-12-29,,,,0,1,,
2086,U4Fe78sdb9HB1P3zpnCIw!lZY,2503.SPK/BA.302/BA010102/2025,PENGADAAN REPEAT ORDER CYLINDER HEAD AUXILIARY ENGINE (COO),2025-10-10,17,1,20,kesepakatan,"2,3,4,5,7,8,10,16",0,,full,,,,,,,proc,,,,,,,,,fifi,2025-10-13,,0,2,,,,paid,,2025-12-29,,,,0,1,,
2087,qskvBWo^Mwj6fPF4KaAlC2RG@,0088.SPBJ/PR.103/BA010400/2025,PENGADAAN MATERIAL CAT KEBUTUHAN DOCKING,2025-08-06,13,1,7,kesepakatan,"1,3,4,5,7,8,19",0,,full,,,,,,,,,,,,,,,,fifi,2025-10-13,,0,1,,,2025,paid,,2025-12-30,,,,0,1,,
2088,s43r@*YiI2TeHmvuRcZJ7Kz6t,2481.SPK/BA.202/BA010102/2025,PENGADAAN RUNNING STORE ENGINE (SEPTEMBER),2025-10-07,100,10,12,kesepakatan,"3,4,5,7,8,10,16",0,,full,,,,,,,proc,,,,,,,,,fifi,2025-10-13,,0,2,,,,paid,,2025-12-24,,,,0,1,,
2089,L6q*zfDyj3ovARrVMhWN@EaCx,2483.SPK/BA.17/BA010102/2025,PENGADAAN MOORING EQUIPMENT,2025-10-07,84,36,10,onboard,"2,3,4,5,7,15,16",0,,full,,,,,,,proc,,,,,,,,,fifi,2025-10-13,,0,2,,,,paid,,2025-12-23,,,,0,1,,
2090,ku*Bpi6xjvNyXG9AZDVgQS@mE,2482.SPK/BA.17/BA010102/2025,PENGADAAN RUNNING STORE DECK,2025-10-07,84,36,7,onboard,"2,3,4,5,7,8,16",0,,full,,,,,,,proc,,,,,,,,,fifi,2025-10-13,,0,2,,,,paid,,2025-12-19,,,,0,1,,
2091,KXVzvSQ2Yrjut1i^My9mA3Jk4,2478.SPK/BA.302/BA010102/2025,PENGADAAN FUEL OIL FEED PUMP OF MAIN ENGINE,2025-10-07,30,5,45,kesepakatan,"2,3,4,5,7,8,10,16",0,,full,,,,,,,proc,,,,,,,,,fifi,2025-10-13,,0,2,,,,paid,,2025-12-29,,,,0,1,,
2092,fApq04Iimtx@hrl21N87aKVvC,2507.SPK/BA.17/BA010102/2025,PENGADAAN STORE CAT FOR DECK,2025-10-10,13,2,16,kesepakatan,"2,3,4,5,7,8,16",0,,full,,,,,,,proc,,,,,,,,,fifi,2025-10-14,,3223,2,,,,paid,,2025-12-29,,,,0,1,,
2093,fAb@I3duyw0mhi9Q*rqTMc$6R,2480.SPK/BA.302/BA010102/2025,PENGADAAN CENTER % SIDE ROLL OF CONVEYOR,2025-10-07,11,5,45,kesepakatan,"2,3,4,5,7,8,16",0,,full,,,,,,,proc,,,,,,,,,fifi,2025-10-14,,0,2,,,,paid,,2025-12-29,,,,0,1,Barang sudah siap dari tanggal 29 oktober,2025-10-31
2094,^@paJ!WR0LkEzA1YZMtoriQnj,2479.SPK/BA.302/BA010102/2025,PENGADAAN FILTER STRAINER OF HIGH SEAHCEST & HT LT COOLER,2025-10-07,43,5,12,kesepakatan,"2,3,4,5,7,8,16",0,,full,,,,,,,proc,,,,,,,,,fifi,2025-10-14,,0,2,,,,paid,,2026-04-07,,,,0,1,Barang ready siap kirim ke gudang logistik,2025-10-31
2095,NdmDWtOrkIz6n28GjVC$0AwvP,2476.SPK/BA.101/BA010102/2025,PENGADAAN SPAREPARTS AUXILIARY ENGINE (DOCKING 2025),2025-10-07,30,5,25,kesepakatan,"2,3,4,5,7,8,10,16",0,,full,,,,,,,,,,,,,,,,fifi,2025-10-14,,0,3,,,,paid,,2025-12-29,,,,0,1,,
2096,fHYLX!eSvmCy*E3ONGMlRwb42,2477.SPK/BA.17/BA010102/2025,PENGADAAN WIRE & TOOL LIFEBOAT,2025-10-07,100,31,12,kesepakatan,"2,3,4,5,7,8,14,15,16",0,,full,,,,,,,proc,,,,,,,,,fifi,2025-10-14,,0,2,,,,paid,,2025-12-17,,,,0,1,,
2097,6x*tcXs0C4pGld!WgyrbU5aRN,2504.SPK/BA.17/BA010102/2025,(REPEAT ORDER) PENGADAAN RUNNING STORE ENGINE,2025-10-10,84,36,10,onboard,"2,3,4,5,7,8,16",0,,full,,,,,,,proc,,,,,,,,,fifi,2025-10-14,,0,2,,,,paid,,2025-12-24,,,,0,1,,
2098,yWh9KNCmcsw3Xdq0voUI$THuM,2493.SPK/BA.202/BA010102/2025,PEMBIAYAAN KEBUTUHAN KAPAL,2025-10-10,84,1,2,onboard,"2,3,4,5,7,8,16",0,,full,,,,,,,proc,,,,,,,,,fifi,2025-10-15,,0,3,,,,paid,,2025-12-19,,,,0,1,,
2099,$o5K9ef7*Zg6wbhxl8OPEM4jQ,2494.SPK/PR.202/BA010102/2025,PEMBIAYAAN KEBUTUHAN REKONDISI EQUIPMENT KAPAL,2025-10-10,84,1,5,onboard,"2,3,4,5,7,8,16",0,,full,,,,inv2,2026-01-09,,proc,2025-10-10,,,,,,,,fifi,2025-10-15,,0,3,,,,paid,,2025-12-12,,,,0,1,,
2100,TV6qD0JFMYUL5pmlKafzr4bP!,2511.SPK/BA.17/BA010102/2025,PENGADAAN WIRE BRUSH,2025-10-13,100,20,3,kesepakatan,"2,3,4,5,7,8,16",0,,full,,,,,,,proc,,,,,,,,,fifi,2025-10-15,,0,2,,,,paid,,2025-12-29,,,,0,1,,
2101,sJBC7ajUXAIqkRf58uD^w9@ix,2510.SPK/BA.17/BA010102/2025,PENGADAAN CHAIN DRUM,2025-10-13,2,20,10,kesepakatan,"2,3,4,5,7,8,16",0,,full,,,,,,,proc,,,,,,,,,fifi,2025-10-15,,0,2,,,,paid,,2025-12-19,,,,0,1,,
2102,Q2pnirmhOwt*P@EJykd4eU03M,2519.SPK/BA.17/BA010102/2025,PENGADAAN DECK RUNNING STORE,2025-10-13,31,8,5,kesepakatan,"2,3,4,5,7,8,16",0,,full,,,,,,,proc,,,,,,,,,fifi,2025-10-16,,0,2,,,,paid,,2025-12-19,,,,0,1,,
2103,RFoylbSHGA*!wpqMBE1zW$9Ix,2513.SPK/BA.17/BA010102/2025,PENGADAAN PIPA,2025-10-13,113,20,7,kesepakatan,"2,3,4,5,7,8,16",0,,full,,,,,,,proc,,,,,,,,,fifi,2025-10-16,,0,2,,,,paid,,2025-12-24,,,,0,1,"Barang sudah ready, tinggal kirim",2025-10-31
2104,R1!UOMZ8nIl9crpVi4Ffby7vA,2517.SPK/BA.202/BA010102/2025,PENGADAAN DECK RUNNING STORE,2025-10-13,2,8,5,kesepakatan,"2,3,4,5,7,8,16",0,,full,,,,,,,proc,,,,,,,,,fifi,2025-10-16,,0,2,,,,paid,,2025-12-19,,,,0,1,,
2105,QbTvKefZDUOg@qcXs$wHoxuY3,2509.SPK/BA.17/BA010102/2025,PENGADAAN DECK RUNNING STORE,2025-10-13,113,20,7,kesepakatan,"2,3,4,5,7,8,16",0,,full,,,,,,,proc,,,,,,,,,fifi,2025-10-16,,0,3,,,,paid,,2025-12-24,,,,0,1,"Barang sudah ready, tinggal kirim",2025-10-31
2106,diHx5$DLMprOqVSmN*teKXuIo,2518.SPK/BA.17/BA010102/2025,PENGADAAN DECK TOOLS,2025-10-15,84,1,2,onboard,"2,3,4,5,7,8,16",0,,full,,,,,,,proc,,,,,,,,,fifi,2025-10-16,,0,1,,,,paid,,2025-12-12,,,,0,1,,
2107,u7Qnoj!tAHfmRYEcOvkPUx^9a,2495.SPK/BA.17/BA010102/2025,PENGADAAN WIRE CLIP DAN OMEGA SHACKLE,2025-10-13,84,1,4,onboard,"2,3,4,5,7,8,16",0,,full,,,,,,,proc,,,,,,,,,fifi,2025-10-16,,0,3,,,,paid,,2025-12-19,,,,0,1,,
2108,ysp01M5aYxm3XcE@7WZB4Cb$w,2524.SPK/BA.7/BA010102/2025,JASA SURVEY KONDISI KAPAL,2025-10-15,111,6,15,onboard,"2,3,4,5,8,16",0,,full,,,,,,,proc,,,,,,,,,fifi,2025-10-16,,0,2,,,,paid,,2026-02-27,,,,0,1,,
2109,eXFE1Aitx6Tn8ak4*JR@Izwb9,2516.SPK/PR.202/BA010102/2025,PENGADAAN JASA SETTING AUX. BLOWER ME,2025-10-13,11,17,12,onboard,"2,3,4,5,8,16",0,,full,,,,,,,proc,,,,,,,,,fifi,2025-10-16,,0,2,,,,paid,,2025-12-24,,,,0,1,Pekerjaan sudah dilakukan,2025-10-31
2110,xmvqW@jCS$3*5G4XF0IJ78BO6,2535.SPK/BA.17/BA010102/2025,PENGADAAN ELECTRO MOTOR BLOWER,2025-10-16,100,14,6,kesepakatan,"2,3,4,5,7,8,16",0,,full,,,,,,,proc,,,,,,,,,fifi,2025-10-17,,0,2,,,,paid,,2025-12-17,,,,0,1,,
2111,hzyN15lx3YJ6rc@d7XT0io9mA,2530.SPK/BA.17/BA010102/2025,KEBUTUHAN JASA SERVICE BWMS,2025-10-15,128,17,25,onboard,"2,3,4,5,8,16",0,,,,,,,,,proc,,,,,,,,,fifi,2025-10-17,,0,2,,,,,,,,,,0,0,,
2112,vGYSolchreUsq42B6aLjuRm^z,2508.SPK/BA.101/BA010102/2025,PENGADAAN ANODE KEBUTUHAN DOCKING TB. SRIKANDI BARUNA 2402 & BARUNA POWER 3302,2025-10-14,54,14,7,onboard,"1,2,3,4,5,8",0,,full,,,,,,,,,,,,,,,,fifi,2025-10-17,,0,1,,,2025,paid,,2025-12-19,,,,0,1,,
2113,cyCfztL4JnBZOqjs$Pp5KgDu3,2533.SPK/PR.202/BA010102/2025,PENGADAAN MATERIAL & JASA PERNOMALAN GRAB NO. 3,2025-10-16,52,32,19,onboard,"2,3,4,5,8,16",0,,full,,,,inv2,2025-12-02,,proc,2025-10-16,,,,,,,,fifi,2025-10-17,,0,2,,,,paid,,2025-12-23,,,,0,1,,
2114,2DiIfM0bo^EtwOyr$45@zGlXT,2531.SPK/BA.17/BA010102/2025,PENGADAAN MATERIAL CAT,2025-10-16,13,23,14,kesepakatan,"2,3,4,5,7,8,16",0,,full,,,,,,,proc,,,,,,,,,fifi,2025-10-17,,3448,2,,,,paid,,2025-12-29,,,,0,1,,
2115,slEDQ2v5Fbmh@!qVB$HgyrwRk,2534.SPK/BA.17/BA010102/2025,PENGADAAN CONSUMABLE ELECTRICAL OKTOBER,2025-10-16,2,32,12,kesepakatan,"2,3,4,5,7,8,16",0,,full,,,,,,,proc,,,,,,,,,fifi,2025-10-17,,0,2,,,,paid,,2025-12-19,,,,0,1,,
2116,uFC7lcz5w!phg$KWSJVxLm*kM,2532.SPK/BA.17/BA010102/2025,PERMINTAAN CONSUMABLE ENGINE,2025-10-16,100,23,5,kesepakatan,"2,3,4,5,7,8,16",0,,full,,,,,,,proc,,,,,,,,,fifi,2025-10-17,,0,2,,,,paid,,2025-12-24,,,,0,1,,
2117,g@r6mn8PztcR0*GwHYxiCvyfq,2529.SPK/BA.17/BA010102/2025,MOORING ROPE,2025-10-16,3,29,5,kesepakatan,"2,3,4,5,7,8,16,18",0,,full,,,,,,,proc,,,,,,,,,fifi,2025-10-17,,0,2,,,,paid,,2025-12-29,,,,0,1,,
2118,uV5lUsKRHO*kpZx^@7FcEWLm9,2528.SPK/BA.17/BA010102/2025,RUNNING STORE,2025-10-16,2,29,10,kesepakatan,"4,5,7,8,13,16,18",0,,full,,,,,,,proc,,,,,,,,,fifi,2025-10-17,,0,2,,,,paid,,2025-12-29,,,,0,1,Barang sudah siap dari tanggal 24 okober,2025-10-31
2119,vpmZdxE0935rFeuJq4abjGwtN,2525.SPK/BA.302/BA010102/2025,SPAREPARTS FO PURIFIER COO,2025-10-16,17,3,12,kesepakatan,"2,3,4,5,7,8,10,16,18",0,,full,,,,,,,proc,,,,,,,,,fifi,2025-10-17,,0,2,,,,paid,,2025-12-29,,,,0,1,,
2120,183HOCUnvJ5ZWbViSt0r9el$F,2526.SPK/BA.302/BA010102/2025,SPAREPARTS LO PURIFIER COO,2025-10-16,17,3,10,kesepakatan,"2,3,4,5,7,8,10,16,18",0,,full,,,,,,,proc,,,,,,,,,fifi,2025-10-17,,0,2,,,,paid,,2025-12-29,,,,0,1,,
2121,nRgOrpiuQAFMGL6KcqJ^V0Zl!,1335.Pj/BA.301/BA010400/2024,Pengadaan Pekerjaan Instalasi Onshore Power Supply,2024-12-02,98,0,45,onboard,"1,3,4,6,8,18,19,24",0,,full,,,,inv2,2025-10-19,,,2024-12-02,,,,,,,,admin,2025-10-19,,0,1,,,,paid,,2025-04-30,,,,0,0,,
2123,Xf*wJcAzI2qSuP^rdY5e18k9l,2548.SPK/BA.302/BA010102/2025,PENGADAAN TIMM CHAFE GUARD,2025-10-20,104,33,5,kesepakatan,"2,3,4,5,7,8,16",0,,full,,,,,,,proc,,,,,,,,,fifi,2025-10-20,,3199,2,,,,paid,,2025-12-29,,,,0,1,Barang sudah siap,2025-10-31
2124,YZ^Wm17aF@i4lGIghxJCcbKdw,2545.SPK/BA.17/BA010102/2025,REPEAT ORDER PENGADAAN MOORING EQUIPMENT,2025-10-20,31,33,5,kesepakatan,"2,3,4,5,7,8,15,16",0,,full,,,,,,,proc,,,,,,,,,fifi,2025-10-20,,0,2,,,,paid,,2025-12-24,,,,0,1,,
2125,JvLtuqk^bQc$m@aAi3!8ZwxVR,2536.SPK/BA.302/BA010102/2025,PENGADAAN SPAREPARTS MAIN ENGINE (COM),2025-10-20,30,20,7,kesepakatan,"2,3,4,5,7,8,9,16",0,,full,,,,,,,proc,,,,,,,,,fifi,2025-10-20,,0,2,,,,paid,,2025-12-19,,,,0,1,,
2126,7g!9z5$lY8fJtPGRaujDQ1Hbi,2389.SPK/BA.17/BA010102/2025,FABRIKASI BAUT CARGO BLOCK CRANE,2025-10-20,52,3,3,kesepakatan,"2,3,4,5,7,8,16",0,,,,,,,,,proc,,,,,,,,,fifi,2025-10-21,,0,2,,,,,,,,,,0,0,Pekerjaan sudah dilakukan,2025-10-31
2127,^z0YDqOy$2h19noIB7@HTPpXR,2550.SPK/BA.202/BA010102/2025,RUNNING STORE GALLEY,2025-10-20,3,3,5,kesepakatan,"2,3,4,5,7,8,18",0,,full,,,,,,,proc,,,,,,,,,fifi,2025-10-21,,0,2,,,,paid,,2025-12-23,,,,0,1,,
2128,REIa*lWx8pQfMv$mn5jqy1HG0,2551.SPK/BA.17/BA010102/2025,RUNNING STORE ELECTRICAL,2025-10-20,100,3,2,kesepakatan,"2,3,4,5,7,8,16,18",0,,full,,,,,,,proc,,,,,,,,,fifi,2025-10-21,,0,2,,,,paid,,2025-12-23,,,,0,1,,
2129,ct1UABmOvgH705RoLMkZeqYiT,2546.SPK/BA.17/BA010102/2025,PENGADAAN CAT,2025-10-20,13,4,7,kesepakatan,"2,3,4,5,7,8,16",0,,full,,,,,,,proc,,,,,,,,,fifi,2025-10-21,,3022,2,,,,paid,,2025-12-24,,,,0,1,,
2130,dWl*0!O9zsnF$1HbqEw2oDTMm,2554.SPK/BA.302/BA010102/2025,PENGADAAN SPAREPARTS AUXILIARY ENGINE (COO),2025-10-20,17,4,35,kesepakatan,"2,3,4,5,7,8,10,16",0,,full,,,,,,,proc,,,,,,,,,fifi,2025-10-21,,0,2,,,,paid,,2025-12-29,,,,0,1,,
2131,VLXl^E79ZkSKMUuQ3gDa!NiC4,0074.SPBJ/PR.103/BA010400/2024,PENGADAAN SPAREPART KEBUTUHAN PEMULIHAN AUXILIARY ENGINE,2024-11-05,12,4,255,kesepakatan,"1,3,4,6,9,16,18,19,24",0,,full,,,,inv2,2025-10-22,,,2024-11-05,,,,,,,,fifi,2025-10-22,,0,1,,,2025,paid,,,,,,0,1,,
2132,XjqkP$Ko1O2Uvh!TRzCFH0Mp^,2549.SPK/BA.202/BA010102/2025,RUNNING STORE DECK,2025-10-22,104,3,7,kesepakatan,"2,3,4,5,7,8,16",0,,full,,,,,,,proc,,,,log.2052,,,,,fifi,2025-10-22,,0,2,,,,paid,,2025-12-23,,,,0,1,Barang sudah dikirim ke kapal,2025-10-31
2133,tTQ@vbN3^Iyu970R!2ar4d1xE,2574.SPK/BA.101/BA010102/2025,PENGADAAN KEKURANGAN PART (FACT FINDING) OVERHAUL GOVERNOR AE,2025-10-22,93,1,10,onboard,"1,2,3,5,8",0,,full,,,,,,,proc,,,,,,,,,fifi,2025-10-22,,0,1,,,,,,,,,,0,1,,
2134,7vPTdf^3yqCU*$LFJxsjZ@RVD,2555.SP-K/BA.17/BA010102/2025,PENGADAAN CONSUMABLE OKTOBER,2025-10-20,100,23,5,kesepakatan,"5,7,10,16",0,,full,,,,,,,proc,,,,,,,,,fifi,2025-10-22,,0,2,,,,paid,,2025-12-24,,,,0,1,,
2135,V$uSc2ohq8p6LZkeGQKvY7RDU,2547.SPK/BA.302/BA010102/2025,PENGADAAN RUBBER HATCH COVER (REPEAT ORDER),2025-10-20,84,1,4,onboard,"2,3,4,5,7,8,16",0,,full,,,,,,,,,,,,,,,,fifi,2025-10-23,,0,3,,,,paid,,2025-12-29,,,,0,1,,
2136,OJ$aUmuCTn2tZX47!KyqBl*IF,2523.SPK/BA.302/BA010102/2025,PENGADAAN CRANKPIN BEARING DAN MAIN BEARING AUXILIARY ENGINE,2025-10-20,11,1,30,kesepakatan,"2,3,4,5,8,16,17",0,,full,,,,,,,proc,,,,,,,,,fifi,2025-10-23,,0,3,,,,paid,,2025-12-29,,,,0,1,Barang sudah dikirim,2025-10-31
2137,YHa0EsPTIRxz7^$Fk*3W98GXt,2552.SPK/BA.17/BA010102/2025,WIRE LUFFING DECK CRANE,2025-10-22,35,3,2,kesepakatan,"2,3,4,5,7,8,14,15,16",0,,full,,,,,,,proc,,,,,,,,,fifi,2025-10-23,,0,2,,,,paid,,2026-03-12,,,,0,1,,
2138,oux$naW7UGeNrjQXpHqw1BFt8,0082.SPBJ/PR.103/BA010400/2025,PENGADAAN SPAREPART POMPA (DOCKING),2025-07-15,17,20,35,kesepakatan,"1,3,4,5,10,16,18,19,24",0,,full,,,,,2025-10-25,,,,,,,,,,,fifi,2025-10-24,,0,1,,,2025,paid,,2025-12-29,,,,0,1,,
2139,HB9I1PXmTxJhSKkg^DcL3W6s$,2254.SPK/PR.202/BA010102/2025,REPAIR & SERVICE TURBOCHARGER OF AUXILIARY ENGINE NO 2,2025-08-26,57,2,16,kesepakatan,"2,3,4,5,7,8,10,16",0,,full,,,,inv2,2026-01-22,,,2025-08-26,,,,,,,,fifi,2025-10-24,,0,2,,,,paid,,2025-12-17,,,,0,1,,
2140,vkDpNHAmJ0jK9f85rG$4b1cwT,0013.SPBJ/PR.103/BA010400/2025,Pengadaan Jasa Overhaul Auxiliary Engine Saat Docking MV Latifah Baruna,2025-01-31,11,20,10,onboard,"1,3,4,5,6,8,16",0,,full,,,,inv2,2025-10-25,,,2025-01-31,,,,,,,,admin,2025-10-25,,0,1,,,2025,paid,,,,,,1,1,,
2141,v1UuPYqLF!gzRHST07ionhdJe,1440.Pj/SP.605/BA010400/2024 (2206),PEMBANGUNAN 2 (DUA) SET TUG & BARGE 330 FT,2024-12-27,109,0,330,jakarta,"1,2,3,4,24",0,,full,,,,inv2.6,2025-11-17,,,,,,,,,,,fifi,2025-10-27,,0,1,,,,,,,,,,7,6,,
2142,ZJE41S7q2kcRImBD^XVG6Q5rg,1402.Pj/BA.101/BA010400/2024,PENGADAAN JASA DOCKING REPAIR KM MEUTIA BARUNA,2024-12-18,91,17,45,onboard,"1,2,3,5",0,,full,,,,,,,,,,,,,,,,fifi,2025-10-27,,0,1,,,2025,,,,,,,4,4,,
2143,dSA8h9*o6ELNepI5WnJ!TD1$B,1440.Pj/SP.605/BA010400/2024 (2207),PEMBANGUNAN 2 (DUA) SET TUG & BARGE 330 FT,2024-12-27,109,0,330,onboard,"1,2,3,4,24",0,,full,,,,inv2.6,2025-11-17,,,,,,,,,,,fifi,2025-10-27,,0,1,,,,,,,,,,7,6,,
2144,OqylsgFXev$brC^Dwt8@VhU16,2586.SPK/BA.302/BA010102/2025,SOLENOID VALVE,2025-10-24,104,3,5,kesepakatan,"4,5,7,8,10,16",0,,full,,,,,,,proc,,,,log.2052,,,,,fifi,2025-10-28,,0,2,,,,paid,,2025-12-29,,,,0,1,Barang sudah dikirim ke kapal,2025-10-31
2145,S@JQg^GOFHipwVkauC4X*Phj5,2585.SPK/BA.302/BA010102/2025,AIR REDUCER VALVE FOR MAIN ENGINE,2025-10-24,17,3,12,kesepakatan,"2,3,4,5,7,8,10,16,18",0,,full,,,,,,,proc,,,,,,,,,fifi,2025-10-28,,0,2,,,,paid,,2025-12-29,,,,0,1,,
2146,NziyjohlSRMBrDgA5weTH60KP,2584.SPK/BA.7/BA010102/2025,JASA UNDER WATER SURVEY,2025-10-24,71,6,30,onboard,"1,2,3,4,6,8,16",0,,full,,,,,,,proc,,,,,,,,,fifi,2025-10-28,,0,1,,,,paid,,2026-02-11,,,,0,1,,
2147,HyU9D3!Gx5*$PdN82qaJMimKL,C.1034/PR.103/DIV.RENDALHAR-2025,JASA TRANSPORTASI DAN AKOMODASI,2025-05-27,94,4,7,kesepakatan,"2,3,4,5,8,16",0,,full,,,,,,,proc,,,,,,,,,fifi,2025-10-28,non-reimburse,0,4,,,,,,,,,,0,1,,
2148,H8!tfcnZDLPpJWCxuGzE94F7T,0109.SPBJ/PR.103/BA010400/2025,PENGADAAN SPAREPART AUXILIARY ENGINE GOVERRNOR,2025-09-30,30,17,50,kesepakatan,"1,3,4,5,16,19,24",0,,full,,,,,,,,,,,,,,,,fifi,2025-10-28,,0,1,,,,paid,,2025-11-28,,,,0,1,,
2149,e7zaFtXZxg92dwj^*mvn4VYsL,0043.SPBJ/PR.103/BA010400/2025,PENGADAAN SPAREPARTS MAIN ENGINE COM,2025-04-25,16,21,30,kesepakatan,"1,3,4,6,9,16,18,19,24",0,,full,,,,,,,,,,,,,,,,fifi,2025-10-28,,0,1,,,,paid,,2025-12-23,,,,0,1,,
2150,HAQbjSE^GiY15gq2urXfpkx43,0089.SPBJ/PR.103/BA010400/2025,PENGADAAN SPAREPART MAIN ENGINE & AUXILIARY ENGINE,2025-08-07,16,21,60,kesepakatan,"1,3,4,6,9,16,18,19,24",0,,full,,,,,,,,,,,,,,,,fifi,2025-10-29,,0,1,,,2025,paid,,2025-12-23,,,,0,1,,
2151,3ZqmA7vghYo4LMVnHu0Fx@1jG,2541..SPK/BA.302/BA010102/2025,OVERHAUL CYLINDER HYDRAULIC TELESCOPIC PALKA NO 1,2025-10-16,63,2,25,kesepakatan,"2,3,4,5,7,8,16",0,,full,,,,,,,proc,,,,,,,,,fifi,2025-10-30,,0,2,,,,paid,,2025-12-29,,,,0,1,,
2152,BkVcpq!YO1wbN5*aARUmrieWj,2557.SPK/BA.17/BA010102/2025,PENGADAAN SNUB PULLEY FOR TUNNEL UNLOADER CONVEYOR,2025-10-21,11,5,40,kesepakatan,"2,3,4,5,7,8,16",0,,full,,,,,,,proc,,,,,,,,,fifi,2025-10-30,,0,2,,,,paid,,2026-02-06,,,,0,1,Barang masih diproduksi,2025-10-31
2153,ai4H@LcUb0e3*tM^QRkojqGnl,2558.SPK/BA.17/BA010102/2025,PENGADAAN ROLLER OF TRANSFER P&S UNLOADER CONVEYOR,2025-10-21,11,5,45,kesepakatan,"2,3,4,5,7,8,16",0,,full,,,,,,,proc,,,,,,,,,fifi,2025-10-30,,0,2,,,,paid,,2026-02-06,,,,0,1,Barang masih diproduksi,2025-10-31
2154,Jzr032o71CgSp@DB*5QN$qM4E,2543SPK/BA.17/BA010102/2025,PENGADAAN PRESSURE SWITCH & HIGH WATER BILGE ALARM SENSOR,2025-10-16,68,5,35,kesepakatan,"2,3,4,5,7,8,9,11,16",0,,full,,,,,,,proc,,,,,,,,,fifi,2025-10-30,,0,2,,,,paid,,2025-12-24,,,,0,1,"Barang masih indent, 09 nov siap kirim",2025-10-31
2155,pHvR^IOCJYEQsP7cKMeDVBo65,2593.SPK/BA.302/BA010102/2025,PENGADAAN THERMOSTAT SCAVING FIRE ALARM OF MAIN ENGINE,2025-10-27,36,2,7,kesepakatan,"2,3,4,5,7,8,16",0,,full,,,,inv2,2025-12-04,,proc,2025-10-27,,,,,,,,fifi,2025-10-30,,0,2,,,,paid,,2025-12-19,,,,0,1,,
2156,8oK2n1equfQJwC@ivzB!3txra,2542.SPK/BA.202/BA010102/2025,PENGADAAN STORE ENGINE,2025-10-16,100,5,10,kesepakatan,"2,3,4,5,7,8,16",0,,full,,,,,,,proc,,,,,,,,,fifi,2025-10-30,,3445,2,,,,paid,,2026-01-23,,,,0,1,,
2157,chXOw^!pqetETrW4IHig1zl*9,2572.SPK/BA.302/BA010102/2025,PENGADAAN PARTS FILTER ELEMENT OF MAIN ENGINE (MITSUBISHI S6R2-T2MTK3L),2025-10-22,11,34,10,kesepakatan,"2,3,4,5,7,8,16",0,,full,,,,,,,proc,,,,,,,,,fifi,2025-10-30,,0,2,,,,,,,,,,0,1,Barang sudah siap dari tanggal 23 oktober,2025-10-31
2158,uzo1BW^O7isRN$A5GHnQhEZ@C,2595.SPK/PR.202/BA010102/2025,JASA PENGGANTIAN CONVEYOR BELT TRANSFER P&S,2025-10-28,60,5,8,kesepakatan,"2,3,4,5,7,8,16",0,,full,,,,,,,proc,,,,,,,,,fifi,2025-10-30,,0,2,,,,paid,,2025-12-29,,,,0,1,,
2159,1qZSyFnHiGarxvpmIECRu8dKo,2539.SPK/PR.202/BA010102/2025,PENGADAAN DECK TOOL,2025-10-16,104,31,12,kesepakatan,"2,3,4,5,7,8,16",0,,full,,,,,,,proc,,,,,,,,,fifi,2025-10-30,,3143,2,,,,paid,,2025-12-29,,,,0,1,"Barang sudah ready, tinggal kirim",2025-10-31
2160,WHue*xs8gZq3UELo0Ahi29K4C,2556.SPK/BA.17/BA010102/2025,JASA SETTING & ASSEMBLY GEARBOX BOOM CONVEYOR (KANAN),2025-10-20,17,4,25,onboard,"2,3,4,5,7,8,16",0,,full,,,,,,,proc,,,,,,,,,fifi,2025-10-30,,0,2,,,,paid,,2025-12-29,,,,0,1,,
2161,C2duacfmqoDWly$hFGEwJk67b,"2544,SPK/BA.17/BA010102/2025",PENGADAAN WIRE PROVISION & VALVE HYDRANT FOR DECK,2025-10-16,100,5,16,kesepakatan,"2,3,4,5,7,8,16",0,,full,,,,,,,proc,,,,,,,,,fifi,2025-10-30,linked,4444,2,,,,paid,,2026-01-23,,,,0,1,,
2162,OJxIqgHoS9XKa54A0NQ8b2uz@,"0052,SPBJ/BA.301/BA010400/2025",PENGADAAN SPAREPARTS CONROD & CROSSHEAD BEARING ME,2025-05-14,130,32,170,kesepakatan,"1,3,4,5,9,16,18,19,24",0,,,,,,,,,,,,,,,,,,fifi,2025-10-30,,0,1,,,,,,,,,,0,0,,
2163,86qK3Ybfzgk^4dOAhrvWu9cZB,0100.SPBJ/PR.103/BA010400/2025,PENGADAAN ACCOMODATION LADDER (DOCKING),2025-09-03,133,1,60,kesepakatan,"1,3,4,5,16,18,19,24",0,,full,,,,inv2,2025-11-28,,,,,,,,,,,fifi,2025-10-30,,0,1,,,,paid,,2025-12-23,,,,0,1,,
2164,2NlUOHshz087BuLJFgvfDXbTt,2098.SPK/BA.404/BA010102/2025,PERPANJANGAN WEB SERVICES FMS 3 UNIT KAPAL,2025-08-07,131,17,5,kesepakatan,"2,3,4,5,8,16",0,,full,,,,,,,,,,,,,,,,fifi,2025-10-30,non-reimburse,0,3,,,,,,,,,,4,4,,
2165,arh$jtz!NCxIJQk6o3EYvliGP,2559.SPK/PR.202/BA010102/2025,PENGADAAN JASA PERBAIKAN BOILER,2025-10-28,135,16,10,kesepakatan,"2,3,4,5,7,8,16",0,,full,,,,,,,proc,,,,,,,,,fifi,2025-10-31,,0,2,,,,paid,,2026-02-20,,,,0,1,,
2166,kZI@Qr*Sw8mjd5HPU4KbfnuF2,2577.SPK/BA.17/BA010102/2025,PENGADAAN MESIN CUCI,2025-10-24,104,20,3,kesepakatan,"2,3,4,5,7,8,16",0,,full,,,,,,,proc,,,,,,,,,fifi,2025-10-31,,3252,2,,,,paid,,2025-12-24,,,,0,1,,
2167,Jz5iq8GumWerDpPORdIolVQwH,2553.SPK/BA.302/BA010102/2025,PENGADAAN SPAREPARTS CYLINDER HEAD,2025-10-24,17,4,35,kesepakatan,"2,3,4,5,7,8,16",0,,full,,,,,,,proc,,,,,,,,,fifi,2025-10-31,,0,2,,,,paid,,2026-02-19,,,,0,1,,
2168,ye0BgU5EM76jcFPX3CZaLpfoq,2561.SPK/BA.302/BA010102/2025,PENGADAAN FUEL INJECTION VALVE,2025-10-21,17,4,45,kesepakatan,"2,3,4,5,7,8,16",0,,full,,,,,,,proc,,,,,,,,,fifi,2025-10-31,,0,2,,,,paid,,2026-02-04,,,,0,1,,
2169,UimI$qEucJyhaedS0gYov*!KP,2565.SPK/BA.202/BA010102/2025,PENGADAAN SCALLER,2025-10-22,100,4,5,kesepakatan,"2,3,4,5,7,8,16",0,,full,,,,,,,proc,,,,,,,,,fifi,2025-10-31,,0,2,,,,,,,,,,0,1,,
2170,HICyiZY1!kv4sFWPjq6RLnOGm,2562.SPK/BA.17/BA010102/2025,PENGADAAN DECK TOOLS,2025-10-22,113,4,7,kesepakatan,"2,3,4,5,7,8,16",0,,full,,,,,,,proc,,,,,,,,,fifi,2025-10-31,,0,2,,,,paid,,2026-02-11,,,,0,1,,
2171,FLH7TNmshWujCydKJc*!kZXtI,2560.SPK/BA.302/BA010102/2025,PENGADAAN SPAREPARTS MAIN ENGINE (COO),2025-10-21,17,4,45,kesepakatan,"2,3,4,5,7,8,16",0,,full,,,,,,,proc,,,,,,,,,fifi,2025-10-31,,0,2,,,,paid,,2026-02-06,,,,0,1,,
2172,@DmMX5sPN4R*6dFbgCeauYnqU,2564.SPK/BA.17/BA010102/2025,PENGADAAN DECK RUNNING STORE,2025-10-22,2,4,10,kesepakatan,"2,3,4,5,7,8,16",0,,full,,,,,,,proc,,,,,,,,,fifi,2025-10-31,,3444,2,,,,paid,,2025-12-29,,,,0,1,,
2173,caFq3l*nYzK4BeLEsdTOQkmvJ,2612.SPK/PR.202/BA010102/2025,PEKERJAAN ASSESMENT PDM KAPAL MV. MALAHAYATI BARUNA,2025-11-03,74,2,15,onboard,"2,4,5,8,16,22",0,,full,,,,,,,proc,,,,,,,,,fifi,2025-11-04,,0,2,,,,paid,,2026-02-19,,,,0,1,,
2174,qjJrSpVQfxhazRibWo1kHU5!6,2579.SPK/BA.302/BA010102/2025,PENGADAAN PARTS FILTER ELEMENT OF AUXILIARY ENGINE (YANMAR 4TNV106T-GGE),2025-10-23,110,34,10,kesepakatan,"2,3,4,5,7,8,16",0,,full,,,,,,,proc,,,,,,,,,fifi,2025-11-04,,0,2,,,,paid,,2025-12-29,,,,0,1,,
2175,@fJXHKTGCY27n5hASyDixI*EQ,2609.SPK/BA.101/BA010102/2025,PENGADAAN RANTAI JANGKAR & AKSESORIS,2025-10-31,31,15,2,onboard,"2,3,4,5,7,8,16",0,,full,,,,,,,proc,,,,,,,,,fifi,2025-11-04,,0,3,,,,paid,,2025-12-29,,,,0,1,,
2176,*T^MzBt!aKc0d3YF@f2xrDCLe,0103.SPBJ/PR.103/BA010400/2025,PENGADAAN UNIT TURBOCHARGER,2025-09-23,17,17,10,kesepakatan,"1,3,4,6,10,18,19,24",0,,full,,,,,,,,,,,,,,,,fifi,2025-11-05,,0,1,,,,paid,,2025-12-29,,,,0,1,,
2177,c1WEHoy5unMKb3z7YQ8B*Axw$,0108.SPBJ/BA.301/BA010400/2025,PENGADAAN SPAREPART MAIN ENGINE MAN STX 5S50MC-C7 (COO),2025-09-25,37,17,10,kesepakatan,"1,3,4,6,10,16,18,19,24",0,,full,,,,,,,,,,,,,,,,fifi,2025-11-05,,0,1,,,,paid,,2025-12-29,,,,0,1,,
2178,^AtWDX3FpCx8w4uq9NLHj6*oa,2616.SPK/BA.17/BA010102/2025,PENGADAAN MOORING EQUIPMENT,2025-11-03,31,20,3,kesepakatan,"2,3,4,5,7,8,14,16",0,,full,,,,,,,proc,,,,,,,,,fifi,2025-11-05,,3265,2,,,,paid,,2025-12-24,,,,0,1,,
2179,$0kU7uAPMn2@I1bsL!h*GdKEp,2615.SPK/BA.202/BA010102/2025,PENGADAAN REPEAT ORDER CHAIN DRUM,2025-11-03,2,20,10,kesepakatan,"4,5,7,8,13,16,22",0,,full,,,,,,,proc,,,,,,,,,fifi,2025-11-05,,0,2,,,,paid,,2025-12-29,,,,0,1,,
2180,jzdBrE*!5VWgoiU2vpmZNscqI,2630.SPK/BA.302/BA010102/2025,ELECTROMOTOR FOR F.D BOILER,2025-11-03,30,3,30,kesepakatan,"2,3,4,5,7,8,16",0,,full,,,,,,,proc,,,,,,,,,fifi,2025-11-05,,0,2,,,,paid,,2025-12-29,,,,0,1,,
2181,HLq3ixP@YalIv$pdKOm5nM2W6,2629.SPK/BA.302/BA010102/2025,HYDRAULIC VALVE TRANSMITTER FOR BALLAST VALVE,2025-11-03,17,3,25,kesepakatan,"2,3,4,5,7,8,16,18",0,,full,,,,,,,proc,,,,,,,,,fifi,2025-11-05,,0,2,,,,,,,,,,0,1,,
2182,3XqNpz7aU*J^K@yFbvwoCkDSO,2614.SPK/BA.17/BA010102/2025,PENGADAAN REPEAT ORDER WIRE BRUSH,2025-11-03,100,20,3,kesepakatan,"2,3,4,5,7,8,16",0,,full,,,,,,,proc,,,,,,,,,fifi,2025-11-05,,0,2,,,,paid,,2025-12-29,,,,0,1,,
2183,q7$kpOdDVl9WmY81SC^snIKJ0,2611.SPK/BA.202/BA010102/2025,PENGADAAN WIRE GRAB,2025-11-03,35,20,10,kesepakatan,"2,3,4,5,7,8,14,16",0,,full,,,,,,,proc,,,,,,,,,fifi,2025-11-05,,0,2,,,,paid,,2025-12-29,,,,0,1,,
2184,wRGOr3aNgITD^!u2ZULoyEvdp,2628.SPK/BA.302/BA010102/2025,PENGADAAN DEFLECTOR RING FO DAN LO PURIFIER (COM),2025-11-03,68,20,55,kesepakatan,"2,3,4,5,7,8,9,16",0,,full,,,,,,,proc,,,,,,,,,fifi,2025-11-05,,0,2,,,,paid,,2026-02-02,,,,0,1,,
2185,$Q@vREMj^LifHKbD3Al*eTpyu,2605.SPK/BA.302/BA010102/2025,PENGADAAN CYLINDER LINER AUXILIARY ENGINE (COO),2025-10-31,17,4,35,kesepakatan,"2,3,4,5,7,8,10,16",0,,full,,,,,,,proc,,,,,,,,,fifi,2025-11-05,,0,2,,,,paid,,2025-12-29,,,,0,1,,
2186,orQ*uVxBO1N!iKcjCXYSFvewU,2613.SPK/BA.202/BA010102/2025,PENGADAAN BEARING ENGINE,2025-11-03,100,20,3,kesepakatan,"2,3,4,5,7,8,16",0,,full,,,,,,,proc,,,,,,,,,fifi,2025-11-05,,0,2,,,,paid,,2025-12-29,,,,0,1,,
2187,JYXNrG03bi4xaeAZnRDHuj!Il,2606.SPK/BA.302/BA010102/2025,PENGADAAN ROCKER ARM MAIN ENGINE (COO),2025-10-31,17,4,45,kesepakatan,"2,3,4,5,7,8,16",0,,full,,,,,,,proc,,,,,,,,,fifi,2025-11-05,,0,2,,,,,,,,,,0,1,,
2188,adn!MCIE*rFPG@bjOYw7JVA0S,2607.SPK/BA.302/BA010102/2025,PENGADAAN BARANG VALVE MAIN AIR COMPRESSOR,2025-10-31,17,7,7,kesepakatan,"2,3,4,5,8,10,16,23",0,,full,,,,,,,proc,,,,,,,,,fifi,2025-11-05,,0,2,,,,paid,,2025-12-29,,,,0,1,,
2189,49L@^CcSEskofVMqZjhv5P$R*,2255.SPK/BA.17/BA010102/2025,FABRIKASI & SUPPLY CHAIN COUPLING FOR HOISTING PUMP,2025-08-26,43,2,16,kesepakatan,"2,3,4,5,7,8,16",0,,full,,,,,,,,,,,,,,,,fifi,2025-11-10,,0,2,,,,paid,,2025-12-29,,,,0,1,,
2190,Tt*YNC4@ecw3s$HfxZPUW!K69,2619.SPK/BA.202/BA010102/2025,(REPEAT ORDER) PENGADAAN CABLE GRAB,2025-11-03,111,2,9,kesepakatan,"2,3,4,5,7,8,16",0,,full,,,,,,,proc,,,,,,,,,fifi,2025-11-10,,0,2,,,,paid,,2025-12-29,,,,0,1,,
2191,*Th2J6HRzXCfGd!wEptqi^0Qx,2001.Pj/PR.103/BA010400/2025,PEKERJAAN JASA DOCKING REPAIR KM. KARTINI BARUNA,2025-09-25,88,1,60,onboard,"1,2,3,5",0,,full,,,,,,,,,,,,,,,,fifi,2025-11-10,non-reimburse,0,1,,,,,,,,,,4,2,,
2192,OGRh$YuVNa9vJ5mbf!tCgX@pE,0119.SPBJ/PR.103/BA010400/2025,PENGADAAN SPAREPARTS MAIN ENGINE,2025-10-27,17,14,2,kesepakatan,"1,3,4,6,10,18,19,24",0,,full,,,,,,,,,,,,,,,,fifi,2025-11-11,,0,1,,,2025,paid,,2025-12-29,,,,0,1,,
2193,WmQ0jnftcH@1AYTseBSlJruwi,0050.SPBJ/BA.301/BA010400/2025,PENGADAAN SPAREPARTS HYDRAULIC CONTROL CPP  TYPE 638 XLR-110EP,2025-05-09,90,4,210,kesepakatan,"1,3,4,5,9,16,18,19,24",0,,full,,,,,,,,,,,,,,,,fifi,2025-11-11,,0,1,,,,paid,,2025-12-17,,,,0,1,,
2194,p8vAxiesSkT!G@Y4Dt2j$EH36,2645.SPK/BA.202/BA010102/2025,MOORING EQUIPMENT,2025-11-10,31,38,3,kesepakatan,"2,3,4,5,7,8,16",0,,full,,,,,,,proc,,,,,,,,,fifi,2025-11-11,,0,2,,,,paid,,2025-12-24,,,,0,1,,
2195,W9cued6fawpn*JOVNqGLoEs8j,2644.SPK/BA.202/BA010102/2025,PENGADAAN RUNNING STORE CAT,2025-11-05,13,16,14,kesepakatan,"2,3,4,5,7,8,16",0,,full,,,,,,,proc,,,,,,,,,fifi,2025-11-12,,0,2,,,,paid,,2025-12-29,,,,0,1,,
2196,ySTkqL5oaQn$7^4JB0be2GCcN,0114.SPBJ/PR.103/BA010400/2025,PENGAADAN JASA PENGURUSAN REFLAGGING DAN PIB KAPAL BUKAN BARU EKS MV. STELLAR ARAGVI,2025-10-14,139,0,30,onboard,"2,3,4,5,7,8,16",0,,full,,,,inv2.1,2025-11-13,,,,,,,,,,,fifi,2025-11-13,,0,1,,,,,,,,,,2,2,,
2197,n308YhyujHG@$S1vzOxBMWi7R,0115.SPBJ/PR.103/BA010400/2025,Pengadaan Material Cat Kebutuhan Docking TB Srikandi Baruna 2402 dan Baruna Power 3302,2025-10-15,142,14,1,onboard,"1,3,4,5,8,19,24",0,,full,,,,,,,,,,,,,,,,admin,2025-11-13,,0,1,,,2025,paid,,2025-12-23,,,,0,1,,
2198,07GWnXkOlQypSdxLJMcVeIhmu,2652.SPK/BA.302/BA010102/2025,PENGADAAN PULLEY TAIL TERMINAL OF CONVEYOR TRANSFER KANAN KIRI,2025-11-12,52,5,20,kesepakatan,"2,3,4,5,7,8,16",0,,full,,,,,,,proc,,,,,,,,,fifi,2025-11-14,,0,2,,,,,,,,,,0,1,,
2199,H$W3A9mn!egi@IdLCxG*Npv5Z,2589.SPK/BA.302/BA010102/2025,PENGADAAN UNIT POWER MODULE RECTIFIER BWTS ERMA FIRST,2025-10-24,128,17,85,kesepakatan,"2,3,4,5,7,8,16",0,,,,,,,,,proc,,,,,,,,,fifi,2025-11-14,,0,2,,,,,,,,,,0,0,,
2200,7zc!KdZykih5WXxSPeVCu1wnG,2620.SPK/PR.202/BA010102/2025,FABRIKASI & SUPPLY STEM SEAL VALVE (VITON) OF AUXILIARY ENGINE,2025-11-03,36,4,10,kesepakatan,"2,3,4,5,7,8,16",0,,full,,,,inv2,2025-12-04,,proc,2025-11-03,,,,,,,,fifi,2025-11-14,,0,2,,,,paid,,2025-12-29,,,,0,1,,
2201,3finzPjXlM2EbqDrTBAKYoyhS,2601.SPK/PR.202/BA010102/2025,MACHING GEAR COUPLING OF OUTPUT GEARBOX MAIN DRIVE KANAN,2025-10-29,36,4,7,kesepakatan,"2,3,4,5,7,8,16",0,,full,,,,,,,proc,,,,,,,,,fifi,2025-11-14,,0,2,,,,paid,,2025-12-19,,,,0,1,,
2202,Y^N9J!3d5KrCmW$UG8vh4Ib*L,2633.SPK/PR.202/BA010102/2025,REKOMENDASI & FABRIKASI RUBBER SPIROFLEX OF OUTPUT MAIN ENGINE KIRI,2025-11-04,63,4,35,kesepakatan,"2,3,4,5,7,8,16",0,,full,,,,,,,proc,,,,,,,,,fifi,2025-11-14,,0,2,,,,paid,,2026-02-04,,,,0,1,,
2203,FONMb0wmYkSspucARrtB*LiDa,2600.SPK/BA.302/BA010102/2025,PENGADAAN GEAR COUPLING OF OUTPUT GEARBOX MAIN DRIVE KANAN,2025-10-29,11,4,7,kesepakatan,"2,3,4,5,7,8,16",0,,full,,,,,,,proc,,,,,,,,,fifi,2025-11-14,,0,2,,,,paid,,2026-02-06,,,,0,1,,
2204,N7B2EJ4ufcT0atWlZQMP$R8D*,2571.SPK/BA.202/BA010102/2025,PENGADAAN JASA BONGKAR & PASANG ROLLER BOOM CRANE NO 4,2025-10-22,52,32,7,kesepakatan,"2,3,4,5,7,8,16",0,,full,,,,,,,proc,,,,,,,,,fifi,2025-11-14,,0,2,,,,paid,,2025-12-29,,,,0,1,,
2205,AosO04F2rT6wJVGyfUSc1Ed3B,2591.SPK/PR.2O2/BA010102/2025,PENGADAAN JASA TROUBLESHOOTING BWTS,2025-10-27,128,32,7,onboard,"2,3,4,5,8,16",0,,full,,,,,,,proc,,,,,,,,,fifi,2025-11-14,,0,2,,,,paid,,2025-12-29,,,,0,1,,
2206,vs!TVe*GxFbwW5mCHuSBf^LE8,2587.SPK/BA.17/BA010102/2025,PENGADAAN JASA FABRIKASI SHAFT & PINION GEAR WINCH,2025-10-24,43,15,9,kesepakatan,"2,3,4,5,7,8,16",0,,full,,,,,,,proc,,,,,,,,,fifi,2025-11-14,,0,2,,,,paid,,2026-02-11,,,,0,1,,
2207,bhHgyZFz*nfVULoTcDxtB8pdW,2625.SPK/PR.202/BA010102/2025,FABRIKASI HYDRAULIC JACK TELESCOPIC HATCH COVER,2025-11-03,43,4,12,kesepakatan,"2,3,4,5,7,8,16",0,,full,,,,,,,proc,,,,,,,,,fifi,2025-11-14,,0,2,,,,paid,,2026-02-11,,,,0,1,,
2208,b^PZ$y2u3TFd46won!iHCApVR,2667.SPK/BA.17/BA010102/2025,PENGADAAN BARANG BEARING RODA HATCH COVER,2025-11-13,113,7,5,kesepakatan,"2,3,4,5,8,16",0,,,,,,,,,,,,,,,,,,fifi,2025-11-14,non-reimburse,0,2,,,,,,,,,,0,0,,
2209,$jRqLWfyB0u8Y!P@irxMDndH6,2568.SPK/BA.302/BA010102/2025,PENGADAAN SPAREPARTS AE LO PUMP,2025-11-03,30,32,45,kesepakatan,"2,3,4,5,7,8,10,16",0,,full,,,,,,,proc,,,,,,,,,fifi,2025-11-14,,0,2,,,,paid,,2026-02-11,,,,0,1,,
2210,zHomOTiuXjMZn5dgp9ECQAYf2,2646.SPK/BA.302/BA010102/2025,PENGADAAN SPAREPARTS INTAKE DAN EXHAUST VALVE MAIN ENGINE,2025-11-10,17,4,45,kesepakatan,"2,3,4,5,7,8,16",0,,full,,,,,,,proc,,,,,,,,,fifi,2025-11-14,,0,2,,,,paid,,2026-02-04,,,,0,1,,
2211,Hf2B$IDswxA4rMkLvjWq38zeG,2569.SPK/BA.302/BA010102/2025,PENGADAAN SPAREPARTS AE ZJMD MAN B&W 6L23/30H,2025-11-07,30,32,45,kesepakatan,"2,3,4,5,7,8,10,16",0,,full,,,,,,,proc,,,,,,,,,fifi,2025-11-14,,0,2,,,,paid,,0206-02-11,,,,0,1,,
2212,ryVDA72@og*xROP^v$69aFY04,2570.SPK/BA.302/BA010102/2025,PENGADAAN SPAREPARTS AE ZJMD MAN B&W 6L23/30H,2025-10-24,30,32,45,kesepakatan,"2,3,4,5,7,8,10,16",0,,full,,,,,,,proc,,,,,,,,,fifi,2025-11-14,,0,2,,,,paid,,2026-02-04,,,,0,1,,
2213,IKceFWisZND@pgk4XMU^6vzlq,2588.SPK/BA.302/BA010102/2025,PENGADAAN SPAREPARTS BWTS ERMA FIRST,2025-10-24,128,17,85,kesepakatan,"2,3,4,5,7,8,16",0,,,,,,,,,proc,,,,,,,,,fifi,2025-11-14,,0,2,,,,,,,,,,0,0,,
2214,QMz@UTA1cOYnkpoXgBustdI4f,2566.SPK/BA.302/BA010102/2025,PENGADAAN SPAREPARTS AE ZJMD MAN B&W 6L23/30H,2025-10-27,30,32,45,kesepakatan,"2,3,4,5,7,8,9,13,16",0,,full,,,,,,,proc,,,,,,,,,fifi,2025-11-14,,0,2,,,,paid,,2025-12-29,,,,0,1,,
2215,a8HDKoUbjCMtSBzigI6$crvAh,2649.SPK/BA.302/BA010102/2025,PENGADAAN SPAREPARTS FO PURIFIER (COO),2025-11-11,17,20,15,kesepakatan,"2,3,4,5,7,8,10,16",0,,full,,,,,,,proc,,,,,,,,,fifi,2025-11-14,,0,2,,,,paid,,2026-02-19,,,,0,1,,
2216,xjrHQMXwZEy@bahdO3$Y*UD89,2604.SPK/BA.202/BA.010102/2025,PENGADAAN COMPUTER SET,2025-11-12,84,38,2,onboard,"2,3,4,5,7,8,16",0,,full,,,,,,,proc,,,,,,,,,fifi,2025-11-14,,0,2,,,,paid,,2025-12-24,,,,0,1,,
2217,xiE4YG$6nOZUaNXhwovlTtRLS,2567.SPK/BA.302/BA010102/2025,PENGADAAN SPAREPARTS AUXILIARY ENGINE ZJMD MAN B&W 6L23/30H,2025-10-22,30,32,45,kesepakatan,"2,3,4,5,7,8,9,13,16",0,,full,,,,,,,,,,,,,,,,fifi,2025-11-14,,0,2,,,,paid,,2026-03-06,,,,0,1,,
2218,U$rPWXz7MeR5OLYTnE^CF*igb,2654.SPK/PR.202/BA010102/2025,PENGADAAN JASA PERBAIKAN DECK UTILITY,2025-11-12,58,7,7,kesepakatan,"2,3,4,5,7,8,16",0,,full,,,,,,,proc,,,,,,,,,fifi,2025-11-14,,0,2,,,,paid,,2025-12-29,,,,0,1,,
2219,9HXN1PTqfYyz*wLGR4Av$3ShF,2575.SPK/BA.17/BA010102/2025,PENGADAAN MATERIAL CAT,2025-10-23,51,36,7,kesepakatan,"2,3,4,5,7,8,16",0,,,,,,,,,proc,,,,,,,,,fifi,2025-11-14,,0,2,,,,,,,,,,0,0,,
2220,64GCozA8QWb!HhmUFt5*@xkK2,2578.SPK/BA.302/BA010102/2025,PENGADAAN SPAREPARTS COMPRESSOR MATSUBARA MH-108,2025-10-24,17,17,12,kesepakatan,"2,3,4,5,7,8,16",0,,full,,,,,,,proc,,,,,,,,,fifi,2025-11-14,,0,2,,,,paid,,2026-01-29,,,,0,1,,
2221,M1FkH8d@ScGwDtoVgOeXbBEv3,"2640,SPK/BA.202/BA010102/2025",RUNNING STORE DECK & GALLEY,2025-11-12,2,38,5,kesepakatan,"2,3,4,5,7,8,16,18",0,,full,,,,,,,proc,,,,log.2223,,,,,fifi,2025-11-14,,0,2,,,,paid,,2025-12-23,,,,0,1,,
2222,feS@WTORBkHgM6NDjoKz895q1,2580.SPK/BA.302/BA010102/2025,"PENGADAAN SPAREPART HOT WATER CIRCULATION, BILGE & GS PUMP",2025-10-24,17,32,25,kesepakatan,"2,3,4,5,7,8,16",0,,full,,,,,,,proc,,,,,,,,,fifi,2025-11-14,,0,2,,,,,,,,,,0,1,,
2223,y@QSM8ECxIhjlU5w9kf^WnDOv,2641.SPK/BA.202/BA010102/2025,RUNNING STORE ENGINE,2025-11-12,2,38,7,kesepakatan,"2,3,4,5,7,8,16,18",0,,full,,,,,,,proc,,,,log,,9500000,Lampung,,fifi,2025-11-14,,3104,2,,,,paid,,2025-12-23,,,,0,1,,
2224,Sbmi478^lWgU$khM0dCvnqsVa,2642.SPK/BA.17/BA010102/2025,PEMBIAYAAN KEBUTUHAN KAPAL (2),2025-10-24,84,1,2,onboard,"2,3,4,5,7,8,16",0,,full,,,,,,,proc,,,,,,,,,fifi,2025-11-14,,0,3,,,,paid,,2025-12-24,,,,0,1,,
2225,5UO1qisw7dQ*3vMfYJBTaFtEN,2661.SPK/PE.102.BA010102/2025,JASA RELOKASI BARANG / SPAREPARTS,2025-11-13,42,0,60,kesepakatan,"2,3,4,5,8,16",0,,full,,,,,,,proc,,,,,,,,,fifi,2025-11-14,,0,4,,,,paid,,2026-04-08,,,,0,1,,
2226,7YpKoD@3sGFNcEP9!ng1rABSx,2665.SPK/BA.302/BA010102/2025,PENGADAAN BARANG SPAREPART CYLINDER MAIN AIR COMPRESSOR,2025-11-14,17,16,10,kesepakatan,"2,3,4,5,7,8,16",0,,full,,,,,,,proc,,,,,,,,,fifi,2025-11-14,,0,2,,,,paid,,2026-02-04,,,,0,1,,
2227,J3nmOh*C9IMGLfrXsHtw1UFup,2666.SPK/BA.302/BA010102/2025,PENGADAAN BARANG SAREPARTS MAIN AIR COMPRESSOR,2025-11-14,17,16,10,kesepakatan,"2,3,4,5,7,8,16",0,,full,,,,,,,proc,,,,,,,,,fifi,2025-11-14,,0,2,,,,paid,,2026-02-06,,,,0,1,,
2228,KRd@*ABE7bfI!zgFw0Dtuj8lv,2639.SPK/BA.202/BA010102/2025,PENGADAAN STEEL PIPES & WORKING TOOLS,2025-11-12,84,42,2,onboard,"2,3,4,5,7,8,16",0,,full,,,,,,,proc,,,,,,,,,fifi,2025-11-14,,0,2,,,,paid,,2025-12-24,,,,0,1,,
2229,L3rPfvSYXayiCH!72nAqJBIWG,2657.SPK/BA.17/BA010102/2025,PENGADAAN BARANG BEARING RODA HATCH COVER,2025-11-13,113,7,5,kesepakatan,"2,3,4,5,8,16",0,,full,,,,,,,proc,,,,,,,,,fifi,2025-11-14,,0,2,,,,paid,,2025-12-30,,,,0,1,,
2230,XJaMopriHGAnEQuI9s0gxPVbS,2668.SPK/BA.101/BA010102/2025,PENGADAAN JASA ULTRASONIC THICKNESS MEASUREMENT DOCKING SURVEY (IS),2025-11-14,65,7,72,kesepakatan,"2,3,4,5,8,16",0,,full,,,,,,,proc,,,,,,,,,fifi,2025-11-14,,0,3,,,,,,,,,,0,1,,
2231,KHVRZfztGBxC0lWcP9Qmv*Iqa,2667.SPK/BA.101/BA010102/2025,PENGADAAN JASA ULTRASONIC THICKNESS MEASUREMENT DOCKING SURVEY (IS),2025-11-14,71,6,106,kesepakatan,"2,3,4,5,8,16",0,,full,,,,,,,proc,,,,,,,,,fifi,2025-11-14,linked,4614,3,,,,,,,,,,0,1,,
2232,WEJwzC9iOIN7@c$*LejTkovSX,2664.SPK/BA.17/BA010102/2025,PENGADAAN BARANG RUNNING STORE TALI,2025-11-14,100,7,5,kesepakatan,"2,3,4,5,7,8,16",0,,full,,,,,,,,,,,,,,,,fifi,2025-11-17,,0,2,,,,paid,,2025-12-29,,,,0,1,,
2233,04mVlz6fwQW$AHvqS29OaLryD,2669.SPK/BA.202/BA010102/2025,PENGADAAN POWER MODULE RECTIFIER,2025-11-14,128,32,85,kesepakatan,"2,3,4,5,7,8,16",0,,,,,,,,,,,,,,,,,,fifi,2025-11-17,,0,2,,,,,,,,,,0,0,,
2234,l39BPucwGhCjDM74R0^eKVsmk,2671.SPK/BA.17/BA010102/2025,PENGADAAN BARANG RUNNING STORE CAT,2025-11-14,13,12,12,kesepakatan,"2,3,4,5,7,8,16",0,,full,,,,,,,proc,,,,,,,,,fifi,2025-11-17,,3474,2,,,,paid,,2026-03-17,,,,0,1,,
2235,09sZASDG2U!ihWclIC1rLg7X*,0106.SPBJ/PR.103/BA010400/2025,PENGADAAN SPAREPARTS MAIN ENGINE (COM) DOCKING 2025 TYPE DAIHATSU 6-DK26,2025-09-24,12,5,55,jakarta,"1,3,4,6,9,18,19,24",0,,full,,,,,,,,,,,,,,,,fifi,2025-11-17,,0,1,,,,paid,,2025-12-29,,,,0,1,,
2236,1ojaeASTqVbd054UWGEHnRlrK,2647.SPK/BA.17/BA010102/2025,PENGADAAN BRAKE LINING DAN V-BELT,2025-11-13,100,20,5,kesepakatan,"2,3,4,5,7,8,16",0,,full,,,,,,,,,,,,,,,,fifi,2025-11-17,,0,2,,,,paid,,2025-12-29,,,,0,1,,
2237,cdYlq7fzsk6Fi!GNg5SDPbv@n,2650.SPK/BA.302/BA010102/2025,PENGADAAN SPAREPARTS LO PURIFIER (COO),2025-11-13,17,20,15,kesepakatan,"2,3,4,5,7,8,10,16",0,,full,,,,,,,proc,,,,,,,,,fifi,2025-11-17,,0,2,,,,paid,,2026-02-19,,,,0,1,,
2238,^l3UBq0Qcbn*J@IdgKkaL!wfH,2676.SPK/BA.17/BA010102/2025,PENGADAAN SEHAVE MOUNTING,2025-11-17,17,17,12,kesepakatan,"2,3,4,5,7,8,16",0,,full,,,,,,,proc,,,,,,,,,fifi,2025-11-18,,0,2,,,,paid,,2026-02-19,,,,0,1,,
2239,nYLCD!9Kta807ds$FukMbJPc4,2145.Pj/BA.101/BA010400/2025,PENGADAAN JASA DOCKING REPAIR TB. SRIKANDI BARUNA 2402 & BG BARUNA POWER 3302,2025-10-15,117,14,12,kesepakatan,"1,2,3,5,6,16",0,,full,,,,inv2.1,2025-11-20,,,,,,,,,,,fifi,2025-11-18,non-reimburse,0,1,,,,,,,,,,4,3,,
2240,fBEd5rxvL7C$tJg9umZXONQ0s,2681.SPK/BA.302/BA010102/2025,PENGADAAN SPAREPART BOILER,2025-11-17,68,32,80,kesepakatan,"2,3,4,5,7,8,16",0,,full,,,,,,,,,,,,,,,,fifi,2025-11-18,,0,2,,,,paid,,2026-02-19,,,,0,1,,
2241,vFs8EHtUY4PKrdAqu05kyloZ6,2682.SPK/BA.202/BA010102/2025,PENGADAAN CONSUMABLE ENGINE OKTOBER,2025-11-17,104,32,20,kesepakatan,"2,3,4,5,7,8,16",0,,full,,,,,,,,,,,,,,,,fifi,2025-11-18,,3710,2,,,,paid,,2026-02-11,,,,0,1,,
2242,pIVU87N90Z4rEsdSqwWk3Ttlx,2679.SPK/BA.202/BA010102/2025,PENGADAAN CONSUMABLE ENGINE,2025-11-17,100,23,5,kesepakatan,"2,3,4,5,7,8,16",0,,full,,,,,,,,,,,,,,,,fifi,2025-11-18,,0,2,,,,paid,,2025-12-29,,,,0,1,,
2243,cwDzi6eS2XF@OuWopaT^UBdxg,2680.SPK/BA.202/BA010102/2025,"PENGADAAN ALAT PENERANGAN, PENGELASAN & CONSUMABLE ENGINE",2025-11-17,100,21,4,kesepakatan,"2,3,4,5,7,8,16",0,,full,,,,,,,,,,,,,,,,fifi,2025-11-18,,3457,2,,,,paid,,2025-12-29,,,,0,1,,
2244,itV*!DSMazbQPm6X7wvIUqZlJ,2683.SPK/BA.202/BA010102/2025,PENGADAAN RUNNING STORE ENGINE OKTOBER,2025-11-17,2,32,20,kesepakatan,"2,3,4,5,7,8,16",0,,full,,,,,,,,,,,,,,,,fifi,2025-11-18,,0,2,,,,paid,,2025-12-29,,,,0,1,,
2245,m^cpF9qzbeOBnQiIkYv2N!6AU,2675.SPK/PR.202/BA010102/2025,JASA REWINDING ELECTROMOTOR EJECTOR F.W.G,2025-11-17,7,3,7,kesepakatan,"2,3,4,5,7,8,16",0,,full,,,,,,,,,,,,,,,,fifi,2025-11-18,,0,2,,,,,,,,,,0,1,,
2246,TBkbGlajMxR$4JH18ShCYtLno,2673.SPK/BA.202/BA010102/2025,SPAREPARTS AIR CON ACCOMODATION,2025-11-17,17,3,15,kesepakatan,"2,3,4,5,7,8,16,18",0,,full,,,,,,,proc,,,,,,,,,fifi,2025-11-18,,0,2,,,,paid,,2026-02-19,,,,0,1,,
2247,RhkriN819zcwS@pjavslKodqf,2674.SPK/BA.17/BA010102/2025,REPEAT ORDER MOORING EQUIPMENT,2025-11-17,31,42,3,kesepakatan,"2,3,4,5,7,8,16",0,,full,,,,,,,,,,,,,,,,fifi,2025-11-18,,0,2,,,,paid,,2025-12-24,,,,0,1,,
2248,BqkeGuhwWny*Ilc7Mba$i43sZ,0129.SPBJ/PR.103/BA010400/2025,"Pengadaan Jasa Keagenan, Underwater Surveyor, dan Pengaturan Ulang Navigasi Radio Kapal Bukan Baru Stellar Argavi PT Pelayaran Bahtera Adhiguna",2025-10-11,139,0,100,onboard,"2,3,4,8",0,,full,,,,,,,,,,,,,,,,admin,2025-11-18,non-reimburse,0,1,,,,,,,,,,2,2,,
2249,GdY0yZCLR!WXgF4bEzT5$@8wh,2692.SPK/BA.17/BA010102/2025,PENGADAAN THERMOCOUPLE AMPLIFIER,2025-11-18,17,32,15,kesepakatan,"2,3,4,5,7,8,16",0,,ready,,,,,,,proc,,,,,,,,,fifi,2025-11-19,,0,2,,,,,,,,,,0,1,,
2250,LxwdSu3MY@VI!P*voFermgkBE,2649.SPK/BA.101/BA010102/2025,PENGADAAN JASA REPAIR TURBIN BLADE ME (S),2025-10-26,11,14,7,onboard,"2,3,4,5,8,16",0,,,,,,,,,,,,,,,,,,fifi,2025-11-19,,0,3,,,,,,,,,,0,0,,
2251,f4GoPWAan*y!lVTz7@LSFMt8p,2693.SPK/BA.101/BA010102/2025,PENGADAAN JASA REPAIR TURBIN BLADE ME (P),2025-10-28,11,14,7,onboard,"2,3,4,5,8,16",0,,full,,,,,,,proc,,,,,,,,,fifi,2025-11-19,,0,3,,,,,,,,,,0,1,,
2252,ArxjQSd6wYh$t*@pkVcUW1Ovb,2691.SPK/BA.202/BA010102/2025,PENGADAAN GENERAL ELECTRICAL,2025-10-18,100,17,5,kesepakatan,"2,3,4,5,7,8,16",0,,full,,,,,,,proc,,,,,,,,,fifi,2025-11-19,,0,2,,,,paid,,2025-12-29,,,,0,1,,
2253,TdM$6f*xyPX@Ogze5JK8GpRil,2690.SPK/PR.202/BA010102/2025,"PENGADAAN JASA POLISHING CRANK PIN JOURNAL CYL NO 1, 2 DAN 6 AE #3",2025-11-04,11,16,7,kesepakatan,"2,3,4,5,7,8,16",0,,full,,,,,,,proc,,,,,,,,,fifi,2025-11-19,,0,2,,,,paid,,2026-02-06,,,,0,1,,
2254,3*D$mYeqPE9ZHlGrkisj@wBSa,2695.SPK/BA.17/BA010102/2025,PENGAADAN BARANG RUNNING STORE ENGINE,2025-11-18,100,16,5,kesepakatan,"2,3,4,5,7,8,16",0,,full,,,,,,,proc,,,,,,,,,fifi,2025-11-19,,0,2,,,,paid,,2025-12-24,,,,0,1,,
2255,2GPlKf^SXIxdwpH$z5M9C1Jv@,2655.SPK/BA.202/BA010102/2025,PENGADAAN BARANG RUNNING STORE,2025-11-19,100,6,5,kesepakatan,"2,3,4,5,7,8,16",0,,full,,,,,,,,,,,,,,,,fifi,2025-11-19,,0,2,,,,paid,,2025-12-29,,,,0,1,,
2256,NCsYBzTPmFwn3QRWue^rf1IxL,2694.SPK/BA.101/BA010102/2025,PENGADAAN JASA REPAIR TURBIN BLADE ME (S),2025-10-26,11,14,7,onboard,"2,3,4,5,8,16",0,,full,,,,,,,,,,,,,,,,fifi,2025-11-19,,0,3,,,,,,,,,,0,1,,
2257,@Yx*Qoz$^F1LKStUpByTRjiws,2712.SPK/BA.101/BA010102/2025,PENGADAAN ANODE KEBUTUHAN DOCKING,2025-11-19,143,8,10,onboard,"2,3,4,5,7,8,16",17760000,,full,,,,,,,proc,,,,,,,,,fifi,2025-11-20,non-reimburse,0,3,,,,,,,,,,0,1,,
2258,aK0iAMw^HjI8z4SdOVT*R7Qtr,2660.SPK/BA.302/BA010102/2025,REPEAT ORDER PENGADAAN SPAREPARTS MAIN ENGINE (COM),2025-11-19,30,20,7,kesepakatan,"2,3,4,5,7,8,9,16",0,,full,,,,,,,proc,,,,,,,,,fifi,2025-11-20,,0,2,,,,paid,,2026-03-06,,,,0,1,,
2259,fF9AGcKT35RojlZHgP*aCvnhe,2648.SPK/BA.17/BA010102/2025,PENGADAAN TURNBUCKLES DAN SHACKLE,2025-11-13,31,20,5,kesepakatan,"2,3,4,5,7,8,16",0,,full,,,,,,,proc,,,,,,,,,fifi,2025-11-20,,0,2,,,,,,,,,,0,1,,
2260,UCTLG6y$vtaHQSWx*4dwVkeuj,2658.SPK/PR.202/BA010102/2025,PENGADAAN JASA OVERHAUL DAN SPAREPARTS OH AE,2025-11-19,5,8,5,onboard,"2,3,4,5,8",7000000,,full,,,,,,,proc,,,,,,,,,fifi,2025-11-20,non-reimburse,0,1,,,,,,,,,,0,1,,
2261,tSw*shrnx$IfB6LMXF4310EYU,2688.SPK/BA.202/BA010102/2025,PEMBIAYAAN KEBUTUHAN KAPAL (3),2025-11-19,84,1,2,kesepakatan,"2,3,4,5,7,8,16",0,,full,,,,,,,proc,,,,,,,,,fifi,2025-11-20,,0,3,,,,paid,,2025-12-29,,,,0,1,,
2262,3gKXlBSs^4crC6w*LUoDet@A$,0072.PJ/BA.301/BA010400/2025,PENGADAAN JASA DOCKING REPAIR KM. ADHIGUNA TARAHAN,2025-07-16,88,4,54,kesepakatan,"1,2,3,5,6,16",0,,full,,,,inv2.3,2025-11-20,,,,,,,,,,,fifi,2025-11-20,,0,1,,,2025,,,,,,,4,4,,
2263,tNg0Lak5EvGeTyMA$!OVKorwl,2696.SPK/BA.202/BA010102/2025,RUNNING STORE ENGINE,2025-11-19,100,3,2,kesepakatan,"2,3,4,5,7,8,16",0,,full,,,,,,,proc,,,,,,,,,fifi,2025-11-20,linked,3596,2,,,,,,,,,,0,1,,
2264,5gpXah$1xfdMsYIny8crLU97Z,2697.SPK/BA.17/BA010102/2025,PENGADAAN STEEL PIPES & WORKING TOOLS,2025-11-19,100,38,2,kesepakatan,"2,3,4,5,7,8,16",0,,full,,,,,,,proc,,,,,,,,,fifi,2025-11-20,,3446,2,,,,paid,,2026-01-21,,,,0,1,,
2265,Jzoib!vW9taNI4nQwcmeZysfu,2698.SPK/BA.202/BA010102/2025,PENGADAAN COMPUTER SET,2025-11-19,113,42,7,kesepakatan,"2,3,4,5,7,8,16",0,,full,,,,,,,proc,,,,,,,,,fifi,2025-11-20,,3479,2,,,,paid,,2026-02-11,,,,0,1,,
2266,c3PXqMwGC95S2nIY*UOdmizLD,2623.SPK/PR.202/BA010102/2025,INSITU GRINDING CRANKSHAFT PIN CYL NO 6 OF AUXILIARY ENGINE NO2,2025-11-03,43,4,7,onboard,"2,3,4,5,7,8,16",0,,full,,,,,,,proc,,,,,,,,,fifi,2025-11-20,,0,2,,,,paid,,2026-02-11,,,,0,1,,
2267,9qczoOuxve0ERj3Nh4X6HZJ*l,2699.SPK/PR.202/BA010102/2025,(REPEAT ORDER) PENGADAAN JASA SIRLAK ALTERNATOR,2025-11-18,5,10,6,onboard,"2,3,4,5,7,8,16",0,,full,,,,,,,proc,,,,,,,,,fifi,2025-11-20,,0,3,,,,paid,,2026-03-03,,,,0,1,,
2268,owm@cTg0*VBLiU$2DnxyatZ89,2700.SPK/BA.101/BA010102/2025,PENGADAAN ANODE KEBUTUHAN DOCKING 2025,2025-11-18,54,10,12,onboard,"2,3,4,5,7,8,16",0,,full,,,,,,,proc,,,,,,,,,fifi,2025-11-20,,0,3,,,,paid,,2025-12-29,,,,0,1,,
2269,AekjMiI*UlXsZ^fC@ytW!KLdB,0096.SPBJ/PR.103/BA010400/2025,Pengadaan Material Cat Kebutuhan Docking Srikandi Baruna 2001 dan Baruna Power 3001,2025-09-28,33,8,6,kesepakatan,"1,3,4,5,8,19,24",0,,full,,,,,,,,,,,,,,,,admin,2025-11-20,non-reimburse,0,1,,,,,,,,,,0,1,,
2270,g1$s^F!TiPkawOz7mBrYALKSU,2707.SPK/BA.302/BA010102/2025,PENGADAAN BARANG LUBRICATING OIL PUMP,2025-11-18,16,16,7,kesepakatan,"2,3,4,5,7,8,16",0,,full,,,,,,,proc,,,,,,,,,fifi,2025-11-24,,0,2,,,,paid,,2026-01-29,,,,0,1,,
2271,A1gw^8HC*lQmPnrcZ9os$BLWz,2708.SPK/BA.17/BA010102/2025,PENGADAAN BARANG INDICATOR MAIN ENGINE,2025-11-18,30,16,12,kesepakatan,"2,3,4,5,7,8,16",0,,full,,,,,,,proc,,,,,,,,,fifi,2025-11-24,,0,2,,,,paid,,2025-12-29,,,,0,1,,
2272,zwYdN!XQeKx8sIJ9c^kb3Ffui,2744.SPK/PR.202/BA010102/2025,PENGADAAN JASA REPAIR MODULE RECTIFIER BWTS,2025-11-21,112,17,56,kesepakatan,"2,3,4,5,8,16",0,,full,,,,,,,proc,,,,,,,,,fifi,2025-11-24,,0,2,,,,paid,,2025-12-29,,,,0,1,,
2273,gBUpbF8$9W2aHiI3fLrKu!@ty,2715.SPK/PR.202/BA010102/2025,PENGADAAN BONGKAR & PASANG ROLLER BOOM CRANE NO 1,2025-11-21,52,17,10,onboard,"2,3,4,5,8,16",0,,full,,,,,,,proc,,,,,,,,,fifi,2025-11-24,,0,2,,,,paid,,2025-12-29,,,,0,1,,
2274,*fvxLU3cZEkGoFp^XDCYtq4A0,2721.SPK/BA.302/BA010102/2025,PENGADAAN SPAREPART ME CUMMINS KTA38 M2,2025-11-20,11,14,7,kesepakatan,"2,3,4,5,7,8,16",0,,full,,,,,,,proc,,,,,,,,,fifi,2025-11-24,,0,2,,,,paid,,2026-02-06,,,,0,1,,
2275,t9FK1hTBpIQul7fY@ERoGgXq8,2713.SPK/PR.202/BA010102/2025,"PENGADAAN JASA BONGKAR PASANG ROLLER CRANE, REPLATING BUCKET GRAB & HARD CROMING ROD GRABE",2025-11-19,52,32,7,onboard,"2,3,4,5,8,16",0,,full,,,,,,,proc,,,,,,,,,fifi,2025-11-24,,0,2,,,,paid,,2025-12-29,,,,0,1,,
2276,LfQOr2RPAle7xmy15ch4i$vuG,2686.SPK/BA.202/BA010102/2025,PENGADAAN RUNNING STORE ENGINE AND DECK,2025-11-17,2,7,12,kesepakatan,"2,3,4,5,8,16",0,,full,,,,,,,proc,,,,,,,,,fifi,2025-11-24,linked,3868,2,,,,paid,,2026-01-29,,,,0,1,,
2277,SA34KFPrYm910dUMQJ^T$Llpf,2718.SPK/BA.202/BA010102/2025,PENGADAAN CONSUMABLES,2025-09-20,100,21,5,kesepakatan,"2,3,4,5,7,8,16",0,,full,,,,,,,proc,,,,,,,,,fifi,2025-11-24,,0,2,,,,,,,,,,0,1,,
2278,svd7WaVALbJ9gcBDiTjfFRM@w,2685.SPK/BA.202/BA010102/2025,PENGADAAN BARANG RUNNING STORE,2025-11-17,2,6,14,kesepakatan,"2,3,4,5,8,16",0,,full,,,,,,,proc,,,,,,,,,fifi,2025-11-24,,3753,2,,,,paid,,2026-02-19,,,,0,1,,
2279,Ho5^pG$JMbFhSRWrxmt7cvw2A,27.19.SPK/BA.202/BA010102/2025,PENGADAAN RUNNING STORE,2025-09-19,2,21,7,kesepakatan,"2,3,4,5,7,8,16",0,,,,,,,,,,,,,,,,,,fifi,2025-11-24,,0,2,,,,,,,,,,0,0,,
2280,hA7c*26LKtIizErFoqGke14RP,2719.SPK/BA.202/BA010102/2025,PENGADAAN RUNNING STORE,2025-09-19,2,21,7,kesepakatan,"2,3,4,5,7,8,16",0,,full,,,,,,,proc,,,,,,,,,fifi,2025-11-24,,0,2,,,,paid,,2025-12-29,,,,0,1,,
2281,0v^SyP7he@8wA4KnrqQO5j$!k,2717.SPK/BA.17/BA010102/2025,PENGADAAN MOORING EQUIPMENT & CONSUMABLE DECK,2025-11-20,100,14,5,kesepakatan,"2,3,4,5,7,8,16",0,,full,,,,,,,proc,,,,,,,,,fifi,2025-11-24,,0,2,,,,paid,,2025-12-24,,,,0,1,,
2282,InwdQzFa2WfuO@ctiMZ!VChUB,2746.SPK/BA.302/BA010102/2025,PENGADAAN BARANG MAIN AIR COMPRESSOR DAN SPAREPARTS,2025-11-21,113,16,10,kesepakatan,"2,3,4,5,7,8,16",0,,full,,,,,,,proc,,,,,,,,,fifi,2025-11-24,,0,2,,,,paid,,2025-12-30,,,,0,1,,
2283,eVE^z8!7QqOgCfMS1*A2@YtmH,2687.SPK/BA.202/BA010102/2025,PENGADAAN BARANG RUNNING STORE ENGINE AND DECK,2025-11-17,100,7,5,kesepakatan,"2,3,4,5,8,16",0,,full,,,,,,,proc,,,,,,,,,fifi,2025-11-24,,0,2,,,,paid,,2025-12-29,,,,0,1,,
2284,iCkyK7WFse2SIuZDUnOXVRBPf,2745.SPK/BA.302/BA010102/2025,PENGADAAN BARANG SPAREPARTS FO PURIFIER,2025-11-21,17,6,12,kesepakatan,"2,3,4,5,7,8,16",0,,full,,,,,,,proc,,,,,,,,,fifi,2025-11-24,,0,2,,,,paid,,2026-04-07,,,,0,1,,
2285,GEPmT^08hYI1DQK5X7V3zBWo9,2684.SPK/BA.202/BA010102/2025,PENGADAAN BARANG RUNNING STORE,2025-11-17,2,12,10,kesepakatan,"2,3,4,5,8,16",0,,full,,,,,,,proc,,,,,,,,,fifi,2025-11-24,,3469,2,,,,paid,,2025-12-29,,,,0,1,,
2286,6XBmAOliabHSNYZ!PgVuQ0ny8,2727.SPK/BA.101/BA010102/2025,PENGADAAN SPAREPART CORE AFTERCOOLER MAIN ENGINE NO 1,2025-11-15,11,14,7,onboard,"2,3,4,5,8,16",0,,full,,,,,,,proc,,,,,,,,,fifi,2025-11-25,,0,3,,,,paid,,2025-12-30,,,,0,1,,
2287,C^elcqW*swLi7!PK3QyOItpur,2725.SPK/BA.101/BA010102/2025,PENGADAAN SPAREPART INJECTOR MAIN ENGINE NO 2,2025-11-10,11,14,7,onboard,"2,3,4,5,8,16",0,,full,,,,,,,proc,,,,,,,,,fifi,2025-11-25,,0,3,,,,paid,,2025-12-29,,,,0,1,,
2288,sMQUxg5tLyWwobBOac17I6ZfA,2726.SPK/BA.101/BA010102/2025,PENGADAAN SPAREPART MAIN ENGINE NO 1,2025-11-12,11,14,7,onboard,"2,3,4,5,8,16",0,,full,,,,,,,proc,,,,,,,,,fifi,2025-11-25,,0,3,,,,paid,,2026-02-05,,,,0,1,,
2289,7MNWv0EDrySizdknt8a!6sbx9,2728.SPK/BA.101/BA010102/2025,PENGADAAN SPAREPARTS PT PUMP & INJECTOR MAIN ENGINE NO 2,2025-11-19,11,14,7,onboard,"2,3,4,5,8,16",0,,full,,,,,,,proc,,,,,,,,,fifi,2025-11-25,,0,3,,,,,,,,,,0,1,,
2290,Q*i7Aakj@MDmX6WBqb$8nhsTu,2724.SPK/BA.101/BA010102/2025,PENGADAAN SPAREPART PT PUMP & INJECTOR MAIN ENGINE NO 1,2025-11-07,11,14,7,onboard,"2,3,4,5,8,16",0,,full,,,,,,,proc,,,,,,,,,fifi,2025-11-25,,0,3,,,,,,,,,,0,1,,
2291,dcAbfpWF*^P5GwV9g6TX4U!vB,2740.SPK/BA.7/BA010102/2025,"JASA KONSULTAN PENILAIAN KONDISI TEKNIS, PENYUSUNAN DAFTAR PERBAIKAN (REPAIR LIST) & ESTIMASI BIAYA DOCKING (ENGINEER ESTIMATE)",2025-11-20,120,7,14,onboard,"1,2,3,4,5,8,16",0,,,,,,,,,proc,,,,,,,,,fifi,2025-11-25,non-reimburse,0,1,,,,,,,,,,0,0,,
2292,1oYZNn^TAy7rz9VSkd*hjOtCB,2702.SPK/BA.17/BA010102/2025,PENGADAAN ROLLER OF BOOM UNLOADER CONVEYOR,2025-11-18,11,5,40,kesepakatan,"2,3,4,5,7,8,16",0,,full,,,,,,,proc,,,,,,,,,fifi,2025-11-25,,0,2,,,,paid,,2026-03-06,,,,0,1,,
2293,0xCjW13wTr6sklmQZM5Pe^Jan,2573.SPK/BA.302/BA010102/2025,JASA TROUBLESHOOT AUTOMATIC START-AUTO LOAD OF EMERGENCY GENERATOR & INCINERATOR,2025-10-21,7,5,30,onboard,"4,5,7,8,10,16",0,,full,,,,,,,proc,,,,,,,,,fifi,2025-11-25,,0,2,,,,paid,,2026-02-20,,,,0,1,,
2294,v!5Pe^DHKrT8BJ7F2$YsguktN,2701.SPK/PR.202/BA010102/2025,PENGADAAN JASA PENGGANTIAN BELT TRANSFER KANAN,2025-11-18,60,5,20,onboard,"2,3,4,5,7,8,16",0,,full,,,,,,,proc,,,,,,,,,fifi,2025-11-25,,0,2,,,,paid,,2026-02-11,,,,0,1,,
2295,aAQdY@O6oBgrGUvnEyPpz4xfT,0111.SPBJ/PR.103/BA010400/2025,PENGADAAN CONNECTING ROO AUXILIARY ENGINE,2025-10-09,11,1,1,kesepakatan,"1,3,4,6,10,16,18,19,23,24",0,,full,,,,,,,,,,,,,,,,fifi,2025-11-26,,0,1,,,,paid,,2025-12-29,,,,0,1,,
2296,aY4XhC2nv$GQB8yljLP7g@krt,0121.SPBJ/BA.301/BA010400/2025,PENGADAAN SPAREPARTS MAIN ENGINE & AUXILIARY ENGINE,2025-11-03,37,14,7,kesepakatan,"1,3,4,6,10,16,18,19,24",0,,full,,,,,,,,,,,,,,,,fifi,2025-11-26,,0,1,,,,,,,,,,0,1,,
2297,dPY!UtRcZ5@JQfg8baFOBmAnS,2748.SPK/PR.202/BA010102/2025,JASA REWINDING ELECTROMOTOR MAIN LO PUMP,2025-11-24,5,3,4,kesepakatan,"2,3,4,5,7,8,16",800000,,ready,,,,,,,proc,,,,,,,,,fifi,2025-11-27,,0,2,,,,,,,,,,0,1,,
2298,X$8w6cn4k9Mr7sP^1FgCA5ZG2,2750.SPK/BA.202/BA010102/2025,PENGADAAN MATERIAL ELECTRICAL,2025-11-24,100,32,5,kesepakatan,"2,3,4,5,7,8,16",0,,full,,,,,,,,,,,,,,,,fifi,2025-11-27,,0,2,,,,paid,,2026-01-23,,,,0,1,,
2299,BCGEv1gnoiamexqkfNcD*$KzU,2749.SPK/BA.101/BA010102/2025,PENGADAAN BARANG DOCKING BEARING,2025-11-24,113,7,7,kesepakatan,"2,3,4,5,7,8,16",0,,full,,,,,,,proc,,,,,,,,,fifi,2025-11-27,,0,2,,,,paid,,2026-02-11,,,,0,1,,
2300,*vX12hH!mTq9dZEfpWcw8jC0M,2772.SPK/BA.202/BA010102/2025,PENGADAAN BARANG RUNNING STORE BALL BEARING,2025-11-25,100,6,5,kesepakatan,"2,3,4,5,8,16",0,,full,,,,,,,,,,,,,,,,fifi,2025-11-27,,0,2,,,,paid,,2025-12-29,,,,0,1,,
2301,SnOMk*pgIbq9VBF4X!@yfjr2W,"2766,SPK/BA.202/BA010102/2025",PENAGADAAN MOORING EQUIPMENT,2025-11-25,31,1,5,kesepakatan,"2,3,4,5,7,8,15,16",0,,full,,,,,,,,,,,,,,,,fifi,2025-11-27,linked,3607,2,,,,paid,,2025-12-29,,,,0,1,,
2302,0VwWOCSpArD!RhHUklPaM4Tdg,2765.SPK/BA.202/BA010102/2025,PENGADAAN BEARING CRANE,2025-11-26,113,20,3,kesepakatan,"2,3,4,5,7,8,16",0,,full,,,,,,,proc,,,,,,,,,fifi,2025-11-27,,0,2,,,,paid,,2025-12-29,,,,0,1,,
2303,U@MRSN87Qjg3Df1dVA59humoP,2711.SPK/BA.101/BA010102/2025,PENGADAAN ADDITIONAL SPAREPARTS OH MAIN ENGINE,2025-11-21,11,8,14,kesepakatan,"2,3,4,5,7,8,10,16",0,,full,,,,,,,proc,,,,,,,,,fifi,2025-11-27,,0,3,,,,paid,,2026-03-10,,,,0,1,,
2304,CtV4x3$1nQpDcskfR9@Wr2YdA,2754.SPK/BA.202/BA010102/2025,PENGADAAN ENGINE STORE,2025-11-24,104,20,5,kesepakatan,"2,3,4,5,7,8,16",0,,full,,,,,,,,,,,,,,,,fifi,2025-11-27,,3234,2,,,,paid,,2025-12-24,,,,0,2,,
2305,AtVslxgPrhBT09*7p3cDEKjUS,2755.SPK/BA.202/BA010102/2025,PENGADAAN GALLEY STORE,2025-11-25,113,20,5,kesepakatan,"2,3,4,5,7,8,16",0,,full,,,,,,,proc,,,,,,,,,fifi,2025-11-27,,0,2,,,,paid,,2026-03-10,,,,0,1,,
2306,eQYEOkt7!Wn5$X@*Ub6HwhD9i,2689.SPK/PR.202/BA010102/2025,PEMBIAYAAN PERBAIKAN EQUIPMENT KAPAL (2),2025-11-19,84,1,7,kesepakatan,"2,3,4,5,7,8,16",0,,full,,,,,,,,,,,,,,,,fifi,2025-11-27,,0,3,,,,paid,,2025-12-29,,,,0,1,,
2307,9Jx1edqSsbLAzGHRpMZY5DjfU,2771.SPK/BA.101/BA010102/2025,PENGADAAN ANODE (CATHODIC PROTECTION) KEBUTUHAN DOCKING 2025,2025-11-25,54,5,10,onboard,"2,3,4,5,7,8,16",0,,full,,,,,,,,,,,,,,,,fifi,2025-11-27,,0,3,,,,paid,,2026-02-06,,,,0,1,,
2308,0jKNJneAabRq3O9W2vV*@1C5U,2758.SPK/PR.202/BA010102/2025,PENGADAAN JASA OVERHAUL KALIBRASI GOVERNOR OF MAIN ENGINE & AUXILIARY ENGINE,2025-11-25,70,5,18,onboard,"2,3,4,5,7,8,16",0,,full,,,,,,,,,,,,,,,,fifi,2025-11-27,,0,3,,,,,,,,,,0,1,,
2309,kjrpWhQ0zNXCOn!iAYq9K72BJ,2780.SPK/BA.17/BA010102/2025,PENGADAAN BARANG RUNNING STORE ENGINE AND ELECTRICIANT,2025-11-26,104,6,8,kesepakatan,"2,3,4,5,7,8,16",0,,full,,,,,,,,,,,,,,,,fifi,2025-11-27,,3724,2,,,,paid,,2026-02-11,,,,0,1,,
2310,P7JXpTOcWNiajZAB8FxE^ubm3,2781.SPK/BA.17/BA010102/2025,PENGADAAN BARANG RUNNING STORE ENGINE AND ELECTRICIANT,2025-11-26,100,6,6,kesepakatan,"2,3,4,5,7,8,16",0,,full,,,,,,,,,,,,,,,,fifi,2025-11-27,,0,2,,,,,,,,,,0,1,,
2311,!2q1ja6pl0SAcUHxEGIe4vdtw,2776.SPK/BA.302/BA010102/2025,PENGADAAN BARANG SPAREPART DOCKING LO DAN FO PURIFER (COO),2025-11-26,30,6,15,kesepakatan,"2,3,4,5,7,8,16",0,,full,,,,,,,,,,,,,,,,fifi,2025-11-27,,0,2,,,,paid,,2025-12-29,,,,0,1,,
2312,ZYFr5iTIPxj^kK3ELz6h9W0vB,0125.SPBJ/PR.103/BA010400/2025,PENGADAAN SPAREPART MAIN ENGINE MITSUBISHI S6R2-MTK3L,2025-11-04,16,10,7,kesepakatan,"1,3,4,5,11,18,19,24",0,,full,,,,,,,,,,,,,,,,fifi,2025-11-27,,0,1,,,,paid,,2025-12-23,,,,0,1,,
2313,j5JO6q0i3ofuCgc@P4tbZseaK,2714.SPK/BA.17/BA010102/2025,PENGADAAN MATERIAL HOT SPILICING,2025-11-19,41,5,20,kesepakatan,"2,3,4,5,7,8,16",0,,full,,,,,,,,,,,,,,,,fifi,2025-11-27,,0,2,,,,paid,,2025-12-29,,,,0,1,,
2314,tBQp2dU^NjroMaD$mIA!3glbF,2777.SPK/BA.17/BA010102/2025,PENGADAAN TALI MOORING EQUIPMENT,2025-11-26,31,2,10,kesepakatan,"2,3,4,5,7,8,14,16",0,,full,,,,,,,,,,,,,,,,fifi,2025-11-27,linked,3608,2,,,,,,,,,,0,1,,
2315,GwO7J6LYHEjln4mgRkhpeW@rx,2739.SPK/BA.101/BA010102/2025,PENGADAAN JASA OVERHAUL TURBOCHARGER OF MAIN ENGINE,2025-11-20,45,5,25,onboard,"2,3,4,5,7,8,16",0,,full,,,,,,,,,,,,,,,,fifi,2025-11-27,,0,3,,,,paid,,2026-06-11,,,,0,1,,
2316,01WH95SVBUydhtEZls*2xI6Nk,2769.SPK/BA.302/BA010102/2025,PENGADAAN SPAREPARTS SERVICE KIT OF TURBOCHARGER MAIN ENGINE (P&S),2025-11-25,45,5,25,onboard,"2,3,4,5,7,8,9,16",0,,full,,,,,,,,,,,,,,,,fifi,2025-11-27,,0,3,,,,,,,,,,0,1,,
2317,x9wORA08MSzCehN5@lUXfDc*Z,2738.SPK/BA.101/BA010102/2025,"PENGADAAN JASA OVERHAUL & SPAREPARTS SERVICE KIT TURBOCHARGER OF AUXILIARY ENGINE #1, #2, & #3",2025-11-20,57,5,25,onboard,"2,3,4,5,7,8,10,16",0,,full,,,,,,,,,,,,,,,,fifi,2025-11-27,,0,3,,,,,,,,,,0,1,,
2318,zoXc23l7A$ZpfyQGjJVsu1trH,2779.SPK/BA.302/BA010102/2025,PENGADAAN PERMINTAAN SPAREPART AE ZJMD MAN B&W 6L 23/30H,2025-11-26,30,32,5,kesepakatan,"2,3,4,5,7,8,16",0,,full,,,,,,,proc,,,,,,,,,fifi,2025-11-28,,0,2,,,,paid,,2026-02-04,,,,0,1,,
2319,jPeE4kUfcbThIzlO0xq9SwRAm,2786.SPK/BA.17/BA010102/2025,PENGADAAN CONSUMABLES ENGINE,2025-11-27,2,14,10,kesepakatan,"2,3,4,5,7,8,16",0,,full,,,,,,,proc,,,,,,,,,fifi,2025-11-28,,3460,2,,,,paid,,2025-12-29,,,,0,1,,
2320,Op0e1AUv7$K2*XWJTNfgLkYzE,2761.SPK/BA.202/BA010102/2025,PENGADAAN CAT,2025-11-26,13,1,10,kesepakatan,"2,3,4,5,8",0,,full,,,,,,,proc,,,,,,,,,fifi,2025-12-02,,0,2,,,,paid,,2026-03-10,,,,0,1,,
2321,wmTAFrCN48VvdpYc3IZfLoyGh,2788.SPK/BA.17/BA010102/2025,PENGADAAN UNIT COMPRESSOR,2025-11-28,17,32,55,kesepakatan,"2,3,4,5,7,8,16",0,,full,,,,,,,proc,,,,,,,,,fifi,2025-12-02,,0,2,,,,,,,,,,0,1,,
2322,aX2DUVS3r6kyfu$TGOng0IEsd,2803.SPK/BA.17/BA010102/2025,PENGADAAN WATER TEST KIT BOILER & JACKET COOLING,2025-12-01,100,17,5,kesepakatan,"2,3,4,5,7,8,16",0,,full,,,,,,,proc,,,,,,,,,fifi,2025-12-02,,0,2,,,,paid,,2025-12-30,,,,0,1,,
2323,s^cxbXrm61UeGqPFI!8HkB5fd,2802.SPK/BA.17/BA010102/2025,PENGADAAN WATER TEST KIT BOILER & JACKET COOLING,2025-12-01,100,32,12,kesepakatan,"2,3,4,5,7,8,16",0,,full,,,,,,,proc,,,,,,,,,fifi,2025-12-02,,0,2,,,,paid,,2026-01-23,,,,0,1,,
2324,rcP@Qhjv4RCGZ719moAd5Ua3E,2798.SPK/BA.202/BA010102/2025,PENGADAAN SEAL GRAB,2025-11-26,113,32,6,kesepakatan,"2,3,4,5,7,8,16",0,,full,,,,,,,proc,,,,,,,,,fifi,2025-12-02,,0,2,,,,paid,,2026-03-06,,,,0,1,,
2325,SyopFV*r2RlsxNv9CkebfEgW^,2796.SPK/BA.202/BA010102/2025,PENGADAAN CAT (MAINTENANCE STOCK),2025-12-01,13,1,10,kesepakatan,"2,3,4,5,8",0,,full,,,,,,,proc,,,,,,,,,fifi,2025-12-02,,0,2,,,,paid,,2026-03-12,,,,0,1,,
2326,qC17oeRh!0PxV@Emg*aZwk9fG,2800.SPK/BA.17/BA010102/2025,PENGADAAN CAT (STOCK MAINTENANCE),2025-12-01,13,8,10,onboard,"2,3,4,5,8",0,,,,,,,,,proc,,,,,,,,,fifi,2025-12-02,,0,2,,,,,,,,,,0,0,,
2327,wO^kxAo!3bv@q1*gYP9WtaHiu,2767.SPK/BA.202/BA010102/2025,RUNNING STORE ELECTRICAL,2025-11-25,100,38,2,kesepakatan,"2,3,4,5,7,8,16",0,,full,,,,,,,proc,,,,,,,,,fifi,2025-12-02,,0,2,,,,paid,,2026-01-23,,,,0,1,,
2328,M8AXbes3mRChiYfkLoIT2VdFB,2768.SPK/BA.202/BA010102/2025,RUNNING STORE ELECTRICAL,2025-11-28,100,42,2,kesepakatan,"2,3,4,5,7,8,16",0,,full,,,,,,,proc,,,,,,,,,fifi,2025-12-02,,3462,2,,,,paid,,2025-12-29,,,,0,1,,
2329,MJaFD48XpSf1LwTi7Rmv0HlWx,2733.SPK/BA.202.BA010102/2025,RUNNING STORE ELECTRICAL,2025-11-25,104,42,6,kesepakatan,"2,3,4,5,7,8,16",0,,full,,,,,,,proc,,,,,,,,,fifi,2025-12-02,,3456,2,,,,paid,,2025-12-29,,,,0,1,,
2330,7JcLAu3viY^0qPfUBesm4oCZ$,2732.SPK/BA.202/BA010102/2025,RUNNING STORE ELECTRICAL,2025-11-25,104,38,7,kesepakatan,"2,3,4,5,7,8,16",0,,full,,,,,,,proc,,,,,,,,,fifi,2025-12-02,,3709,2,,,,paid,,0026-02-11,,,,0,1,,
2331,@rgcakvGE8Pu!1D7hdqzsNnjY,2751.SPK/BA.17/BA010102/2025,REPEAT ORDER RUNNING STORE DECK & GALLEY,2025-11-28,2,42,3,kesepakatan,"2,3,4,5,7,8,16",0,,full,,,,,,,proc,,,,,,,,,fifi,2025-12-02,,0,2,,,,paid,,2025-12-29,,,,0,1,,
2332,9ZikrqR7ybNXf0!5E@hcvTlJ$,2789.SPK/BA.202/BA010102/2025,MOORING EQUIPMENT,2025-11-28,31,27,5,kesepakatan,"2,3,4,5,7,8,16",0,,full,,,,,,,proc,,,,,,,,,fifi,2025-12-02,,3610,2,,,,paid,,2026-01-29,,,,0,1,,
2333,J!iq0Ve9IbcW1*zwp$N8d26UB,2791.SPK/BA.202/BA010102/2025,PENGADAAN FILTER,2025-11-28,11,38,5,kesepakatan,"2,3,4,5,7,8,16",0,,full,,,,,,,proc,,,,,,,,,fifi,2025-12-02,,0,2,,,,paid,,2026-02-11,,,,0,1,,
2334,raY19P5iOELqgxh34T7Vl2DtR,2790.SPK/BA.202/BA010102/2025,PENGADAAN FILTER,2025-11-28,11,42,5,kesepakatan,"2,3,4,5,7,8,16",0,,full,,,,,,,proc,,,,,,,,,fifi,2025-12-02,,0,2,,,,paid,,2026-02-19,,,,0,1,,
2335,tcOvFm$H9ByroU!hkLG8aVIiu,2734.SPK/BA.202/BA010102/2025,RUNNING STORE STATIONARY,2025-11-28,3,38,5,kesepakatan,"2,3,4,5,7,8,16",0,,full,,,,,,,proc,,,,,,,,,fifi,2025-12-02,,0,2,,,,paid,,2026-02-11,,,,0,1,,
2336,$bEOsLX7n4Yk3UaNgyKhi8Gqc,2735.SPK/BA.202/BA010102/2025,RUNNING STORE STATIONARY,2025-11-28,3,42,5,kesepakatan,"2,3,4,5,7,8,16",0,,full,,,,,,,proc,,,,,,,,,fifi,2025-12-02,,0,2,,,,paid,,2026-02-11,,,,0,1,,
2337,eslxgPL^AjTz$q!MKJOp9hifw,2643.SPK/BA.101/BA010102/2025,PENGADAAN RUBBER CUTLESS BEARING,2025-11-05,125,14,5,onboard,"1,2,3,4,5,8",0,,full,,,,,,,,,,,,,,,,fifi,2025-12-02,,0,1,,,2025,paid,,2025-12-24,,,,0,1,,
2338,VDui4yQE2SA03nK9XstNw*^bL,2729.SPK/BA.202/BA010102/2025,RUNNING STORE DECK,2025-11-28,113,3,5,kesepakatan,"2,3,4,5,7,8,16",0,,full,,,,,,,proc,,,,,,,,,fifi,2025-12-02,,3478,2,,,,paid,,2026-02-11,,,,0,1,,
2339,7^5EQIWkXS8qmi*eAhNHO0C2G,2804.SPK/BA.202/BA010102/2025,DECK RUNNING STORE,2025-12-01,100,27,3,kesepakatan,"2,3,4,5,7,8,16",0,,full,,,,,,,proc,,,,,,,,,fifi,2025-12-02,,0,2,,,,paid,,2025-12-29,,,,0,1,,
2340,2UlX6xHKi*3IF^uVSazPonGs0,2801.SPK/BA.202/BA010102/2025,PENGADAAN CONSUMABLE ENGINE,2025-12-01,100,25,5,kesepakatan,"2,3,4,5,7,8,16",0,,full,,,,,,,proc,,,,,,,,,fifi,2025-12-02,,0,2,,,,paid,,2025-12-29,,,,0,1,,
2341,DOpt*Lhd8Sz0i^6$eNsBFVurC,2731.SPK/BA.202/BA010102/2025,RUNNING STORE,2025-11-28,113,42,7,kesepakatan,"2,3,4,5,7,8,16",0,,full,,,,,,,proc,,,,,,,,,fifi,2025-12-02,,0,2,,,,paid,,2026-02-11,,,,0,1,,
2342,K3cLDafgE8y9i7^14QkPOeNls,2730.SPK/BA.202/BA010102/2025,RUNNING STORE,2025-11-28,113,38,7,kesepakatan,"2,3,4,5,7,8,16",0,,full,,,,,,,proc,,,,,,,,,fifi,2025-12-02,,0,2,,,,paid,,2026-02-11,,,,0,1,,
2343,0pdVnNxY!cq8s46WEQ3moU$Ov,2808.SPK/BA.17/BA010102/2025,PENGADAAN UNIT FO SUPPLY PUMP & FO CIRCULATION PUMP,2025-12-01,17,17,14,kesepakatan,"2,3,4,5,7,8,16",0,,full,,,,,,,proc,,,,,,,,,fifi,2025-12-02,,0,2,,,,paid,,2026-02-19,,,,0,1,,
2344,Qj7v0w4U!MlAP^2FYe$JxgtHq,2784.SPK/BA.202/BA010102/2025,PENGADAAN BARANG RUNNING STORE CAT,2025-11-27,13,7,15,kesepakatan,"2,3,4,5,7,8,16",0,,full,,,,,,,proc,,,,,,,,,fifi,2025-12-02,,0,2,,,,paid,,2026-04-21,,,,0,1,,
2345,WzuFhUHj^*JoXqvG$I@AeD4Pc,2782.SPK/TU.006/BA010102/2025,JASA MOBILITAS GRAB JANUS,2025-11-27,42,2,60,kesepakatan,"2,3,4,5,8,16",0,,full,,,,,,,proc,,,,,,,,,fifi,2025-12-03,,0,4,,,,paid,,2026-04-08,,,,0,1,,
2346,uSilb7zDa5TK*FdWZPEORY1n4,C.0411/PR.103/DIV.RENDALHAR-2025,JASA PENGIRIMAN,2025-02-24,7,20,7,kesepakatan,"2,3,4,5,8,16",0,,full,,,,,,,proc,,,,,,,,,fifi,2025-12-03,non-reimburse,0,4,,,,,,,,,,0,0,,
2347,KMOY^4jDV9wmI1etTcshPJ$zd,0124.SPBJ/BA.301/BA010400/2025,PENGADAAN RANTAI JANGKAR DAN ACCESSORIES (DOCKING 2025),2025-11-04,90,5,7,kesepakatan,"1,3,4,5,15,16,18,19,24",0,,full,,,,,,,,,,,,,,,,fifi,2025-12-05,,0,1,,,,paid,,2025-12-24,,,,0,1,,
2348,Tfw751M@bLc2tYulmyN6q9*WZ,0075.SPBJ/PR.103/BA010400/2025,INSTALASI ONSHORE POWER SUPPLY,2025-07-02,98,16,90,kesepakatan,"1,3,4,5,16,18,19,24",0,,full,,,,,,,,,,,,,,,,fifi,2025-12-05,non-reimburse,0,1,,,,,,,,,,0,1,,
2349,Atk0rsnV@fNSuy5e1JgOGbFEW,0101.SPBJ/PR.103/BA010400/2025,"PENGADAAN DAN PEMASANGAN TRIGGER RUNNING HOUR PLANNED MAINTENANCE SYSTEM KM. SARTIKA BARUNA, KM LATIFAH BARUNA, KM KENCANA BARUNA, DAN KM ZALECHA BARUNA",2025-09-09,56,5,90,kesepakatan,"1,3,4,6,18,19,24",0,,full,,,,,,,,,,,,,,,,fifi,2025-12-05,,0,1,,,,paid,,2025-12-29,,,,0,1,,
2350,mHQjudxNP$JwrW4b01LeckCO3,2797.SPK/BA.17/BA010102/2025,PENGADAAN OIL SCRAPPER RING (COO),2025-12-01,17,4,45,kesepakatan,"2,3,4,5,7,8,16",0,,full,,,,,,,proc,,,,,,,,,fifi,2025-12-05,,0,2,,,,paid,,2026-04-21,,,,0,1,,
2351,wmYXxkHJo6j@Wpt1rPMb3ND2z,2811.SPK/BA.17/BA010102/2025,PENGADAAN HYDRAULIC HATCH COVER PUMP,2025-12-03,113,1,5,kesepakatan,"2,3,5,7,8,16",0,,full,,,,,,,proc,,,,,,,,,fifi,2025-12-05,,0,2,,,,paid,,2026-03-17,,,,0,1,,
2352,kKD0rGUyR7nx^Fq2IgovcBH8Z,2757.SPK/BA.17/BA010102/2025,PENGADAAN FABRIKASI CYLINDER HYDRAULIC HATCH COVER,2025-12-04,7,20,7,kesepakatan,"2,3,4,5,8,17",0,,full,,,,,,,proc,,,,,,,,,fifi,2025-12-05,,0,2,,,,paid,,2026-05-13,,,,0,1,,
2353,q4RJUEPt^dgA!nDXZlG1wKCW7,2810.SPK/BA.17/BA010102/2025,FABRIKASI GASKET CYLINDER HEAD AE,2025-12-04,43,20,4,kesepakatan,"2,3,4,5,7,8,16",0,,full,,,,,,,proc,,,,,,,,,fifi,2025-12-05,,0,2,,,,paid,,2026-02-11,,,,0,1,,
2354,HPA5U!lEKeWriCyGz8kcZOFno,2818.SPK/BA.202/BA010102/2025,PENGADAAN BARANG DAN JASA JANGKAR KAPAL,2025-12-04,31,12,2,kesepakatan,"2,3,4,5,7,8,16",0,,full,,,,,,,proc,,,,,,,,,fifi,2025-12-05,,3609,2,,,,paid,,2026-02-11,,,,0,1,,
2355,F*nDmvCicBtWfLsdZM87TxgeP,2812.SPK/BA.202/BA010102/2025,PENGADAAN DECK RUNNING STORE,2025-12-02,100,1,5,kesepakatan,"2,3,4,5,7,8,15,16",0,,full,,,,,,,proc,,,,,,,,,fifi,2025-12-05,,0,2,,,,paid,,2026-02-11,,,,0,1,,
2356,CGI^8MTJLRlPuimSv*rD5fAEa,2807.SPK/BA.202/BA010102/2025,PENGADAAN PERALATAN MAINTENANCE DECK,2025-12-02,100,17,6,kesepakatan,"2,3,4,5,7,8,16",0,,full,,,,,,,proc,,,,,,,,,fifi,2025-12-05,,0,2,,,,paid,,2026-01-23,,,,0,1,,
2357,o$yMnxHhAK91P!V2YSsJURL7j,2820.SPK/BA.202/BA010102/2025,PENGADAAN MATERIAL CAT,2025-12-05,13,32,15,kesepakatan,"2,3,4,5,7,8,16",0,,,,,,,,,proc,,,,,,,,,fifi,2025-12-08,,0,2,,,,,,,,,,0,0,,
2358,XkJhu90SiF^xl3O!AyagET7WQ,2821.SPK/BA.202/BA010102/2025,PENGADAAN CONSUMABLE DECK,2025-12-05,100,32,5,kesepakatan,"2,3,4,5,7,8,16",0,,full,,,,,,,proc,,,,,,,,,fifi,2025-12-08,,0,2,,,,,,,,,,0,1,,
2359,QKW2MvaH95GwUOtSpl6hFfBj!,2822.SPK/BA.202/BA010102/2025,PENGADAAN RUNNING STORE,2025-12-05,2,32,10,kesepakatan,"2,3,4,5,7,8,16",0,,full,,,,,,,proc,,,,,,,,,fifi,2025-12-08,,0,2,,,,paid,,2025-12-29,,,,0,1,,
2360,ixmpYfRSdJDHcno4UPzW7vF*B,2823.SPK/BA.302/BA010102/2025,PENGADAAN SPAREPART MAC,2025-12-05,53,32,14,kesepakatan,"2,3,4,5,7,8,16",0,,full,,,,,,,proc,,,,,,,,,fifi,2025-12-08,,0,2,,,,paid,,2026-06-11,,,,0,1,,
2361,qCgOml$YyGcHMT9K7xZWSFuz6,2827.SPK/BA.17/BA010102/2025,PENGADAAN WIRE CRANE,2025-12-05,100,32,5,kesepakatan,"2,3,4,5,7,8,16",0,,full,,,,,,,proc,,,,,,,,,fifi,2025-12-08,,0,2,,,,paid,,2025-12-29,,,,0,1,,
2362,@K$eLl7o4ctX5DpnjUszZ0qIR,2819.SPK/BA.17/BA010102/2025,PENGADAAN JASA PEMASANGAN JANGKAR,2025-12-05,52,12,2,kesepakatan,"2,3,4,5,7,8,16",0,,full,,,,,,,proc,,,,,,,,,fifi,2025-12-08,,0,2,,,,paid,,2026-02-04,,,,0,1,,
2363,yDiAjoB4lW3NUOd@zGxH$Lc6t,2836.SPK/BA.302/BA010102/2025,PENGADAAN ROTOR SPIROFLEX,2025-12-08,84,4,14,kesepakatan,"2,3,4,5,7,8,16",0,,full,,,,,,,proc,,,,,,,,,fifi,2025-12-10,,0,2,,,,paid,,2026-02-11,,,,0,1,,
2364,cdfJeuKGajsRwboZ$0^rADImi,2813.SPK/BA.17/BA010102/2025,PENGADAAN SOLENOID VALVE GRAB JANUS,2025-12-05,17,20,10,kesepakatan,"2,3,4,5,7,8,16",0,,full,,,,,,,proc,,,,,,,,,fifi,2025-12-10,,0,2,,,,paid,,2026-04-07,,,,0,1,,
2365,60HmGQCqTjBfsVZYyibW*c4pP,2814.SPK/BA.17/BA010102/2025,PENGADAAN REPEAT ORDER PRESSURE SWITCH,2025-12-05,84,20,98,kesepakatan,"2,3,4,5,7,8,16",0,,full,,,,,,,proc,,,,,,,,,fifi,2025-12-10,,0,2,,,,,,,,,,0,1,,
2366,D!PbiYC1fGkvHS4x2w7h3jg9^,2837.SPK/BA.202/BA010102/2025,PENGADAAN SPAREPARTS AUXILIARY ENGINE,2025-12-08,113,33,14,kesepakatan,"2,3,5,7,8,11,16",0,,full,,,,,,,proc,,,,,,,,,fifi,2025-12-10,,0,2,,,,paid,,2026-02-11,,,,0,1,,
2367,$RWc2*XGM0NKj8BgrAFzbie7P,2824.SPK/BA.202/BA010102/2025,PENGADAAN DECK RUNNING STORE,2025-12-05,84,8,4,kesepakatan,"2,3,4,7,8,16",0,,full,,,,,,,proc,,,,,,,,,fifi,2025-12-10,,0,2,,,,paid,,2026-02-11,,,,0,1,,
2368,5!Nb2G*1dLqhtXzPoaE0cUp7D,0004.Amd/BA.101/BA010102/2026,PENGADAAN SPAREPARTS REXPELLER (STARBOARD & PORT SIDE),2025-06-23,37,5,370,kesepakatan,"1,3,4,5,13,16,18,19,24",0,,full,,,,,,,,,,,,,,,,fifi,2025-12-11,linked,4231,1,,,,,,,,,,0,1,,
2369,Ft^j@qOWhZi26AUw7eJK3ubc*,2845.SPK/BA.17/BA010102/2025,PENGADAAN BARANG DAN JASA PERBAIKAN IDLE GEAR AUXILIARY ENGINE,2025-12-10,52,16,5,kesepakatan,"2,3,4,5,7,8,16",0,,full,,,,,,,proc,,,,,,,,,fifi,2025-12-11,,0,2,,,,paid,,2026-04-07,,,,0,1,,
2370,LP*f5DKygw6t8zqimxH@UBO!^,2842.SPK/BA.17/BA010102/2025,PENGADAAN CAT PRIMER,2025-12-10,13,1,10,kesepakatan,"2,3,4,5,8",0,,full,,,,,,,proc,,,,,,,,,fifi,2025-12-12,,0,2,,,,paid,,2026-03-10,,,,0,1,,
2371,siOjc7ISq4Y96HEzmkBQJb31e,2841.SPK/BA.101/BA010102/2025,PENGADAAN CUTLESS BEARING,2025-12-10,125,8,10,onboard,"2,3,4,5,7,8",0,,full,,,,,,,,,,,,,,,,fifi,2025-12-12,,0,3,,,,paid,,2026-02-11,,,,0,1,,
2372,YyolbU!tVqznORHM4@6^ZejiN,2835.SPK/BA.202/BA010102/2025,REKONDISI CYLINDER BLOCK MAIN AIR COMPRESSOR & AIR REGULATOR VALVE,2025-12-08,43,3,5,kesepakatan,"2,3,4,5,8,16",0,,full,,,,,,,proc,,,,,,,,,fifi,2025-12-12,,0,2,,,,paid,,2026-04-07,,,,0,1,,
2373,9j7Q^pCthKA8mHUzXk*Y0P1Gi,2832.SPK/BA.302/BA010102/2025,FABRIKASI SPARE PART COOLING PUMP AE,2025-12-08,43,27,3,kesepakatan,"2,3,4,5,8,16",0,,full,,,,,,,proc,,,,,,,,,alfin,2025-12-12,,0,2,,,,paid,,2026-02-11,,,,0,1,,
2374,uN3faEnD9XjkVlWxGIgs*2BzY,2833.SPK/BA.302/BA010102/2025,FABRIKASI SPARE PART COOLING PUMP AE,2025-12-08,43,29,3,kesepakatan,"2,3,4,5,8,16",0,,full,,,,,,,proc,,,,,,,,,alfin,2025-12-12,,0,2,,,,paid,,2026-03-06,,,,0,1,,
2375,IEkK7eHPlXf0i*DaM@TvBUqY8,2844.SPK/BA.17/BA010102/2025,PENGADAAN SHEAVE ROLLER CRANE,2025-12-10,17,32,20,kesepakatan,"2,3,4,5,8,16",0,,full,,,,,,,proc,,,,,,,,,alfin,2025-12-12,,0,2,,,,paid,,2026-04-21,,,,0,1,,
2376,X$jOei0YT1zSvy639AfVP8CdB,2849.SPK/BA.302/BA010102/2025,SPARE PART AUXILIARY ENGINE,2025-12-12,17,1,15,kesepakatan,"2,3,4,5,8,16",0,,full,,,,,,,proc,,,,,,,,,alfin,2025-12-12,,0,2,,,,paid,,2026-02-19,,,,0,1,,
2377,RhpHwj*UKv2JXk41tsLA876TE,0122.SPBJ/PR.103/BA010400/2025,PENGADAAN JASA INSTALASI FUEL MONITORING SYSTEM,2025-12-31,119,31,45,kesepakatan,"1,3,4,5,6,16,24",0,,full,,,,,,,,,,,,,,,,fifi,2025-12-15,,0,1,,,,paid,,2025-12-23,,,,0,1,,
2378,iUMjEf@0WAxCyvbI52sz*16k^,2828.SPK/BA.302/BA010102/2025,PENGADAAN ACCECORIS RANTAI JANGKAR,2025-12-06,31,10,5,kesepakatan,"2,3,4,5,7,8,15",0,,full,,,,,,,proc,,,,,,,,,alfin,2025-12-15,,0,2,,,,paid,,2026-01-29,,,,0,1,,
2379,6WkQ0B@25AUnIwNKyG^H3LJjD,0112.SPBJ/PR.103/BA010400/2025,REPEAT ORDER PENGADAAN JASA OVERHAUL MAIN ENGINE DAN AUXILIARY ENGINE,2025-10-13,11,14,10,kesepakatan,"1,3,4,5,6,8,16",0,,full,,,,,,,,,,,,,,,,fifi,2025-12-15,,0,1,,,,,,,,,,2,2,,
2380,w*jFAgyIxBHedr7lVQN1EmRCn,0127.SPBJ/PR.103/BA010400/2025,PENGADAAN TURBOCHARGER COMPLETE OF MAIN ENGINE (COO) TYPE : MITSUBISHI MET 26SR (SPEC: DS3F43DW312KB70T),2025-11-11,17,5,15,kesepakatan,"1,3,4,5,8,10,16,19,24",0,,full,,,,,,,,,,,,,,,,alfin,2025-12-15,,0,1,,,,paid,,2025-12-29,,,,0,1,,
2381,gyk4cvaf1GdIrC3SQ7F5XqW02,0099.SPBJ/PR.103/BA010400/2025,PENGADAAN JASA GENERAL OVERHAUL MAIN ENGINE,2025-09-02,11,1,18,kesepakatan,"1,3,4,5,6,8,16",0,,full,,,,,,,,,,,,,,,,alfin,2025-12-15,,0,1,,,,,,,,,,2,2,,
2382,sK*4qLoe5lp2JIT36zQhtfR^1,B.2326/BA.301/DIROPS-2025,PENGADAAN SERTA PEMASANGAN PLANNED MAINTENANCE SYSTEM KM. ZALECHA BARUNA DAN KM. KENCANA BARUNA,2025-10-30,119,32,90,onboard,"1,3,4,5,6,8,24",0,,full,,,,,,,,,,,,,,,,fifi,2025-12-15,,0,1,,,,,,,,,,3,3,,
2383,J2u7B0glVZkNOwEIRhz!WmXUD,2840.SPK/BA.101/BA010102/2025,PENGADAAN RANTAI JANGKAR DAN AKSESORIS,2025-12-12,84,8,4,kesepakatan,"2,3,4,5,7,8,14",0,,full,,,,,,,proc,,,,,,,,,alfin,2025-12-16,,0,3,,,,paid,,2026-02-11,,,,0,1,,
2384,DPahAp^54lb@8EnekCFoH6LgQ,2831.SPK/BA.101/BA010102/2025,RUBBER COUPLING GEARBOX MAIN ENGINE,2025-12-10,43,8,7,kesepakatan,"2,3,4,5,7,8,16",2000000,,full,,,,,,,proc,,,,,,,,,alfin,2025-12-16,,0,2,,,,paid,,2025-12-23,,,,0,1,,
2385,LIJhpA1Bnj45mrbuX9GW!sv7^,0139.SPBJ/PR.103/BA010400/2025,(REPAT ORDER) PENGDAAN TURBOCHARGER COMPLETE OF MAIN ENGINE (COO) TYPE : MITSUBISHI MET 26SR (SPEC : DS3F4DW312KB70T),2025-12-10,17,5,15,kesepakatan,"1,3,4,6,10,18,19,24",0,,full,,,,,,,,,,,,,,,,fifi,2025-12-17,,0,1,,,,paid,,2025-12-29,,,,0,1,,
2386,yJ*2dutoOzHBhSMwpKfA1Cg3r,0094.SPBJ/PR.103/BA010400/2025,PENGADAAN JASA OVERHAUL TURBOCHARGER MAIN ENGINE DAN AUXILIARY ENGINE KEBUTUHAN DOCKING,2025-08-22,11,1,15,kesepakatan,"1,3,4,5,6,8,16",0,,full,,,,,,,,,,,,,,,,fifi,2025-12-17,,0,1,,,,,,,,,,2,2,,
2387,!V06H7ilKsT$p2ot9mLvhgxwd,0091.SPBJ/PR.103/BA010400/2025,PENGADAAN JASA GENERAL OVERHAUL AUXILIARY ENGINE,2025-08-14,11,1,15,kesepakatan,"1,3,4,5,6,8,16",0,,full,,,,,,,,,,,,,,,,fifi,2025-12-18,,0,1,,,,,,,,,,2,2,,
2388,OCRKXsoPIM5g!1QemA4rhyk9J,0110.SPBJ/PR.103/BA010400/2025,PENGADAAN SPAREPARTS MAIN ENGINE (COO) DOCKING 2025,2025-10-07,17,5,25,kesepakatan,"1,3,4,6,10,18,19,24",0,,full,,,,,,,,,,,,,,,,fifi,2025-12-18,,0,1,,,,,,,,,,0,1,,
2389,685RyYtrQsT!avOC^wdfupJF2,0004.Add/BA.101/BA010102/2025,PENGADAAN JASA DOCKING REPAIR KM. KARTINI BARUNA,2025-11-28,88,1,60,kesepakatan,"1,2,3,5",0,,full,,,,,,,,,,,,,,,,fifi,2025-12-18,,0,1,,,,,,,,,,4,2,,
2390,!1rwXDjq9x@aNQ7u^6KRFomkh,0142.SPBJ/PR.103/BA010400/2025,PENGADAAN CONVEYOR BOOM BELT,2025-12-12,41,5,30,kesepakatan,"3,4,6,18,19,24",0,,full,,,,,,,,,,,,,,,,fifi,2025-12-18,,0,1,,,,paid,,2025-12-30,,,,0,1,,
2391,BbJYkeZj^Fvlap4qO1fI8Qn@A,0003.Add/BA.101/BA010102/2025,PENGADAAN JASA DOCKING REPAIR KM. LATIFAH BARUNA,2025-11-28,105,20,60,kesepakatan,"1,2,3,5,6",0,,full,,,,,,,,,,,,,,,,fifi,2025-12-18,,0,1,,,,,,,,,,4,2,,
2392,YrXc047LAl$s^wGfiN1tneoFD,2817.SPK/BA.101/BA010102/2025,PENGADAAN OUTBOARD BUSH OF STERNTUBE (PORT & STBD),2025-12-04,125,10,7,kesepakatan,"2,3,4,5,7,8,16",0,,full,,,,,,,,,,,,,,,,fifi,2025-12-18,,0,3,,,,paid,,2025-12-29,,,,0,1,,
2393,cRoh2u!nBqNtOHexA^sQ8E4$K,B.1694/PR.103/DIROP-2025,"TENTANG INSTALASI ONSHORE POWER SUPPLY KM. MARTHA BARUNA, KM. MEUTIA BARUNA, KM. INATAN BARUNA",2025-09-08,98,16,90,kesepakatan,"1,3,4,5,6,18,19,23,24",0,,full,,,,,,,,,,,,,,,,fifi,2025-12-19,non-reimburse,0,1,,,,,,,,,,3,1,,
2394,kduQ9Nj6JRMKeTrLEGFib4l1p,0136.SPBJ/PR.103/BA010400/2025,PENGADAAN CAT UNTUK DOCKING TB. SRIKANDI BARUNA 2002 DAN BARUNA POWER 3003,2025-12-01,13,10,3,onboard,"1,3,4,5,8,19,24",0,,full,,,,,,,,,,,,,,,,fifi,2025-12-19,,0,1,,,,,,,,,,0,1,,
2395,@mD8hzRdsQi!tr*IxjuAX6ank,0052.SPBJ/BA.301/BA010400/2025,PENGADAAN SPAREPARTS CONROD & CROSSHEAD BEARING ME,2025-05-14,130,32,170,kesepakatan,"1,3,4,5,9,16,19,24",0,,full,,,,,,,,,,,,,,,,fifi,2025-12-19,,0,1,,,,,,,,,,0,1,,
2396,kcVzy^dtgZER$KieQuYjH43as,C.1780/PR.103/DIV.PENGADAAN-2025,PENGADAAN STAFFA MOTOR WINDLASS MV. KARTINI BARUNA,2025-09-16,17,1,15,kesepakatan,"1,3,4,5,10,19,24",0,,full,,,,,,,,,,,,,,,,fifi,2025-12-19,non-reimburse,0,1,,,,,,,,,,2,1,,
2397,9iLjTPHxo7vCs1R@65cBUw8Du,2857.SPK/PR.202/BA010102/2025,PENGADAAN SPAREPARTS OIL PUMP AE (COM DAIHATSU),2025-12-17,12,1,45,kesepakatan,"2,3,4,5,8,9",0,,full,,,,,,,proc,,,,,,,,,fifi,2025-12-19,,0,2,,,,paid,,2026-02-11,,,,0,1,,
2398,W73nOG4jC!wsSurqVKhyZ*Ybd,2427.Pj/BA.101/BA010400/2025,Pekerjaan Docking Repair TB. Srikandi Baruna 2002 & BG Baruna Power 3003,2025-11-21,117,10,16,onboard,"1,2,3,5,8,16",0,,,,,,,,,,,,,,,,,,admin,2025-12-19,non-reimburse,0,1,,,,,,,,,,4,0,,
2399,EyTP3Slbj!pwAqUztrNLMm9Kn,0085.SPBJ/PR.103/BA010400/2025,PENGADAAN SPAREPARTS MAIN ENGINE,2025-08-04,37,23,180,kesepakatan,"1,3,4,6,9,16,18,19,24",0,,full,,,,,,,,,,,,,,,,fifi,2025-12-19,,0,1,,,,,,,,,,3,3,,
2400,Wj7qupviPhdkXVr!A3R4xf5zK,C.1481/SP.94/DIV.Rendalhar-2025,TENTANG PENGADAAN SPAREPARTS MAIN ENGINE,2025-08-11,37,23,180,kesepakatan,"1,3,4,5,9,16,18,19,24",0,,full,,,,,,,,,,,,,,,,fifi,2025-12-22,,0,1,,,,,,,,,,3,0,,
2401,H*9!irETLR2gmcYnktSA4F^xN,0133.SPBJ/PR.103/BA010400/2025,PENGADAAN JASA OVERHAUL MAIN ENGINE DAN AUXILIARY ENGINE,2025-11-21,11,10,12,kesepakatan,"1,3,4,5,6,8,16",0,,full,,,,,,,,,,,,,,,,fifi,2025-12-23,,0,1,,,,,,,,,,2,1,,
2402,JjXnlDC*Gu2vEdZcFTifMxm7r,2521.SPK/BA.101/BA010102/2025,JASA ULTRASONIC THICKNESS MEASUREMENT DOCKING SURVEY (SS V) KM. SARTIKA BARUNA,2025-10-14,71,5,7,kesepakatan,"1,2,3,4,5,8",0,,full,,,,,,,,,,,,,,,,fifi,2025-12-23,linked,4072,1,,,,,,,,,,0,1,,
2403,zM$EkB*HbXtJf4GIeAcOYRFDx,2848.SPK/BA.17/BA010102/2025,PENGADAAN JASA REWINDING ELMOT FO CIRCULATION PUMP & FO PURIFIER,2025-12-12,5,17,7,kesepakatan,"2,3,4,5,8,16",0,,ready,,,,,,,proc,,,,,,,,,fifi,2025-12-23,non-reimburse,0,2,,,,,,,,,,0,1,,
2404,R9GvJNnawZIg5BpuY3K1Mx!tz,2829.SPK/PR.202/BA010102/2025,ADDITIONAL PERBAIKAN & PENGADAAN SPAREPARTS GENERAL OVERHAUL MAIN ENGINE,2025-12-06,11,10,7,kesepakatan,"2,3,4,5,7,8,16",0,,full,,,,,,,proc,,,,,,,,,fifi,2025-12-23,,0,3,,,,paid,,2026-02-10,,,,0,1,,
2405,5FWQCU^qDEjuK$bkXGYPp9Tz*,2865.SPK/PR.202/BA010102/2025,PENGADAAN JASA REWINDING ALTERNATOR AE (S),2025-12-24,5,14,7,onboard,"2,3,4,5,8,16",0,,full,,,,,,,proc,,,,,,,,,fifi,2025-12-30,,0,2,,,,paid,,2026-02-19,,,,0,1,,
2406,SPeRjZp3OTIWnqychru0Fwb1*,0105.SPBJ/PR.103/BA010400/2025,EVALUASI PENGADAAN SPAREPARTS AUXILIARY ENGINE (COO) DOCKING 2025 TYPE : DAIHATSU 5DK20,2025-09-24,37,5,20,jakarta,"1,3,4,6,9,10,18,19,24",0,,full,,,,,,,,,,,,,,,,fifi,2025-12-31,,0,1,,,,,,,,,,0,1,,
2407,PgN2A9!uc^Jn0WkKOX4U5oi3z,0137.SPBJ/PR.103/BA010400/2025,PENGADAAN PNEUMATIC RUBBER FANDER ARMADA MILIK HANDYSIZE,2025-12-08,21,44,2,onboard,"1,3,4,5,15,18,19,24",0,,full,,,,,,,,,,,,,,,,fifi,2025-12-31,linked,3713,1,,,,,,,,,,0,1,,
2408,0HR8mkCuQOdbyiAhZ*eL57lIN,2868.SPK/BA.202/BA010102/2025,PENGADAAN MOORING EQUIPMENT,2025-12-29,31,44,5,kesepakatan,"2,3,4,5,7,8,15,16",0,,full,,,,,,,proc,,,,,,,,,fifi,2026-01-02,,3733,2,,,,paid,,2026-02-11,,,,0,1,,
2409,skxqu1XU@w9Ca2HND3Zr^EmQY,2869.SPK/BA.202/BA010102/2025,PENGADAAN WIRE,2025-12-29,35,44,2,kesepakatan,"2,3,4,5,8,15,16",0,,full,,,,,,,proc,,,,,,,,,fifi,2026-01-02,,0,2,,,,paid,,2026-02-11,,,,0,1,,
2410,YecCE6brZQ@J9Lvk2Mp7qWtzU,2870.SPK/BA.202/BA010102/2025,PENGADAAN CAT,2025-12-30,13,44,10,kesepakatan,"2,3,4,5,8",0,,full,,,,,,,proc,,,,,,,,,fifi,2026-01-02,,0,2,,,,paid,,2026-03-10,,,,0,1,,
2411,PDOLB!qA6rw39WC2Hi0^vKSkn,2871.SPK/BA.17/BA010102/2025,PENGADAAN ENGINE RUNNING STORE,2025-12-29,100,44,7,kesepakatan,"2,3,4,5,8,15,16",0,,full,,,,,,,proc,,,,,,,,,fifi,2026-01-02,,0,2,,,,paid,,2026-01-23,,,,0,1,,
2412,$n8XrP!de3vg*qk6u9i^UaJzM,0014.SPK/PR.202/BA010102/2026,"JASA KONSULTAN PENILAIAN KONDISI TEKNIS, PENYUSUNAN DAFTAR PERBAIKAN (REPAIR LIST) & ESTIMASI BIAYA DOCKING (ENGINEER ESTIMATE)",2026-01-05,120,6,14,onboard,"1,2,3,4,5,8,16",0,,,,,,,,,proc,,,,,,,,,fifi,2026-01-06,non-reimburse,0,1,,,,,,,,,,0,0,,
2413,gcK1hUZxmjHl6F$ftP5DqNGnX,0007.SPK/BA.202/BA010102/2026,PENGADAAN MATERIAL CAT,2026-01-01,13,32,15,kesepakatan,"2,3,4,5,7,8,16",0,,full,,,,,,,proc,,,,,,,,,fifi,2026-01-06,,0,2,,,,paid,,2026-06-15,,,,0,1,,
2414,jxl!A5IrcDn*$XZVOJ^2FPNBz,0145.SPBJ/PR.103/BA010400/2025,PENGADAAN SPMK SPAREPART SELENOID OPERATED GAS ADMISSION VALVE (SOGAV) MAIN ENGINE,2025-12-15,20,33,30,kesepakatan,"1,3,4,6,9,18,19,24",0,,full,,,,,,,,,,,,,,,,fifi,2026-01-07,,0,1,,,,,,,,,,0,1,,
2415,$oEKIg7JP8LsRABn0^3mM6COT,2856.SPK/BA.101/BA010102/2025,MACHINING ENGINE BLOCK AUXILIARY ENGINE NO 2 (KANAN/STARBOARD),2025-12-16,11,8,7,onboard,"2,3,4,5,7,8,16",0,,full,,,,,,,proc,,,,,,,,,fifi,2026-01-07,,0,3,,,,paid,,2026-02-11,,,,0,1,,
2416,arZtPpsHGz1eQ95f*uj7bMTOy,0020.SPK/BA.104/BA010102/2026,PENGADAAN MATERIAL & JASA REPLATING GRAB NO 2,2026-01-02,63,32,20,kesepakatan,"2,3,4,5,8,16",0,,,,,,,,,proc,,,,,,,,,fifi,2026-01-08,,0,2,,,,,,,,,,0,0,,
2417,tarPY9SH8cL7VNy$!hbTBjz*d,0021.SPK/BA.104/BA010102/2026,PENGADAAN MATERIAL & JASA REPLATING NO 4,2026-01-06,63,32,20,kesepakatan,"2,3,4,5,8,16",0,,ready,,,,,,,proc,,,,,,,,,fifi,2026-01-08,,0,2,,,,,,,,,,0,0,,
2418,^BCi6ukYFDMRVZ8I*47pwxPlj,0010.SPK/BA.302/BA010102/2026,PENGADAAN SPAREPARTS AE ZJMD MAN B&W 6L23/30H,2026-01-05,30,32,25,kesepakatan,"2,3,4,5,7,8,16",0,,full,,,,,,,proc,,,,,,,,,fifi,2026-01-08,,0,2,,,,paid,,2026-03-12,,,,0,1,,
2419,TlDs43xHWp*cMQkRV7ibXy6wB,0005.SPK/BA.302/BA010102/2026,PENGADAAN SPAREPARTS MAIN ENGINE DOOSAN 6S50MC-C,2026-01-02,30,32,26,kesepakatan,"2,3,4,5,7,8,16",0,,full,,,,,,,proc,,,,,,,,,fifi,2026-01-08,,0,2,,,,paid,,2026-03-12,,,,0,1,,
2420,BkxD2sCfFYPlq*8@EJmKiuLev,0004.SPK/PR.202/BA010102/2026,PENGADAAN JASA REPLATING TUGBOAT & TONGKANG,2026-01-02,5,21,6,onboard,"2,3,4,5,8,16",0,,full,,,,,,,proc,,,,,,,,,fifi,2026-01-08,,0,2,,,,paid,,2026-02-19,,,,0,1,,
2421,FGmt*lTz403^udAb$cSWqrj56,0006.SPK/BA.202/BA010102/2026,PENGADAAN SEHAVE MOUNTING,2026-01-05,17,17,20,kesepakatan,"2,3,4,5,7,8,16",0,,full,,,,,,,proc,,,,,,,,,fifi,2026-01-08,,0,2,,,,paid,,2026-03-10,,,,0,1,,
2422,S7YAgQyVo3X*5CklUte4jNaM8,0008.SPK/BA.202/BA010102/2026,PENGADAAN MATERIAL & JASA PERBAIKAN CONSOLE ENGINE MANUVERING MAIN ENGINE,2026-01-02,147,17,15,onboard,"2,3,4,5,8,16",0,,full,,,,,,,proc,,,,,,,,,fifi,2026-01-08,,0,2,,,,paid,,2026-07-09,,,,0,1,,
2423,mTDqsw2WN9zl@UuLFv3Z^h!8O,0001.SPK/PR.202/BA010102/2026,PENGADAAN JASA FABRIKASI GEARBOX TONGKANG,2026-01-02,5,13,30,onboard,"2,3,4,5,8,16",0,,full,,,,,,,proc,,,,,,,,,fifi,2026-01-08,,0,2,,,,paid,,2026-04-01,,,,0,1,,
2424,Y4QiL0HC2OqMpSe3@NlJuht9$,0026.SPK/BA.302/BA010102/2026,PENGADAAN BARANG RUNNING STORE CAT,2026-01-07,13,6,12,kesepakatan,"2,3,4,5,7,8,16",0,,full,,,,,,,proc,,,,,,,,,fifi,2026-01-08,,0,2,,,,paid,,2026-04-01,,,,0,1,,
2425,0CLXrSKOjqQ5UAMfW^YEBw1o9,0019.SPK/BA.302/BA010102/2026,PENGADAAN SPAREPART ME DOOSAN MAN B&W 6S50MC-C,2026-01-06,30,32,23,kesepakatan,"2,3,4,5,7,8,16",0,,,,,,,,,proc,,,,,,,,,fifi,2026-01-08,,0,2,,,,,,,,,,0,0,,
2426,!Nk*gxCVlzj8PG7D2SKaA3OYX,0009.SPK/BA.202/BA010102/2026,PENGADAAN BEARING ELMOT,2026-01-02,100,17,14,kesepakatan,"2,3,4,5,7,8,16",0,,full,,,,,,,proc,,,,,,,,,fifi,2026-01-08,,0,2,,,,paid,,2026-02-19,,,,0,1,,
2427,Wa3UJlK*HomPrs76y$0YCkqFp,2850.SPK/BA.101/BA010102/2026,PENGADAAN ADDITIONAL SPAREPARTS MAIN ENGINE DAN AUXILIARY ENGINE SETELAH INSPEKSI (KIRI/PORTSIDE),2025-12-12,11,8,2,onboard,"2,3,4,5,7,8,16",0,,full,,,,,,,proc,,,,,,,,,fifi,2026-01-08,,0,3,,,,paid,,2026-02-11,,,,0,1,,
2428,E@IUJ8jltL23kK$NCPx^cu5ry,2854.SPK/BA.101/BA010102/2025,PENGADAAN ADDITIONAL SPAREPARTS MAIN ENGINE DAN AUXILIARY ENGINE SETELAH INSPEKSI (KANAN/STARBOARD),2025-12-15,11,8,2,onboard,"2,3,4,5,7,8,16",0,,full,,,,,,,proc,,,,,,,,,fifi,2026-01-08,,0,3,,,,paid,,2026-02-11,,,,0,1,,
2429,AnpfMh*mHPX9QqozN@FvkixCZ,2852.SPK/BA.101/BA010102/2025,PENGADAAN VALVE DAN REFUNCTION MESIN JANGKAR,2025-12-16,84,8,5,onboard,"2,3,4,5,7,8,16",0,,full,,,,,,,proc,,,,,,,,,fifi,2026-01-08,,0,3,,,,paid,,2026-02-11,,,,0,1,,
2430,lPH4byW$!XSLVi81p9Uuf*KOQ,0013.SPK/BA.302/BA010102/2026,PENGADAAN SPAREPARTS AUXILIARY ENGINE,2026-01-07,113,33,14,kesepakatan,"2,3,5,7,8,13,16",0,,full,,,,,,,proc,,,,,,,,,fifi,2026-01-08,,0,2,,,,paid,,2026-02-11,,,,0,1,,
2431,qsl9Mx8zBZ*C^fKLeaXFT7UPy,2855.SPK/BA.101/BA010102/2025,PENGADAAN VALVE MECHANISM MAIN ENGINE,2025-12-16,11,8,3,onboard,"2,3,4,5,7,8,16",0,,full,,,,,,,proc,,,,,,,,,fifi,2026-01-08,,0,3,,,,paid,,2026-02-11,,,,0,1,,
2432,DjmSKFk5NCrlpUxi4VnAO!0Es,0012.SPK/BA.302/BA010102/2026,PENGADAAN SPAREPARTS MAIN AIR COMPRESSOR,2026-01-07,17,44,16,kesepakatan,"2,3,4,5,7,8,16,18",0,,full,,,,,,,proc,,,,,,,,,fifi,2026-01-08,,0,2,,,,paid,,2026-03-12,,,,0,1,,
2433,uHkzodNr4EWXpVySg93D@iwG0,0152.SPBJ/BA.301/BA010400/2025,PENGADAAN KEBUTUHAN MV. WALIDAH BARUNA EKS STELLAR ARAGVI,2025-12-23,36,44,2,kesepakatan,"1,3",0,,full,,,,,,,,,,,,,,,,fifi,2026-01-09,,0,1,,,,,,,,,,0,1,,
2434,iq5EY7fdI8U*RH@anP9BvJQbl,2263.SPK/TU.006/BA010102/2025,JASA PENGIRIMAN SEPTEMBER - OKTOBER 2025,2025-08-29,48,0,60,kesepakatan,"2,3,4,5,8,16",0,,,,,,,,,,,,,,,,,,fifi,2026-01-09,non-reimburse,0,4,,,,,,,,,,0,0,,
2435,egnMVGjU$H1K^cQsXuh6tTYCE,0033.SPK/BA.302/BA010102/2026,PENGADAAN SPAREPART & TOOLS AE,2026-01-08,17,32,20,kesepakatan,"2,3,4,5,7,8,16",0,,full,,,,,,,proc,,,,,,,,,fifi,2026-01-09,,0,2,,,,paid,,2026-04-13,,,,0,1,,
2436,QnXk$PgLTzcNvs0wrp1^Hx5jl,0031.SPK/BA.302/BA010102/2026,PENGADAAN SPAREPART CRANE MACGREGOR,2026-01-08,17,17,12,kesepakatan,"2,3,4,5,7,8,16",0,,full,,,,,,,proc,,,,,,,,,fifi,2026-01-09,,0,2,,,,paid,,2026-05-08,,,,0,1,,
2437,lYn9w4z6BRFrt3XTZ^V$sjc!5,0034.SPK/BA.7/BA010102/2026,PENGADAAN JASA UNDERWATER SURVEY UNTUK PENUNDAAN DOCKING,2026-01-08,99,7,3,kesepakatan,"2,3,4,5,6,7,8,16",0,,,,,,,,,proc,,,,,,,,,fifi,2026-01-12,non-reimburse,0,2,,,,,,,,,,0,0,,
2438,LchXax7qKbE2g$eP1B3Y5Hpz6,0024.SPK/BA.302/BA010102/2026,PENGADAAN BARANG DOCKING ANODE,2026-01-08,54,6,7,kesepakatan,"2,3,4,5,7,8,16",0,,full,,,,,,,proc,,,,,,,,,fifi,2026-01-12,,0,3,,,,paid,,2026-02-11,,,,0,1,,
2439,7E!1Zp^uWKDFOwjg2JscbNhHA,0049.SPK/BA.202/BA010102/2026,PENGADAAN BARANG MOORING ROPE,2026-01-12,31,6,10,kesepakatan,"2,3,4,5,7,8,16",0,,full,,,,,,,proc,,,,,,,,,fifi,2026-01-12,,3857,2,,,,paid,,2026-02-19,,,,0,1,,
2440,du0bD!UfZRNvsMnA4IPX91tFm,0011.SPK/BA.104/BA010102/2026,REKONDISI HYDRAULIC JACK HATCH COVER,2026-01-07,43,1,21,kesepakatan,"2,3,4,5,7,8,16",0,,full,,,,,,,proc,,,,,,,,,fifi,2026-01-13,,0,2,,,,paid,,2026-04-21,,,,0,1,,
2441,Z2YldSL9IXKpGJj3s@x70*ozP,0025.SPK/BA.104/BA010102/2026,REKONDISI DAN FABRIKASI KEBUTUHAN KAPAL,2026-01-09,43,0,20,kesepakatan,"2,3,4,5,6,7,8,16",0,,full,,,,,,,proc,,,,,,,,,fifi,2026-01-13,,0,2,,,,paid,,2026-03-06,,,,0,1,,
2442,bl5ABus@v29DgNF*6HtIjVenP,0030.SPK/BA.302/BA.302/BA010102/2026,PENGADAAN SOLENOID VALVE GRAB JANUS,2026-01-08,17,0,20,kesepakatan,"2,3,4,5,7,8,16",0,,ready,,,,,,,proc,,,,,,,,,fifi,2026-01-13,,0,2,,,,,,,,,,0,1,,
2443,rsWmneF92wvN1TEipyM3zd5$*,0044.SPK/BA.202/BA010102/2026,PENGADAAN ELECTRICAL RUNNING STORE,2026-01-09,5,44,5,kesepakatan,"2,3,4,5,6,7,8,16",1000000,,full,,,,,,,proc,,,,,,,,,fifi,2026-01-13,,0,2,,,,paid,,2026-02-25,,,,0,1,,
2444,QdbP6Hc$qYyMr0xRWXkZ1JuCE,0045.SPK/BA.17/BA010102/2026,PENGADAAN DECK RUNNING STORE,2026-01-09,100,44,10,kesepakatan,"2,3,4,5,6,7,8,16",0,,full,,,,,,,proc,,,,,,,,,fifi,2026-01-13,,0,2,,,,paid,,2026-03-12,,,,0,1,,
2445,JRKY@8Xc0nzVGlDp!PA4qohrH,0192.SPK/PR.202/BA010000/2025,PENGADAAN JASA OVERHAUL GOVERNOR AE,2025-01-30,93,20,5,onboard,"1,2,3,4,5,8",0,,,,,,,,,,,,,,,,,,fifi,2026-01-13,,0,1,,,,,,,,,,0,0,,
2446,*^IlD16JyQvtnjqp5M!dSfs@m,0001.SPBJ/PR.103/BA010400/2026,PENGADAAN BARANG RENTAL HATCH COVER,2026-01-07,84,7,35,kesepakatan,"1,3,4,5,16,18,19,24",0,,,,,,,,,,,,,,,,,,fifi,2026-01-14,,0,1,,,,,,,,,,0,0,,
2447,DzkI3a1^g@Qxis82Zte*coGY$,0052.SPK/BA.17/BA010102/2026,JASA PEMASANGAN PANEL ELMOT DAN PERBAIKAN AC SYSTEM,2026-01-13,7,4,21,kesepakatan,"2,3,4,5,6,7,8,16",0,,full,,,,,,,proc,,,,,,,,,fifi,2026-01-15,,0,2,,,,,,,,,,0,1,,
2448,MEKesiHmYGOUSzpJQhvCB^In$,0053.SPK/BA.17/BA010102/2026,FABRIKASI DAN SUPPLY SEAL HATCH COVER,2026-01-14,7,0,21,kesepakatan,"2,3,4,5,6,7,8,16",0,,ready,,,,,,,proc,,,,,,,,,fifi,2026-01-15,,0,2,,,,,,,,,,0,1,,
2449,dVbGacyj5UkF2JNT$XzEn8AK9,0067.SPK/BA.302/BA010102/2026,PENGADAAN BARANG SPAREPARTS CONTROL BOX FOR HATCH COVER,2026-01-13,17,6,12,kesepakatan,"2,3,4,5,7,8,16",0,,full,,,,,,,proc,,,,,,,,,fifi,2026-01-15,,0,2,,,,paid,,2026-04-01,,,,0,1,,
2450,9rNEeWIt7O*4x^cVjGpfJ0ZA2,0051.SPK/BA.17/BA010102/2026,JASA PERBAIKAN SAFETY DEVICE MAIN ENGINE DAN AUXILIARY ENGINE,2026-01-14,7,4,21,kesepakatan,"2,3,4,5,6,7,8,16",0,,ready,,,,,,,proc,,,,,,,,,fifi,2026-01-15,,0,2,,,,,,,,,,0,1,,
2451,o9vEyAeYtXk8gfwrGhjBSIOdK,0027.SPK/BA.302/BA010102/2026,PENGADAAN ENGINE RUNNING STORE,2026-01-12,3,1,10,kesepakatan,"2,3,4,5,6,7,8,16",0,,full,,,,,,,proc,,,,,,,,,fifi,2026-01-15,,0,2,,,,paid,,2026-04-01,,,,0,1,,
2452,Q9SNXRkeOmvd^!1qUfHgouB6E,0068.SPK/PR.202/BA010102/2026,PENGADAAN JASA GRINDING INSITU JOURNAL CRANKSHAFT NO. 2 AE NO. 1,2026-01-14,11,32,21,kesepakatan,"2,3,4,5,6,7,8,16",25000000,,ready,,,,,,,,,,,,,,,,fifi,2026-01-15,non-reimburse,0,2,,,,,,,,,,0,1,,
2453,uloe^EYL3ta25msCch40Q!bzR,0003.SPBJ/PR.103/BA010400/2026,PENGADAAN BARANG RANTAI HATCH COVER,2026-01-07,84,7,35,kesepakatan,"3,4,5,18,19,24",0,,full,,,,,,,,,,,,,,,,fifi,2026-01-20,,0,1,,,,paid,,2026-02-20,,,,0,1,,
2454,Jd3z96UDpxuPVNCkyY15^hIAW,0090.SPK/BA.17/BA010102/2026,FABRIKASI KEBUTUHAN KAPAL,2026-01-19,52,0,21,kesepakatan,"2,3,4,5,6,7,8,16",0,,full,,,,,,,proc,,,,,,,,,fifi,2026-01-20,,0,2,,,,paid,,2026-04-01,,,,0,1,,
2455,UzA3V0QH9RoCDS$527Ykl^aJm,0069.SPK/BA.17/BA010102/2026,JASA PEMASANGAN UNIT GEARBOX MAIN ENGINE & JASA PENGIRIMAN,2026-01-15,17,0,21,kesepakatan,"2,3,4,5,6,7,8,16",0,,,,,,,,,proc,,,,,,,,,fifi,2026-01-20,,0,2,,,,,,,,,,0,0,,
2456,GbjzO*UnZaWlekK5wrQ6JEHvS,0070.SPK/BA.17/BA010102/2026,PENGADAAN SPAREPARTS,2026-01-15,11,0,21,kesepakatan,"2,3,4,5,6,7,8,16",0,,full,,,,,,,proc,,,,,,,,,fifi,2026-01-20,,0,2,,,,,,,,,,0,1,,
2457,EM*i56kOSUqGPt^BfaXYH!$mu,0075.SPK/BA.302/BA010102/2026,PENGADAAN SPAREPARTS PISTON DAN CONNECTING ROD AE,2026-01-18,30,32,12,kesepakatan,"2,3,4,5,6,7,8,16",0,,,,,,,,,proc,,,,,,,,,fifi,2026-01-20,,0,2,,,,,,,,,,0,1,,
2458,k3B9Ec@eHv8KPAbSd*lFI5iC!,0078.SPK/BA.302/BA010102/2026,PENGADAAN TURBINE STARTER AUXILIARY ENGINE,2026-01-18,30,32,12,kesepakatan,"2,3,4,5,6,7,8,16",0,,,,,,,,,proc,,,,,,,,,fifi,2026-01-20,,0,2,,,,,,,,,,0,1,,
2459,x*0zAGTbBWOj1CloqReUK4iLQ,0047.SPK/TU.006/BA010102/2026,JASA PENGIRIMAN AMPRAHAN BULAN JANUARI 2026,2026-01-09,48,0,30,kesepakatan,"2,3,4,5,6,7,8,16",0,,full,,,,,,,proc,,,,,,,,,fifi,2026-01-20,,0,4,,,,paid,,2026-02-19,,,,0,1,,
2460,kGL8MmfFS$*nJtRbEA46xd7Hy,0088.SPK/BA.202/BA010102/2026,PENGADAAN RUNNING STORE ENGINE DAN DECK,2026-01-19,3,31,21,kesepakatan,"2,3,4,5,6,7,8,16",0,,ready,,,,,,,proc,,,,,,,,,fifi,2026-01-20,,0,2,,,,,,,,,,0,0,,
2462,QXr@p6K1LCbHA*$FYfJdsMO5I,0041.SPK/BA.202/BA010102/2026,PENGADAAN JASA FABRIKASI LINER REXPELLER KANAN,2026-01-09,90,5,7,kesepakatan,"2,3,4,5,6,7,8,16",0,,full,,,,,,,proc,,,,,,,,,fifi,2026-01-21,non-reimburse,0,3,,,,,,,,,,0,1,,
2463,DJF^mlC$W*0ynTEkU86RpX9zd,0036.SPK/BA.104/BA010102/2026,PENGADAAN JASA FABRIKASI LINER REXPELLER KIRI,2026-01-08,90,5,7,kesepakatan,"2,3,4,5,6,7,8,16",0,,full,,,,,,,proc,,,,,,,,,fifi,2026-01-21,non-reimburse,0,3,,,,,,,,,,0,1,,
2464,8T5uRdQmF$CnHY!1Po@kScWGt,0054.SPK/BA.101/BA010102/2026,PEKERJAAN TAMBAHAN JASA OVERHAUL TURBOCHARGER,2026-01-13,57,5,12,kesepakatan,"2,3,4,5,6,7,8,16",0,,full,,,,,,,proc,,,,,,,,,fifi,2026-01-21,linked,4106,3,,,,,,,,,,0,1,,
2465,I4Ldq*$8eobQJrPStvNX10YRk,0079.SPK/BA.7/BA010102/2026,PENGADAAN JASA UNDERWATER SURVEY UNTUK PENUNDAAN DOCKING,2026-01-15,99,7,3,kesepakatan,"2,3,4,5,6,7,8,16",0,,full,,,,,,,proc,,,,,,,,,fifi,2026-01-21,,0,2,,,,paid,,2026-03-06,,,,0,1,,
2466,^F9nfALHYWrluNPGMRqO4K@2!,0074.SPK/BA.101/BA010102/2026,PENGADAAN JASA OVERHAUL KALIBRASI GOVERNOR AUXILIARY ENGINE,2026-01-15,93,7,15,kesepakatan,"2,3,4,5,6,7,8,16",0,,full,,,,,,,proc,,,,,,,,,fifi,2026-01-21,,0,3,,,,paid,,2026-07-17,,,,0,1,,
2467,LDjZHF5kr86xvMOIYaKUX3Q7V,0094.SPK/BA.17/BA010102/2026,MOORING ROPE,2026-01-20,35,3,2,kesepakatan,"2,3,4,5,6,7,8,16",5000000,,full,,,,,,,proc,,,,,,,,,fifi,2026-01-21,,0,2,,,,paid,,2026-03-12,,,,0,1,,
2468,RvuS!02odXKhON*3Vz1a8PDew,0096/SPK/BA.101/BA010102/2026,PENGADAAN JASA OVERHAUL KALIBRASI GOVERNOR AUXILIARY ENGINE,2026-01-20,93,6,13,kesepakatan,"2,3,4,5,6,7,8,16",0,,,,,,,,,proc,,,,,,,,,fifi,2026-01-21,,0,3,,,,,,,,,,0,0,,
2469,D*Rto35IjdENuBAJnKOvzSxTL,0148.SPBJ/PR.103/BA010400/2025,PENGADAAN BARANG SPAREPARTS DOCKING AUXILIARY ENGINE (COO),2025-12-19,37,7,20,kesepakatan,"1,3,4,5,10,16,18,19,24",0,,full,,,,,,,,,,,,,,,,fifi,2026-01-21,,0,1,,,,,,,,,,0,1,,
2470,2FRnkEx1u70YSiheDZ8z93H^J,0147.SPBJ/PR.103/BA010400/2025,PENGADAAN BARANG SPAREPARTS DOCKING AUXILIARY ENGINE (COO),2025-12-17,37,6,10,kesepakatan,"1,3,4,5,10,16,18,19,24",0,,ready,,,,,,,,,,,,,,,,fifi,2026-01-21,,0,1,,,,,,,,,,0,1,,
2471,cR^s@tGn!eqvLQ$YDr1dXi2JT,0043.SPK/BA.202/BA010102/2026,ADDITIONAL JASA PEMASANGAN UNIT BARU TURBOCHARGER OF MAIN ENGINE (MET 26 SR),2026-01-09,17,5,10,onboard,"2,3,4,5,6,7,8,16",0,,full,,,,,,,proc,,,,,,,,,fifi,2026-01-22,,0,3,,,,paid,,2026-04-01,,,,0,1,,
2472,ioq5b2wpDPJjfxLzO4u^sK8WR,0089.SPK/BA.17/BA010102/2026,PENGADAAN MOORING EQUIPMENT,2026-01-19,31,32,12,kesepakatan,"2,3,4,5,6,7,8,16",0,,full,,,,,,,proc,,,,,,,,,fifi,2026-01-22,,0,2,,,,paid,,2026-03-12,,,,0,1,,
2473,^j8942BokbayNxQPKHZceG7pm,0093.SPK/BA.17/BA010102/2026,REKONDISI DAN FABRIKASI KEBUTUHAN KAPAL,2026-01-19,5,0,21,kesepakatan,"2,3,4,5,6,7,8,16",2500000,,full,,,,,,,proc,,,,,,,,,fifi,2026-01-22,,0,2,,,,paid,,2026-03-12,,,,0,1,,
2474,UF!5CQ8^JfesKw9h@gkr3RWXd,0072.SPK/BA.101/BA010102/2026,ADDITIONAL PENGADAAN NOZZLE RING & BEARING PEDESTAL TURBOCHARGER OF MAIN ENGINE NO. 2,2026-01-15,45,5,30,kesepakatan,"2,3,4,5,6,7,8,16",0,,full,,,,,,,proc,,,,,,,,,fifi,2026-01-22,,0,3,,,,paid,,2026-07-03,,,,0,1,,
2475,5cKrjzqx4!XFC96y2kgUJ@iLT,0071.SPK/BA.101/BA010102/2026,ADDITIONAL PENGADAAN GAS INLET CASING TURBOCHARGER OF MAIN ENGINE NO. 1 & NO. 2,2026-01-15,45,5,30,kesepakatan,"2,3,4,5,6,7,8,16",0,,full,,,,,,,proc,,,,,,,,,fifi,2026-01-22,,0,3,,,,,,,,,,0,1,,
2476,WEi2!z91NJpyITSu7QoMHU@d^,0073.SPK/BA.17/BA010102/2026,ADDITIONAL JASA RELAGGING PULLEY CONVEYOR BELT,2026-01-15,60,5,5,onboard,"2,3,4,5,6,7,8,16",0,,full,,,,,,,proc,,,,,,,,,fifi,2026-01-22,,0,3,,,,paid,,2026-02-27,,,,0,1,,
2477,$Xs23YLIZoU4ikAtegS1DB60F,0042.SPK/BA.202/BA010102/2026,ADDITIONAL SPAREPARTS OVERHAUL OF MAIN ENGINE & AUXILIARY ENGINE,2026-01-09,11,5,10,kesepakatan,"2,3,4,5,6,7,8,16",0,,full,,,,,,,proc,,,,,,,,,fifi,2026-01-22,,0,3,,,,paid,,2026-04-01,,,,0,1,,
2478,Tel*Gp$xOmrAZ8W1Bv3s^H9QF,0140.SPBJ/PR.103/BA010400/2025,Pengadaan Wire Hoisting dan Wire Luffing Armada Kapal Milik PT. Pelayaran Bahtera Adhiguna,2025-12-11,17,0,30,kesepakatan,"1,2,3,4,5,7,8,15,18,19,24",0,,full,,,,,,,,,,,,,,,,alfin,2026-01-23,,0,1,,,,,,,,,,30,1,,
2479,92GwphzUq40vCu@nroNxQXebk,0104.SPK/PR.202/BA010102/2026,PENGADAAN JASA REWINDING ELEKTROMOTOR,2026-01-22,113,7,5,kesepakatan,"2,3,4,5,7,8,16",0,,full,,,,,,,proc,,,,,,,,,fifi,2026-01-23,,0,2,,,,paid,,2026-04-20,,,,0,1,,
2480,4uClNI@X$qwJyL7mAZ!rcBv3d,0103.SPK/BA.202/BA010102/2026,PENGADAAN BARANG SELENOID DAN COIL GRAB,2026-01-22,36,6,3,kesepakatan,"2,3,4,5,7,8,16",0,,full,,,,,,,proc,,,,,,,,,fifi,2026-01-23,,0,2,,,,paid,,2026-03-17,,,,0,1,,
2481,r3mglDOI^uwonVH5JRfqEM6X@,0046.SPK/PR.202/BA010102/2026,JASA REWINDING ELECTRO MOTOR AC COMPRESSOR,2026-01-26,5,6,12,kesepakatan,"2,3,4,5,6,7,8,16",0,,,,,,,,,proc,,,,,,,,,fifi,2026-01-27,,0,2,,,,,,,,,,0,0,,
2482,eICUkqhMYSPFE$KWv3Ow45BuZ,0095.SPK/BA.17/BA010102/2026,PENGADAAN SPAREPARTS DAN JASA TOP OVERHAUL AE,2026-01-21,11,32,21,kesepakatan,"2,3,4,5,6,7,8,16",0,,full,,,,,,,proc,,,,,,,,,fifi,2026-01-27,,0,2,,,,,,,,,,0,1,,
2483,uMtvLQ7OlHYPNRJS!aAUy$1*K,0144.SPBJ/PR.103/BA010400/2025,PENGADAAN JASA PENGGANTIAN CONVEYOR BELT,2025-12-12,60,5,30,kesepakatan,"2,3,4,5,6,8",0,,full,,,,,,,,,,,,,,,,fifi,2026-01-27,,0,1,,,,,,,,,,2,2,,
2484,D9cySGvaKle2sfZ0!Xi1NW8YJ,0082.SPK/KP.306/BA010102/2026,JASA CATALOGING,2026-01-19,56,0,120,kesepakatan,"2,3,4,5,6,7,8,16",0,,full,,,,,,,proc,,,,,,,,,fifi,2026-01-27,,0,4,,,,,,,,,,4,4,,
2485,E76f9cr2JBXDdhRUQl0jk*HYe,C.2837/PR.103/DIV.RENDALHARHAR-2025,SPAREPARTS FUEL INJECTION PUMP MAIN ENGINE & AUXILIARY ENGINE,2025-12-24,11,8,12,kesepakatan,"2,3,4,5,6,7,8,16",0,,full,,,,,,,proc,,,,,,,,,fifi,2026-01-28,,0,3,,,,,,,,,,0,1,,
2486,0cBw8s@dG4Roj*5PDrIKt!MeF,0099.SPK/BA.17/BA010102/2026,PENGADAAN AIR VENT HEAD,2026-01-15,2,5,5,kesepakatan,"2,3,4,5,7,8,16",0,,full,,,,,,,proc,,,,,,,,,fifi,2026-01-28,,0,3,,,,paid,,2026-03-06,,,,0,1,,
2487,m9aDGJ^TEz$WOy024Akt5MU1N,0097.SPK/BA.17/BA010102/2026,PENGADAAN PRESSURE GAUGE OF VARIOUS PUMP,2026-01-15,100,5,5,kesepakatan,"2,3,4,5,7,8,16",0,,full,,,,,,,proc,,,,,,,,,fifi,2026-01-28,,0,3,,,,paid,,2026-03-06,,,,0,1,,
2488,sdiAeNf8pZGz4Q*OjEnq2Kcu$,0106.SPK/BA.17/BA010102/2026,PENGADAAN CAT,2026-01-27,13,0,21,kesepakatan,"2,3,4,5,6,7,8,16",0,,full,,,,,,,proc,,,,,,,,,fifi,2026-01-28,,0,2,,,,paid,,2026-04-01,,,,0,1,,
2489,By^XYReATp9h5iaM8G!I@DbU*,C.2836/PR.103/DIV.RENDALHARHAR-2025,SPAREPARTS DAN JASA KALIBRASI FUEL INJECTION PUMP MESIN JANGKAR,2025-12-24,11,8,12,kesepakatan,"2,3,4,5,6,7,8,16",0,,full,,,,,,,proc,,,,,,,,,fifi,2026-01-28,,0,3,,,,,,,,,,0,1,,
2490,BMeaoXCVn5f4Fqhi^g1@UHNWv,0146.SPBJ/PR.103/BA010400/2025,PENGADAAN BARANG SPAREPARTS DOCKING AUXILIARY ENGINE GENUINE,2025-12-16,16,7,7,kesepakatan,"1,3,4,6,13,16,18,19,24",0,,full,,,,,,,,,,,,,,,,fifi,2026-01-28,linked,0,1,,,,,,,,,,0,1,,
2491,sRhmyAUbMna4tpXDElOT35$kx,C.2641/PR.103/DIV.RENDALHAR-2025,PENGADAAN JASA OVERHAUL MAIN ENGINE DAN AUXILIARY ENGINE,2025-12-02,11,8,12,kesepakatan,"1,3,4,5,6,8,16",0,,full,,,,,,,proc,,,,,,,,,fifi,2026-01-28,,0,3,,,,,,,,,,2,1,,
2492,E@Lh6iy2QK^OtpxkIz9MAu03D,0154.SPBJ/PR.103/BA010400/2025,PENGADAAN BARANG SPAREPARTS DOCKING AUXILIARY ENGINE GENUINE,2025-12-24,16,6,4,kesepakatan,"1,3,4,5,9,13,16,18,19,24",0,,full,,,,,,,,,,,,,,,,fifi,2026-01-29,,0,1,,,,,,,,,,0,1,,
2493,E42Tw9CYQkJScNgtW@vRyDBLs,0102.SPBJ/PR.103/BA010400/2025,PENGADAAN UNIT GEARBOX UNLOARDER CONVEYOR (TUNNEL),2025-09-18,74,5,150,kesepakatan,"1,3,4,6,10,18,19,24,27",0,,full,,,,,,,,,,,,,,,,fifi,2026-01-29,,0,1,,,,,,,,,,0,1,,
2494,Eb^1DYTao5dAzgc92nOjxWCSB,0108.SPK/BA.17/BA010102/2026,PENGADAAN PACKING MANIFOLD DAN BATTERY MAIN ENGINE,2026-01-29,11,8,7,kesepakatan,"2,3,4,5,6,7,8,16",0,,full,,,,,,,proc,,,,,,,,,fifi,2026-01-30,,0,2,,,,paid,,2026-04-01,,,,0,1,,
2495,lkX$hTQgIsd6LDi5bwuEYmC0^,0109.SPK/KP.019/BA010102/2026,SUPERVISI STERN TUBE SEAL,2026-01-27,69,17,10,kesepakatan,"2,3,4,5,6,7,8,16",0,,,,,,,,,proc,,,,,,,,,fifi,2026-01-30,,0,2,,,,,,,,,,0,0,,
2496,vU7it$dPkpQmcu!rwj54L^axX,0111.SPK/BA.202/BA010102/2026,PENGADAAN MOORING EQUIPMENT,2026-01-28,31,44,14,kesepakatan,"2,3,4,5,6,7,8,16",0,,full,,,,,,,proc,,,,,,,,,fifi,2026-01-30,,3921,2,,,,paid,,2026-03-12,,,,0,1,,
2497,vTmVgSQKieO4Y@LZJD5MqWnoz,0066.SPK/BA.17/BA010102/2026,REKONDISI DAN FABRIKASI KEBUTUHAN KAPAL,2026-01-20,43,0,7,kesepakatan,"2,3,4,5,7,8,16,25,26",0,,full,,,,,,,proc,,,,,,,,,fifi,2026-01-30,,0,2,,,,paid,,2026-05-07,,,,0,1,,
2498,KRQA3Xcu9$^JTzp8g4jxhwCnU,0112.SPK/BA.202/BA010102/2026,PENGADAAN MOORING EQUIPMENT,2026-01-28,31,1,14,kesepakatan,"2,3,4,5,6,7,8,16",0,,full,,,,,,,proc,,,,,,,,,fifi,2026-01-30,,3922,2,,,,paid,,2026-03-12,,,,0,1,,
2499,QWclILGSAd8jemkMoa0PfwN^T,0113.SPK/BA.202/BA010102/2026,MOORING EQUIPMENT,2026-01-28,31,33,5,kesepakatan,"2,3,4,5,6,7,8,16",0,,full,,,,,,,proc,,,,,,,,,fifi,2026-01-30,,3923,2,,,,paid,,2026-03-12,,,,0,1,,
2500,XbhRF^BqLvtfrO3JdVWgwT!Z9,0114.SPK/BA.302/BA010102/2026,PENGADAAN BARANG SPAREPARTS FUEL OIL DAN LUBRICANT OIL PURIFIER,2026-01-28,30,6,15,kesepakatan,"2,3,4,5,7,8,16",0,,,,,,,,,proc,,,,,,,,,fifi,2026-02-02,,0,2,,,,,,,,,,0,1,,
2501,aFAEZ76Y^8iQ9134OKwn2CsWP,0127.SPK/BA.202/BA010102/2026,PENGADAAN BARANG RUNNING STORE,2026-01-30,153,6,10,kesepakatan,"2,3,4,5,7,8,16,17",0,,full,,,,,,,proc,,,,,,,,,fifi,2026-02-02,,0,2,,,,paid,,2026-03-06,,,,0,1,,
2502,xJ6FKqH^WzgpOYw2TI4hd0RDl,0123.SPK/BA.17/BA010102/2026,PENGADAAN JASA REPLATING TUGBOAT & TONGKANG,2026-01-30,5,21,6,onboard,"2,3,4,5,6,7,8,16",0,,full,,,,,,,proc,,,,,,,,,fifi,2026-02-04,,0,2,,,,paid,,2026-04-01,,,,0,1,,
2503,duyS8M9VROYfbaHkJoAwlC4@6,0118.SPK/BA.202/BA010102/2026,PENGADAAN CONSUMABLE ENGINE,2026-01-30,2,14,5,kesepakatan,"2,3,4,5,7,8,16,25",0,,full,,,,,,,proc,,,,,,,,,fifi,2026-02-04,,0,2,,,,paid,,2026-04-01,,,,0,1,,
2504,FPeD^71CBRaoVcw9$GKb2u8kr,0132.SPK/BA.202/BA010102/2026,PENGADAAN MATERIAL CAT,2026-02-02,154,25,10,kesepakatan,"2,3,4,5,8,16",0,,full,,,,,,,proc,,,,,,,,,fifi,2026-02-04,,0,2,,,,paid,,2026-04-01,,,,0,1,,
2505,I47rXoji8YleqkP6MWabTgRms,0119.SPK/BA.302/BA010102/2026,PENGADAAN SPAREPART ME MAKITA MITSUI MAN BA&W 6S42MC,2026-01-30,30,16,45,kesepakatan,"2,3,4,5,7,8,16,25",0,,full,,,,,,,proc,,,,,,,,,fifi,2026-02-04,,0,2,,,,paid,,2026-07-30,,,,0,1,,
2506,AptNTYv7FZIcdCSl29uskoE*g,0121.SPK/BA.302/BA010102/2026,PENGADAAN SPAREPART PURIFIER SJ20G,2026-01-30,53,16,50,kesepakatan,"2,3,4,5,7,8,16,25",0,,full,,,,,,,proc,,,,,,,,,fifi,2026-02-04,,0,2,,,,paid,,2026-04-28,,,,0,1,,
2507,gt^T7p2HXdeC$h6xSuUqL3fOP,0120.SPK/BA.302/BA010102/2026,PENGADAAN SPAREPART HATCH COVER,2026-01-30,17,16,26,kesepakatan,"2,3,4,5,7,8,16,25",0,,full,,,,,,,proc,,,,,,,,,fifi,2026-02-04,,0,2,,,,paid,,2026-05-26,,,,0,1,,
2508,ogD4TcI2R!i7ZVufSOCnaQp5^,0129.SPK/BA.302/BA010102/2026,PENGADAAN SPAREPART FUEL PUMP ME MAKITA MITSUI MAN BA&W 6S42MC,2026-02-02,30,16,5,kesepakatan,"2,3,4,5,7,8,16,25",0,,,,,,,,,proc,,,,,,,,,fifi,2026-02-04,,0,2,,,,,,,,,,0,1,,
2509,Tg$NjFbLoB!1WKh3irzRu4DCq,0128.SPK/BA.302/BA010102/2026,PENGADAAN SPAREPART ME MAKITA MITSUI MAN BA&W 6S42MC,2026-02-02,30,16,5,kesepakatan,"2,3,4,5,7,8,16,25",0,,,,,,,,,proc,,,,,,,,,fifi,2026-02-04,,0,2,,,,,,,,,,0,1,,
2510,T@o5nRK6qXL1Yipkhfr$0yGdJ,0115.SPK/BA.17/BA010102/2026,PENGADAAN MATERIAL CAT,2026-01-29,13,14,16,kesepakatan,"2,3,4,5,7,8,16,25",0,,,,,,,,,proc,,,,,,,,,fifi,2026-02-04,,0,2,,,,,,,,,,0,1,,
2511,9Q685LhzBCm21iyW@JlbU^f!R,0116.SPK/BA.17/BA010102/2026,PENGADAAN MATERIAL CAT,2026-01-30,13,12,12,kesepakatan,"2,3,4,5,7,8,16,25",0,,,,,,,,,proc,,,,,,,,,fifi,2026-02-04,,0,2,,,,,,,,,,0,1,,
2512,pFvUJ7xgTEz82wN@jy$SbfXu4,0085.SPK/BA.202/BA010102/2026,PENGADAAN MATERIAL CAT,2026-02-03,13,29,16,kesepakatan,"2,3,4,5,7,8,16,25",0,,,,,,,,,proc,,,,,,,,,fifi,2026-02-05,,0,2,,,,,,,,,,0,1,,
2513,dp1K5cfWC4srO*EGVaM09eUIy,0122.SPK/BA.17/BA010102/2026,PENGADAAN TALI MOORING,2026-01-30,31,25,4,kesepakatan,"2,3,4,5,7,8,16,25",0,,full,,,,,,,proc,,,,,,,,,fifi,2026-02-05,,4060,2,,,,paid,,2026-04-21,,,,0,1,,
2514,9c4lA@i20yMBP1rJCq6xY!IkL,0084.SPK/BA.17/BA010102/2026,PENGADAAN TALI MOORING,2026-02-03,31,14,7,kesepakatan,"2,3,4,5,7,8,16,25",0,,full,,,,,,,proc,,,,,,,,,fifi,2026-02-05,,0,2,,,,paid,,2026-04-15,,,,0,1,,
2515,pwl*j@8^ATcoSm4G5YQrBNytZ,0087.SPK/BA.202/BA010102/2026,PENGADAAN CONSUMABLE DECK & FILTER ENGINE,2026-02-03,100,29,10,kesepakatan,"2,3,4,5,7,8,16,25",0,,full,,,,,,,proc,,,,,,,,,fifi,2026-02-05,,4062,2,,,,paid,,2026-04-07,,,,0,1,,
2516,m1RJ!IFeLkHtZsuVb9joyv2xn,0107.SPK/BA.17/BA010102/2026,JASA LINE BORING AUXILIARY ENGINE NO. 3,2026-01-26,11,1,20,kesepakatan,"2,3,4,5,6,7,8,16,25",0,,full,,,,,,,proc,,,,,,,,,fifi,2026-02-05,,0,2,,,,paid,,2026-07-08,,,,0,1,,
2517,8CLQnyUqYsMXZFK02k$*uhJAE,0117.SPK/BA.202/BA010102/2026,PENGADAAN CONSUMABLE DECK,2026-01-30,2,12,16,kesepakatan,"2,3,4,5,7,8,16,25",0,,full,,,,,,,proc,,,,,,,,,fifi,2026-02-05,,0,2,,,,paid,,2026-04-17,,,,0,1,,
2518,!qtK0ZspL6Id*2WxHOa@4uYgP,0086.SPK/BA.202/BA010102/2026,PENGADAAN CONSUMABLE DECK & ENGINE,2026-02-03,100,23,10,kesepakatan,"2,3,4,5,7,8,16,25",0,,full,,,,,,,proc,,,,,,,,,fifi,2026-02-06,,0,2,,,,paid,,2026-05-06,,,,0,1,,
2519,xEQUTZt2kI83^PO@DlC5bHSvG,0147.SPK/BA.302/BA010102/2026,PENGADAAN BARANG VALVE BUTTERFLY,2026-02-05,100,6,5,kesepakatan,"2,3,4,5,7,8,16",0,,ready,,,,,,,proc,,,,,,,,,fifi,2026-02-06,,0,2,,,,,,,,,,0,1,,
2520,$eTfCoI57v4OL9WMguZ@rmHUq,0141.SPK/BA.202/BA010102/2026,PENGADAAN JASA REPLATING & PENORMALAN GRAB SMAG,2026-02-04,63,2,30,kesepakatan,"4,5,7,8,10,16,25,26",0,,full,,,,,,,proc,,,,,,,,,fifi,2026-02-06,,0,2,,,,,,,,,,0,1,,
2521,B!$lP0s6e@XV*1W9v2CE7tOzf,0140.SPK/BA.202/BA010102/2026,PENGADAAN JASA OVERHAUL SYSTEM GARB SMAG,2026-02-04,63,2,30,kesepakatan,"2,3,4,5,7,8,16,25,26",0,,full,,,,,,,proc,,,,,,,,,fifi,2026-02-09,,0,2,,,,paid,,0226-04-17,,,,0,1,,
2522,xAWNjcIkr!z71wMYQedUl*iF@,0005.SPBJ/PR.103/BA010400/2026,PENGADAAN BARANG ANODE DOCKING,2026-01-12,67,7,25,kesepakatan,"1,3,4,5,18,19,24,27",0,,full,,,,,,,,,,,,,,,,fifi,2026-02-09,,0,1,,,,paid,,2026-04-20,,,,0,1,,
2523,dgD@4qehi2OxuY5*yHVG^9S!R,0156.SPBJ/PR.103/BA010400/2025,PENGADAAN JASA OVERHAUL REXPELLER PORTSIDE & STARBOARD SIDE BESERTA AKSESORIS KEBUTUHAN DOCKING 2025,2025-12-29,90,5,20,kesepakatan,"1,3,4,5,6,8,16",0,,full,,,,,,,,,,,,,,,,fifi,2026-02-09,,0,1,,,,paid,,,,,,2,2,,
2524,iHK67FVJPYS^lEXBqpg2I@vs1,0125.SPK/BA.202/BA010102/2026,RUNNING STORE DECK Q1,2026-02-09,2,8,5,kesepakatan,"2,3,4,5,7,8,16,25",0,,full,,,,,,,proc,,,,,,,,,fifi,2026-02-10,,3941,2,,,,paid,,2026-04-08,,,,0,1,,
2525,0uEOQJCGKWe4bU!H@FVi8^rRg,0124.SPK/BA.17/BA010102/2026,SPARE OIL SEAL CYLINDER GRAB,2026-02-03,17,3,10,kesepakatan,"2,3,4,5,7,8,16,25",0,,full,,,,,,,proc,,,,,,,,,fifi,2026-02-10,,0,2,,,,paid,,2026-06-18,,,,0,1,,
2526,BgbDyG57XiCeok4tnl$A!hcY1,0139.SPK/BA.202/BA010102/2026,RUNNING STORE ENGINE Q1,2026-02-03,100,8,2,kesepakatan,"2,3,4,5,7,8,16,25",0,,full,,,,,,,proc,,,,,,,,,fifi,2026-02-10,,0,2,,,,paid,,2026-04-01,,,,0,1,,
2527,F8P2q*DXu3Jfx0Z^joYBgehi!,0138.SPK/BA.202/BA010102/2026,RUNNING STORE ENGINE Q1,2026-02-03,100,34,2,kesepakatan,"2,3,4,5,7,8,16,25",0,,full,,,,,,,proc,,,,,,,,,fifi,2026-02-10,,0,2,,,,paid,,2026-04-01,,,,0,1,,
2528,NFyx04Bb*ZRl8pgw5XLTKEhM^,0137.SPK/BA.202/BA010102/2026,RUNNING STORE ENGINE Q1,2026-02-03,153,34,25,kesepakatan,"2,3,4,5,7,8,16,25",0,,full,,,,,,,proc,,,,,,,,,fifi,2026-02-10,,0,2,,,,,,,,,,0,0,,
2529,b6cWsqoDX0ge3JC*aAxfHyvP^,0130.SPK/TU.006/BA010102/2026,JASA PENGIRIMAN AMPRAHAN BULAN FEBRUARI 2026,2026-02-02,48,0,30,kesepakatan,"2,3,4,5,7,8,16,25",0,,full,,,,,,,proc,,,,,,,,,fifi,2026-02-10,,0,4,,,,paid,,2026-03-16,,,,0,1,,
2530,YqzFAtL3$vaU7XdcEGokWnT6D,0123.SPBJ/PR.103/BA010400/2025,PENGADAAN SPAREPARTS CRANE IHI MARK II,2025-11-04,37,32,65,kesepakatan,"1,3,4,6,10,18,19,27",0,,full,,,,,,,,,,,,,,,,fifi,2026-02-10,,0,1,,,,,,,,,,0,1,,
2531,CabxN9BHFO0^YrqLiyKPS4RU5,0117.SPBJ/PR.103/BA010400/2025,PENGADAAN SPAREPARTS AUXILIARY ENGINE,2025-10-20,37,17,30,kesepakatan,"1,3,4,6,10,18,19,24,27",0,,full,,,,,,,,,,,,,,,,fifi,2026-02-10,,0,1,,,,,,,,,,0,1,,
2532,l^k8Zj$yhFSHDntMC*oQNVgRE,0154.SPK/BA.105/BA010102/2026,PENGADAAN JASA INSPEKSI BWTS,2026-02-10,128,20,16,kesepakatan,"2,3,4,5,7,8,16,25,26",0,,full,,,,,,,proc,,,,,,,,,fifi,2026-02-11,,0,2,invest,,,paid,,2026-06-18,,,,0,1,,
2533,wD6acWifFlAP2gtzZQ!mTX43N,0133.SPK/BA.105/BA010102/2026,PENGADAAN POWER MODULE RECTIFIER,2026-02-04,128,32,30,kesepakatan,"2,3,4,5,7,8,16,25,26",0,,full,,,,,,,proc,,,,,,,,,fifi,2026-02-12,,0,2,,,,paid,,2026-05-06,,,,0,1,,
2534,jO9LuMKGeAp3NB7k8*FtaIhCJ,0134.SPK/BA.105/BA010102/2026,PENGADAAN POWER MODULE REFCTIFIER,2026-02-04,128,17,30,kesepakatan,"2,3,4,5,7,8,16,25,26",0,,full,,,,,,,proc,,,,,,,,,fifi,2026-02-12,,0,2,,,,paid,,2026-07-08,,,,0,1,,
2535,u3dZmKS92$Nt7P85ewbl1JUy0,0146.SPK/BA.17/BA010102/2026,FABRIKASI DUDUKAN GRAB NO. 1 DAN NO. 2,2026-02-05,58,44,30,kesepakatan,"2,3,4,5,7,8,16,25,26",0,,full,,,,,,,proc,,,,,,,,,fifi,2026-02-12,,0,2,,,,paid,,2026-04-24,,,,0,1,,
2536,yxXAu0OhWKsQ59onGvlM*7IBY,0135.SPK/BA.105/BA010102/2026,PENGADAAN SPAREPARTS BWTS ERMA FIRST,2026-02-05,128,17,30,kesepakatan,"2,3,4,5,7,8,16,25",0,,full,,,,,,,proc,,,,,,,,,fifi,2026-02-12,,0,2,,,,paid,,2026-06-18,,,,0,1,,
2537,q4Dy2Cf6GjmRnwl7Va$FL8hTs,0126.SPK/BA.17/BA010102/2026,PENGADAAN FILTER,2026-02-03,110,10,6,kesepakatan,"2,3,4,5,7,8,16,25",0,,full,,,,,,,proc,,,,,,,,,fifi,2026-02-13,,4316,2,,,,paid,,2026-04-15,,,,0,1,,
2538,eOcpwEP8vuRfCot^@*SD!mga4,0150.SPK/BA.202/BA010102/2026,PENGADAAN CAT FOR MAINTENANCE DECK,2026-02-06,13,31,16,kesepakatan,"2,3,4,5,7,8,16,25",0,,full,,,,,,,proc,,,,,,,,,fifi,2026-02-18,,4111,2,,,,paid,,2026-04-21,,,,0,1,,
2539,Uw47LemrA1W^S!vdZJfqFhkTN,0083.SPK/BA.17/BA010102/2026,PENGADAAN CONSUMABLE DECK,2026-01-19,100,25,10,kesepakatan,"2,3,4,5,7,8,9,16,26",0,,full,,,,,,,proc,,,,,,,,,fifi,2026-02-18,,0,2,,,,paid,,2026-04-15,,,,0,1,,
2540,JQCbw!Ud2@OIe9ZRDstTEK^pF,0152.SPK/BA.202/BA010102/2026,PENGADAAN TALI MOORING,2026-02-13,31,2,10,kesepakatan,"2,3,4,5,7,8,16,25",0,,full,,,,,,,proc,,,,,,,,,fifi,2026-02-18,,4061,2,,,,paid,,2026-04-15,,,,0,1,,
2541,t9RSrczXMEUA4evOnZ6dY@maI,0158.SPK/BA.101/BA010102/2026,PENGADAAN SPAREPARTS AUXILIARY ENGINE (COM),2026-02-12,37,2,5,kesepakatan,"2,3,4,5,7,8,16,25",0,,full,,,,,,,proc,,,,,,,,,fifi,2026-02-18,,0,2,,,,paid,,2026-07-09,,,,0,1,,
2542,OkPtYA14c9QmXZK3B7ivSWd5C,0148.SPK/BA.302/BA010102/2026,PENGADAAN SPAREPART AUXILIARY BOILER MIURA TYPE GK-2028-1000/780,2026-02-06,68,16,40,kesepakatan,"2,3,4,5,7,8,16,25",0,,full,,,,,,,proc,,,,,,,,,fifi,2026-02-18,,0,2,,,,,,,,,,0,1,,
2543,3dGbaHJ2X@!jM8wnVhuq0QWC*,0163.SPK/BA.17/BA010102/2026,PENGADAAN DECK RUNNING STORE,2026-02-13,153,1,10,kesepakatan,"2,3,4,5,6,7,8,16,25",0,,full,,,,,,,proc,,,,,,,,,fifi,2026-02-19,,4096,2,,,,paid,,2026-04-21,,,,0,1,,
2544,kyj403oeaxBKM^JNWfICQFU!p,0161.SPK/BA.17/BA010102/2026,PENGADAAN TOOL ENGINE,2026-02-19,2,31,16,kesepakatan,"2,3,4,5,7,8,16,25",0,,full,,,,,,,proc,,,,,,,,,fifi,2026-02-20,,0,2,,,,paid,,2026-04-14,,,,0,1,,
2545,8VCiQZycmoTGs3xw2R^9p64kd,0064.SPK/BA.17/BA010102/2026,PENGADAAN JASA RECONDITION COUPLING & SUPPLY MATERIAL,2026-01-13,52,5,10,onboard,"2,3,4,5,6,7,8,16,25",0,,full,,,,,,,,,,,,,,,,fifi,2026-02-20,non-reimburse,0,3,,,,,,,,,,0,1,,
2546,CHcdvmiaR^S0Zj8oXsxP1Y9@T,0160.SPK/BA.202/BA010102/2026,PENGADAAN RUNNING STORE ENGINE,2026-02-12,100,31,10,kesepakatan,"2,3,4,5,7,8,16,25",0,,full,,,,,,,proc,,,,,,,,,fifi,2026-02-20,,0,2,,,,paid,,2026-05-06,,,,0,1,,
2547,WU!uaFBzfql*eAr^J0YP5y7VO,0063.SPK/BA.17/BA010102/2026,PENGADAAN JASA PERBAIKAN DYNAMO STARTER,2026-01-13,52,5,12,onboard,"2,3,4,5,6,7,8,16,25",0,,full,,,,,,,,,,,,,,,,fifi,2026-02-20,,0,3,,,,,,,,,,0,1,,
2548,DqB3OiePj*fwTcmUxyvW$Hhp9,0065.SPK/BA.17/BA010102/2026,PENGADAAN JASA FABRIKASI STRAINER & FLEXIBLE MANIFOLD,2026-01-15,52,5,10,onboard,"2,3,4,5,6,7,8,16,25",0,,full,,,,,,,,,,,,,,,,fifi,2026-02-20,non-reimburse,0,3,,,,,,,,,,0,1,,
2549,@TXi!4eIhEQPa^Bm71fAD8*bV,0159.SPK/BA.202/BA010102/2026,FABRIKASI DUDUKAN GRAB NO. 3 DAN NO. 4,2026-02-12,58,44,30,kesepakatan,"2,3,4,5,7,8,16,25,26",0,,full,,,,,,,proc,,,,,,,,,fifi,2026-02-20,,0,2,,,,paid,,2026-07-23,,,,0,1,,
2550,IiHd@2BXZCwcuzOVGRNQ3v9jf,0166.SPK/BA.302/BA010102/2026,PENGADAAN SPAREPARTS MAIN AIR COMPRESSOR (COM),2026-02-18,30,44,50,kesepakatan,"2,3,4,5,7,8,16,25,26",0,,,,,,,,,proc,,,,,,,,,fifi,2026-02-20,,0,2,,,,,,,,,,0,1,,
2551,mhnleByA6GUi8F2pxV^PZI3zd,0102.SPK/BA.17/BA010102/2026,PENGADAAN JASA PERBAIKAN AC CENTRAL,2026-01-27,52,5,12,onboard,"2,3,4,5,6,7,8,16,25",0,,full,,,,,,,,,,,,,,,,fifi,2026-02-20,,0,3,,,,,,,,,,0,1,,
2552,zLiZsDHnQIhv8^bF0G74MPOtR,0101.SPK/PR.202/BA010102/2026,PENGADAAN JASA PENORMALAN GEARBOX & GEARBOX TRANSFER PORTSIDE PADA SISTEM CONVEYOR DRIVE,2026-01-21,52,5,3,onboard,"2,3,4,5,6,7,8,16,25",0,,full,,,,,,,,,,,,,,,,fifi,2026-02-20,non-reimburse,0,3,,,,,,,,,,0,1,,
2553,iomp4rVh^q$O80!gtwzYdkRfA,0091.SPK/BA.302/BA010102/2026,PENGADAAN JASA PERBAIKAN GEARBOX TRANSFER,2026-01-19,17,5,14,onboard,"2,3,4,5,6,7,8,16,25",0,,full,,,,,,,proc,,,,,,,,,fifi,2026-02-20,,0,3,,,,paid,,2026-04-07,,,,0,1,,
2554,r75je9F2n8uT0mR@*Dwgx!paH,0098.SPK/BA.17/BA010102/2026,PENGADAAN JASA PERBAIKAN GEARBOX BOOM,2026-01-19,17,5,14,onboard,"2,3,4,5,6,7,8,16,25",0,,full,,,,,,,proc,,,,,,,,,fifi,2026-02-20,,0,3,,,,paid,,2026-04-15,,,,0,1,,
2555,aNv5O0pB4W*ZhQsM7RLDtm8ET,0100.SPK/BA.17/BA010102/2026,PENGADAAN JASA PERBAIKAN & PEMASANGAN SENSOR WATER INGRESS,2026-01-20,7,5,14,onboard,"2,3,4,5,6,7,8,16,25",0,,full,,,,,,,proc,,,,,,,,,fifi,2026-02-20,,0,3,,,,paid,,2026-04-07,,,,0,1,,
2556,GoX!UPOESM@4*^Ds9WnZ8quFT,0172.SPK/BA.302/BA010102/2026,PENGADAAN SPAREPARTS AUXILIARY ENGINE (COO),2026-02-19,17,2,10,kesepakatan,"2,3,4,5,7,8,16,25",0,,ready,,,,,,,proc,,,,,,,,,fifi,2026-02-20,,0,2,,,,,,,,,,0,1,,
2557,28ghJ!QvsYxR$VU1AC3twoEOq,0151.SPK/BA.202/BA010102/2026,PENGADAAN CAT FOR MAINTENANCE DECK,2026-02-10,13,2,16,kesepakatan,"2,3,4,5,7,8,16,25",0,,full,,,,,,,proc,,,,,,,,,fifi,2026-02-20,,0,2,,,,paid,,2026-05-13,,,,0,1,,
2558,sTxO!InQ8bAifo4rZvBX@ej0M,0157.SPK/BA.101/BA010102/2026,PENGADAAN JASA PERBAIKAN FLUID COUPLING OF GEARBOX BOOM STARBOARD SIDE,2026-02-16,36,4,7,onboard,"2,3,4,5,7,8,16,25",0,,full,,,,,,,proc,,,,,,,,,fifi,2026-02-20,,0,2,,,,paid,,2026-04-07,,,,0,1,,
2559,wTc0z4NWZ6RldJE^KmIr31F8U,0105.SPK/BA.17/BA010102/2026,PENGADAAN JASA PENYELAMAN (UNTUK KEGIATAN PEMBEBASAN REXPELLER DARI JARING NELAYAN),2026-01-30,36,5,2,onboard,"2,3,4,5,7,8,16,25",0,,,,,,,,,proc,,,,,,,,,fifi,2026-02-20,,0,2,,,,,,,,,,0,0,,
2560,nB5zL6lhHwTAoDUGfXSaOW3VR,0136.SPK/BA.302/BA010102/2026,PENGADAAN SPARE PART AC ECR,2026-02-03,7,3,2,kesepakatan,"2,3,4,5,7,8,16,25",4500000,,full,,,,,,,proc,,,,,,,,,fifi,2026-02-20,,0,2,,,,paid,,2026-06-18,,,,0,1,,
2561,bn^KegijGJx$hNzl!SLUXvr7W,0153.SPK/BA.302/BA010102/2026,SPAREPART DECK CARGO CRANE,2026-02-12,16,3,160,jakarta,"2,3,4,5,7,8,16,25",0,,ready,,,,,,,proc,,,,,,,,,fifi,2026-02-20,,0,2,,,,,,,,,,0,0,,
2562,E0bNS9YCBRTtQZPu6GA!X1MxK,0168.SPK/BA.202/BA010102/2026,PENGADAAN RUNNING STORE & CONSUMABLE ENGINE,2026-02-18,2,17,12,kesepakatan,"2,3,4,5,7,8,16,25",0,,full,,,,,,,proc,,,,,,,,,fifi,2026-02-20,,0,2,,,,paid,,2026-04-21,,,,0,1,,
2563,fASEb@n8PrT3$mhlpJzVw6IBy,0167.SPK/BA.202/BA010102/2026,PENGADAAN RUNNING STORE & CONSUMABLE ENGINE,2026-02-18,100,17,7,kesepakatan,"2,3,4,5,7,8,16,25",0,,full,,,,,,,proc,,,,,,,,,fifi,2026-02-20,,0,2,,,,paid,,2026-05-06,,,,0,1,,
2564,$@XQU9F^HqtaLj02YVTDpkKMO,0092.SPK/BP.003/BA010102/2026,ADDITIONAL PENGADAAN SEAL LINER &NAPPLE DRAT OF REXPELLER,2026-02-19,90,5,7,kesepakatan,"2,3,4,5,7,8,16,25,26",0,,full,,,,,,,proc,,,,,,,,,fifi,2026-02-23,,0,3,,,,paid,,2026-04-07,,,,0,1,,
2565,QAfDeGUB*I5kt4!92WpwEoY76,0176.SPK/BA.202/BA010102/2026,KEBUTUHAN KAPAL,2026-02-20,7,0,10,kesepakatan,"2,3,4,5,7,8,16,25,26",0,,ready,,,,,,,proc,,,,,,,,,fifi,2026-02-23,,0,2,,,,,,,,,,0,1,,
2566,nR0zTBme!WH*XSIpu9NCVgkL3,0177.SPK/BA.202/BA010102/2026,ADDITIONAL PEKERJAAN PERBAIKAN DAYA MAMPU AE NO.3,2026-02-20,11,32,18,kesepakatan,"2,3,4,5,7,8,16,25",0,,full,,,,,,,proc,,,,,,,,,fifi,2026-02-23,,0,2,,,,paid,,2026-05-06,,,,0,1,,
2567,Tf@R$7g5AxFBZGUzmKeSLX0Va,0169.SPK/BA.302/BA010102/2026,PENGADAAN SPAREPARTS FOR MAINTENANCE AUXILIARY ENGINE,2026-02-18,17,16,20,kesepakatan,"2,3,4,5,7,8,16,25",0,,ready,,,,,,,proc,,,,,,,,,fifi,2026-02-23,,0,2,,,,,,,,,,0,1,,
2568,4AETrl0vYwOGpbWtfBVIL52*k,0180.SPK/BA.202/BA010102/2026,PENGADAAN MATERIAL CAT,2026-02-20,13,16,14,kesepakatan,"2,3,4,5,7,8,16,25",0,,,,,,,,,proc,,,,,,,,,fifi,2026-02-23,,0,2,,,,,,,,,,0,0,,
2569,X@hzNeb5fkQBHmU93a^6D*$tl,0179.SPK/BA.17/BA010102/2026,PENGADAAN CONSUMABLE ENGINE,2026-02-20,100,12,5,kesepakatan,"2,3,4,5,7,8,16,25",0,,full,,,,,,,proc,,,,,,,,,fifi,2026-02-23,,4148,2,,,,paid,,2026-05-06,,,,0,1,,
2570,pcBGT^$gwtUqVeDhNdiR7k6ZF,0182.SPK/BA.202/BA010102/2026,PENGADAAN CRANKPIN BEARING (UPPER PART),2026-02-23,17,1,100,kesepakatan,"2,3,4,5,7,8,16,25",0,,ready,,,,,,,proc,,,,,,,,,fifi,2026-02-24,,0,2,,,,,,,,,,0,1,,
2571,ztDCpK!Tm^X5qjVrnR2x0eAfb,0081.SPK/TU.006/BA010102/2026,JASA PENGIRIMAN WIRE KAPAL MILIK PT. PELAYARAN BAHTERA ADHIGUNA,2026-01-17,17,0,90,kesepakatan,"2,3,4,5,7,8,16,25",0,,full,,,,,,,proc,,,,,,,,,fifi,2026-02-24,,0,4,,,,paid,,2026-04-21,,,,0,1,,
2572,gEWY@6PUh$0ucxS1BdAfJHkLt,0183.SPK/BA.17/BA010102/2026,PENGADAAN CONSUMABLE & ELECTRICAL ENGINE,2026-02-23,104,23,10,kesepakatan,"2,3,4,5,7,8,16,25",1800000,,full,,,,,,,proc,,,,,,,,,fifi,2026-02-25,,0,2,,,,paid,,2026-06-12,,,,0,1,,
2573,KZ6uo4IEy^iY!sJPLmfMnrzQ1,0138.SPBJ/PR.103/BA010400/2025,PENGADAAN JASA OVERHAUL MAIN ENGINE & AUXILIARY ENGINE KEBUTUHAN DOCKING 2025,2025-12-08,11,5,20,kesepakatan,"1,3,4,5,6,8,16,19,27",0,,full,,,,,,,,,,,,,,,,fifi,2026-02-25,,0,1,,,,,,,,,,2,1,,
2574,Ko0YT8NsR@UGMtvPwiCJq7eEa,0155.SPBJ/PR.103/BA010400/2025,PENGADAAN SPAREPARTS CARGO CRANE,2025-12-24,17,20,12,kesepakatan,"1,3,4,6,10,19,24,27",0,,full,,,,,,,,,,,,,,,,fifi,2026-02-25,,0,1,,,,,,,,,,0,1,,
2575,KgG4@xt8UjnQq2Vs*MYcE9DWI,0207.SPK/BA.17/BA010102/2026,PENGADAAN MATERIAL & JASA REPLATING GRAB NO.2,2026-02-20,63,32,20,onboard,"2,3,4,5,7,8,16,25,26",0,,full,,,,,,,proc,,,,,,,,,fifi,2026-03-02,,0,2,,,,paid,,2026-07-08,,,,0,1,,
2576,t$D0bAIqj^ZBoK1PMHhOTWzvU,0188.SPK/BA.302/BA010102/2026,PENGADAAN SPAREPART AKSESORIS BOILER TYPE-MC0503P31,2026-02-23,111,17,80,kesepakatan,"2,3,4,5,7,8,16,25",0,,full,,,,,,,proc,,,,,,,,,fifi,2026-03-02,,0,2,,,,paid,,2026-06-18,,,,0,1,,
2577,gv7M^ZC8uqfGb9$4AoK*3EleW,0208.SPK/BA.17/BA010102/2026,PENGADAAN MATERIAL & JASA REPLATING GRAB NO.4,2026-02-20,63,32,20,onboard,"2,3,4,5,7,8,16,25,26",0,,full,,,,,,,proc,,,,,,,,,fifi,2026-03-02,,0,2,,,,paid,,2026-05-22,,,,0,1,,
2578,wnoUDNgy0JLqI9xPih176zW5H,0189.SPK/BA.17/BA010102/2026,"PENGADAAN SPAREPARTS ELECTRICAL, OIL, COUPLING & FILTER COMPOSIT BOILER TYPE-MC0503P31",2026-02-23,53,17,50,kesepakatan,"2,3,4,5,7,8,16,25",0,,ready,,,,,,,proc,,,,,,,,,fifi,2026-03-02,,0,2,,,,,,,,,,0,1,,
2579,dZWfUG^y6kv!cEKLuT3A2zelD,0202.SPK/BA.202/BA010102/2026,PENGADAAN BARANG EMBARKATION LADDER,2026-02-26,84,7,6,onboard,"2,3,4,5,7,8,16,17",0,,full,,,,,,,proc,,,,,,,,,fifi,2026-03-02,,0,2,,,,paid,,2026-07-15,,,,0,1,,
2580,k7RaS5xq^gQliTWA94jc*X2Z6,0199.SPK/BA.17/BA010102/2026,PENGADAAN CHARGING AIR COOLER AUXILIARY ENGINE,2026-02-27,17,32,7,kesepakatan,"2,3,4,5,7,8,16,25",0,,ready,,,,,,,proc,,,,,,,,,fifi,2026-03-02,,0,2,,,,,,,,,,0,1,,
2581,SGYHuOh^siQE4w1c7Rb2m8trz,0184.SPK/BA.302/BA010102/2026,PENGADAAN ADDITIONAL SPAREPARTS CONNECTING ROD BEARING AE,2026-02-23,11,32,16,kesepakatan,"2,3,4,5,7,8,16,25",0,,ready,,,,,,,proc,,,,,,,,,fifi,2026-03-02,,0,2,,,,,,,,,,0,1,,
2582,81!sfgEyho^TiXHte3JV0CdPA,0200.SPK/BA.17/BA010102/2026,KEBUTUHAN AC COMPRESSOR 30 HP,2026-02-26,7,6,10,kesepakatan,"2,3,4,5,7,8,16,25",0,,full,,,,,,,proc,,,,,,,,,fifi,2026-03-02,,0,2,,,,paid,,2026-06-18,,,,0,1,,
2583,vJTGNUX1oM^8yxpduORVfqbDQ,0204.SPK/BA.17/BA010102/2026,PENGADAAN JASA PENGGANTIAN HOOK & REKONDISI ELMOT GRAB,2026-02-26,63,32,7,kesepakatan,"2,3,4,5,7,8,16,25,26",0,,full,,,,,,,proc,,,,,,,,,fifi,2026-03-02,,0,2,,,,paid,,2026-07-15,,,,0,1,,
2584,hJPC9MkiDvBewYzq3mKZyQ2WH,0194.SPK/BA.17/BA010102/2026,PENGADAAN ENGINE PIPING,2026-02-25,3,20,7,kesepakatan,"2,3,4,5,7,8,16",0,,full,,,,,,,proc,,,,,,,,,fifi,2026-03-02,,0,2,,,,paid,,2026-06-26,,,,0,1,,
2585,zI6WtX49seL*AJu@!GhyRqgMN,0201.SPK/BA.202/BA010102/2026,PENGADAAN RUNNING STORE ELECTRICAL TOOLS,2026-02-26,100,20,10,kesepakatan,"2,3,4,5,7,8,16",0,,ready,,,,,,,proc,,,,,,,,,fifi,2026-03-02,,0,2,,,,,,,,,,0,1,,
2586,jSibsvXq4eUPmhn3KxDCpNHol,0186.SPK/BA.202/BA010102/2026,PENGADAAN ENGINE RUNNING STORE,2026-02-24,100,20,5,kesepakatan,"2,3,4,5,7,8,16",0,,ready,,,,,,,proc,,,,,,,,,fifi,2026-03-02,,0,2,,,,,,,,,,0,1,,
2587,jWco7!R6VCm5u3*$b@qPx9gJe,0190.SPK/BA.202/BA010102/2026,PENGADAAN FILTER,2026-02-26,153,34,8,kesepakatan,"2,3,4,5,7,8,16,25",0,,full,,,,,,,proc,,,,,,,,,fifi,2026-03-02,,0,2,,,,,,,,,,0,0,,
2588,eIo8zK5V61xOU9HkcRp@hBm0Y,0153.SPBJ/PR.103/BA010400/2025,PENGADAAN JASA REVITALISASI PENYIMPANAN MATERIAL BARU DAN BEKAS AREA MERAK,2025-12-29,164,0,180,jakarta,"1,3,4,5,16,18,19,24,27",0,,full,,,,,,,,,,,,,,,,fifi,2026-03-03,non-reimburse,0,1,,,,,,,,,,4,4,,
2589,kGTx7BW593tZ*uajqVpOo1rfL,0209.SPK/BA.302/BA010102/2026,PENGADAAN MAIN AIR COMPRESSORE UNIT (YANMAR SC20N),2026-02-27,113,4,12,kesepakatan,"2,3,4,5,7,8,16,25",0,,full,,,,,,,proc,,,,,,,,,fifi,2026-03-03,,0,2,,,,paid,,2026-06-18,,,,0,1,,
2590,Y68NHtRGKjs92Lq7FEkAgUnc$,0175.SPK/PR.202/BA010102/2026,PENGADAAN JASA PERBAIKAN MODUL HFO PURIFER #1,2026-02-24,7,31,40,kesepakatan,"2,3,4,5,7,8,16,25",0,,full,,,,,,,proc,,,,,,,,,fifi,2026-03-03,,0,2,,,,paid,,2026-07-03,,,,0,1,,
2591,Zopv*iFaUL0EMhQ1wej6YK8gS,0203.SPK/BA.302/BA010102/2026,PENGADAAN SEAL GATE PALKA & GASKET CONNECTOR,2026-02-26,36,5,10,kesepakatan,"2,3,4,5,7,8,16,25",0,,full,,,,,,,proc,,,,,,,,,fifi,2026-03-03,,0,2,,,,paid,,2026-04-01,,,,0,1,,
2592,zUoKwa93Nx1yusdFelPE0ZiTJ,0185.SPK/BA.302/BA010102/2026,PENGADAAN JASA PENORMALAN PLC & PENGGANTIAN PARTS (ECR),2026-02-25,7,5,20,onboard,"2,3,4,5,7,8,16,25,26",0,,ready,,,,,,,proc,,,,,,,,,fifi,2026-03-03,non-reimburse,0,2,,,,,,,,,,0,1,,
2593,*kgXoYZtPqjr@Se0yTLRsuDGN,0210.SPK/PR.202/BA010102/2026,PENGADAAN PERBAIKAN GEARBOX BOOM & ELMOT UNIT SET SPARE,2026-02-27,113,4,25,kesepakatan,"2,3,4,5,7,8,16,25,26",0,,full,,,,,,,proc,,,,,,,,,fifi,2026-03-03,,0,2,,,,paid,,2026-06-18,,,,0,1,,
2594,1zh!avTj2XNJL90MeSKHZugqf,0214.SPK/PR.202/BA010102/2026,PENGADAAN JASA REWINDING ELMOT FEED PUMP BOILER,2026-03-02,7,17,10,onboard,"2,3,4,5,7,8,16,25,26",0,,full,,,,,,,proc,,,,,,,,,fifi,2026-03-03,,0,2,,,,paid,,2026-04-21,,,,0,1,,
2595,8iefJQGqjVlOSDhK*XWvgRPAk,0205.SPK/BA.302/BA010102/2026,PENGADAAN MAIN AC COMPRESSOR & EVAPORATOR,2026-02-26,68,16,70,kesepakatan,"2,3,4,5,7,8,16,25",0,,full,,,,,,,proc,,,,,,,,,fifi,2026-03-03,,0,2,,,,paid,,2026-06-18,,,,0,1,,
2596,ZwjXDAoSqPpy8BuVs$lKURhTG,0213.SPK/BA.302/BA010102/2026,PENGADAAN VALVE,2026-03-02,100,17,7,kesepakatan,"2,3,4,5,7,8,16,25",0,,full,,,,,,,proc,,,,,,,,,fifi,2026-03-03,,0,2,,,,paid,,2026-05-06,,,,0,1,,
2597,QjJqMfku26sO31!YTRGh^*zlK,0206.SPK/BA.202/BA010102/2026,PENGADAAN MATERIAL CAT,2026-02-26,154,23,7,kesepakatan,"2,3,4,5,7,8,16,25",0,,full,,,,,,,proc,,,,,,,,,fifi,2026-03-03,,0,2,,,,paid,,2026-07-08,,,,0,1,,
2598,Zcv3XsTwH4IiEkoUuJRBd78S6,0196.SPK/BA.101/BA010102/2026,PENGEMBANGAN PENGADAAN BARANG SPAREPARTS DOCKING GOVERNOR,2026-02-26,93,7,3,kesepakatan,"2,3,4,5,7,8,16",0,,full,,,,,,,proc,,,,,,,,,fifi,2026-03-03,,0,3,,,,paid,,2026-05-13,,,,0,1,,
2599,WC3@7dImFz5R4lp1tKZB!vsT$,0192.SPK/BA.202/BA010102/2026,HOIST & DECK SCALLING EQUIPMENT,2026-02-26,104,1,15,kesepakatan,"2,3,4,5,7,8,16,25",0,,ready,,,,,,,proc,,,,,,,,,fifi,2026-03-03,linked,4319,2,,,,,,,,,,0,1,,
2600,1Kv0SutP^peRIACdBOgG7*NDE,0191.SPK/BA.202/BA010102/2026,HOIST & DECK SCALLING EQUIPMENT,2026-02-26,113,1,6,kesepakatan,"2,3,4,5,7,8,16,25",0,,full,,,,,,,proc,,,,,,,,,fifi,2026-03-03,,0,2,,,,paid,,2026-04-21,,,,0,1,,
2601,nw1rC2b!^qT7FzkOfKS4PIoD@,0218.SPK/BA.104/BA010102/2026,PENGADAAN BEVEL PINION GEAR SET OF GEARBOX MAIN DRIVE (SPARE),2026-03-03,113,4,30,kesepakatan,"2,3,4,5,7,8,25",0,,full,,,,,,,proc,,,,,,,,,fifi,2026-03-04,,0,2,,,,paid,,2026-07-08,,,,0,1,,
2602,HXdVPcqb5FoI427fBp0K^*LsS,0217.SPK/PR.301/BA010102/2026,PENGADAAN LAPTOP FOR CABIN DECK,2026-03-02,3,31,10,kesepakatan,"2,3,4,5,7,8,16,25",0,,full,,,,,,,proc,,,,,,,,,fifi,2026-03-04,,0,2,,,,paid,,2026-06-26,,,,0,1,,
2603,ui0GJtALQYnpKB2!fDdH768CW,0237.SPK/BA.302/BA010102/2026,PENGADAAN PORTABLE DECK AIR COMPRESSOR,2026-03-03,100,5,7,kesepakatan,"2,3,4,5,7,8,16,25",0,,ready,,,,,,,proc,,,,,,,,,fifi,2026-03-04,,0,2,,,,,,,,,,0,1,,
2604,wPVfNorSI5DMaKxFjud0qY741,0211.SPK/BA.202/BA010102/2026,PENGADAAN BARANG RUNNING STORE DECK,2026-02-27,113,7,8,kesepakatan,"2,3,4,5,7,8,16",0,,ready,,,,,,,proc,,,,,,,,,fifi,2026-03-04,,0,2,,,,,,,,,,0,1,,
2605,6RzmJ8SCUqWebwFQi9XTac0xf,0212.SPK/BA.17/BA010102/2026,PENGADAAN JASA PERBAIKAN GRAB DAN ELCTRO MOTOR,2026-03-03,63,32,30,kesepakatan,"2,3,4,5,7,8,16,25,26",0,,ready,,,,,,,proc,,,,,,,,,fifi,2026-03-04,,0,2,,,,,,,,,,0,1,,
2606,sVRt$yPCfk5jLbW!M8Ki1u93D,0221.SPK/BA.17/BA010102/2026,PENGADAAN BARANG SPAREPARTS AUXILIARY ENGINE GENUINE,2026-03-03,12,20,50,kesepakatan,"2,3,4,5,7,8,9,16",0,,full,,,,,,,proc,,,,,,,,,fifi,2026-03-04,,0,2,,,,paid,,2026-07-17,,,,0,1,,
2607,83MPyDdLmRp@^I7ruiEblFgkZ,0157.SPBJ/PR.103/BA010400/2025,PENGADAAN MATERIAL CAT KEBUTUHAN DOCKING,2025-12-29,13,5,3,kesepakatan,"1,3,4,5,7,8,19",0,,full,,,,,,,,,,,,,,,,fifi,2026-03-04,,0,1,,,,,,,,,,0,1,,
2608,DV3bwE2m7AOasl1*erh6Igoxq,0215.SPK/BA.302/BA010102/2026,PENGADAAN SAPAREPART MAIN AIR COMPRESSOR TANABE,2026-03-02,17,16,15,kesepakatan,"2,3,4,5,7,8,16,25",0,,full,,,,,,,proc,,,,,,,,,fifi,2026-03-04,,0,2,,,,paid,,2026-07-30,,,,0,1,,
2609,nwgrLh3I5XQ!tSb2Hxj9PFqsZ,0222.SPK/BA.302/BA010102/2026,PENGADAAN BARANG ELEKTROMOTOR FIRE DAN GS PUMP,2026-03-03,17,7,53,kesepakatan,"2,3,4,5,7,8,16",0,,ready,,,,,,,proc,,,,,,,,,fifi,2026-03-05,,0,2,,,,,,,,,,0,1,,
2610,Ojq2rFtbws!Canfecx1$RLNg@,0195.SPK/BA.101/BA010102/2026,PENGADAAN BARANG SPAREPARTS MAIN ENGINE,2026-02-26,30,7,12,kesepakatan,"2,3,4,5,7,8,16",0,,,,,,,,,proc,,,,,,,,,fifi,2026-03-05,,0,3,,,,,,,,,,0,1,,
2611,!Zm@bi6hz7q4ox9AteCRcjsFH,0244.SPK/BA.101/BA010102/2026,"PENGEMBANGAN PENGADAAN JASA GENERAL OVERHAUL AUXILIARY ENGINE NO. 1, NO. 2, DAN NO. 3",2026-03-04,37,7,7,kesepakatan,"2,3,4,5,7,8,16,26",0,,ready,,,,,,,proc,,,,,,,,,fifi,2026-03-05,,0,3,,,,,,,,,,0,0,,
2612,0L63zuxYcPyw2r@^ibhm4XaoW,0239.SPK/TU.006/BA010102/2026,JASA PENGIRIMAN AMPRAHAN BULAN MARET,2026-03-03,165,0,30,kesepakatan,"2,3,4,5,7,8,16,25",0,,full,,,,,,,proc,,,,,,,,,fifi,2026-03-06,,0,4,,,,paid,,2026-05-11,,,,0,0,,
2616,GIKzNYbjUiLwltcMdo7gH09rF,0173.SPK/BA.202/BA010102/2026,PENGADAAN FLENDER COUPLING B225,2026-02-18,36,4,25,kesepakatan,"2,3,4,5,8,16,25",0,,full,,,,,,,proc,,,,,,,,,fifi,2026-03-09,,0,2,,,,paid,,2026-05-07,,,,0,1,,
2617,oqpU4S0kRJeMgL3mauG^BT@2c,0259.SPK/BA.202/BA010102/2026,PENGADAAN TRAFO STEP DOWN FOR PANEL ENGINE CONTROL ROOM,2026-03-09,36,2,7,kesepakatan,"2,3,4,7,8,16,25",0,,full,,,,,,,proc,,,,,,,,,fifi,2026-03-09,,0,2,,,,paid,,2026-05-07,,,,0,1,,
2618,urs^mkqvEZiUeL5FyJ8dfnb6x,0236.SPK/TU.309/BA010102/2026,"PENGADAAN JASA PERBAIKAN, OVERHAUL, DAN RENEW PARTS",2026-03-04,63,32,30,kesepakatan,"2,3,4,5,6,7,8,16,25",0,,ready,,,,,,,proc,,,,,,,,,fifi,2026-03-11,,0,2,,,,,,,,,,0,1,,
2619,iPsDJ$GuxNI@3aW0BjmKzeYVv,0223.SPK/BA.302/BA010102/2026,PENGADAAN CHARGING AIR COOLER AUXILIARY ENGINE NO. 3,2026-03-06,17,32,7,kesepakatan,"2,3,4,5,7,8,16,25",0,,ready,,,,,,,proc,,,,,,,,,fifi,2026-03-11,,0,2,,,,,,,,,,0,1,,
2620,dvA2n6y$GW5hHRQsuBrOkZl4p,0240.SPK/BA.7/BA010102/2026,JASA ULTRASONIC THICKNESS MEASUREMENT,2026-03-04,71,1,5,kesepakatan,"2,3,4,5,6,7,8,16,25",0,,full,,,,,,,proc,,,,,,,,,fifi,2026-03-11,linked,4287,2,,,,,,,,,,0,1,,
2621,kRqVC6WGd9J*a$mH3jrfXsil^,0243.SPK/BA.302/BA010102/2026,PENGADAAN BARANG SPAREPARTS MAIN AIR COMPRESSOR,2026-03-05,17,7,9,kesepakatan,"2,3,4,5,7,8,16",0,,full,,,,,,,proc,,,,,,,,,fifi,2026-03-11,,0,2,,,,paid,,2026-06-18,,,,0,1,,
2622,eG^THYx9FLq3nBoyQikKrWutM,0242.SPK/BA.302/BA010102/2026,PENGADAAN BARANG SPAREPARTS AUXILIARY ENGINE,2026-03-05,17,20,15,kesepakatan,"2,3,4,5,7,8,16",0,,ready,,,,,,,proc,,,,,,,,,fifi,2026-03-11,,0,2,,,,,,,,,,0,1,,
2623,BAeZJoX@Mpa!PmCuk*4NYS9zd,0245.SPK/BA.202/BA010102/2026,PENGADAAN BARANG RUNNING STORE ENGINE,2026-03-04,113,7,5,kesepakatan,"2,3,4,5,7,8,16",0,,ready,,,,,,,proc,,,,,,,,,fifi,2026-03-11,,0,2,,,,,,,,,,0,1,,
2624,a@OK6JP4j!ubULEsC9wX^Bz0F,0920.SPK/BA.101/BA010102/2025,JASA ULTRASONIC THICKNESS MEASUREMENT DOCKING SURVEY (SS IV),2025-04-17,71,1,7,kesepakatan,"1,2,3,4,5,8,16",0,,ready,,,,,,,,,,,,,,,,fifi,2026-03-12,non-reimburse,0,3,,,,,,,,,,0,1,,
2625,dSLPY^O2k45x!vuZGcNwrDh0n,0268.SPK/BA.17/BA010102/2026,PENGADAAN STEEL DISC RETURN ROLL FOR TUNNEL CONVEYOR,2026-03-10,11,5,40,kesepakatan,"2,3,4,5,7,8,16,25",0,,,,,,,,,proc,,,,,,,,,fifi,2026-03-13,,0,2,,,,,,,,,,0,0,,
2626,HZ!lajFhefJ*$EIOcxbRMT2W7,0266.SPK/BA.302/BA010102/2026,PENGADAAN BEARIG FOR ROLLER CONVEYOR,2026-03-10,3,5,10,kesepakatan,"2,3,4,5,7,8,16,25",0,,full,,,,,,,proc,,,,,,,,,fifi,2026-03-13,,0,2,,,,paid,,2026-06-18,,,,0,1,,
2627,P$c!yin6bD4fA8dkFrgm1jUT*,0265.SPK/BA.302/BA010102/2026,PENGADAAN NOZZLE OF AUXILIARY ENGINE (GENUINE),2026-03-10,12,5,50,kesepakatan,"2,3,4,5,7,8,16,25",0,,full,,,,,,,proc,,,,,,,,,fifi,2026-03-13,,0,2,,,,paid,,2026-07-23,,,,0,1,,
2628,I4mKW7b$lueEPTqB96QVkt^G5,0264.SPK/BA.17/BA010102/2026,PENGADAAN WIRE GRAB & WIRE GANGWAY,2026-03-10,100,2,16,kesepakatan,"2,3,4,5,7,8,16,25",0,,ready,,,,,,,proc,,,,,,,,,fifi,2026-03-13,,0,2,,,,,,,,,,0,1,,
2629,3Qh2cHUDSad9Wp0TrfgNKGyCv,0247.SPK/BA.17/BA010102/2026,PENGADAAN PILOT LADDER,2026-03-05,100,0,10,kesepakatan,"2,3,4,5,7,8,16,25",0,,ready,,,,,,,proc,,,,,,,,,fifi,2026-03-13,,0,2,,,,,,,,,,0,1,,
2630,m@lF^pf9x8KhQSe*uMak0E6Ab,0258.SPK/BA.202/BA010102/2026,PENGADAAN SEAL HYDRAULIC GATE PALKA,2026-03-09,36,4,14,kesepakatan,"2,3,4,5,7,8,16,25",0,,full,,,,,,,proc,,,,,,,,,fifi,2026-03-13,,0,2,,,,paid,,2026-04-24,,,,0,1,,
2631,aLxvljyP0*csBYC$97bnh6riG,0263.SPK/TU.306/BA010102/2026,"PENGADAAN JASA PERBIKAN INCHINERATOR, AUXILIARY BOILER , DAN SUPLAI SPAREPART AUXILIARY BOILER",2026-03-09,7,20,10,kesepakatan,"2,3,4,5,7,8,16,25,26",0,,ready,,,,,,,proc,,,,,,,,,fifi,2026-03-13,,0,2,,,,,,,,,,0,1,,
2632,fQIXvDoTHli6R0jNbpJ9ct@ze,0274.SPK/BA.17/BA010102/2026,PENGADAAN RUNNING STORE DECK (BAN DAPRA),2026-03-13,3,43,7,kesepakatan,"2,3,4,5,7,8,16,25",0,,full,,,,,,,proc,,,,,,,,,fifi,2026-03-16,,0,2,,,,paid,,2026-06-26,,,,0,1,,
2633,kAFKjvfVbUdZTBxhI459X8CM2,0267.SPK/BA.202/BA010102/2026,PENGADAAN RUBBER COUPLING (MT10-2) & COMPRESSOR AC CENTRAL & AIR FILTER MAIN AIR COMPRESSOR,2026-03-10,2,5,25,kesepakatan,"2,3,4,5,7,8,16,25",0,,ready,,,,,,,proc,,,,,,,,,fifi,2026-03-16,,0,2,,,,,,,,,,0,1,,
2634,gLa$yip6c82XOuRx!tV4vK*MD,0250.SPK/BA.202/BA010102/2026,PENGADAAN OFFICE ENGINE & DECK STORE,2026-03-06,3,0,16,kesepakatan,"2,3,4,5,7,8,16,25",0,,full,,,,,,,proc,,,,,,,,,fifi,2026-03-16,,0,2,,,,paid,,2026-06-26,,,,0,1,,
2635,4CfuKwb8@xX$mMA6I3On!Gki7,0272.SPK/BA.302/BA010102/2026,PENGADAAN UNIT MOTOR CONTROLLER SGM-304,2026-03-12,7,17,40,kesepakatan,"2,3,4,5,7,8,16,25",0,,full,,,,,,,proc,,,,,,,,,fifi,2026-03-17,,0,2,,,,paid,,2026-06-18,,,,0,1,,
2636,$XgFmcfYDB@OLuAykGvrNsEh^,0230.SPK/PR.202/BA010102/2026,JASA REWINDING ELECTROMOTOR F.D BOILER,2026-03-06,7,3,7,kesepakatan,"2,3,4,5,7,8,16,26",2000000,,ready,,,,,,,proc,,,,,,,,,fifi,2026-03-17,non-reimburse,0,2,,,,,,,,,,0,1,,
2637,52CZ9o7$D6tAMla@IG13x0SPy,0254.SPK/BA.7/BA010102/2026,PENGADAAN JASA UNDER WATER SURVEY,2026-03-06,99,6,4,kesepakatan,"2,3,4,5,7,8,16,26",0,,full,,,,,,,proc,,,,,,,,,fifi,2026-03-17,,0,2,,,,paid,,2026-06-15,,,,0,1,,
2638,tIKcJ7nvrPbpRT$8BHNFoUZVG,0232.SPK/BA.302/BA010102/2026,SENSOR SPEED TRANSMITTER TURBOCHARGER,2026-03-06,7,1,7,kesepakatan,"2,3,4,5,7,8,16",3000000,,ready,,,,,,,proc,,,,,,,,,fifi,2026-03-17,non-reimburse,0,2,,,,,,,,,,0,1,,
2639,YfRENnZDc^bGtd$U7Ca8vy@gq,0233.SPK/BA.302/BA010102/2026,MOORING EQUIOMENT,2026-03-06,35,36,2,kesepakatan,"2,3,4,5,7,8,16,25",0,,,,,,,,,proc,,,,,,,,,fifi,2026-03-17,,0,2,,,,,,,,,,0,0,,
2640,xsY20ETuc8k7p4qrn^taHDFVb,0224.SPK/BA.302/BA010102/2026,SPAREPARTS FILTER,2026-03-06,153,36,8,kesepakatan,"2,3,4,5,7,8,16,25",0,,ready,,,,,,,proc,,,,,,,,,fifi,2026-03-17,,0,2,,,,,,,,,,0,1,,
2641,Yh3ATrklDMyPUQF@sgjNwCKH6,0271.SPK/BA.17/BA010102/2026,PENGADAAN MATERIAL & JASA FABRIKASI SPAREPART GS PUMP,2026-03-12,43,17,15,kesepakatan,"2,3,4,5,7,8,16,25,26",0,,full,,,,,,,proc,,,,,,,,,fifi,2026-03-17,,0,2,,,,,,,,,,0,1,,
2642,QeWcdpj^uFn6Zhl3tDLX4yOfK,0275.SPK/BA.302/BA010102/2026,PENGADAAN HYDRAULIC VALVE TRANSMITTER FOR BALLAST VALVE,2026-03-13,17,2,35,kesepakatan,"2,3,4,5,7,8,16,25",0,,ready,,,,,,,proc,,,,,,,,,fifi,2026-03-17,,0,2,,,,,,,,,,0,1,,
2643,bLduiM9NHFX1ltJr472As5o*E,0277.SPK/BA.302/BA010102/2026,PENGADAAN AIR MOTOR STARTER OF AUXILIARY ENGINE (DAIHATSU 5DK20),2026-03-13,37,5,18,kesepakatan,"2,3,4,5,7,8,16,25",0,,full,,,,,,,proc,,,,,,,,,fifi,2026-03-17,,0,2,,,,paid,,2026-07-03,,,,0,1,,
2644,J^yHM5AP$g7j!FYVBihTL4S3C,0276.SPK/BA.302/BA010102/2026,PENGADAAN SPAREPARTS HEAT EXCHANGER (HIGH TEMPERATURE),2026-03-13,17,5,35,kesepakatan,"2,3,4,5,7,8,16,25",0,,full,,,,,,,proc,,,,,,,,,fifi,2026-03-17,,0,2,,,,paid,,2026-06-10,,,,0,1,,
2645,$WD3ayQSnXc!UI0jtO@usZT*m,0270.SPK/BA.302/BA010102/2026,PENGADAAN SEAL HYDRAULIC JACK HATCH COVER NO. 1 DAN PENGADAAN DUST SEAL HYDRAULIC GATE,2026-03-12,36,0,14,kesepakatan,"2,3,4,5,7,8,16,25",0,,full,,,,,,,proc,,,,,,,,,fifi,2026-03-17,,0,2,,,,paid,,2026-05-07,,,,0,1,,
2646,Wp8UaS$CQZAfIL0g9zoDjwyti,0281.SPK/BA.17/BA010102/2026,PENGADAAN MATERIAL FLANGE & PIPA HATCH COVER,2026-03-16,58,16,40,kesepakatan,"2,3,4,5,7,8,16,25",0,,full,,,,,,,proc,,,,,,,,,fifi,2026-03-25,,0,2,,,,paid,,2026-07-23,,,,0,1,,
2647,yfa0cdlAZ4BiLeFV6qHPN$1YM,0227.SPK/BA.302/BA010102/2026,RUNNING STORE DECK Q1,2026-03-06,100,3,2,kesepakatan,"2,3,4,5,7,8,16,25",0,,ready,,,,,,,proc,,,,,,,,,fifi,2026-03-25,,0,2,,,,,,,,,,0,1,,
2648,@Gg7K6jQ3AeiOknvSZ0Eam9wU,0228.SPK/BA.302/BA010102/2026,RUNNING STORE DECK Q1,2026-03-06,104,3,5,kesepakatan,"2,3,4,5,7,8,16,25",0,,full,,,,,,,proc,,,,,,,,,fifi,2026-03-25,,4374,2,,,,paid,,2026-06-10,,,,0,1,,
2649,PH0FOKb6DTRQUMreXdm^LqVGc,0280.SPK/BA.202/BA010102/2026,PENGADAAN CONSUMABLE  ENGINE,2026-03-16,2,16,10,kesepakatan,"2,3,4,5,7,8,16,25",0,,ready,,,,,,,proc,,,,,,,,,fifi,2026-03-25,,0,2,,,,,,,,,,0,1,,
2650,z8AEa^udwUYc0!n6ICfrlb39e,0278.SPK/BA.202/BA010102/2026,PENGADAAN RUNNING STORE ENGINE (TRIWULAN 1),2026-03-13,153,4,22,kesepakatan,"2,3,4,5,7,8,16,25",0,,full,,,,,,,proc,,,,,,,,,fifi,2026-03-25,,0,2,,,,paid,,2026-07-09,,,,0,1,,
2651,ZOXE9Y$QnP@2bA^RIuV7w*idg,0279.SPK/BA.17/BA010102/2026,PENGADAAN TOOL ENGINE (TRIWULAN 1),2026-03-16,100,4,18,kesepakatan,"2,3,4,5,7,8,16,25",0,,ready,,,,,,,proc,,,,,,,,,fifi,2026-03-25,,0,2,,,,,,,,,,0,1,,
2652,UtcfYn7THXCvwu49^QI0x!3Je,0251.SPK/BA.302/BA010102/2026,SPARE PART MAIN AIR COMPRESSOR,2026-03-06,17,3,10,kesepakatan,"2,3,4,5,7,8,16,25",0,,full,,,,,,,proc,,,,,,,,,fifi,2026-03-25,,0,2,,,,paid,,2026-07-23,,,,0,1,,
2653,fAS@GzqERHM4D0o^i!WbLr$8h,0231.SPK/BA.302/BA010102/2026,SPARE PARTS BOLIER,2026-03-06,16,3,30,kesepakatan,"2,3,4,5,7,8,11,16,25",0,,ready,,,,,,,proc,,,,,,,,,fifi,2026-03-25,,0,2,,,,,,,,,,0,1,,
2654,LI9NHzD^KXUS20Qk!oZ*GMqYJ,0229.SPK/BA.302/BA010102/2026,RUNNING STORE ELECTRICAL Q1,2026-03-06,104,3,6,kesepakatan,"2,3,4,5,7,8,16,25",0,,full,,,,,,,proc,,,,,,,,,fifi,2026-03-25,,0,2,,,,paid,,2026-06-18,,,,0,1,,
2655,XAk*8IulO95nmzvYrQdJSKVe!,0252.SPK/BA.17/BA010102/2026,JASA FABRIKASI,2026-03-06,43,3,10,kesepakatan,"2,3,4,5,7,8,16,25",0,,full,,,,,,,proc,,,,,,,,,fifi,2026-03-26,,0,2,,,,paid,,2026-07-24,,,,0,1,,
2656,UGQ2JOFxSHqAERrit!lfoBNkz,0295.SPK/BA.302/BA010102/2026,PENGADAAN FUEL INJECTION VALVE ASSY AE,2026-03-25,37,32,14,kesepakatan,"2,3,4,5,7,8,13,16,25",0,,full,,,,,,,proc,,,,,,,,,fifi,2026-03-26,,0,2,,,,paid,,2026-06-26,,,,0,1,,
2657,edSsD5K1BYkrhntxlbc@H!o0a,0246.SPK/BA.302/BA010102/2026,SPAREPART GS & FIRE PUMP,2026-03-05,36,17,7,kesepakatan,"2,3,4,5,7,8,16,25",0,,,,,,,,,proc,,,,,,,,,fifi,2026-03-26,,0,2,,,,,,,,,,0,1,,
2658,xDO8JKqHBfW36nlk^UjY7mZ2h,0299.SPK/BA.302/BA010102/2026,PENGADAAN SPAREPARTS ME MAKITA MITSUI MAN B & W 6S42MC,2026-03-27,17,16,7,kesepakatan,"2,3,4,5,7,8,10,16,25",0,,full,,,,,,,proc,,,,,,,,,fifi,2026-03-26,,0,2,,,,paid,,2026-05-13,,,,0,1,,
2659,WxcQqO@8rXywYRE^Jo1pUaAbf,0225.SPK/BA.302/BA010102/2026,RUNNING STORE DECK Q1,2026-03-06,100,1,3,kesepakatan,"2,3,4,5,7,8,16,25",0,,ready,,,,,,,,,,,,,,,,fifi,2026-03-27,,0,2,,,,,,,,,,0,1,,
2660,d9eG$JDkaoq7rX!8wNns34S6E,0226.SPK/BA.302/BA010102/2026,RUNNING STORE ENGINE Q1,2026-03-06,100,36,2,kesepakatan,"2,3,4,5,7,8,16,25",0,,ready,,,,,,,,,,,,,,,,fifi,2026-03-27,,0,2,,,,,,,,,,0,1,,
2661,NqW10FeO*@JaD7fP4xBdMS!bL,0294.SPK/BA.17/BA010102/2026,PENGADAAN UNIT SHEAVE ROLLER CRANE,2026-03-25,17,16,20,kesepakatan,"2,3,4,5,7,8,10,16,25",0,,ready,,,,,,,proc,,,,,,,,,fifi,2026-03-27,,0,2,,,,,,,,,,0,1,,
2662,eD$adoSHZ^qtlQO*yIR5AEj61,0296.SPK/BA.302/BA010102/2026,PENGADAAN SPAREPART INTERNEMEDIATE SHAFT,2026-03-26,69,16,230,kesepakatan,"2,3,4,5,7,8,16,25",0,,,,,,,,,proc,,,,,,,,,fifi,2026-03-27,,0,2,,,,,,,,,,0,0,,
2663,5bj1OESMcqIkfKD2lVG0gtnrY,0297.SPK/BA.302/BA010102/2026,PENGADAAN ADDITIONAL SPAREPARTS PISTON DAN CONNECTING ROD AE,2026-03-26,17,32,20,kesepakatan,"2,3,4,5,7,8,9,10,16,25,26",0,,ready,,,,,,,proc,,,,,,,,,fifi,2026-03-27,,0,2,,,,,,,,,,0,1,,
2664,doOutNDaA7JEHQI4LYvxkqwTn,0292.SPK/BA.302/BA010102/2026,PENGADAAN SPAREPART ME,2026-03-11,17,16,15,kesepakatan,"2,3,4,5,7,8,10,16,25",0,,full,,,,,,,proc,,,,,,,,,fifi,2026-03-27,,0,2,,,,paid,,2026-07-03,,,,0,1,,
2665,kH!stVqd@R7MBm2gyrJQTvh*u,0298.SPK/BA.17/BA010102/2026,PENGADAAN CONSUMABLE ENGINE,2026-03-26,153,25,15,kesepakatan,"2,3,4,5,7,8,16,25",0,,full,,,,,,,proc,,,,,,,,,fifi,2026-03-27,,0,2,,,,paid,,2026-07-03,,,,0,1,,
2666,XGy!f*4E@rD2WQYqxpZhdjMbR,0300.SPK/BA.17/BA010102/2026,PENGADAAN CONSUMABLE DECK & ENGINE,2026-03-26,100,23,6,kesepakatan,"2,3,4,5,7,8,16,25",0,,full,,,,,,,proc,,,,,,,,,fifi,2026-03-27,,0,2,,,,paid,,2026-06-18,,,,0,1,,
2667,sd7nmILT4@ygYDpUkjteco9N*,0305.SPK/BA.202/BA010102/2026,PENGADAAN GASKET DAN COOLER PLATES AE,2026-03-27,17,32,25,kesepakatan,"2,3,4,5,7,8,10,16,25",0,,ready,,,,,,,proc,,,,,,,,,fifi,2026-03-30,,0,2,,,,,,,,,,0,1,,
2668,J$c3FqIB2jyXd0ezW*htl1Nia,0301.SPK/BA.202/BA010102/2026,PENGADAAN BARANG RUNNING STORE DECK DAN ENGINE DEPARTMENT,2026-03-27,84,7,5,onboard,"2,3,4,5,7,8,16",0,,full,,,,,,,proc,,,,,,,,,fifi,2026-03-30,,0,2,,,,paid,,2026-07-17,,,,0,1,,
2669,!KC9XmaYS*6HnIwFz5qOcgE^W,0303.SPK/BA.302/BA010102/2026,PENGADAAN BARANG SPAREPARTS AUXILIARY ENGINE DAN RUNNING STORE ENGINE DEPT,2026-03-27,113,7,5,kesepakatan,"2,3,4,5,7,8,16",0,,full,,,,,,,proc,,,,,,,,,fifi,2026-03-30,,0,2,,,,paid,,2026-06-18,,,,0,1,,
2670,uM9O$wodrKxPtBVhsfy5cTGZa,0009.SPBJ/PR.103/BA010400/2026,PENGADAAN BARANG CAT KEBUTUHAN DOCKING,2026-02-23,142,7,1,onboard,"1,3,4,5,16,18,19,24,27",0,,full,,,,,,,,,,,,,,,,fifi,2026-03-31,,0,1,,,,,,,,,,0,1,,
2671,jifFCw6PAGHB0eVRt$SOrlpJv,0197.SPK/BA.101/BA010102/2026,PENGADAAN BARANG DAN JASA DOCKING OVERHAUL TURBOCHARGER MAIN ENGINE DAN AUXILIARY ENGINE,2025-12-30,16,7,10,kesepakatan,"1,3,4,6,9,13,18,19,24,27",0,,ready,,,,,,,,,,,,,,,,fifi,2026-04-01,linked,4516,1,,,,,,,,,,0,1,,
2673,HMaL$uprx*!3UQlvqFRmY8dKh,0312.SPK/BA.104/BA010102/2026,PENGADAAN JASA PERBAIKAN CONTROL SYSTEM MANOUVERING,2026-03-31,7,5,15,onboard,"2,3,4,5,7,8,16,25,26",0,,full,,,,,,,proc,,,,,,,,,fifi,2026-04-07,,0,2,,,,paid,,2026-06-18,,,,0,1,,
2674,oG@mza5^sO2A1JwMqikfWTYIn,0323.SPK/BA.302/BA010102/2026,PENGADAAN CYLINDER HEAD ASSY OF AUXILIARY ENGINE (COO),2026-04-01,17,5,10,kesepakatan,"2,3,4,5,7,8,10,16,25",0,,ready,,,,,,,proc,,,,,,,,,fifi,2026-04-07,,0,2,,,,,,,,,,0,1,,
2675,mXiWt*dGcVF4C@1w5R7UaxAD9,0321.SPK/BA.302/BA010102/2026,PENGADAAN PRESSURE REDUCING VALVE OF AIR RESERVOIR,2026-04-01,17,2,18,kesepakatan,"2,3,4,5,7,8,10,16,25",0,,ready,,,,,,,proc,,,,,,,,,fifi,2026-04-07,,0,2,,,,,,,,,,0,1,,
2676,hpA6HVYyt8vb^FULJjC5$R!To,0322.SPK/BA.302/BA010102/2026,PENGADAAN AUXILIARY COOLING SEA WATER PUMP,2026-04-01,17,2,55,kesepakatan,"2,3,4,5,7,8,10,16,25",0,,ready,,,,,,,proc,,,,,,,,,fifi,2026-04-07,,0,2,,,,,,,,,,0,1,,
2677,YkzpyBd1R0e@EVMqwT3SsZ6IX,0318.SPK/BA.302/BA010102/2026,PENGADAAN SPAREPARTS FUEL INJECTION PUMP AE,2026-04-02,30,32,7,kesepakatan,"2,3,4,5,7,8,9,16,25,26",0,,full,,,,,,,proc,,,,,,,,,fifi,2026-04-07,,0,2,,,,paid,,2026-05-13,,,,0,1,,
2678,YyUcv6bm$^naC*e3wox!dGs0p,0328.SPK/BA.202/BA010102/2026,PENGADAAN MOORING & TOWING EQUIPMENT,2026-04-02,31,42,12,kesepakatan,"2,3,4,5,7,8,16,25",0,,full,,,,,,,proc,,,,,,,,,fifi,2026-04-07,,0,2,,,,paid,,2026-06-18,,,,0,1,,
2679,Dacdzp@05XiZ6bGCU*Wm43xAk,0287.SPK/BA.202/BA010102/2026,PENGADAAN RUNNING STORE DECK (TRIWULAN I),2026-03-17,2,31,22,kesepakatan,"2,3,4,5,7,8,16,25",0,,ready,,,,,,,proc,,,,,,,,,fifi,2026-04-07,,0,2,,,,,,,,,,0,1,,
2680,zITcBgXGCe3rhaMY@tP2S$Ein,0283.SPK/BA.302/BA010102/2026,PENGADAAN RING PISTON OF AUXILIARY ENGINE (GENUINE),2026-03-16,12,5,55,kesepakatan,"2,3,4,5,7,8,9,16,25",0,,ready,,,,,,,proc,,,,,,,,,fifi,2026-04-07,,0,2,,,,,,,,,,0,1,,
2681,P7sdAltL9$1xVv@ZpFzKN05h*,0282.SPK/BA.302/BA010102/2026,PENGADAAN LO PUMP ASSY OF AUXILIARY ENGINE (GENUINE),2026-03-16,12,5,55,kesepakatan,"2,3,4,5,7,8,9,16,25",0,,ready,,,,,,,proc,,,,,,,,,fifi,2026-04-07,,0,2,,,,,,,,,,0,1,,
2682,2*4cQpLI0OtwyEmNG$ACJnBhD,0304.SPK/BA.17/BA010102/2026,PENGADAAN JASA FABRIKASI SHEAVE ROLLER & PIN GANG WAY,2026-03-27,43,17,6,kesepakatan,"2,3,4,5,7,8,16,25,26",0,,full,,,,,,,proc,,,,,,,,,fifi,2026-04-08,,0,2,,,,paid,,2026-07-15,,,,0,1,,
2683,r8ybVoIKwD7jXUg^BhG0u32ld,0262.SPK/BA.7/BA010102/2026,"JASA KONSULTAN PENILAIAN KONDISI TEKNIS, PENYUSUNAN DAFTAR PERBAIKAN (REAPIR LIST) & ESTIMASI BIAYA DOCKING (ENGINEER ESTIMSTE)",2026-03-09,160,16,14,kesepakatan,"2,3,4,5,7,8,16,26",0,,,,,,,,,,,,,,,,,,fifi,2026-04-08,,0,1,,,,,,,,,,0,1,,
2684,ONZReuctA3CI8i@zwbmnVTdl^,0306.SPK/BA.302/BA010102/2026,PENGADAAN SPAREPARTS AE YANMAR E18AL,2026-03-27,11,16,9,kesepakatan,"2,3,4,5,7,8,16,25",0,,ready,,,,,,,proc,,,,,,,,,fifi,2026-04-08,,0,2,,,,,,,,,,0,1,,
2687,S47Dl!vuO8kR*QU@TnMWaI02c,0284.SPK/BA.17/BA010102/2026,PENGADAAN JASA NORMALISASI DAN PERBAIKAN SAFETY DEVICE (MAIN ENGINE & AUXILIARY ENGINE),2026-03-16,7,4,30,onboard,"2,3,4,5,7,8,16,25,26",0,,ready,,,,,,,proc,,,,,,,,,fifi,2026-04-08,non-reimburse,0,2,,,,,,,,,,0,1,,
2688,!eupUwzm5oWNyc^APSq4k0rId,0334.SPK/BA.302/BA010102/2026,PENGADAAN LO LUBRICATION COOLER ASSY AE,2026-04-07,17,32,7,kesepakatan,"2,3,4,5,7,8,16,25",0,,ready,,,,,,,proc,,,,,,,,,fifi,2026-04-08,,0,2,,,,,,,,,,0,1,,
2689,41Zh96pUa!bVX5ME^GkAiCeOv,0285.SPK/BA.17/BA010102/2026,PENGADAAN JASA NORMALISASI & REWINDING ELMOT MAIN DRIVE (PORTSIDE),2026-03-16,63,4,40,onboard,"2,3,4,5,7,8,16,25,26",0,,,,,,,,,proc,,,,,,,,,fifi,2026-04-08,non-reimburse,0,2,,,,,,,,,,0,1,,
2690,9nmDGa3^JWBdvxKSfM6Y*p@!1,0330.SPK/BA.202/BA010102/2026,PENGADAAN PERMINTAAN CONSUMABLE ENGINE & FILTER,2026-04-06,100,21,5,kesepakatan,"2,3,4,5,7,8,16,25",0,,full,,,,,,,proc,,,,,,,,,fifi,2026-04-08,,0,2,,,,paid,,2026-05-29,,,,0,1,,
2691,ND3Ppb1$@s8tIyXZLETk6VQO0,0333.SPK/BA.202/BA010102/2026,JASA MODIFIKASI DECK PIPING SYSTEM PADA PALKA NO. 2-5,2026-04-06,58,32,21,kesepakatan,"2,3,4,5,7,8,16,25",0,,full,,,,,,,proc,,,,,,,,,fifi,2026-04-08,,0,2,,,,paid,,2026-07-08,,,,0,1,,
2692,95KHYFGrZI2uAkM7ntb4Rg1@W,0314.SPK/BA.302/BA010102/2026,PENGADAAN TURBOCHARGER MAIN ENGINE,2026-04-01,17,32,22,kesepakatan,"2,3,4,5,7,8,10,16,25",0,,ready,,,,,,,proc,,,,,,,,,fifi,2026-04-08,,0,2,,,,,,,,,,0,1,,
2693,Fzt1ToBZbyP6qd^sUIOlf9Rgw,0316.SPK/BA.302/BA010102/2026,PENGADAAN CRITICAL SPAREPARTS AUXILIARY ENGINE,2026-04-01,30,32,12,kesepakatan,"2,3,4,5,7,8,9,16,25,26",0,,full,,,,,,,proc,,,,,,,,,fifi,2026-04-08,,0,2,,,,paid,,2026-05-13,,,,0,1,,
2694,tdGRXKciHw3VjaBDQZO950gv$,0329.SPK/BA.17/BA010102/2026,PENGADAAN SPAREPART QUICK ACTING CLEAT & SHEAVE ROLLER PROV. CRANE,2026-04-06,17,16,30,kesepakatan,"2,3,4,5,7,8,16,25",0,,ready,,,,,,,proc,,,,,,,,,fifi,2026-04-08,,0,2,,,,,,,,,,0,1,,
2695,9538HVXGAaLu!d6neO2tJKbWU,0317.SPK/TU.006/BA010102/2026,JASA PENGIRIMAN AMPRAHAN BULAN APRIL 2026,2026-04-01,165,18,30,kesepakatan,"2,3,4,5,7,8,16,25",0,,full,,,,,,,proc,,,,,,,,,fifi,2026-04-08,,0,4,,,,paid,,2026-06-18,,,,0,1,,
2696,KFt@ydxigJOIVU!TC4kDYbuQz,0309.SPK/BA.17/BA010102/2026,PENGADAAN JASA PERBAIKAN DAN REKONDISI SISTEM PERPIPAAN HIDROLIK (MAIN LINE),2026-03-27,58,32,21,kesepakatan,"2,3,4,5,7,8,16,25",0,,full,,,,,,,proc,,,,,,,,,fifi,2026-04-08,,0,2,,,,paid,,2026-06-18,,,,0,1,,
2697,gLsI0jBv6^mduQFl5xRTrOtCN,0331.SPK/BA.202/BA010102/2026,PENGADAAN PERMINTAAN CONSUMABLE ENGINE & FILTER,2026-04-06,153,21,12,kesepakatan,"2,3,4,5,7,8,16,25",0,,ready,,,,,,,proc,,,,,,,,,fifi,2026-04-08,,0,2,,,,,,,,,,0,1,,
2698,c2AXu@Hjo5rBqJpwCfsa3P1*Z,0332.SPK/BA.202/BA010102/2026,PENGADAAN LAMPU TIANG MASTER,2026-04-06,153,25,8,kesepakatan,"2,3,4,5,7,8,16,25",0,,full,,,,,,,proc,,,,,,,,,fifi,2026-04-08,,0,2,,,,paid,,2026-06-18,,,,0,1,,
2699,9f$wQNWmiS!ThPzr@3Z6JOqlj,0319.SPK/BA.202/BA010102/2026,PENGADAAN CAT,2026-04-02,13,32,14,kesepakatan,"2,3,4,5,7,8,16,25,26",0,,,,,,,,,proc,,,,,,,,,fifi,2026-04-08,,0,2,,,,,,,,,,0,0,,
2700,UZOKMR4VoQrakEqB@l9HznYeF,0342.SPK/BA.17/BA010102/2026,PENGADAAN ENGINE RUNNING STORE,2026-04-07,3,32,7,kesepakatan,"2,3,4,5,7,8,16,25",0,,full,,,,,,,proc,,,,,,,,,fifi,2026-04-08,,0,2,,,,paid,,2026-07-30,,,,0,1,,
2701,jcE2@R^a7yDCf0QbxI9ov1AnM,0344.SPK/BA.17/BA010102/2026,PENGADAAN BARANG MOORING LINE,2026-04-07,31,29,3,kesepakatan,"2,3,4,5,7,8,15,16",0,,ready,,,,,,,proc,,,,,,,,,fifi,2026-04-08,,0,2,,,,,,,,,,0,1,,
2702,$G5FvhJswN4Y0DTUogLtlerPd,0347.SPK/BA.302/BA010102/2-026,SPAREPARTS MAIN ENGINE,2026-04-07,11,8,5,kesepakatan,"2,3,4,5,7,8,16,25",0,,ready,,,,,,,proc,,,,,,,,,fifi,2026-04-08,,0,2,,,,,,,,,,0,1,,
2703,lTkYp3VqmI92uyo0@AxeLXKWN,0149.SPBJ/PR.103/BA010400/2025,PENGADAAN BARANG SPAREPART DOCKING MAIN ENGINE COO,2025-12-22,30,7,28,kesepakatan,"2,3,4,6,10,18,19,24,27",0,,full,,,,,,,,,,,,,,,,fifi,2026-04-08,,0,1,,,,,,,,,,0,1,,
2704,6f9*zAhUyYna$^T!ikc1ZOqS0,0288.SPK/BA.17/BA010102/2026,PENGADAAN STORE ELECTRICIAN,2026-03-17,153,31,22,kesepakatan,"2,3,4,5,7,8,16,25",0,,full,,,,,,,proc,,,,,,,,,fifi,2026-04-08,,0,2,,,,paid,,2026-06-18,,,,0,1,,
2705,jT6J5w0AZt8xSqc3y4h$E@a!^,0289.SPK/BA.202/BA010102/2026,PENGADAAN RUNNING STORE ENGINE (TRIWULAN 1),2026-03-17,100,2,22,kesepakatan,"2,3,4,5,7,8,16,25",0,,ready,,,,,,,proc,,,,,,,,,fifi,2026-04-08,,0,2,,,,,,,,,,0,1,,
2706,^iRzHKTIYkDc6t7Of0AhS2B8u,0315.SPK/BA.202/BA010102/2026,PENGADAAN WIRE GRAB,2026-04-01,100,44,7,kesepakatan,"2,3,4,5,7,8,16,25,26,28",0,,full,,,,,,,proc,,,,,,,,,fifi,2026-04-08,,4504,2,,,,paid,,2026-06-11,,,,0,1,,
2707,wuBjh2CmIA8TJreqZybY5x6R*,0023.SPBJ/BA.301/BA010400/2026,PENGADAAN SPAREPARTS AUXILIARY ENGINE (GENUINE),2026-03-26,16,44,5,kesepakatan,"1,3,4,5,7,9,13,18,19,24,27",0,,full,,,,,,,,,,,,,,,,fifi,2026-04-09,,0,1,,,,,,,,,,0,1,,
2708,AHxlE^wZhJI9VBb$5matDeMus,0150.SPBJ/PR.103/BA010400/2025,PENGADAAN BARANG SPAREPART DOCKING MAIN ENGINE COO,2025-12-22,37,7,25,kesepakatan,"1,3,4,5,10,16,18,19,24,27",0,,full,,,,,,,,,,,,,,,,fifi,2026-04-09,,0,1,,,,,,,,,,0,1,,
2709,e7bX*FkEMVqK$iHxpQPlD0U!h,0350.SPK/BA.17/BA010102/2026,PENGADAAN PILOT LADDER & GANGWAY,2026-04-08,113,32,7,kesepakatan,"2,3,4,5,7,8,16,25,26",0,,full,,,,,,,proc,,,,,,,,,fifi,2026-04-13,,0,2,,,,paid,,2026-06-29,,,,0,1,,
2710,zNpZAVF7RTY0gDCX$wEhJ13l8,0320.SPK/BA.302/BA010102/2026,PENGADAAN SPAREPARTS REFURBISHED OF AUXILIARY ENGINE,2026-04-01,113,4,30,kesepakatan,"2,3,4,5,7,8,16,25",0,,,,,,,,,proc,,,,,,,,,fifi,2026-04-13,,0,2,,,,,,,,,,0,0,,
2711,Y8P1nmhw9I0z*@XHjGtD7ao5O,0345.SPK/BA.101/BA010102/2026,PENGADAAN BARANG HOT PLATE,2026-04-07,84,6,3,kesepakatan,"2,3,4,5,7,8,16",0,,full,,,,,,,proc,,,,,,,,,fifi,2026-04-14,,0,3,,,,paid,,2026-07-03,,,,0,1,,
2712,V0v1FJ7ZWGd!j9Ot$NuCTRakL,0313.SPK/BA.302/BA010102/2026,PENGADAAN STEEL DISC RETURN ROLL FOR TUNNEL CONVEYOR,2026-02-01,11,5,40,kesepakatan,"2,3,4,5,7,8,16,25",0,,full,,,,,,,proc,,,,,,,,,fifi,2026-04-14,,0,2,,,,paid,,2026-07-06,,,,0,1,,
2713,zwZK*18jPkUuf^RiNsxGTySBb,0337.SPK/BA.101/BA010012/2026,PENGADAAN JASA UT THICKNESS MEASUREMENT DOCKING SURVEY (SS IV),2026-04-07,65,2,30,kesepakatan,"2,3,4,5,7,8,16,25,26",0,,,,,,,,,proc,,,,,,,,,fifi,2026-04-14,,0,3,,,,,,,,,,0,0,,
2714,nMDV254GUT*l7CaquxESRFhgt,C.0691/PR.103/Div.Rendalhar-2026,PENGADAAN JASA PERBAIKAN HYDRAULIC FREE FALL,2026-03-27,7,6,7,kesepakatan,"2,3,4,5,7,8,16,25",0,,full,,,,,,,proc,,,,,,,,,fifi,2026-04-14,non-reimburse,0,2,,,,,,,,,,0,1,,
2715,roYdkHuTWjOJIagP6Q$8v5Ne^,0197.SPK/BA.101/BA010102/2026,AMANDEMEN 1 ATAS PENGADAAN BARANG DAN JASA DOCKING OVERHAUL TURBOCHARGER MAIN ENGINE DAN AUXILIARY ENGIEN,2026-02-26,16,7,10,kesepakatan,"1,3,4,6,9,13,18,19,24,27",0,,full,,,,,,,proc,,,,,,,,,fifi,2026-04-14,,0,1,,,,paid,,2026-07-23,,,,0,0,,
2716,!1s0VT@bg2uqhEljc8*tePB5S,C.0692/PR.103/Div.Rendalhar-2026,PENGADAAN JASA PERBAIKAN BOILER DAN MFO PURIFIER,2026-03-27,7,16,7,kesepakatan,"2,3,4,5,7,8,16,25",0,,full,,,,,,,proc,,,,,,,,,fifi,2026-04-14,non-reimburse,0,2,,,,,,,,,,0,1,,
2717,xvbGY!4kD7FZfpyr$sn*AawOS,0348.SPK/BA.202/BA010102/2026,PENGADAAN ELECTRICAL RUNNING STORE,2026-04-08,3,32,7,kesepakatan,"2,3,4,5,7,8,16,25",0,,full,,,,,,,proc,,,,,,,,,fifi,2026-04-14,,0,2,,,,,,,,,,0,1,,
2718,I*2M$XVKYyLS8HzeqoiPxJ!bh,0352.SPK/BA.202/BA010102/2026,PENGADAAN VALVE DAN ACTUATOR VALVE,2026-04-09,153,20,6,kesepakatan,"2,3,4,5,7,8,16,25,26",0,,,,,,,,,proc,,,,,,,,,fifi,2026-04-14,,0,2,,,,,,,,,,0,0,,
2719,VP8*xSTuB2!AX3qN$QF@IsEwW,0357.SPK/BA.302/BA010102/2026,PENGADAAN VALVE V103 BWTS,2026-04-10,153,17,10,kesepakatan,"2,3,4,5,7,8,16,25",0,,full,,,,,,,proc,,,,,,,,,fifi,2026-04-15,,0,2,,,,paid,,2026-07-03,,,,0,1,,
2720,ibgP0mzSaJF$6XkRecuZ2Krop,0351.SPK/BA.17/BA010102/2026,PENGADAAN DECK ELECTRICAL CABLE,2026-04-08,113,32,7,kesepakatan,"2,3,4,5,7,8,16,25",0,,full,,,,,,,proc,,,,,,,,,fifi,2026-04-15,,0,2,,,,paid,,2026-06-18,,,,0,1,,
2721,Yj*@falJXIc3mi52W4goAG^rD,0359.SPK/BA.202/BA010102/2026,PENGADAAN JASA GRINDING AE NO. 3 CYL. NO. 6,2026-04-14,11,16,50,kesepakatan,"2,3,4,5,7,8,16,25,26",0,,ready,,,,,,,proc,,,,,,,,,fifi,2026-04-15,,0,2,,,,,,,,,,0,1,,
2722,2SHVl$I7hWLxUQurqXDiEA6vY,0349.SPK/BA.202/BA010102/2026,PENGADAAN DECK RUNNING STORE,2026-04-08,100,32,5,kesepakatan,"2,3,4,5,7,8,16,25",0,,full,,,,,,,proc,,,,,,,,,fifi,2026-04-15,,0,2,,,,paid,,2026-06-11,,,,0,1,,
2723,hae*rxLIkPS0XMc2HQ9p7BOYt,0362.SPK/BA.101/BA010102/2026,PENGADAAN JASA OVERHAUL DAN SPAREPARTS OF GOVERNOR AUXILIARY ENGINE,2026-04-14,70,2,16,onboard,"2,3,4,5,7,8,16,25,26",0,,full,,,,,,,proc,,,,,,,,,fifi,2026-04-15,,0,3,,,,,,,,,,0,1,,
2724,sQMyHb3jZ@Gtm61!XK9*0DplB,0360.SPK/BA.101/BA010102/2026,PENGADAAN HULL & BALLAS TANK ANODE FOR DOCKING,2026-04-14,54,2,7,onboard,"2,3,4,7,8,16,25,26",0,,full,,,,,,,proc,,,,,,,,,fifi,2026-04-15,,0,3,,,,,,,,,,0,1,,
2725,h6KcNL57QA!xE^3TglUVf24OW,0364.SPK/BA.302/BA010102/2026,PENGADAAN FEEDWA TER PUMP BOILER,2026-04-14,36,17,10,kesepakatan,"2,3,4,5,7,8,16,25",0,,full,,,,,,,proc,,,,,,,,,fifi,2026-04-16,,0,2,,,,paid,,2026-05-26,,,,0,1,,
2726,RQ0DtG1WVp!cU^4oyMzvhJmOk,0371.SPK/BA.302/BA010102/2026,PENGADAAN SPAREPART ELECTRICAL WATERINGRESS PALKAH,2026-04-14,111,17,35,kesepakatan,"2,3,4,5,7,8,16,25",0,,ready,,,,,,,proc,,,,,,,,,fifi,2026-04-16,,0,2,,,,,,,,,,0,1,,
2727,Q*JDOw4y!N0T76@AHkG^5Rd$x,0374.SPK/BA.202/BA010102/2026,"PENGADAAN MESIN LAS, KOMPRESSOR DECK & VACUM CLEANER",2026-04-14,2,16,8,kesepakatan,"2,3,4,5,7,8,16,25",0,,full,,,,,,,proc,,,,,,,,,fifi,2026-04-16,,0,2,,,,paid,,2026-06-26,,,,0,1,,
2728,^1Jj@DyT*!wbPHWLmIliqtCo0,0373.SPK/BA.104/BA010102/2026,PENGADAAN JASA REWINDING AUX BLOWER ME,2026-04-14,5,17,8,kesepakatan,"2,3,4,5,7,8,16,25,26",0,,full,,,,,,,proc,,,,,,,,,fifi,2026-04-16,,0,2,,,,paid,,2026-07-03,,,,0,1,,
2729,eP*qHbNUFfYT0@$EyAvpCZzji,0356.SPK/BA.302/BA010102/2026,PENGADAAN UNIT AIR DRIVEN HIGH PRESSURE PUMP & AKSESORIS,2026-04-10,17,16,17,kesepakatan,"2,3,4,5,7,8,16,25",0,,ready,,,,,,,proc,,,,,,,,,fifi,2026-04-16,,0,2,,,,,,,,,,0,1,,
2730,XCve9WxLApu1jP$Y!zHcEhVoQ,0372.SPK/BA.104/BA010102/2026,PENGADAAN JASA REPAIR ROLLER JANGKAR TONGKANG,2026-04-14,5,13,6,onboard,"2,3,4,5,7,8,16,25,26",0,,ready,,,,,,,proc,,,,,,,,,fifi,2026-04-16,,0,2,,,,,,,,,,0,1,,
2731,rD!lYwHB3g5W9h7J16SkemXV*,0346.SPK/BA.101/BA010102/2026,AMANDEMEN 1 ATAS PENGADAAN JASA OVERHAUL KELIBRASI GOVERNOR AUXILIARY ENGINE,2026-04-07,93,6,13,kesepakatan,"2,3,4,5,7,8,16,25,26",0,,full,,,,,,,proc,,,,,,,,,fifi,2026-04-16,,0,3,,,,paid,,2026-07-23,,,,0,1,,
2732,OEMAe1SX@qCbPhwKYZ5uykrm6,0375.SPK/BA.104/BA010102/2026,`PENGADAAN JASA REPAIR JANGKAR TONGKANG,2026-04-14,5,22,8,onboard,"2,3,4,5,7,8,16,25,26",0,,full,,,,,,,proc,,,,,,,,,fifi,2026-04-16,,0,2,,,,paid,,2026-07-03,,,,0,1,,
2733,OR4F!b*HACMd7h^U5wmsIqvuX,0327.SPK/BA.302/BA010102/2026,SPAREPARTS AUXILIARY ENGINE,2026-04-02,17,1,15,kesepakatan,"2,3,4,5,7,8,10,16,25",0,,ready,,,,,,,proc,,,,,,,,,fifi,2026-04-16,,0,2,,,,,,,,,,0,1,,
2734,7hR$MKV4s8rP2govq9IJS*Dyn,0376.SPK/BA.302/BA010102/2026,PENGADAAN O-RING & GASKET AUXILIARY ENGINE,2026-04-14,17,1,15,kesepakatan,"2,3,4,5,7,8,16,25",0,,full,,,,,,,proc,,,,,,,,,fifi,2026-04-16,,0,2,,,,paid,,2026-06-29,,,,0,1,,
2735,Q6*8wY@yPNHi2O1pquaZeUJlt,0007.SPBJ/PR.103/BA010400/2026,PENGADAAN SPAREPARTS DOCKING MAIN ENGINE GENUINE,2026-01-21,90,6,25,kesepakatan,"1,3,4,5,6,9,13,19,24,27",0,,full,,,,,,,,,,,,,,,,fifi,2026-04-16,linked,4974,1,,,,,,,,,,0,1,,
2736,$Nglkm5@4B6vKV7tJL3fypXT0,0014.SPBJ/BA.103/BA010400/2026,PENGADAAN JASA SPAREPARTS DOCKING AUXILIARY ENGINE,2026-02-25,17,6,15,kesepakatan,"1,3,4,5,9,10,13,18,19,24,27",0,,ready,,,,,,,,,,,,,,,,fifi,2026-04-17,,0,1,,,,,,,,,,0,1,,
2737,W10uMwxKmEUt7qHl4BFiezQaT,0326.SPK/BA.302/BA010102/2026,SPAREPARTS AUXILIARY ENGINE (COM),2026-04-02,12,1,45,kesepakatan,"2,3,4,5,7,8,16,25",0,,full,,,,,,,proc,,,,,,,,,fifi,2026-04-17,,0,2,,,,paid,,2026-07-17,,,,0,1,,
2738,U^*DcVkYPCLhFOpaw8$iqK@1s,0378.SPK/BA.202/BA010102/2026,PENGADAAN SPAREPART AIR CONDITIONING ACCOM,2026-04-15,68,16,35,kesepakatan,"2,3,4,5,7,8,16,25",0,,ready,,,,,,,proc,,,,,,,,,fifi,2026-04-17,,0,2,,,,,,,,,,0,1,,
2739,ilCPjyMuomXhUS^qYA5adZ7Jx,0365.SPK/BA.17/BA010102/2026,PENGADAAN BARANG RUNNING STORE CAT,2026-04-14,13,7,12,kesepakatan,"2,3,4,5,7,8,16",0,,full,,,,,,,proc,,,,,,,,,fifi,2026-04-17,,0,2,,,,,,,,,,0,1,,
2740,mH0WSkZl1yBQCEqT4ODb5YA6t,0377.SPK/BA.17/BA010102/2026,RUNNING STORE DECK,2026-04-15,153,34,8,kesepakatan,"2,3,4,5,7,8,16,25",0,,full,,,,,,,proc,,,,,,,,,fifi,2026-04-17,,0,2,,,,paid,,2026-07-03,,,,0,1,,
2741,kaOC76gqZUP*Ih4pnWHdTjmQJ,0366.SPK/BA.17/BA010102/2026,PENGADAAN KEBUTUHAN DECK (CHAIN FOR FENDER),2026-04-14,31,2,7,kesepakatan,"2,3,4,5,7,8,16,25",0,,full,,,,,,,proc,,,,,,,,,fifi,2026-04-17,,0,2,,,,,,,,,,0,1,,
2742,5qIGzw32$luyUknPiX@pVFDJS,0381.SPK/BA.202/BA010102/2026,PENGADAAN JASA RELAGGING OF TAIL PULLEY ROLLER CONVEYOR,2026-04-16,60,5,16,onboard,"2,3,4,5,7,8,16,25,26",0,,full,,,,,,,proc,,,,,,,,,fifi,2026-04-17,,0,2,,,,paid,,2026-06-18,,,,0,1,,
2743,KPqt74HMUa@Ss1W3If0Xvlo5w,0367.SPK/PR.202/BA010102/2026,PENGADAAN JASA PERBAIKAN SPIE FLUID COUPLING OF BOOM CONVEYOR,2026-04-15,36,5,10,onboard,"2,3,4,5,7,8,16",0,,,,,,,,,proc,,,,,,,,,fifi,2026-04-17,non-reimburse,0,2,,,,,,,,,,0,1,,
2744,$3SWbnm41Gsex5wK*^2Nf@Jj0,0368.SPK/BA.17/BA010102/2026,PENGADAAN SOLENOID DIRECTIONAL CONTROL VALVE OF STEERING GEAR,2026-04-15,113,2,20,kesepakatan,"2,3,4,5,7,8,16,25",0,,full,,,,,,,proc,,,,,,,,,fifi,2026-04-20,,0,2,,,,paid,,2026-06-29,,,,0,1,,
2745,$PBpsMl!Q3ETXac9@6ibIx1th,0370.SPK/BA.17/BA010102/2026,PENGADAAN FILTER ELEMNT OF LINE STEERING GEAR,2026-04-15,2,2,15,kesepakatan,"2,3,4,5,7,8,16,25",0,,ready,,,,,,,proc,,,,,,,,,fifi,2026-04-20,,0,2,,,,,,,,,,0,1,,
2746,s3LpyDg97Mj4N!SWbmTueGBtO,0384.SPK/BA.302/BA010102/2026,PENGADAAN SOLENOID DIRECTIONAL CONTROL VALVE OF STEERING GEAR (GENUINE),2026-04-16,68,2,160,kesepakatan,"2,3,4,5,7,8,16,25",0,,,,,,,,,proc,,,,,,,,,fifi,2026-04-20,,0,2,,,,,,,,,,0,0,,
2747,safEYSxJKhbjQtir@65UGe4l^,0302.SPK/BA.17/BA010102/2026,PENGADAAN JASA REKONDISI DECK MACHINERY DAN SPAREPARTS AUXILIARY ENGINE,2026-03-09,113,7,5,kesepakatan,"2,3,4,5,7,8,16",0,,full,,,,,,,proc,,,,,,,,,fifi,2026-04-20,,0,3,,,,paid,,2026-07-09,,,,0,1,,
2748,CKOdSgtLFATwoGvPcXk8juQyN,0363.SPK/BA.101/BA010102/2026,PENGADAAN ZINC ANODE,2026-04-17,54,44,7,onboard,"2,3,4,5,7,8,25,26",0,,full,,,,,,,proc,,,,,,,,,fifi,2026-04-20,,0,2,,,,,,,,,,0,1,,
2749,N$etc@P0LQMz*7wEH5FUXhx9C,0387.SPK/BA.302/BA010102/2026,PENGADAAN HYDRAULIC WINDLASS PUMP ASSY,2026-04-21,17,32,7,kesepakatan,"2,3,4,5,7,8,10,16,25",0,,ready,,,,,,,proc,,,,,,,,,fifi,2026-04-21,,0,2,,,,,,,,,,0,1,,
2750,l05FCDhX86NjwY!BmyKHLRbJ^,0393.SPK/BA.17/BA010102/2026,PENGADAAN TALI TOWING,2026-04-20,31,21,3,kesepakatan,"2,3,4,5,7,8,16,25",0,,full,,,,,,,proc,,,,,,,,,fifi,2026-04-21,,0,2,,,,paid,,2026-07-30,,,,0,1,,
2751,T@MqJcSthgOeQ9nL6a2IiYBED,0392.SPK/BA.202/BA010102/2026,PENGADAAN MATERIAL CAT,2026-04-20,154,21,8,kesepakatan,"2,3,4,5,7,8,16,25",0,,full,,,,,,,proc,,,,,,,,,fifi,2026-04-21,,0,2,,,,,,,,,,0,1,,
2752,hoeL5bdBawQZPAMSgXpkr*n2N,0391.SPK/BA.104/BA010102/2026,PEMBIAYAAN PERBAIKAN BLOCK ROLLER HOUSING,2026-04-20,36,32,3,kesepakatan,"2,3,4,5,7,8,16,25",0,,,,,,,,,proc,,,,,,,,,fifi,2026-04-21,,0,2,,,,,,,,,,0,0,,
2753,rfu7dKzyS*geF$nBUtWxJoPEv,0404.SPK/BA.17/BA010102/2026,PENGADAAN ATOMOZIER AUXILIARY ENGINE (GENUINE),2026-04-21,130,32,35,kesepakatan,"2,3,4,5,7,8,16,25",0,,full,,,,,,,proc,,,,,,,,,alfin,2026-04-22,,0,2,,,,,,,,,,0,1,,
2754,sKESXcOnJ9tHRZQpFGomP1I*^,0353.SPK/BA.104/BA010102/2026,PENGADAAN SPAREPARTS DAN JASA PERBAIKAN TURBOCHARGER AUXILIARY,2026-04-14,11,32,3,kesepakatan,"2,3,4,5,7,8,16,25",0,,ready,,,,,,,proc,,,,,,,,,fifi,2026-04-22,,0,2,,,,,,,,,,0,1,,
2755,oRLmx04QACN8iq5D3fIKp2keE,0395.SPK/BA.202/BA010102/2026,PENGADAAN CONSUMABLE ELECTRICAL,2026-04-21,56,17,7,kesepakatan,"2,3,4,5,7,8,16,25,26",0,,full,,,,,,,proc,,,,,,,,,alfin,2026-04-22,,0,2,,,,,,,,,,0,1,,
2756,ie6o8sxrhTH4KdZBfEA2P!^zC,0389.SPK/BA.302/BA010102/2026,PENGADAAN BARANG RUNNING STORE,2026-04-17,2,29,7,kesepakatan,"2,3,4,5,7,8,16,25",0,,full,,,,,,,proc,,,,,,,,,fifi,2026-04-22,,0,2,,,,,,,,,,0,1,,
2757,Br3UvN*tKP$cMniu5RgH9A@Fe,0409.SPK/BA.302/BA010102/2026,PENGADAAN SPAREPART  MAIN ENGINE,2026-04-22,37,29,28,kesepakatan,"2,3,4,5,7,8,9,16,25,26",0,,full,,,,,,,proc,,,,,,,,,fifi,2026-04-22,,0,2,,,,,,,,,,0,0,,
2758,Tt4sohVXnaHSBQUe*GziK8k5P,0407.SPK/BA.302/BA010102/2026,PENGADAAN SPAREPARTS CAMSHAFT AUXILIARY ENGINE,2026-04-22,30,32,30,kesepakatan,"2,3,4,5,7,8,10,16,25",0,,full,,,,,,,proc,,,,,,,,,fifi,2026-04-23,,4666,2,,,,paid,,2026-07-15,,,,0,1,,
2759,zt2J8flAcSPZwq@O1o*IbG!V^,0410.SPK/BA.17/BA010102/2026,SPAREPART AC ACCOMODATION & AC ECR,2026-04-22,111,16,250,kesepakatan,"2,3,4,5,7,8,16,25",0,,ready,,,,,,,proc,,,,,,,,,fifi,2026-04-23,,0,2,,,,,,,,,,0,1,,
2760,DwiVjBS8OUrs0CmnM3xWzkeuY,0413.SPK/BA.202/BA010102/2026,PENGADAAN RUNNING STORE DECK,2026-04-22,104,16,15,kesepakatan,"2,3,4,5,7,8,16,25",0,,ready,,,,,,,proc,,,,,,,,,fifi,2026-04-23,,0,2,,,,,,,,,,0,0,,
2761,hgSI9$KkWO^yTv*e3iM!1pdCm,0411.SPK/BA.17/BA010102/2026,PENGADAAN CONSUMABLE DECK,2026-04-22,100,16,8,kesepakatan,"2,3,4,5,7,8,16,25",0,,ready,,,,,,,proc,,,,,,,,,fifi,2026-04-23,,0,2,,,,,,,,,,0,1,,
2762,iaTy3NwXjJ2PKmz09!k4uB8YO,0414.SPK/BA.202/BA010102/2026,PENGADAAN STORE DECK,2026-04-22,2,16,20,kesepakatan,"2,3,4,5,7,8,16,25",0,,ready,,,,,,,proc,,,,,,,,,fifi,2026-04-23,,0,2,,,,,,,,,,0,1,,
2763,sZAwpf*cEtLdk0Y6bQCB3KJSG,0412.SPK/BA.202/BA010102/2026,PENGADAAN CONSUMABLE,2026-04-22,153,16,18,kesepakatan,"2,3,4,5,7,8,16,25",0,,ready,,,,,,,proc,,,,,,,,,fifi,2026-04-23,,0,2,,,,,,,,,,0,1,,
2764,7$Zf0*CXzEiQnR^lgFVDwTBx3,0403.SPK/BA.302/BA010102/2026,PENGADAAN VANE PUMP OF STEERING GEAR,2026-04-21,68,2,50,onboard,"2,3,4,5,7,8,13,16,25",0,,ready,,,,,,,proc,,,,,,,,,fifi,2026-04-27,,0,2,,,,,,,,,,0,1,,
2765,d6s@tlSNFHxoX4ibqMEJnjf1P,0417.SPK/BA.7/BA010102/2026,"JASA KONSULTAN PENILAIAN KONDISI TEKNIS, PENYUSUNAN DAFTAR PERBAIKAN (REPAIR LIST) & ESTIMASI BIAYA DOCKING (ENGINEER ESTIMATE)",2026-04-24,120,2,18,onboard,"2,4,5,7,8,16,25,26",0,,,,,,,,,,,,,,,,,,fifi,2026-04-27,,0,3,,,,,,,,,,0,0,,
2766,21OQXiGCbE$3*NIS9!wV6TZ0d,0426.SPK/BA.17/BA010102/2026,PENGADAAN TALI MOORING 12 INCH,2026-04-27,153,16,10,kesepakatan,"2,3,4,5,7,8,16,25",0,,ready,,,,,,,proc,,,,,,,,,fifi,2026-04-29,,0,2,,,,,,,,,,0,1,,
2767,ufpxk*tTy1ORGlrwAZcK^z!WL,0402.SPK/BA.6/BA010102/2026,PENGADAAN JASA PENGURUSAN SERTIFIKAT CMC BKI (PEKERJAAN PEMASANGAN JANGKAR),2026-04-21,36,5,7,jakarta,"2,3,4,5,7,8,16",0,,,,,,,,,proc,,,,,,,,,fifi,2026-04-29,non-reimburse,0,2,,,,,,,,,,0,1,,
2768,Bvs@HwTXdjb79D1pA^ag8FhKP,0397.SPK/BA.104/BA010102/2026,PENGADAAN JASA NDT OF PARTS (REFURBISHED) AUXILIARY ENGINE,2026-04-21,36,4,7,jakarta,"2,3,4,5,7,8,16",0,,,,,,,,,proc,,,,,,,,,fifi,2026-04-29,non-reimburse,0,2,,,,,,,,,,0,1,,
2769,v^1fas0AZ4UrbT2*tGBiNd!oH,0425.SPK/BA.17/BA010102/2026,PENGADAAN TALI MOORING 10 INCH & 8 INCH,2026-04-27,153,16,10,kesepakatan,"2,3,4,5,7,8,16,25",0,,ready,,,,,,,proc,,,,,,,,,fifi,2026-04-29,,0,2,,,,,,,,,,0,1,,
2770,H5xhPfY@4m3O70uSK1lUGQpI2,0415.SPK/BA.101/BA010102/2026,PENGADAAN BARANG WIRE PROVISION AND LIFEBOAT,2026-04-23,84,6,3,kesepakatan,"2,3,4,5,7,16",0,,full,,,,,,,proc,,,,,,,,,fifi,2026-04-29,,0,3,,,,paid,,2026-07-03,,,,0,1,,
2771,XZ6Q!l04uGvJPr5i83@1We7wo,0424.SPK/BA.17/BA010102/2026,PENGADAAN TALI CIR TOWING,2026-04-27,31,23,5,kesepakatan,"2,3,4,5,7,8,16,25",0,,full,,,,,,,proc,,,,,,,,,fifi,2026-04-29,,0,2,,,,paid,,2026-07-15,,,,0,1,,
2772,bapwPLZHFiT76dY4uIXWJ@zVM,0396.SPK/BA.302/BA010102/2026,PENGADAAN SPAREPARTS PUSH ROD OF AUXILIARY ENGINE (REFURBISHED),2026-04-21,36,4,7,onboard,"2,3,4,5,7,8,16",0,,,,,,,,,,,,,,,,,,fifi,2026-04-29,non-reimburse,0,2,,,,,,,,,,0,1,,
2773,uRo!g1TZbU8*GOhqsKP@YD5kC,0399.SPK/BA.104/BA010102/2026,PENGADAAN JASA PERBAIKAN SPINDLE & SEAT VALVE MAIN ENGINE,2026-04-23,63,32,14,kesepakatan,"2,3,4,5,7,25,26",0,,ready,,,,,,,proc,,,,,,,,,fifi,2026-04-29,,0,2,,,,,,,,,,0,1,,
2774,KncybrhdMG^J1HYspov503a@7,0401.SPK/BA.17/BA010102/2026,PENGADAAN JASA PERBAIKAN GRAB SMAG,2026-04-23,63,32,14,kesepakatan,"2,3,4,5,7,8,16,25,26",0,,ready,,,,,,,proc,,,,,,,,,fifi,2026-04-29,,0,2,,,,,,,,,,0,1,,
2775,Qe2JP8kL5DuMbosGwCR@palF$,0420.SPK/BA.202/BA010102/2026,PENGADAAN SUMERSIBLE PUMP,2026-04-27,113,7,12,kesepakatan,"2,3,4,5,7,8,16,25,26",0,,full,,,,,,,proc,,,,,,,,,fifi,2026-04-29,,0,2,,,,paid,,2026-07-03,,,,0,1,,
2776,pSet4z!cnWDGyEYO^0XKBh7d@,0416.SPK/BA.17/BA010102/2026,PENGADAAN REPLAY & ELECTRICAL SUPPLY,2026-04-27,153,32,30,kesepakatan,"2,3,4,5,7,8,16,25",0,,full,,,,,,,proc,,,,,,,,,fifi,2026-04-29,,0,2,,,,,,,,,,0,1,,
2777,8cwxlgu*qLPt6v!djr2$kRH7T,0398.SPK/BA.202/BA010102/2026,PENGADAAN MOORING & TOWING EQUIPMENT,2026-04-21,31,38,12,kesepakatan,"2,3,4,5,7,8,16,25",0,,full,,,,,,,proc,,,,,,,,,fifi,2026-04-29,,0,2,,,,paid,,2026-07-17,,,,0,1,,
2778,eSrdk9vDzTRMtyiwj^I03l!JX,0408.SPK/BA.104/BA010102/2026,PENGADAAN JASA OVERHAUL & REPAIR FLUID COUPLING OF BOOM CONVEYOR (SPARE),2026-04-22,113,5,20,onboard,"2,3,4,5,7,8,25,26",0,,ready,,,,,,,proc,,,,,,,,,fifi,2026-04-29,non-reimburse,0,2,,,,,,,,,,0,1,,
2779,M2exX48BZ0@NUwGWKndRuISla,0427.SPK/BA.202/BA010102/2026,PENGADAAN ELECTRICAL ME & CONSUMABLE,2026-04-27,100,21,5,kesepakatan,"2,3,4,5,7,8,16,25",0,,full,,,,,,,proc,,,,,,,,,fifi,2026-04-29,,0,2,,,,paid,,2026-07-23,,,,0,1,,
2780,o0wr73K6XxCDlOzq4JiFGNUaM,0428.SPK/BA.202/BA010102/2026,PENGADAAN CONSUMABLE DECK,2026-04-27,100,17,7,kesepakatan,"2,3,4,5,7,8,16,25",0,,partial,,,,,,,proc,,,,,,,,,fifi,2026-04-29,,0,2,,,,,,,,,,0,1,,
2781,HfOx$2PwnBFmsIqM*WECDgG9r,0432.SPK/BA.101/BA010102/2026,PENGADAAN MATERIAL ANODE,2026-04-07,54,,12,kesepakatan,"2,3,4,5,7,8,16,25",0,,full,,,,,,,proc,,,,,,,,,fifi,2026-04-29,,0,3,,,,,,,,,,0,1,,
2782,A*yaI1Zk6wMvO3RnDKzGT!W54,0151.SPBJ/PR.103/BA010400/2025,PENGADAAN BARANG SPAREPARTS DOCKING MAIN ENGINE (COO),2025-12-22,37,6,20,jakarta,"1,3,4,5,10,16,18,19,24,27",0,,full,,,,,,,,,,,,,,,,fifi,2026-04-29,,0,1,,,,,,,,,,0,1,,
2783,zfHVa8JUZiIERkNMKm32yCtA$,0159.SPBJ/PR.103/BA010400/2025,PENGADAAN BARANG SPAREPARTS DOCKING MAIN ENGINE COO,2025-12-31,37,6,25,kesepakatan,"1,3,4,5,10,16,18,19,24,27",0,,full,,,,,,,,,,,,,,,,fifi,2026-04-29,,0,1,,,,,,,,,,0,1,,
2784,AYVd5gktKjl9DxF2nM!Bpv7@I,0141.SPBJ/PR.103/BA010400/2025,PENGADAAN BARANG SPAREPART LO DAN PO PURIFIER COO,2025-12-12,37,7,25,kesepakatan,"1,3,4,5,10,16,18,19,24,27",0,,full,,,,,,,,,,,,,,,,fifi,2026-04-29,,0,1,,,,,,,,,,0,0,,
2785,NFtrB^CywlMkgQmZV8H3zo51x,0012.SPBJ/PR.103/BA010400/2026,PENGADAAN BARANG SPAREPARTS DOCKING BOILER GENUINE,2026-02-25,37,7,110,kesepakatan,"1,3,4,5,9,13,16,18,19,24,27",0,,full,,,,,,,,,,,,,,,,fifi,2026-04-29,,0,3,,,,,,,,,,0,0,,
2786,hK*cNYQLkSaruFCWwG3tUPqp4,0433.SPK/BA.104/BA010102/2026,PENGADAAN JASA PENGGANTIAN DAN PERNOMALAN KEBOCORAN PADA LINE HIDROLIK DI MAIN DECK,2026-04-28,58,32,21,kesepakatan,"2,3,4,5,7,8,16,25",0,,full,,,,,,,proc,,,,,,,,,fifi,2026-04-30,,0,2,,,,paid,,2026-07-03,,,,0,1,,
2787,qE!p$@TowBLeCflQybdUsVtgH,0386.SPK/BA.302/BA010102/2026,PENGADAAN BARANG RUNNING STORE ENGINE DEPARTMENT,2026-04-17,100,29,5,kesepakatan,"2,3,4,5,7,8,16",0,,full,,,,,,,proc,,,,,,,,,fifi,2026-04-30,linked,4537,2,,,,,,,,,,0,1,,
2788,TegjKSoVDCQBpNmasGLP8w*@2,0388.SPK/BA.104/BA010102/2026,REKONDISI MAIN ENGINE & AUXILIARY ENGINE,2026-04-16,176,6,10,kesepakatan,"2,3,4,5,7,8,16",0,,full,,,,,,,proc,,,,,,,,,fifi,2026-05-04,,0,3,,,,paid,,2026-07-08,,,,0,1,,
2789,P!bkmyS$ge6Ft3zEpJA5jNMsa,0459.SPK/PR.202/BA010102/2026,JASA PERBAIKAN SAFETY JANGKAR,2026-04-29,5,36,3,kesepakatan,"2,3,4,5,7,8,16,25",0,,full,,,,,,,proc,,,,,,,,,fifi,2026-05-05,,0,2,,,,paid,,2026-07-03,,,,0,1,,
2790,utiH2kyl$bqBe81KVWr6IY!QA,0422.SPK/BA.302/BA010102/2026,PENGADAAN VANE PUMP OF HYDRAULIC ANCHOR WINDLASS,2026-04-27,17,2,24,onboard,"2,3,4,5,7,8,10,16",0,,ready,,,,,,,proc,,,,,,,,,fifi,2026-05-05,,0,2,,,,,,,,,,0,1,,
2791,cBUS!ogy5wA1mfFMTtOCNKVZ9,0464.SPK/BA.7/BA010102/2026,"JASA KONSULTAN PENILAIAN KONDISI TEKNIS, PENYUSUNAN DAFTAR PERBAIKAN (REPAIR LIST) & ESTIMASI BIAYA DOCKING (ENGINEER ESTIMATE)",2026-04-30,120,2,18,onboard,"2,3,4,5,7,8,16,26",0,,,,,,,,,proc,,,,,,,,,fifi,2026-05-05,non-reimburse,0,3,,,,,,,,,,0,0,,
2792,8qmUK5VD^pPS4N*x2iaz@d9Bl,0465.SPK/BA.7/BA010102/2026,"JASA KONSULTAN PENILAIAN KONDISI TEKNIS, PENYUSUNAN DAFTAR PERBAIKAN (REAPIR LIST) & ESTIMASI BIAYA DOCKING (ENGINEER ESTIMATE)",2026-04-30,120,3,18,onboard,"2,3,4,5,7,8,16,26",0,,,,,,,,,proc,,,,,,,,,fifi,2026-05-05,non-reimburse,0,3,,,,,,,,,,0,0,,
2793,q!QCG2E7I0x5Ob@U9$nagR*lw,0444.SPK/BA.202/BA010102/2026,PENGADAAN CHAIN GALVANIS FOR SUPPORT UNLOADING,2026-04-29,36,2,7,onboard,"2,3,4,5,7,8,16",0,,full,,,,,,,proc,,,,,,,,,fifi,2026-05-05,,0,2,,,,paid,,2026-07-10,,,,0,1,,
2794,wRlrYNpIy!2PZLCvUaQGMqduD,0434.SPK/BA.104/BA010102/2026,PENGADAAN JASA PERBAIKAN ELECTROMOYOR AUX. BLOWER OF AUXILIARY ENGINE,2026-04-29,7,31,16,onboard,"2,3,4,5,7,8,16,26",0,,full,,,,,,,proc,,,,,,,,,fifi,2026-05-05,,0,2,,,,paid,,2026-06-29,,,,0,1,,
2795,CJXlb!wtjd5$^hBzrFTI4HfEW,0443.SPK/BA.17/BA010102/2026,PENGADAAN JASA OVERHAUL DAN SPAREPARTS TURBOCHARGER (EX AE NO 3),2026-04-29,57,2,30,onboard,"2,3,4,5,7,8,10,16,25,26",0,,,,,,,,,proc,,,,,,,,,fifi,2026-05-05,,0,2,,,,,,,,,,0,0,,
2796,SfzCiFhUWVA3OysDQMx*7YI5m,0429.SPK/BA.302/BA010102/2026,PENGADAAN COONECTING ROD & CRANKPIN BEARING AE NO. 1,2026-04-28,17,32,14,kesepakatan,"3,4,5,7,8,10,16,25",0,,full,,,,,,,proc,,,,,,,,,fifi,2026-05-05,,0,2,,,,paid,,2026-06-29,,,,0,1,,
2797,C^R!kzOVcSYjw*2bMWArX3$5x,0437.SPK/BA.202/BA010102/2026,PENGADAAN PARTS FILTER OF AIR DECK COMPRESSOR,2026-04-28,100,5,14,onboard,"2,3,4,5,7,8,16",0,,full,,,,,,,proc,,,,,,,,,fifi,2026-05-05,,0,2,,,,paid,,2026-07-09,,,,0,1,,
2798,^wM@rB3b2VyUkPZQlRt7N*FI4,0436.SPK/BA.302/BA010102/2026,PENGADAAN SPAREPARTS EMERGENCY FOR MAIN ENGINE & AUXILIARY ENGINE,2026-04-28,37,38,10,onboard,"3,4,5,7,8,9,13,16",0,,full,,,,,,,proc,,,,,,,,,fifi,2026-05-05,,0,2,,,,,,,,,,0,1,,
2799,*!lYAhU06W5pRFHOKd$QimC4v,0009.Amd/BA.104/BA010102/2026,AMANDEMEN 1 ATAS PENGADAAN JASA OVERHAUL MAIN ENGINE DAN AUXILIARY ENGINE,2026-04-16,176,6,20,kesepakatan,"1,3,4,5,6,8,16,18",0,,full,,,,,,,proc,,,,,,,,,fifi,2026-05-05,,0,1,,,,,,,,,,2,1,,
2800,e8wszvrn3W7SQJM4P*xo@K5kq,0406.SPK/BA.202/BA010102/2026,RUNNING STORE ENGINE,2026-04-29,153,3,10,kesepakatan,"2,3,4,5,7,8,16,25",0,,full,,,,,,,proc,,,,,,,,,fifi,2026-05-05,,0,2,,,,paid,,2026-07-15,,,,0,1,,
2801,YSup70jGd1r^kgRLiF6HTNxUz,0405.SPK/BA.202/BA010102/2026,RUNNING STORE ENGINE,2026-04-29,3,3,5,kesepakatan,"2,3,4,5,7,8,16,25",0,,full,,,,,,,proc,,,,,,,,,fifi,2026-05-05,,0,2,,,,paid,,2026-07-15,,,,0,1,,
2802,WxlNvAF!p5y0qGT1Lcsz7u*Od,0248.SPK/BA.101/BA010102/2026,AMANDEMEN 1 PENGADAAN JASA OVERHAUL MAIN ENGINE DAN AUXILIARY ENGINE,2026-03-06,37,7,10,kesepakatan,"1,3,4,5,6,8,16,26",0,,full,,,,,,,proc,,,,,,,,,fifi,2026-05-05,linked,4935,1,,,,,,,,,,2,1,,
2803,l9^2h0SbYfyBGTsdoneFRXmMQ,0438.SPK/BA.202/BA010102/2026,PENGADAAN JASA REKONDISI SPARE PART,2026-04-28,63,7,30,kesepakatan,"2,3,4,5,7,8,16,25,26",0,,ready,,,,,,,proc,,,,,,,,,fifi,2026-05-06,,0,2,,,,,,,,,,0,1,,
2804,AC8L7GkWboVKQ^XB@!sURd6tJ,0482.SPK/BA.104/BA010102/2026,PENGADAAN FABRIKASI RAILING CRANE 1 & CRANE 2,2026-04-29,58,17,10,kesepakatan,"2,3,4,5,7,8,16,25,26",0,,full,,,,,,,proc,,,,,,,,,fifi,2026-05-06,,0,2,,,,,,,,,,0,1,,
2805,d4tGJOQL3nc9vyFs*wCBzr1lN,0382.SPK/PR.202/BA010102/2026,PEKERJAAN PENDAMPINGAN OPERASIONAL INTEGRASI EPROC - PMS,2026-04-16,56,0,30,kesepakatan,"2,3,4,5,7,8,16,25",0,,,,,,,,,proc,,,,,,,,,fifi,2026-05-06,,0,4,,,,,,,,,,0,1,,
2806,m!^4ECAe$*cpwUadQDljTM1PR,0469.SPK/BA.302/BA010102/2026,PENGADAAN SPARE PART AUXILIARY ENGINE,2026-04-30,37,36,60,kesepakatan,"2,3,4,5,7,8,9,16,25,26",0,,ready,,,,,,,proc,,,,,,,,,fifi,2026-05-06,,0,2,,,,,,,,,,0,0,,
2807,3IuQ7cfrsFtloeDHXR4Jx1p6w,0468.SPK/BA.302/BA010102/2026,PENGADAAN SPAREPART AUXILIARY ENGINE,2026-04-30,37,34,60,kesepakatan,"2,3,4,5,7,8,9,13,16,25,26",0,,full,,,,,,,proc,,,,,,,,,fifi,2026-05-06,,0,2,,,,,,,,,,0,0,,
2808,Jn4$aHMTkp5DhAzEQKOP1G7cV,0486.SPK/BA.101/BA010102/2026,PENGADAAN ADDITIONAL ZINC ANODE,2026-05-06,54,44,7,onboard,"2,3,4,5,7,8,16,25",0,,full,,,,,,,proc,,,,,,,,,fifi,2026-05-07,,0,3,,,,,,,,,,0,1,,
2809,rJ^teTV0pAjumRs5QK@23S7wY,0483.SPK/BA.104/BA010102/2026,PENGADAAN FABRIKASI RAILING CRANE 3 & CRANE 4,2026-05-05,58,17,15,kesepakatan,"2,3,4,5,7,8,16,25,26",0,,full,,,,,,,proc,,,,,,,,,fifi,2026-05-07,,0,2,,,,,,,,,,0,1,,
2810,u96PRqmgA8ldVLw2J3Xn!ft$E,0488.SPK/BA.202/BA010102/2026,"PENGADAAN BARANG CAT JANGKAR, RANTAI JANGKAR DAN CHAIN LOCKER",2026-05-06,142,7,5,kesepakatan,"2,3,4,5,7,8,16",0,,full,,,,,,,proc,,,,,,,,,fifi,2026-05-07,non-reimburse,0,2,,,,,,,,,,0,0,,
2811,Qs8oj0^cYx2H7y@5T6vhalFU$,0477.SPK/BA.104/BA010102/2026,PENGADAAN JASA REKONDISI GOVERNOR (SPARE) AUXILIARY ENGINE,2026-04-25,93,6,3,kesepakatan,"2,3,4,5,7,8,16",0,,full,,,,,,,proc,,,,,,,,,fifi,2026-05-07,,0,2,,,,paid,,2026-07-30,,,,0,1,,
2812,yILpl19$^FvXDbVarK*Sn8kM-U,0349.SPBJ/PR.101/BA010102/2026,PENGADAAN BARANG DAN JASA DOCKING OVERHAUL TURBOCHARGER MAIN ENGINE DAN AUXILIARY ENGINE,2026-01-15,126,6,20,kesepakatan,"1,3,4,5,9,13,18,19,24,27",0,,full,,,,,,,,,,,,,,,,fifi,2026-05-07,non-reimburse,0,3,,,,,,,,,,0,1,,
2813,1xmOoYiuge50NKnDaz4SjyV7A,0026.SPBJ/BA.301/BA010400/2026,PENGADAAN SPAREPARTS MAIN ENGINE (GENUINE),2026-04-14,37,44,20,kesepakatan,"1,3,4,5,7,9,13,18,19,24,27",0,,full,,,,,,,,,,,,,,,,fifi,2026-05-07,,0,1,,,,,,,,,,0,1,,
2814,Pd1y9IH8i@D6$MCoSqRnerXkZ,0027.SPBJ/BA.301/BA010400/2026,PENGADAAN HOISTING & LUFFING MOTOR (GENUINE),2026-04-14,37,44,13,kesepakatan,"1,3,4,5,7,9,13,18,19,24,27",0,,full,,,,,,,,,,,,,,,,fifi,2026-05-07,non-reimburse,0,1,,,,,,,,,,0,1,,
2815,MpXs9fBlHUy!SJqNRG*i8ZgWo,0517.SPK/BA.302/BA010102/2026,PENGADAAN CONNECTING ROD OF AUXILIARY ENGINE (REFURBISHED),2026-05-08,165,4,30,onboard,"2,3,4,5,7,8,16,25",0,,ready,,,,,,,proc,,,,,,,,,fifi,2026-05-11,,0,2,,,,,,,,,,0,0,,
2816,VmnpQ$NDfk74SC*9GAOTH6Yzr,0493.SPK/BA.302/BA010102/2026,PENGADAAN STAFA HYDRAULIC FOR HATCH COVER (NO. 2P),2026-05-07,17,31,12,onboard,"2,3,4,5,7,8,10,16",R,,full,,,,,,,proc,,,,,,,,,fifi,2026-05-11,non-reimburse,0,2,,,,,,,,,,0,1,,
2817,hcft!Neo8SwP@Zzg56lDKnG1i,0491.SPK/BA.202/BA010102/2026,PENGADAAN HOT PLATE FOR KITCHEN,2026-05-07,2,5,10,onboard,"2,3,4,5,7,8,16",0,,ready,,,,,,,proc,,,,,,,,,fifi,2026-05-11,,0,2,,,,,,,,,,0,1,,
2818,Aa2iWXCm$zH3UofpeM6x^kKjT,0516.SPK/BA.302/BA010102/2026,PENGADAAN BOSCH PUMP & CYLINDER HEAD OF AUXILIARY ENGINE (REFURBISHED),2026-05-08,113,4,30,onboard,"2,3,4,5,7,8,16,25",0,,,,,,,,,proc,,,,,,,,,fifi,2026-05-11,,0,2,,,,,,,,,,0,0,,
2819,^jWckSHoL4arXEZq6KusFlTYB,0421.SPK/BA.17/BA010102/2026,PENGADAAN JASA NORMALISASI EQUIPMENT OF AC CENTRAL,2026-05-01,7,31,12,onboard,"2,3,4,5,7,8,16,25,26",0,,full,,,,,,,proc,,,,,,,,,fifi,2026-05-11,,0,2,,,,paid,,2026-06-26,,,,0,1,,
2820,J!FKvQ*h^oVgAW3G8CZN$ObSY,0515.SPK/BA.104/BA010102/2026,PENGADAAN JASA REKONDISI SPAREPART,2026-05-08,52,7,30,kesepakatan,"2,3,4,5,7,8,16,25,26",0,,ready,,,,,,,proc,,,,,,,,,fifi,2026-05-11,,0,2,,,,,,,,,,0,1,,
2821,SCmdG8LN^3A!9qY@t5jsDp2Xa,0511.SPK/BA.202/BA010102/2026,PENGADAAN CAT UNTUK MAINTENANCE CARGO CRANE,2026-05-07,13,2,15,onboard,"2,3,4,5,7,8,16,25",0,,full,,,,,,,proc,,,,,,,,,fifi,2026-05-11,linked,5048,2,,,,,,,,,,0,1,,
2822,^TuKWgrnB$eLEj!IXk*7VCJS0,0514.SPK/BA.202/BA010102/2026,PENGADAAN JASA REKONDISI BLAND EXHAUST PIPE KAPAL,2026-05-08,63,29,30,onboard,"2,3,4,5,7,8,16,25,26",0,,full,,,,,,,proc,,,,,,,,,fifi,2026-05-11,,0,2,,,,paid,,2026-07-30,,,,0,1,,
2823,hobgTa721cfRI^wVE5C*3LQZN,0442.SPK/BA.202/BA010102/2026,PENGADAAN CAT FOR MAINTENANCE DECK,2026-04-29,13,31,20,onboard,"2,3,4,5,7,8,16",0,,,,,,,,,proc,,,,,,,,,fifi,2026-05-11,,0,2,,,,,,,,,,0,0,,
2824,tDJSG0Kw1IZoi3*H9PxOlFezq,0490.SPK/BA.202/BA010102/2026,PENGADAAN RUNNING STORE ELECTRICIAN,2026-05-07,113,5,10,onboard,"2,3,4,5,7,8,16",0,,ready,,,,,,,proc,,,,,,,,,fifi,2026-05-11,,0,2,,,,,,,,,,0,1,,
2825,fRap7SJvQtAC^dl!xk1izOUG$,0487.SPK/BA.104/BA010102/2026,PENGADAAN RETROFIT BOILER,2026-05-08,147,32,14,kesepakatan,"2,3,4,5,7,8,16,25",0,,ready,,,,,,,proc,,,,,,,,,fifi,2026-05-11,non-reimburse,0,2,,,,,,,,,,0,1,,
2826,@oU$SKpbXD7e^yuxMi56hFZC*,0489.SPK/BA.104/BA010102/2026,PENGADAAN JASA NORMALISASI MODUL CONTROL & SAFETY DEVICE OF AUXILIARY ENGINE,2026-05-07,5,10,10,onboard,"2,3,4,5,7,8,16,26",0,,full,,,,,,,proc,,,,,,,,,fifi,2026-05-11,,0,2,,,,paid,,2026-07-08,,,,0,1,,
2827,ovFta*fXP4Izl6QkbDENCqcZm,0492.SPK/BA.202/BA010102/2026,PENGADAAN RUNNING STORE ELECTRICIAN,2026-05-07,100,2,10,onboard,"2,3,4,5,7,8,16,25",0,,ready,,,,,,,proc,,,,,,,,,fifi,2026-05-11,,0,2,,,,,,,,,,0,1,,
2828,zLO@UICS1DwB6AeurgGs4p5k7,0485.SPK/BA.302/BA010102/2026,SPARE PISTON & PISTON PIN AE,2026-05-05,17,1,15,kesepakatan,"2,3,4,5,7,8,10,16,25",0,,ready,,,,,,,,,,,,,,,,fifi,2026-05-11,,0,2,,,,,,,,,,0,1,,
2829,Aah^lx8sYLckI5PXoMB7mtE3J,0524.SPK/BA.17/BA010102/2026,PENGADAAN UNIT QUICK ACTING CLEAT,2026-05-08,17,17,50,kesepakatan,"2,3,4,5,7,8,10,16,25",0,,full,,,,,,,proc,,,,,,,,,fifi,2026-05-12,,0,2,,,,paid,,2026-07-09,,,,0,1,,
2830,1vjl5!U42XeFg^NzCptY*Ln6$,0518.SPK/BA.17/BA010102/2026,PENGADAAN CAT DECK,2026-05-11,13,33,14,kesepakatan,"2,3,4,5,7,8,16,25",0,,full,,,,,,,proc,,,,,,,,,fifi,2026-05-12,,0,2,,,,,,,,,,0,1,,
2831,O8!Zxt$TUokim6WErPV9^K3Yj,0527.SPK/BA.202/BA010102/2026,PENGADAAN TERPAL HATCH COVER,2026-05-08,113,17,4,kesepakatan,"2,3,4,5,7,8,16,25",0,,full,,,,,,,proc,,,,,,,,,fifi,2026-05-12,,0,2,,,,paid,,2026-07-03,,,,0,1,,
2832,58RowFT$QBuYeiPaIEXDrOdUj,0523.SPK/BA.104/BA010102/2026,PENGADAAN JASA PERBAIKAN PIPA RANTAI JANGKAR TONGKANG,2026-05-05,5,13,5,kesepakatan,"2,3,4,5,7,8,16,25,26",0,,full,,,,,,,proc,,,,,,,,,fifi,2026-05-12,,0,2,,,,paid,,2026-07-15,,,,0,1,,
2833,Ie5kNY*W6vxP7jAOQhSZ@zm3K,0525.SPK/BA.302/BA010102/2026,PENGADAAN SPAREPART ME & AE,2026-05-08,15,12,190,kesepakatan,"2,3,4,5,7,8,9,16,25",0,,full,,,,,,,proc,,,,,,,,,fifi,2026-05-12,,0,2,,,,,,,,,,0,1,,
2834,5CTPO8iDsQ23VXaHRznhN7bvd,0526.SPK/BA.302/BA010102/2026,PENGADAAN SPAREPART ME & AE,2026-05-08,15,14,190,kesepakatan,"2,3,4,5,7,8,9,16,25",0,,ready,,,,,,,proc,,,,,,,,,fifi,2026-05-12,,0,2,,,,,,,,,,0,0,,
2835,UmZbOnrvdeKhSyRlPCAcVJ!i6,0519.SPK/BA.17/BA010102/2026,PENGADAAN BARANG PUMP DAN SPAREPARTS MAIN ENGINE,2026-05-08,110,29,9,kesepakatan,"2,3,4,5,7,8,16",0,,full,,,,,,,proc,,,,,,,,,fifi,2026-05-12,,0,2,,,,paid,,2026-07-23,,,,0,1,,
2836,bJ6fnwHYgFN@xWq*MVerTBP1y,0538.SPK/BA.17/BA010102/2026,PENGADAAN BARANG RUNNING STORE ENGINE DEPARTEMEN,2026-05-11,113,6,7,kesepakatan,"2,3,4,5,7,8,16",0,,full,,,,,,,proc,,,,,,,,,fifi,2026-05-12,,0,2,,,,,,,,,,0,1,,
2837,38tGSOkJsiqLC4nVxIARf6bzT,0505.SPK/BA.202/BA010102/2026,PENGADAAN BARANG RUNNING STORING CAT,2026-05-06,13,27,12,kesepakatan,"2,3,4,5,7,8,16",0,,full,,,,,,,proc,,,,,,,,,fifi,2026-05-12,,0,2,,,,,,,,,,0,1,,
2838,Q6$I!5*f2h@Zqrs0GDytuKJYF,0522.SPK/BA.202/BA010102/2026,PENGADAAN BARANG RUNNING STORE ENGINE DAN DECK DEPARTMEN,2026-05-11,113,6,7,kesepakatan,"2,3,4,5,7,8,16",0,,full,,,,,,,proc,,,,,,,,,fifi,2026-05-12,,0,2,,,,,,,,,,0,1,,
2839,i7kKSZTYdhI$te^!nvLA*rOQJ,0550.SPK/BA.105/BA010102/2026,JASA CATALOGING,2026-05-12,56,0,240,kesepakatan,"2,3,4,5,8,16,25",0,,,,,,,,,proc,,,,,,,,,fifi,2026-05-13,non-reimburse,0,4,,,,,,,,,,8,2,,
2840,4wm9V*G23MEuCqfkT07Yzb8dl,0470.SPK/TU.006/BA010102/2026,JASA PENGIRIMAN AMPRAHAN BULAN MEI 2026,2026-05-04,165,0,30,kesepakatan,"2,3,4,5,8,16,25",0,,full,,,,,,,proc,,,,,,,,,fifi,2026-05-13,,0,4,,,,paid,,2026-07-15,,,,0,1,,
2841,OoMznvWl$CIL7Fd12BwfuQDN^,0553.SPK/BA.202/BA010102/2026,"PENGADAAN UNIT SHOWCASE, BOUYANT SIGNAL & LINE THROWING APPLIANCES",2026-05-12,153,14,12,kesepakatan,"2,3,4,5,7,8,16,25",0,,full,,,,,,,proc,,,,,,,,,fifi,2026-05-13,,0,2,,,,paid,,2026-07-03,,,,0,1,,
2842,XshewzOM7r*VCIaK6d5fSFqUx,0022.SPBJ/PR.103/BA010400/2026,PENGADAAN BARANG CAT KEBUTUHAN DOCKING,2026-03-16,13,6,2,kesepakatan,"1,3,4,5,16,18,19,24,27",0,,full,,,,,,,,,,,,,,,,fifi,2026-05-13,,0,1,,,,,,,,,,0,1,,
2843,QV0XU4m*TS7iNBGD^qZJCzcLx,0561.SPK/BA.17/BA010102/2026,PENGADAAN MATERIAL & JASA PERGANTIAN PIPA ENGINE ROOM & DOUBLING FUNNEL,2026-05-13,58,17,25,kesepakatan,"2,3,4,5,7,8,16,25,26",0,,,,,,,,,proc,,,,,,,,,fifi,2026-05-18,,0,2,,,,,,,,,,0,0,,
2844,pUuD4EX$cGRFQqIza6eiowr!9,0566.SPK/BA.17/BA010102/2026,PENGADAAN DECK INVENTORY,2026-05-13,3,33,10,kesepakatan,"2,3,4,5,7,8,16,25,26",0,,full,,,,,,,proc,,,,,,,,,fifi,2026-05-18,,0,2,,,,,,,,,,0,1,,
2845,NT8p1@HAmuV4rPi6XynjExh3B,0552.SPK/BA.302/BA010102/2026,PENGADAAN BARANG SPAREPARTS MAIN AIR COMPRESSOR,2026-05-12,17,7,9,kesepakatan,"2,3,4,5,7,8,10,16",0,,ready,,,,,,,proc,,,,,,,,,fifi,2026-05-18,,0,2,,,,,,,,,,0,1,,
2846,d7HLf$p30C6nXqM!GgyJI@B8P,0560.SPK/BA.302/BA010102/2026,PENGADAAN BARANG SPAREPARTS AUXILIARY ENGINE COO,2026-05-13,17,7,12,kesepakatan,"2,3,4,5,7,8,10,16",0,,ready,,,,,,,proc,,,,,,,,,fifi,2026-05-18,,0,2,,,,,,,,,,0,1,,
2847,j^yebpfBG6TZlqs2U5zDtIiHa,0559.SPK/BA.302/BA010102/2026,PENGADAAN BARANG SPAREPARTS AUXILIARY ENGINE COO,2026-05-13,37,7,12,kesepakatan,"2,3,4,5,7,8,10,16",0,,ready,,,,,,,proc,,,,,,,,,fifi,2026-05-18,,0,2,,,,,,,,,,0,0,,
2848,g6D@aY*CX4nuzA5F^dbPoqE$Q,0434.Pj/PR.103/BA010400/2026,JASA DOCKING REPAIR,2026-03-11,88,6,27,onboard,"1,2,3,5,6,16",0,,full,,,,,,,,,,,,,,,,fifi,2026-05-18,non-reimburse,0,1,,,,,,,,,,4,2,,
2849,pTY!lw$aQVu6bt4K3I8PeWhFA,0573.SPK/BA.302/BA010102/2026,PENGADAAN FILTER AE L23/30H,2026-05-18,30,17,35,kesepakatan,"3,4,5,7,8,9,13,16,25",0,,full,,,,,,,proc,,,,,,,,,fifi,2026-05-18,,0,2,,,,paid,,2026-07-23,,,,0,1,,
2850,Q3RGwbm9DXrnd^!oCZFOHpjl2,0539.SPK/BA.17/BA010102/2026,JASA REKONDISI KEBUTUHAN KAPAL,2026-05-12,43,1,14,kesepakatan,"2,3,4,5,7,8,16,25",0,,full,,,,,,,proc,,,,,,,,,fifi,2026-05-18,,0,2,,,,,,,,,,0,1,,
2851,DEaG!IzuFMhb*KvNLQdyO4PBl,0472.SPK/BA.104/BA010102/2026,JASA FABRIKASI KEBUTUHAN KAPAL,2026-05-07,43,20,20,kesepakatan,"2,3,4,5,7,8,16,25",0,,full,,,,,,,proc,,,,,,,,,fifi,2026-05-18,,0,2,,,,,,,,,,0,1,,
2852,6U9*XFy3mlQExjuOfrNvGgMHA,0577.SPK/BA.17/BA010102/2026,MOORING EQUIPMENT,2026-05-18,31,34,3,kesepakatan,"2,3,4,5,7,8,16,25",0,,full,,,,,,,proc,,,,,,,,,fifi,2026-05-20,,4612,2,,,,paid,,2026-07-15,,,,0,1,,
2853,!3XP6vYAHngwQmWuZ$MTaDke9,0554.SPK/BA.7/BA010102/2026,JASA UT MEASUREMENT FOR INTERMEDIATE SURVEY,2026-05-18,120,3,30,kesepakatan,"2,3,4,5,7,8,16,26",5000000,,,,,,,,,proc,,,,,,,,,fifi,2026-05-20,non-reimburse,0,2,,,,,,,,,,0,0,,
2854,ypAYnZa24ml6cL70q85!xT*RV,0484.SPK/BA.101/BA010102/2026,PENGADAAN BARANG DAN JASA GENERAL OVERHAUL GOVERNOOR AE,2026-05-18,93,44,14,kesepakatan,"2,3,4,5,7,8,16,25,26",0,,full,,,,,,,,,,,,,,,,fifi,2026-05-20,,0,3,,,,paid,,2026-07-30,,,,0,1,,
2855,c8g$nxOe45q!AilEVTFwP7zyd,C.1055/PR.103/DIV.Rendalhar,PENGADAAN JASA NORMALISASI DAN REWINDING MAIN AIR COMPRESSOR,2026-05-08,63,7,9,kesepakatan,"2,3,4,5,7,8,16,26",0,,full,,,,,,,proc,,,,,,,,,fifi,2026-05-20,,0,2,,,,,,,,,,0,1,,
2856,bxYiGKTgR2cwfo1DU7^3ndlCJ,0419.SPK/BA.101/BA010102/2026,PENGADAAN JASA REKONDISI MACHINERY DECK DAN ENGINE,2026-04-29,113,6,3,kesepakatan,"2,3,4,5,8,16",0,,full,,,,,,,proc,,,,,,,,,fifi,2026-05-20,,0,2,,,,paid,,2026-07-15,,,,0,1,,
2857,^b0d*zEDt4Zr$!mRGySQfa@Yq,0004/SP.904/BA010400/2023,PEKERJAAN PENGADAAN DAN PEMASANGAN FASILITAS KABEL ONSHORE CONNECTION,2023-01-03,173,0,82,kesepakatan,"1,2,4,5,8,24,26",0,,,,,,,,,,,,,,,,,,alfin,2026-05-20,,0,1,,,,,,,,,,2,1,,
2858,aziq^YwE4cb5LSd@V$fAN162R,0584.SPK/BA.104/BA010102/2026,PENGADAAN INSPEKSI PERBAIKAN EXHAUST CAMSHAFT AE 1 CYL NO. 12 AUS,2026-05-19,36,33,12,kesepakatan,"2,3,4,5,7,8,16,25,26",0,,,,,,,,,proc,,,,,,,,,fifi,2026-05-22,non-reimburse,0,2,,,,,,,,,,0,1,,
2859,i!tcmb0PSoTw4Ay6FZaqI$knv,0597Z.SPK/BA.202/BA010102/2026,PENGADAAN KUNCI TORSI FOR ENGINE,2026-05-20,100,16,6,kesepakatan,"2,3,4,5,7,8,16,25",0,,ready,,,,,,,proc,,,,,,,,,fifi,2026-05-22,,0,2,,,,,,,,,,0,1,,
2860,x8k3K*yr$aPEpG1b@JA0jzsNC,0586.SPK/BA.202/BA010102/2026,PENGADAAN ELECTRICAL EQUIPMENT DECK,2026-05-20,100,16,5,kesepakatan,"2,3,4,5,7,8,16,25",0,,ready,,,,,,,proc,,,,,,,,,fifi,2026-05-22,,0,2,,,,,,,,,,0,1,,
2861,nMfwAcTgGBoJZs5CWjx0EKRdp,0596.SPK/BA.202/BA010102/2026,PENGADAAN CONSUMABLES ENGINE,2026-05-20,2,17,25,kesepakatan,"2,3,4,5,7,8,16,25",0,,full,,,,,,,proc,,,,,,,,,fifi,2026-05-22,,0,2,,,,paid,,2026-07-23,,,,0,1,,
2862,W9lDBg1yEM@3QNfIdv7ua!m62,0056.SPK/BA.101/BA010102/2026,AMANDEMEN I ATAS PENGADAAN JASA OVERHAUL REXPELLER PORTSIDE & STARBOARD SIDE BESERTA AKSESORIS KEBUTUHAN DOCKING 2025,2026-01-13,90,5,20,onboard,"1,3,4,5,6,8,16",0,,,,,,,,,,,,,,,,,,fifi,2026-05-25,non-reimburse,0,1,,,,,,,,,,2,1,,
2863,4tAgwSMzVrDf2OmhB*j^TZ6C5,C.0924/PR.103/Div.Rendalhar-2026,PENGADAAN BARANG BATTERY DAN PRESSURE CONTROL,2026-04-22,84,6,5,kesepakatan,"2,3,4,5,7,8,16",0,,full,,,,,,,proc,,,,,,,,,fifi,2026-05-25,,0,2,,,,,,,,,,0,1,,
2864,dVn8RlGEMkh@g9ZwWIB$QvOr5,0603.SPK/BA.104/BA010102/2026,PENGADAAN FABRIKASI SPAREPART BALLAST PUMP,2026-05-22,43,17,7,kesepakatan,"2,3,4,5,7,8,16,25",0,,,,,,,,,proc,,,,,,,,,fifi,2026-05-25,,0,2,,,,,,,,,,0,0,,
2865,EbvFKkwZLt3gVun@e6RAsJIWm,0601.SPK/BA.302/BA010102/2026,PENGADAAN BARANG SPAREPARTS SAFETY DEVICE MAIN AIR COMPRESSOR,2026-05-22,30,7,17,kesepakatan,"2,3,4,5,7,8,10,16",0,,ready,,,,,,,proc,,,,,,,,,fifi,2026-05-25,,0,2,,,,,,,,,,0,1,,
2866,hHI^V5eQS*PUmfb3n8o2TXklB,0602.SPK/BA.101/BA010102/2026,PENGADAAN SPAREPARTS MAIN ENGINE (GENUINE),2026-05-21,16,2,10,onboard,"2,3,4,5,7,8,13,16,25",0,,ready,,,,,,,proc,,,,,,,,,fifi,2026-05-25,,0,3,,,,,,,,,,0,1,,
2867,qDOrmpX!uZlk^LCNGbHe*zvKS,0542.SPK/BA.302/BA010102/2026,PENGADAAN RING GEAR OF FLYWHEEL (AUXILIARY ENGINE),2026-05-12,30,5,25,onboard,"2,3,4,5,7,8,10,16,25",0,,full,,,,,,,proc,,,,,,,,,fifi,2026-05-25,,0,2,,,,,,,,,,0,1,,
2868,p^oQkn5MYRFZvjNrm8UxOWsC!,0608.SPK/BA.17/BA010102/2026,PENGADAAN SPAREPART MAIN ENGINE,2026-05-22,113,34,5,kesepakatan,"2,3,4,5,7,8,9,16,25,26",0,,full,,,,,,,proc,,,,,,,,,fifi,2026-05-25,,0,2,,,,paid,,2026-07-23,,,,0,1,,
2869,CraowVqZ57sGW93h6vtjJmzMY,0547.SPK/BA.302/BA010102/2026,PENGADAAN BRAKE RECTIFIER (UNTUK CARGO CRANE),2026-05-12,68,2,35,onboard,"2,3,4,5,7,8,10,16",0,,full,,,,,,,proc,,,,,,,,,fifi,2026-05-25,,0,2,,,,,,,,,,0,1,,
2870,3GZdzN!2pUHbJCYuj1eyxAQqm,0544.SPK/BA.302/BA010102/2026,PENGADAAN CARRY ROLLER DAN IMPACT ROLLER (UNTUK FORWARDING CONVEYOR),2026-05-12,178,5,35,onboard,"2,3,4,5,7,8,16",0,,full,,,,,,,proc,,,,,,,,,fifi,2026-05-25,,0,2,,,,paid,,2026-07-24,,,,0,1,,
2871,y4Hbv7QWUk8xY!qrJMFun1KZP,0546.SPK/PR.202/BA010102/2026,PENGADAAN SPAREPARTS ELECTRICIAN (MAGNETIC CONTACTOR),2026-05-12,36,4,10,onboard,"2,3,4,5,7,8,16,25",0,,,,,,,,,proc,,,,,,,,,fifi,2026-05-25,,0,2,,,,,,,,,,0,1,,
2872,Y2gNR!H4dZv0$8hopuUz1KA9X,0551.SPK/BA.103/BA010102/2026,PENGADAAN MAN POWER & JASA CLEANING DI TUNNEL CONVEYOR (P&S),2026-05-12,52,5,20,onboard,"2,3,4,5,7,8,16,26",0,,ready,,,,,,,proc,,,,,,,,,fifi,2026-05-25,non-reimburse,0,2,,,,,,,,,,0,1,,
2873,tEdA!CQkBvG8UFp9I3gPaYqul,0549.SPK/BA.202/BA010102/2026,PENGADAAN RUNNING STORE TUNNEL,2026-05-13,3,5,10,onboard,"2,3,4,5,7,8,16,25",0,,full,,,,,,,proc,,,,,,,,,fifi,2026-05-25,,0,2,,,,,,,,,,0,1,,
2874,zcad7yS@*5x1miIQU9hJOgfn4,0604.SPK/BA.202/BA010102/2026,PENGADAAN CONSUMABLES DECK,2026-05-22,2,25,8,kesepakatan,"2,3,4,5,7,8,16,25",0,,ready,,,,,,,proc,,,,,,,,,fifi,2026-05-25,,0,2,,,,,,,,,,0,1,,
2875,NOzTVc7dPn5blH3A9J8LF$4^t,0593.SPK/BA.202/BA010102/2026,PENGADAAN BARANG RUNNING STORING DECK AND ENGINE DEPARTMENT,2026-05-20,153,27,15,kesepakatan,"2,3,4,5,7,8,16",0,,ready,,,,,,,proc,,,,,,,,,fifi,2026-05-25,,0,2,,,,,,,,,,0,0,,
2876,FOeJwAIB7zq0d*923G$Dpa1cY,0632.SPK/BA.302/BA010102/2026,PENGADAAN SPAREPART AUXILIARY ENGINE DAN JASA PERBAIKAN AE #3,2026-05-25,179,33,24,kesepakatan,"2,3,4,5,7,8,9,16,25,26",0,,,,,,,,,proc,,,,,,,,,fifi,2026-05-26,non-reimburse,0,2,,,,,,,,,,0,0,,
2877,N*T7O$2^9nWtAKCdz5cfirjvU,0620.SPK/BA.302/BA010102/2026,PENGADAAN BARANG ROLLER DAN BALL BEARING,2026-05-25,58,7,50,kesepakatan,"2,3,4,5,7,8,16",0,,full,,,,,,,proc,,,,,,,,,fifi,2026-05-26,,0,2,,,,,,,,,,0,1,,
2878,c@3rSE8mTU0Qh72!v^esN1djn,0006.Add/BA.101/BA010102/2026,JASA DOCKING REPAIR,2026-05-05,88,7,25,onboard,"1,2,3,5",0,,,,,,,,,,,,,,,,,,fifi,2026-06-02,non-reimburse,0,1,,,,,,,,,,4,1,,
2879,gw6d2x*F3htBU9lj4!ceqvCbP,0642.SPK/BA.104/BA010102/2026,PENGADAAN JASA REPAIR HATCH MIDDLE LINE HATCH COVER & WATER CHANNEL HATCH COAMING,2026-05-26,58,17,15,kesepakatan,"2,3,4,5,7,8,16,25,26",0,,,,,,,,,proc,,,,,,,,,fifi,2026-06-03,,0,2,,,,,,,,,,0,0,,
2880,4vlj7aE2VB9YTNK8^ebAWFn3o,0628.SPK/BA.202/BA010102/2026,PENGADAAN FREEZER FOR KITCHEN STORAGE,2026-05-25,113,4,7,onboard,"2,3,4,5,7,8,16,25",0,,ready,,,,,,,proc,,,,,,,,,fifi,2026-06-03,,0,2,,,,,,,,,,0,1,,
2881,fY5KareH1i0VzhWnlmjogQU4y,0624.SPK/BA.17/BA010102/2026,PENGADAAN CONNECTOR CABLE GRAB FOR CARGO CRANE,2026-05-25,68,2,35,onboard,"2,3,4,5,7,8,10,16",0,,ready,,,,,,,proc,,,,,,,,,fifi,2026-06-03,,0,2,,,,,,,,,,0,1,,
2882,JunhSsEzD2YicaAFpKMkvlrd8,0645.SPK/BA.302/BA010102/2026,PENGADAAN MODUL LO PURIFIER,2026-05-29,68,1,30,kesepakatan,"2,3,4,5,7,8,9,16,25",0,,full,,,,,,,proc,,,,,,,,,fifi,2026-06-03,,0,2,,,,paid,,2026-07-08,,,,0,1,,
2883,6Y!L4*e0qTiA9XO5^bk$aCmlI,0611.SPK/BA.17/BA010102/2026,PENGADAAN PILOT LADDER UNTUK DECK DEPARTMENT,2026-05-25,100,5,10,onboard,"2,3,4,5,7,8,16,25",0,,ready,,,,,,,,,,,,,,,,fifi,2026-06-03,,0,2,,,,,,,,,,0,1,,
2884,XMe2m0zaNyF!C9JDoihZqEA@K,0629.SPK/BA.17/BA010102/2026,PENGADAAN JASA REKONDISI FLEXIBLE EXHAUST MANIFOLD,2026-05-25,43,4,10,onboard,"2,3,4,5,7,8,16,25,26",0,,,,,,,,,proc,,,,,,,,,fifi,2026-06-03,,0,2,,,,,,,,,,0,0,,
2885,itRcyK@BFCbkYVjSrPD9!JUG3,0669.SPK/BA.302/BA010102/2026,PENGADAAN SPAREPART CRANKPIN & PISTON RING AE YANMAR 6E18AL,2026-05-31,30,16,5,kesepakatan,"2,3,4,5,7,8,10,16,25",0,,,,,,,,,proc,,,,,,,,,fifi,2026-06-03,non-reimburse,0,2,,,,,,,,,,0,1,,
2886,PoKDS0Tahc5A$IkZz@Or76p^Y,0665.SPK/BA.302/BA010102/2026,PENGADAAN SPAREPART AUXILIARY ENGINE,2026-05-29,37,32,10,kesepakatan,"2,3,4,5,7,8,9,16,25",0,,ready,,,,,,,proc,,,,,,,,,fifi,2026-06-03,non-reimburse,0,2,,,,,,,,,,0,0,,
2887,afHXj1Tp2lSWti4E$oybJPZ8w,0548.SPK/BA.202/BA010102/2026,PENGADAAN EQUIPMENT UNTUK NAVIGATION LIGHT,2026-05-13,153,5,10,onboard,"2,3,4,5,7,8,16,25",0,,full,,,,,,,proc,,,,,,,,,fifi,2026-06-03,,0,2,,,,paid,,2026-07-15,,,,0,1,,
2888,4aY5X32E^bhqmjAkGnNsv0Id1,0641.SPK/BA.302/BA010102/2026,PENGADAAN BARANG FW COOLING PUMP,2026-06-02,17,7,10,kesepakatan,"2,3,4,5,7,8,10,16",0,,full,,,,,,,proc,,,,,,,,,fifi,2026-06-03,,0,2,,,,,,,,,,0,1,,
2889,1vJcOVu@qwI082SDH9XU6KsAj,0676.SPK/KP.105/BA010102/2026,JASA TENAGA BANTU PENDAMPINGAN OPERASIONAL INTEGRASI EPROC-ODOO,2026-06-02,96,0,90,kesepakatan,"2,3,4,5,8,16,25",0,,,,,,,,,proc,,,,,,,,,fifi,2026-06-03,non-reimburse,0,4,,,,,,,,,,0,1,,
2890,btvozD7eXPiC*cArq9G@pj!OS,0664.SPK/TU.006/BA010102/2026,JASA PENGIRIMAN AMPRAHAN KE TANJUNG BALAI KARIMUN,2026-05-29,165,44,10,kesepakatan,"2,3,4,5,8,16,25",0,,full,,,,,,,proc,,,,,,,,,fifi,2026-06-03,,0,4,,,,paid,,2026-07-08,,,,0,1,,
2891,p0^OjrtGWi*$Yx6DnHgKefhV3,0612.SPK/BA.17/BA010102/2026,PENGADAAN SPAREPARTS EMERGENCY FOR MAIN ENGINE & AUXILIARY ENGINE,2026-05-25,37,42,30,onboard,"2,3,4,5,7,8,9,13,16",0,,ready,,,,,,,proc,,,,,,,,,fifi,2026-06-03,,0,2,,,,,,,,,,0,0,,
2892,jdNGYrX3vgBhU5^7VQ9EKRzZ8,0657.SPK/BA.202/BA010102/2026,PENGADAAN MATERIAL CAT,2026-05-29,13,12,13,kesepakatan,"2,3,4,5,7,8,16,25",0,,,,,,,,,proc,,,,,,,,,fifi,2026-06-03,,0,2,,,,,,,,,,0,0,,
2893,F*hmGl86wHpe2yQBjuT4f7^bv,0609.SPK/BA.17/BA010102/2026,PENGADAAN SPAREPARTS CYLINDER HEAD OF AUXILIARY ENGINE (GENUINE),2026-05-25,16,2,14,onboard,"2,3,4,5,7,8,13,16,25",0,,ready,,,,,,,proc,,,,,,,,,fifi,2026-06-03,,0,2,,,,,,,,,,0,1,,
2894,atcENBHFe^5POfyrp6ZiKsDXQ,0020.SPBJ/PR.103/BA010400/2026,PENGADAAN SPAREPARTS MAIN ENGINE,2026-03-11,130,16,25,kesepakatan,"1,3,4,5,9,16,18,19,24,27",0,,ready,,,,,,,,,,,,,,,,fifi,2026-06-03,,0,1,,,,,,,,,,0,1,,
2895,cIedalt45FruqyUKRXbxMJYQh,0627.SPK/BA.302/BA010102/2026,PENGADAAN SPAREPARTS OF MAIN AIR COMPRESSOR (COM),2026-05-25,30,2,35,onboard,"2,3,4,5,7,8,10,16",0,,full,,,,,,,proc,,,,,,,,,fifi,2026-06-03,,0,2,,,,,,,,,,0,1,,
2896,nSeC$sfaDjZqgEWVvFQtoLHbU,0658.SPK/BA.202/BA010102/2026,PENGADAAN MATERIAL CAT,2026-05-29,13,14,13,kesepakatan,"2,3,4,5,7,8,16,25",0,,,,,,,,,proc,,,,,,,,,fifi,2026-06-03,,0,2,,,,,,,,,,0,0,,
2897,YrpC!qTQKtPW3jO4FGgmsZn1D,0598.SPK/BA.302/BA010102/2026,SPAREPARTS MAIN ENGINE,2026-05-29,5,8,3,kesepakatan,"2,3,4,5,7,8,16,23,25",0,,full,,,,,,,proc,,,,,,,,,fifi,2026-06-03,,0,2,,,,,,,,,,0,1,,
2898,lD!g0rBKI6kvfeuOx$VF*Gno3,0674.SPK/BA.302/BA010102/2026,PENGADAAN SPAREPART ME & AE,2026-06-02,15,14,100,kesepakatan,"2,3,4,5,7,8,9,13,16,25",0,,,,,,,,,proc,,,,,,,,,fifi,2026-06-03,,0,2,,,,,,,,,,0,0,,
2899,^6oBi*79JOVxcNe!dHpU2Qw@W,0679.SPK/BA.302/BA010102/2026,PENGADAAN SPAREPART AUXILIARY ENGINE DAN JASA PERBAIKAN AE #1,2026-06-02,179,33,35,kesepakatan,"2,3,4,5,7,8,9,16,25,26",0,,,,,,,,,proc,,,,,,,,,fifi,2026-06-03,,0,2,,,,,,,,,,0,0,,
2900,YMLFPEA@6GVdjSelIqZCmrO9a,0625.SPK/BA.302/BA010102/2026,PENGADAAN SPAREPARTS PURIFIER MITSUBISHI SJ10-G (COO),2026-05-25,30,2,35,onboard,"2,3,4,5,7,8,10,16",0,,full,,,,,,,proc,,,,,,,,,fifi,2026-06-03,,0,2,,,,,,,,,,0,1,,
2901,7K$6*GL0RxpI^52MdrcQ@Sk8l,0626.SPK/BA.302/BA010102/2026,PENGADAAN SPAREPARTS PURIFIER MITSUBISHI SJ30-G (COO),2026-05-25,30,2,30,onboard,"2,3,4,5,7,8,10,16",0,,full,,,,,,,proc,,,,,,,,,fifi,2026-06-03,,0,2,,,,,,,,,,0,1,,
2902,5rWOF!uDlj@UcCSyHm^G7g3Zp,0660.SPK/BA.17/BA010102/2026,PENGADAAN BARANG RUNNING STORE ENGINE DEPARTEMEN,2026-06-02,2,7,20,kesepakatan,"2,3,4,5,7,8,16",0,,full,,,,,,,proc,,,,,,,,,fifi,2026-06-03,,0,2,,,,paid,,2026-07-28,,,,0,1,,
2903,gc!ULWOd9DQybBeXJMS4jEw2h,0685.SPK/BA.302/BA010102/2026,PENGADAAN BARANG SPAREPARTS MAIN ENGINE COO,2026-06-03,17,7,15,kesepakatan,"2,3,4,5,7,8,10,16",0,,full,,,,,,,proc,,,,,,,,,fifi,2026-06-03,,0,2,,,,,,,,,,0,1,,
2904,Gb*m5cRq8kUvgH9iTZWM4dD^E,0568.SPK/BA.104/BA010102/2026,JASA INSPEKSI CRANK PIN BEARING MAIN ENGINE,2026-05-22,17,1,10,kesepakatan,"2,3,4,5,7,8,16,25,26",0,,ready,,,,,,,proc,,,,,,,,,fifi,2026-06-04,,0,2,,,,,,,,,,0,1,,
2905,$nmSNLTslyEr3O*!wYVbBFzZX,0694.SPK/BA.302/BA010102/2026,PENGADAAN CONNECTING ROD OF AUXILIARY ENGINE (REFURBISHED),2026-06-03,113,4,30,onboard,"2,3,4,5,7,8,16",0,,full,,,,,,,proc,,,,,,,,,fifi,2026-06-04,,0,2,,,,,,,,,,0,1,,
2906,3eE^BIhAdT!HryNuCiq$SGXmp,0686.SPK/BA.17/BA010102/2026,PENGADAAN CABLE GRAB FOR CARGO CRANE,2026-06-03,111,2,35,onboard,"2,3,4,5,7,8,10,16",0,,ready,,,,,,,proc,,,,,,,,,fifi,2026-06-04,,0,2,,,,,,,,,,0,1,,
2907,ZTiSuPf78kJRaK*^yoDFzULWt,0692.SPK/BA.104/BA010102/2026,PENGADAAN JASA PERBAIKAN DAN REWINDING ELMOT OF BALLAST & SEA WATER MAIN COOLING 55KW,2026-06-03,5,5,7,onboard,"2,3,4,5,7,8,16,26",0,,ready,,,,,,,proc,,,,,,,,,fifi,2026-06-04,non-reimburse,0,2,,,,,,,,,,0,1,,
2908,k106hZ2mEBGOdjpC@LD!tcbuf,0687.SPK/BA.302/BA010102/2026,PENGADAAN SPAREPARTS FUEL VALVE OF MAIN ENGINE (GENUINE),2026-06-03,30,31,85,onboard,"2,3,4,5,7,8,9,13,16",0,,,,,,,,,proc,,,,,,,,,fifi,2026-06-04,,0,2,,,,,,,,,,0,0,,
2909,Zjf6v7wTamUA2IHp!P48yJ@uK,0689.SPK/BA.302/BA010102/2026,PENGADAAN SPAREPARTS EXHAUST VALVE OF MAIN ENGINE (GENUINE),2026-06-03,30,31,110,onboard,"2,3,4,5,7,8,9,13,16",0,,,,,,,,,proc,,,,,,,,,fifi,2026-06-04,,0,2,,,,,,,,,,0,0,,
2910,noqTZps@Xr1Cz3825w47kO6yG,0659.SPK/BA.17/BA010102/2026,PENGADAAN BARANG RUNNING STORE ENGINE DEPARTEMEN,2026-06-03,100,7,6,kesepakatan,"2,3,4,5,7,8,16",0,,full,,,,,,,proc,,,,,,,,,fifi,2026-06-04,,0,2,,,,,,,,,,0,1,,
2911,vpFRbhNSqm9y4OVCaswzP81Uf,0600.SPK/BA.101/BA010102/2026,PENGADAAN JASA OVERHAUL DAN PENGGANTIAN STREN TUBE SEAL,2026-06-03,20,44,8,kesepakatan,"2,3,4,5,7,8,16,25,26",0,,full,,,,,,,proc,,,,,,,,,fifi,2026-06-04,non-reimburse,0,3,,,,,,,,,,0,0,,
2912,TKQljFJPND3huoyxprf7C9@qt,0696.SPK/BA.302/BA010102/2026,PENGADAAN SPAREPART AUXILIARY ENGINE,2026-06-03,130,32,40,kesepakatan,"2,3,4,5,7,8,9,16,25",0,,,,,,,,,proc,,,,,,,,,fifi,2026-06-04,non-reimburse,0,2,,,,,,,,,,0,0,,
2913,QjJ*AoR!0SupqHDXdt3arNFsB,C.1341/PR.103/DIV.PENGADAAN/2023,PENGADAAN JASA OPERATOR ONSHORE POWER CONNECTION DI JETTY PLTU SURALAYA,2023-08-14,182,0,630,kesepakatan,"1,3,4,5,6,16,24,25",0,,,,,,,,,,,,,,,,,,fifi,2026-06-04,,0,1,,,,,,,,,,21,0,,
2914,bv^CY2R0uZ698IdQolJnwjKG4,0718.SPK/BA.202/BA010102/2026,PENGADAAN JASA FABRIKASI MECHANICAL SEAL FEED WATER PUMP BOILER,2026-06-05,113,17,7,kesepakatan,"2,3,4,5,7,8,16,25,26",0,,ready,,,,,,,proc,,,,,,,,,fifi,2026-06-08,,0,2,,,,,,,,,,0,1,,
2915,fn9HgpIbB2OL5s@t8UF7K1oW0,0720.SPK/BA.302/BA010102/2026,PENGADAAN JASA PERBAIKAN DAN SPAREPARTS BWTS - INCINERATOR,2026-06-05,147,32,30,kesepakatan,"2,3,4,5,7,8,16,25",0,,ready,,,,,,,proc,,,,,,,,,fifi,2026-06-08,non-reimburse,0,2,,,,,,,,,,0,1,,
2916,JxIGes3Y1o89LuN$CRPr0qFT2,0644.SPK/BA.302/BA010102/2026,FABRIKASI SEA CHEST STRAINER,2026-06-05,63,1,14,kesepakatan,"2,3,4,5,7,8,16,25",0,,ready,,,,,,,proc,,,,,,,,,fifi,2026-06-08,,0,2,,,,,,,,,,0,1,,
2917,NU9hV^Ce632vFabgZdDfitS*q,0719.SPK/BA.302/BA010102/2026,PENGADAAN SPAREPARTS BOILER,2026-06-05,147,32,30,kesepakatan,"2,3,4,5,7,8,16,25",0,,ready,,,,,,,proc,,,,,,,,,fifi,2026-06-08,non-reimburse,0,2,,,,,,,,,,0,1,,
2918,*VK@4yTl1j7Xwx2NOpPEGFqWY,0712.SPK/BA.302/BA010102/2026,PENGADAAN LUBE OIL PRIMING PUMP UNIT,2026-06-04,17,2,25,onboard,"2,3,4,5,7,8,10,16",0,,full,,,,,,,proc,,,,,,,,,fifi,2026-06-08,,0,2,,,,,,,,,,0,1,,
2919,5zB1Rf@F$hr0kt3b*olnNCj!S,0722.SPK/BA.302/BA010102/2026,PENGADAAN MAIN BEARING OF AUXILIARY ENGINE (GENUINE),2026-06-05,16,2,10,onboard,"2,3,4,5,7,8,13,16,25",0,,ready,,,,,,,proc,,,,,,,,,fifi,2026-06-08,,0,2,,,,,,,,,,0,1,,
2920,z$Hw2Uy0ilEkRFI^OcLt7svgf,0717.SPK/BA.302/BA010102/2026,PENGADAAN BOLT CONNECTING ROD OF MAIN ENGINE,2026-06-04,12,5,45,onboard,"2,3,4,5,7,8,9,16",0,,ready,,,,,,,proc,,,,,,,,,fifi,2026-06-08,,0,2,,,,,,,,,,0,0,,
2921,mGK4oCRkW$NsqB@DHz!V1fcPb,0711.SPK/BA.302/BA010102/2026,PENGADAAN CYLINDER UNIT FOR CARGO CRANE,2026-06-04,17,2,12,kesepakatan,"2,3,4,5,7,8,10,16,25",0,,full,,,,,,,proc,,,,,,,,,fifi,2026-06-08,,0,2,,,,,,,,,,0,1,,
2922,L32Otrp*QWxE1nTj$4Xe9HDBI,0635.SPK/BA.302/BA010102/2026,PENGADAAN RING PISTON SET OF AUXILIARY ENGINE (GENUINE),2026-05-25,16,2,35,kesepakatan,"2,3,4,5,7,8,13,16,25",0,,ready,,,,,,,proc,,,,,,,,,fifi,2026-06-08,,0,2,,,,,,,,,,0,1,,
2923,MBbr1Y53pNjh@dsIoylPQc^TZ,0715.SPK/BA.17/BA010102/2026,PENGADAAN JASA OVERHAUL DAN REPAIR FLUID COUPLING BOOM CONVEYOR,2026-06-04,113,5,25,onboard,"2,3,4,5,7,8,16,26",0,,,,,,,,,proc,,,,,,,,,fifi,2026-06-08,non-reimburse,0,2,,,,,,,,,,0,0,,
2924,lon^$kweurhmgUCKDzdIBAQf5,0693.SPK/BA.104/BA010102/2026,PENGADAAN JASA PERBAIKAN DAN NORMALISASI BARANG AUXILIARY ENGINE,2026-06-03,43,4,12,onboard,"2,3,4,5,7,8,16,26",0,,,,,,,,,proc,,,,,,,,,fifi,2026-06-08,,0,2,,,,,,,,,,0,0,,
2925,dr43Kw!i1fmxvo*yz7XgOAL8a,0714.SPK/BA.302/BA010102/2026,PENGADAAN SPAREPARTS OF GEARBOX BOOM CONVEYOR,2026-06-04,113,5,25,onboard,"2,3,4,5,7,8,16,26",0,,,,,,,,,,,,,,,,,,fifi,2026-06-08,non-reimburse,0,2,,,,,,,,,,0,0,,
2926,0Dl^JnXmWrA!VyR5SkzU7Bc46,C.1197/PR.103/Div.Rendalhar-2026,PENGADAAN FABRIKASI BARANG FLEXIBLE EXHAUST,2026-05-29,43,29,5,kesepakatan,"2,3,4,5,7,8,16",0,,,,,,,,,proc,,,,,,,,,fifi,2026-06-08,,0,2,,,,,,,,,,0,0,,
2927,sYCwrVXN6t1h@iK$v3FERUDfp,0643.SPK/BA.302/BA010102/2026,SPAREPARTS AE,2026-06-03,11,8,5,kesepakatan,"2,3,4,5,7,8,16,23,25",0,,ready,,,,,,,proc,,,,,,,,,fifi,2026-06-08,,0,2,,,,,,,,,,0,1,,
2928,HG!jwcyJNfQkAK$EPZUVobD2q,0710.SPK/BA.202/BA010102/2026,PENGADAAN JASA REFILL OKSIGEN,2026-06-03,188,2,4,kesepakatan,"2,3,4,5,7,8,16,25,26",0,,,,,,,,,,,,,,,,,,fifi,2026-06-08,,0,2,,,,,,,,,,0,0,,
2929,CIJQUPu5ahgETjsVNmtkMWpDw,0733.SPK/BA.6/BA010102/2026,PENGADAAN JASA PENGURUSAN SERTIFIKAT CMC CLASS BKI (PEKERJAAN MAIN ENGINE PORTSIDE),2026-06-08,36,5,10,onboard,"2,3,4,5,7,8,16",0,,,,,,,,,proc,,,,,,,,,fifi,2026-06-09,,0,2,,,,,,,,,,0,1,,
2930,4*lKAtxeJQrh0Y9MziCEu$PZo,0732.SPK/BA.301/BA010102/2026,PENGADAAN COIL DAN INDICATOR PAPER OF CARGO CRANE,2026-06-08,113,2,10,onboard,"2,3,4,5,7,8,16,25",0,,full,,,,,,,proc,,,,,,,,,fifi,2026-06-09,,0,2,,,,paid,,2026-07-24,,,,0,1,,
2931,L!EAbwnIou2McsivDBKgxt9qF,0731.SPK/BA.7/BA010101/2026,JASA UT MEASUREMENT FOR OWNER ARRANGEMENT,2026-06-08,189,32,30,kesepakatan,"2,3,4,5,7,8,16,25",0,,,,,,,,,proc,,,,,,,,,fifi,2026-06-09,non-reimburse,0,2,,,,,,,,,,0,0,,
2932,8NTok60MCHxfPSqhnszu^UtOK,0740.SPK/BA.302/BA010102/2026,PENGADAAN SPAREPARTS OF MAIN AIR COMPRESSOR SPERRE HV2/200 (COO),2026-06-08,30,31,40,onboard,"2,3,4,5,7,8,10,16",0,,ready,,,,,,,proc,,,,,,,,,fifi,2026-06-09,,0,2,,,,,,,,,,0,1,,
2933,vey01PFaqGoR2KQAX6JrHNDWf,0699.SPK/BA.202/BA010102/2026,PENGADAAN REFILL OXYGEN DAN LPG,2026-06-04,73,20,3,kesepakatan,"2,3,4,5,7,8,16",0,,full,,,,,,,proc,,,,,,,,,fifi,2026-06-15,non-reimburse,0,2,,,,,,,,,,0,1,,
2934,DnHxeN7qG$vOBUEa@tgZJsu3i,0752.SPK/BA.302/BA010102/2026,REPEAT ORDER PENGADAAN BOLT CONNECTING ROD OF MAIN ENGINE (GENUINE),2026-06-09,12,5,45,onboard,"2,3,4,5,7,8,9,13,16",0,,ready,,,,,,,proc,,,,,,,,,fifi,2026-06-17,,0,2,,,,,,,,,,0,0,,
2935,YhxcMuv6SpNKi@!t43rBzHA$1,0018.SPBJ/BA.301/BA010400/2026,RENCANA PENGADAAN BARANG RENTAL JANGKAR DAN KENTER SHACKLES,2026-02-06,37,6,6,onboard,"1,3,4,5,18,19,24,27,28",0,,ready,,,,,,,,,,,,,,,,fifi,2026-06-17,non-reimburse,0,3,,,,,,,,,,0,1,,
2936,yILpl19$^FvXDbVarK*Sn8kMU,0394.SPK/BA.101/BA010102/2026,PENGADAAN BARANG DAN JASA DOCKING OVERHAUL TURBOCHARGER MAIN ENGINE DAN AUXILIARY ENGINE,2026-04-20,126,6,20,kesepakatan,"1,3,4,5,8,9,13,18,19,24",0,,full,,,,,,,,,,,,,,,,fifi,2026-06-17,non-reimburse,0,3,,,,,,,,,,0,1,,
2937,3!EdWqheNJlmMvZF$wCUsaH6p,0827.SPK/BA.17/BA010102/2026,"PENGADAAN JASA TROUBLESHOOTING SAFETY DEVICE, WIRING & PANEL ME",2026-06-17,111,14,10,kesepakatan,"2,3,4,5,7,8,16,25,26",0,,full,,,,,,,proc,,,,,,,,,fifi,2026-06-22,,0,2,,,,paid,,2026-07-24,,,,0,1,,
2938,pLovhl*xtaqiO$nYMX8sQNmZz,0795.SPK/BA.17/BA010102/2026,PENGADAAN BARANG SEA WATER PUMP AUXILIARY ENGINE,2026-06-15,37,29,3,kesepakatan,"2,3,4,5,7,8,13,16,23",0,,ready,,,,,,,proc,,,,,,,,,fifi,2026-06-22,,0,2,,,,,,,,,,0,0,,
2939,1R8SNJQ$MY3trW^H09Gc2Kszl,C.0121/PR.103/Div.Rendalhar-2026,PENGURUSAN PERIZINAN PELAKSANAAN UNDERWATER SURVEY,2026-01-15,106,7,3,kesepakatan,"2,3,4,5,7,8,16",0,,,,,,,,,proc,,,,,,,,,fifi,2026-06-22,non-reimburse,0,3,,,,,,,,,,0,0,,
2940,h$9TC27o6fOGm0PsVtaSQqbnk,0788.SPK/TU.309/BA010102/2026,PENGADAAN JASA PERBAIKAN GRAB JANUS NO. 4,2026-06-15,63,32,14,kesepakatan,"2,3,4,5,7,8,16,25,26",0,,full,,,,,,,proc,,,,,,,,,fifi,2026-06-22,,0,2,,,,,,,,,,0,1,,
2941,dg5Pl7BhJsfVK4qkRtuA0ypjQ,0787.SPK/BA.101/BA010102/2026,PENGADAAN NIPPLE GREASE CRANE DAN WINDLASS,2026-06-15,113,44,5,kesepakatan,"2,3,4,5,7,8,16,25",0,,ready,,,,,,,proc,,,,,,,,,fifi,2026-06-22,,0,2,,,,,,,,,,0,1,,
2942,kdnA2gX@G^UjxChyo97cuvfJq,0828.SPK/BA.302/BA010102/2026,"SPAREPART VALVE, SPAREPART BILGE/BALLAST PUMP & FIRE/GS PUMP",2026-06-18,17,17,35,kesepakatan,"2,3,4,5,7,8,16,25",0,,ready,,,,,,,proc,,,,,,,,,fifi,2026-06-22,,0,2,,,,,,,,,,0,0,,
2943,n1Dc6BLsG7R$MgZj2xW83TepK,0822.SPK/BA.302/BA010102/2026,PENGADAAN UNIT VALVE INLET MAIN AIR COMPRESSOR,2026-06-17,2,17,6,kesepakatan,"2,3,4,5,7,8,16,25",0,,,,,,,,,proc,,,,,,,,,fifi,2026-06-22,,0,2,,,,,,,,,,0,0,,
2944,AFVrveWGISk4m*s!@$JOnQXHh,0850.SPK/BA.17/BA010102/2026,PENGADAAN JASA PERBAIKAN AIR CONDITIONER,2026-06-19,5,29,4,kesepakatan,"2,3,4,5,7,8,16",0,,ready,,,,,,,proc,,,,,,,,,fifi,2026-06-22,non-reimburse,0,2,,,,,,,,,,0,1,,
2945,cPv1A*qxp$4bUF63C9aSwIsr@,0760.SPK/BA.202/BA010102/2026,PENGADAAN CONSUMBALES ENGINE & DECK,2026-06-09,2,14,10,kesepakatan,"2,3,4,5,7,8,16,25",0,,full,,,,,,,proc,,,,,,,,,fifi,2026-06-22,,0,2,,,,,,,,,,0,1,,
2946,l1yQ5*Iu$3BSitq9CHsYUFEaL,0757.SPK/BA.202/BA010102/2026,PENGADAAN CONSUMABLE ENGINE,2026-06-09,2,25,10,kesepakatan,"2,3,4,5,7,8,16,25",0,,ready,,,,,,,proc,,,,,,,,,fifi,2026-06-22,,0,2,,,,,,,,,,0,1,,
2947,vesWptnS0EC3BMUPwV@o4TFrz,0756.SPK/BA.202/BA010102/2026,PENGADAAN CONSUMBLES & ELECTRICAL,2026-06-09,2,23,10,kesepakatan,"2,3,4,5,7,8,16,25",0,,ready,,,,,,,proc,,,,,,,,,fifi,2026-06-22,,0,2,,,,,,,,,,0,1,,
2948,iU4Bf6^Hvr*$ueqh2QOjY8wG0,0755.SPK/BA.202/BA010102/2026,PENGADAAN CONSUMABLES & ELECTRICAL,2026-06-09,100,23,7,kesepakatan,"2,3,4,5,7,8,16,25",0,,full,,,,,,,proc,,,,,,,,,fifi,2026-06-22,,0,2,,,,,,,,,,0,1,,
2949,zA8feMj57hdvPqcY!USHWtDTp,0754.SPK/BA.202/BA010102/2026,PENGADAAN CONSUMBALE DECK & ENGINE,2026-06-09,100,21,6,kesepakatan,"2,3,4,5,7,8,16,25",0,,,,,,,,,proc,,,,,,,,,fifi,2026-06-22,,0,2,,,,,,,,,,0,0,,
2950,@BYx*Cy7cfFaVh8DPJulU1Zew,0753.SPK/BA.202/BA010102/2026,PENGADAAN CONSUMABLE DECK & ENGINE,2026-06-09,2,21,13,kesepakatan,"2,3,4,5,7,8,16,25",0,,ready,,,,,,,proc,,,,,,,,,fifi,2026-06-22,,0,2,,,,,,,,,,0,1,,
2951,PgXRH7^bhu3!9lWYaSpkymtxE,0758.SPK/BA.202/BA010102/2026,PENGADAAN CONSUMABLE ENGINE,2026-06-09,100,25,7,kesepakatan,"2,3,4,5,7,8,16,25",0,,,,,,,,,proc,,,,,,,,,fifi,2026-06-22,,0,2,,,,,,,,,,0,0,,
2952,9mHxFbJNq8wKBQWghcO6Z7UoD,0761.SPK/BA.202/BA010102/2026,PENGADAAN CONSUMABLES ENGINE & DECK,2026-06-09,100,14,7,kesepakatan,"2,3,4,5,7,8,16,25",0,,full,,,,,,,proc,,,,,,,,,fifi,2026-06-22,,0,2,,,,,,,,,,0,1,,
2953,6kHezL$iyF^btj9hUs!MxX1D3,0759.SPK/BA.202/BA010102/2026,PENGADAAN CONSUMABLES DECK & ENGINE,2026-06-09,2,12,10,kesepakatan,"2,3,4,5,7,8,16,25",0,,full,,,,,,,proc,,,,,,,,,fifi,2026-06-22,,0,2,,,,,,,,,,0,1,,
2954,sCIz7q50LQuHMBKRcXZxUJtnD,0013.Amd/BA.404/BA010102/2026,PEKERJAAN BERLANGGANAN KUOTA INTERNET,2026-06-12,56,3,93,onboard,"2,4,5,8,16",0,,,,,,,,,proc,,,,,,,,,fifi,2026-06-22,non-reimburse,0,3,,,,,,,,,,0,1,,
2955,sfh*kFCqQH26KGAPSTD1j0MJZ,0019.Amd/BA.404/BA010102/2026,PEKERJAAN BERLANGGANAN KUOTA INTERNET,2026-06-12,56,17,93,onboard,"2,4,5,8,16",0,,,,,,,,,proc,,,,,,,,,fifi,2026-06-22,non-reimburse,0,3,,,,,,,,,,0,1,,
2956,Ad5pNIerY@QUh9G^BZSRxLgO0,0018.Amd/BA.404/BA010102/2026,PEKERJAAN BERLANGGANAN KUOTA INTERNET,2026-06-12,56,16,93,onboard,"2,4,5,8,16",0,,,,,,,,,proc,,,,,,,,,fifi,2026-06-22,non-reimburse,0,3,,,,,,,,,,0,1,,
2957,0CWoBhnsMx$J7GvV@El1YdgDp,0017.Amd/BA.404/BA010102/2026,PEKERJAAN BERLANGGANAN KUOTA INTERNET,2026-06-12,56,2,93,onboard,"2,4,5,8,16",0,,,,,,,,,proc,,,,,,,,,fifi,2026-06-23,non-reimburse,0,3,,,,,,,,,,0,1,,
2958,SztQdvpOMuNaXV08onsGxT1Ek,0016.Amd/BA.404/BA010102/2026,PEKERJAAN BERLANGGANAN KUOTA INTERNET,2026-06-12,56,1,93,onboard,"2,4,5,8,16",0,,,,,,,,,proc,,,,,,,,,fifi,2026-06-23,non-reimburse,0,3,,,,,,,,,,0,1,,
2959,@be5*i7VIuaBZOt$FLT8hKPDx,0014.Amd/BA.404/BA010102/2026,PEKERJAAN BERLANGGANAN KUOTA INTERNET,2026-06-12,56,6,93,onboard,"2,4,5,8,16",0,,,,,,,,,proc,,,,,,,,,fifi,2026-06-23,non-reimburse,0,3,,,,,,,,,,0,1,,
2960,OAlQhKFm7c^964Td2$L*nHpC5,0730.SPK/BA.101/BA010102/2026,PENGADAAN BEARING DAN CAT LIFEBOAT,2026-06-12,84,44,5,kesepakatan,"2,3,4,5,7,8,16,25",0,,full,,,,,,,proc,,,,,,,,,fifi,2026-06-23,,0,3,,,,paid,,2026-07-30,,,,0,1,,
2961,gbxLU9T5OSHi10CR4EkKfe*WJ,0833.SPK/BA.17/BA010102/2026,PENGADAAN ELECTRICAL CONSUMABLE & TOOL,2026-06-12,2,42,10,onboard,"2,3,4,5,7,8,16",0,,ready,,,,,,,proc,,,,,,,,,fifi,2026-06-23,,0,2,,,,,,,,,,0,1,,
2962,EVtwCvW1ylokR3MdpJSsjqgIN,0834.SPK/BA.17/BA010102/2026,PENGADAAN CONSUMABLE DECK,2026-06-12,153,42,10,onboard,"2,3,4,5,7,8,16",0,,ready,,,,,,,proc,,,,,,,,,fifi,2026-06-23,,0,2,,,,,,,,,,0,0,,
2963,HhtpCr27J^ymb4DIV8EgwvTcZ,0015.Amd/BA.404/BA010102/2026,PEKERJAAN BERLANGGANAN KUOTA INTERNET,2026-06-12,56,7,93,onboard,"2,4,5,8,16",0,,,,,,,,,proc,,,,,,,,,fifi,2026-06-23,non-reimburse,0,3,,,,,,,,,,0,1,,
2964,RBDZuo@Jahrj58qCYTk0z^ild,0789.SPK/BA.202/BA010102/2026,PENGADAAN BARANG REFIL OXYGEN DAN LPG,2026-06-12,80,6,2,kesepakatan,"2,3,4,5,7,8,16",0,,full,,,,,,,proc,,,,,,,,,fifi,2026-06-23,non-reimburse,0,2,,,,,,,,,,0,1,,
2965,xH3dWkCNQ1*Y0jchfuFpRAzM7,0777.SPK/BA.302/BA010102/2026,PENGADAAN SPAREPARTS MAIN ENGINE,2026-06-12,30,32,120,kesepakatan,"2,3,4,5,7,8,9,13,16,25,26",0,,,,,,,,,proc,,,,,,,,,fifi,2026-06-23,,0,2,,,,,,,,,,0,0,,
2966,X3y2xpsfA6ukUzO9I5ml@$Qh8,0771.SPK/BA.302/BA010102/2026,PENGADAAN BARANG KEBUTUHAN ENGINE,2026-06-15,36,0,15,onboard,"2,3,4,5,7,8,16",0,,,,,,,,,proc,,,,,,,,,fifi,2026-06-23,,0,2,,,,,,,,,,0,1,,
2967,QPJMRVNxYlGDefwq!scgbXB^m,0841.SPK/BA.104/BA010102/2026,PENGADAAN REWINDING ELECTROMOTOR FOR FRESHWATER TRANSFER PUMP,2026-06-19,5,4,10,onboard,"2,3,4,5,7,8,16,26",0,,ready,,,,,,,proc,,,,,,,,,fifi,2026-06-23,non-reimburse,0,2,,,,,,,,,,0,1,,
2968,lrzx$J*hfuwYeLI19v6sR@!B2,0835.SPK/BA.302/BA010102/2026,PENGADAAN SPAREPARTS MAIN AIR COMPRESSOR COMPLETE (COO),2026-06-18,30,2,20,onboard,"2,3,4,5,7,8,10,16,25",0,,full,,,,,,,proc,,,,,,,,,fifi,2026-06-23,,0,2,,,,,,,,,,0,1,,
2969,A405JnO8wlkXyo3gspb6fTRG$,0824.SPK/BA.302/BA010102/2026,PENGADAAN SPAREPARTS BRAKE DAN LINING FOR CARGO CRANE,2026-06-18,17,2,12,onboard,"2,3,4,5,7,8,10,16,25",0,,full,,,,,,,proc,,,,,,,,,fifi,2026-06-23,,0,2,,,,,,,,,,0,1,,
2970,sREljy4h7SB2qt0U1KWmQxbgC,0769.SPK/BA.302/BA010102/2026,PENGADAAN SPAREPARTS COMPOSITE BOILER,2026-06-15,30,2,35,onboard,"2,3,4,5,7,8,9,10,16,25",0,,,,,,,,,proc,,,,,,,,,fifi,2026-06-23,,0,2,,,,,,,,,,0,0,,
2971,2!uQD7vW9^ChUB$fZijz85sXF,0830.SPK/BA.302/BA010102/2026,PENGADAAN SPAREPARTS FUEL INJECTION OF AUXILIARY ENGINE (GENUINE),2026-06-18,16,2,60,onboard,"2,3,4,5,7,8,13,16,25",0,,ready,,,,,,,proc,,,,,,,,,fifi,2026-06-23,,0,2,,,,,,,,,,0,0,,
2972,x83JUm^1oA9WQwiOP6X0bVNn4,0742.SPK/BA.302/BA010102/2026,PENGADAAN BOLT CONNECTING ROD OF AUXILIARY ENGINE (FABRIKASI),2026-06-12,43,4,16,onboard,"2,3,4,5,7,8,16",0,,,,,,,,,proc,,,,,,,,,fifi,2026-06-23,,0,2,,,,,,,,,,0,0,,
2973,zt9mnsoiTIAG7r*ZK0kvlN!P^,0801.SPK/BA.302/BA010102/2026,PENGADAAN SPAREPARTS SUPERSPOOL DAN THREEWAY VALVE OF MIAIN ENGINE (GENUINE),2026-06-17,30,2,0,onboard,"2,3,4,5,7,8,9,13,16,25",0,,,,,,,,,proc,,,,,,,,,fifi,2026-06-23,,0,2,,,,,,,,,,0,0,,
2974,dEvHxu4emi$sYc0T38^X1oWjO,0798.SPK/BA.302/BA010102/2026,PENGADAAN SPAREPARTS EXHAUST MANIFOLD ASSY OF AUXILIARY ENGINE (COO),2026-06-15,17,2,18,onboard,"2,3,4,5,7,8,10,16",0,,full,,,,,,,proc,,,,,,,,,fifi,2026-06-23,,0,2,,,,,,,,,,0,1,,
2975,d*n^ZshBeQucJ5Ivta3RV9P82,0832.SPK/BA.17/BA010102/2026,PENGADAAN ENGINE CONSUMABLES,2026-06-17,100,42,0,onboard,"2,3,4,5,7,8,16",0,,ready,,,,,,,proc,,,,,,,,,fifi,2026-06-23,,0,2,,,,,,,,,,0,0,,
2976,BOP7Vl6DFKgqGTSm8^IR$aeUv,0877.SPK/BA.302/BA010102/2026,PENGADAAN BARANG SPAREPARTS MAIN AIR COMPRESSOR,2026-06-22,30,6,10,kesepakatan,"3,4,5,7,8,10,16",0,,full,,,,,,,proc,,,,,,,,,fifi,2026-06-23,,0,2,,,,,,,,,,0,1,,
2977,jQaZJrLOkhD*FUYu50dCI9Mxo,0842.SPK/BA.17/BA010102/2026,PENGADAAN SPAREPARTS MGPS (GENUINE),2026-06-19,30,2,40,onboard,"2,3,4,5,7,8,9,16,25",0,,,,,,,,,proc,,,,,,,,,fifi,2026-06-23,,0,2,,,,,,,,,,0,0,,
2978,C0yQHv!Ts3rEVY@lwOZp94jJX,0825.SPK/BA.302/BA010102/2026,PENGADAAN SPAREPARTS PMAX OF MAIN ENGINE (GENUINE),2026-06-18,16,2,15,onboard,"2,3,4,5,7,8,13,16,25",0,,full,,,,,,,proc,,,,,,,,,fifi,2026-06-23,,0,2,,,,,,,,,,0,0,,
2979,LV1qrZw^0YoTBf5i6te9@KMnS,0853.SPK/BA.302/BA010102/2026,PENGADAAN SPAREPARTS EXHAUST SPINDLE VALVE OF MAIN ENGINE (GENUINE),2026-06-22,16,2,12,onboard,"2,3,4,5,7,8,13,16,25",0,,full,,,,,,,proc,,,,,,,,,fifi,2026-06-23,,0,2,,,,,,,,,,0,1,,
2980,zegK1tqaUYI6fb7m3BOpVLuSA,0844.SPK/BA.17/BA010102/2026,PENGADAAN SPAREPATS BOILER (COO),2026-06-19,17,31,15,onboard,"2,3,4,5,7,8,10,16",0,,ready,,,,,,,proc,,,,,,,,,fifi,2026-06-23,,0,2,,,,,,,,,,0,1,,
2981,Ej8mx*0GAXt2$hvTCFVau9ioN,0879.SPK/BA.302/BA010102/2026,PENGADAAN SPAREPARTS EXHAUST VALVE LOWER PART (COO),2026-06-22,17,31,18,onboard,"2,3,4,5,7,8,10,16",0,,ready,,,,,,,proc,,,,,,,,,fifi,2026-06-23,,0,2,,,,,,,,,,0,0,,
2982,^h64U7fKYW@X*bqJHBxS1dFZt,0867.SPK/BA.202/BA010102/2026,PENGADAAN CONSUMBALES DECK & CONSUMABLES ENGINE,2026-06-22,2,17,12,kesepakatan,"2,3,4,5,7,8,16,25",0,,ready,,,,,,,proc,,,,,,,,,fifi,2026-06-23,,0,2,,,,,,,,,,0,1,,
2984,UBO1GVE2isN8HITWDx^RmeMkc,0874.SPK/BA.302/BA010102/2026,PENGADAAN SPAREPART FEED PUMP & VALVE BOILER,2026-06-22,17,17,65,kesepakatan,"2,3,4,5,7,8,16,25",0,,ready,,,,,,,proc,,,,,,,,,fifi,2026-06-23,,0,2,,,,,,,,,,0,0,,
2985,*0OEFYRKhIi1J6TGfjM^VBNsm,0861.SPK/BA.302/BA010102/2026,PENGADAAN SPAREPART TURBOCHARGER AE,2026-06-22,17,16,7,kesepakatan,"2,3,4,5,7,8,10,16,25",0,,full,,,,,,,proc,,,,,,,,,fifi,2026-06-23,,0,2,,,,,,,,,,0,1,,
2986,O29^@eCa1oM*xTtKfjc$dJvg4,0864.SPK/BA.202/BA010102/2026,PENGADAAN CONSUMABLES DECK & CONSUMABLES ENGINE,2026-06-22,100,17,7,kesepakatan,"2,3,4,5,7,8,16,25",0,,full,,,,,,,proc,,,,,,,,,fifi,2026-06-23,,0,2,,,,,,,,,,0,1,,
2987,9L1*IzTv6skGHKByQ3YbWcnS7,0896.SPK/BA.202/BA010102/2026,PENGADAAN DECK STORE (ALAT TULIS KANTOR),2026-06-24,2,31,7,onboard,"2,3,4,5,7,8,16",0,,full,,,,,,,,,,,,,,,,fifi,2026-06-25,,0,2,,,,,,,,,,0,1,,
2988,YMXSUak@c7pWGmZ!T1sqJ$gVw,0894.SPK/BA.302/BA010102/2026,PENGADAAN CONDENSER BOILER UNIT,2026-06-24,17,2,50,onboard,"2,3,4,5,7,8,10,16",0,,ready,,,,,,,proc,,,,,,,,,fifi,2026-06-25,,0,2,,,,,,,,,,0,1,,
2989,^hWzXLJOvBqnZ7*6aN0A!bupt,0908.SPK/BA.302/BA010102/2026,PENGADAAN CATRIDGE TURBOCHARGER OF AUXILIARY ENGINE (GENUINE),2026-06-24,30,31,35,onboard,"2,3,4,5,7,8,9,13,16",0,,,,,,,,,proc,,,,,,,,,fifi,2026-06-25,,0,2,,,,,,,,,,0,0,,
2990,0tp7yrJ8Qd*z3ksORcqLa4AD2,0895.SPK/BA.302/BA010102/2026,PENGADAAN SPAREPRATS LUBE OIL PRIMING PUMP WITH ELECTROMOTOR,2026-06-24,53,2,60,onboard,"2,3,4,5,7,8,10,16",0,,ready,,,,,,,proc,,,,,,,,,fifi,2026-06-25,,0,2,,,,,,,,,,0,0,,
2991,NtpecFr^O3KJ@Ix1S2BMios*f,0892.SPK/BA.17/BA010102/2026,PENGADAAN SPAREPARTS LUBE OIL PURIFIER (ALVA LAVAL P-615) GENUINE,2026-06-24,68,31,50,onboard,"4,5,7,8,9,10,16",0,,,,,,,,,proc,,,,,,,,,fifi,2026-06-25,,0,2,,,,,,,,,,0,0,,
2992,nqvC^PhVl2zbcZWDUAm795@x1,0910.SPK/BA.302/BA010102/2026,PENGADAAN SPAREPARTS GENUINE OF MAIN ENGINE,2026-06-24,30,31,175,onboard,"2,3,4,5,7,8,9,16",0,,,,,,,,,proc,,,,,,,,,fifi,2026-06-25,,0,2,,,,,,,,,,0,0,,
2993,IDd*Qx1FqlmkjOHyBhYa7TsEN,0891.SPK/BA.17/BA010102/2026,PENGADAAN SPAREPARTS FUEL OIL PURIFIER (ALVA LAVAL SA-841) GENUINE,2026-06-24,68,31,50,onboard,"2,3,4,5,7,8,9,16",0,,,,,,,,,proc,,,,,,,,,fifi,2026-06-25,,0,2,,,,,,,,,,0,0,,
2994,SKZisI9qUbFgzDdwA*y!R$E@t,0025.SPBJ/BA.302/BA010400/2026,PENGADAAN BARANG (SPAREPARTS) DAN JASA GENERAL OVERHAUL MAIN ENGINE KEBUTUHAN DOCKING,3036-03-27,17,44,25,kesepakatan,"1,3,4,5,6,7,8,10,16,18,19,23",0,,,,,,,,,,,,,,,,,,fifi,2026-06-25,,0,1,,,,,,,,,,2,0,,
2995,usp8xW9K*dkSGZwFznQIa0YBq,0025.SPBJ/BA.301/BA010400/2026,PENGADAAN (SPAREPARTS) DAN JASA GENERAL OVERHAUL MAIN ENGINE KEBUTUHAN DOCKING,2026-03-27,17,44,25,kesepakatan,"1,3,4,5,6,7,8,10,16,18,19",0,,full,,,,,,,,,,,,,,,,fifi,2026-06-25,,0,1,,,,,,,,,,2,1,,
2996,Q5ptl74ngOaZz68VUvDA^rFKw,0900.SPK/BA.302/BA010102/2026,PENGADAAN UNIT ELECTROMOTOR BOILER FEED PUMP,2026-06-24,113,17,7,kesepakatan,"2,3,4,5,7,8,16,25",0,,,,,,,,,proc,,,,,,,,,fifi,2026-06-25,,0,2,,,,,,,,,,0,0,,
2997,!WtKEsZMChAFDSHvL0niau1mk,0901.SPK/BA.302/BA010102/2026,PENGADAAN SPAREPART ME & AE,2026-06-24,11,12,10,kesepakatan,"2,3,4,5,7,8,16,25",0,,ready,,,,,,,proc,,,,,,,,,fifi,2026-06-25,,0,2,,,,,,,,,,0,1,,
2998,jVbleYCfIxU8Lz64R*wZo3B@T,0902.SPK/BA.302/BA010102/2026,PENGADAAN SPAREPART ME,2026-06-23,11,12,10,kesepakatan,"2,3,4,5,7,8,16,23,25",0,,ready,,,,,,,proc,,,,,,,,,fifi,2026-06-25,,0,2,,,,,,,,,,0,1,,
2999,UxCODV9GRiye7FbjSlI8asZJz,0893.SPK/BA.302/BA010102/2026,PENGADAAN SPAREPART AIR COMPRESSOR DECK,2026-06-22,111,17,12,kesepakatan,"2,3,4,5,7,8,16,25",0,,full,,,,,,,,,,,,,,,,fifi,2026-06-26,,0,2,,,,,,,,,,0,1,,
3000,^0v5ahOAZ7*mQi!yMcVxIge6@,0862.SPK/BA.302/BA010102/2026,PENGADAAN WIRE,2026-06-22,100,16,12,kesepakatan,"2,3,4,5,7,8,11,16,25",0,,ready,,,,,,,,,,,,,,,,fifi,2026-06-26,,0,2,,,,,,,,,,0,0,,
3001,fkDLt48v9U!Jaw^ih601Zb3Oy,0890.SPK/BA.17/BA010102/2026,PENGADAAN BARANG RUNNING STORE ENGINE DAN DECK DEPARTEMEN,2026-06-23,153,6,14,kesepakatan,"2,3,4,5,7,8,16",0,,ready,,,,,,,proc,,,,,,,,,fifi,2026-06-29,,0,2,,,,,,,,,,0,0,,
3002,MoyuHL2K36SWkZpNsAQzXnbDl,0930.SPK/BA.302/BA010102/2026,PENGADAAN BOLT-2 CONNECTING ROD UNTUK MAIN ENGINE PORTSIDE,2026-06-26,37,5,5,onboard,"2,3,4,5,7,8,16,23",0,,ready,,,,,,,proc,,,,,,,,,fifi,2026-06-29,,0,2,,,,,,,,,,0,0,,
3003,z2M@ure^At3iBlNFXy7qsG!O*,0599.SPK/BA.104/BA010102/2026,JASA PERBAIKAN MAIN ENGINE,2026-06-26,5,8,7,kesepakatan,"2,3,4,5,7,8,16,25,26",0,,full,,,,,,,proc,,,,,,,,,fifi,2026-06-29,non-reimburse,0,2,,,,,,,,,,0,1,,
3004,zQSm1RTJj8VehIi7w6YpDUXML,0923.SPK/BA.202/BA010102/2026,CONSUMABLE AUXILIARY ENGINE,2026-06-26,100,10,28,kesepakatan,"2,3,4,5,7,8,16,25",0,,full,,,,,,,proc,,,,,,,,,fifi,2026-06-29,,0,2,,,,,,,,,,0,1,,
3005,BOpzhGeZWcka$oEnFxN8f3!0Y,0922.SPK/BA.202/BA010102/2026,CONSUMABLE MAIN ENGINE,2026-06-26,100,10,2,kesepakatan,"2,3,4,5,7,8,16,25",0,,full,,,,,,,proc,,,,,,,,,fifi,2026-06-29,,0,2,,,,,,,,,,0,1,,
3006,a7v1@wFKs^GizUfO4tV3DLpS$,0897.SPK/BA.202/BA010102/2026,PENGADAAN ENGINE RUNNING STORE (BALL BEARING),2026-06-24,153,31,14,onboard,"2,3,4,5,7,8,16",0,,full,,,,,,,proc,,,,,,,,,fifi,2026-06-29,,0,2,,,,,,,,,,0,1,,
3007,e2ALmJgzD*!f$OBQv4bX9kWs6,0924.SPK/BA.202/BA010102/2026,RUNNING STORE DECK,2026-06-26,2,10,7,kesepakatan,"2,3,4,5,7,8,16,25",0,,full,,,,,,,proc,,,,,,,,,fifi,2026-06-29,,0,2,,,,,,,,,,0,1,,
3008,VjRbU6umN$p*heMBX4l^2vcky,0921.SPK/BA.202/BA010102/2026,RUNNING STORE ENGINE,2026-06-26,104,10,6,kesepakatan,"2,3,4,5,7,8,16,25",0,,ready,,,,,,,proc,,,,,,,,,fifi,2026-06-29,,0,2,,,,,,,,,,0,0,,
3009,eQxgbR4S*K7OT8y9sLf3mJDkY,0011.SPBJ/BA.301/BA010102/2026,PENGADAAN JASA OVERHAUL MAIN ENGINE DAN AUXILIARY ENGINE,2026-02-23,37,7,20,kesepakatan,"1,3,4,5,6,8,16",0,,,,,,,,,,,,,,,,,,fifi,2026-06-29,,0,1,,,,,,,,,,2,0,,
3010,9ZADE8ok*7F50IGaCclj3@d6L,0957.SPK/BA.202/BA010102/2026,PENGADAAN ELECTRICAL CONSUMABLE & LAMP,2026-06-29,104,33,5,onboard,"2,3,4,5,7,8,16",0,,full,,,,,,,proc,,,,,,,,,fifi,2026-06-30,linked,5072,2,,,,,,,,,,0,1,,
3011,RkvMWpSCUr851Xz!q4KlOVIiD,0954.SPK/PR.202/BA010102/2026,PENGADAAN JASA REWINDING ELMOT FOR ENGINE ROOM FAN NO 1,2026-06-29,7,31,15,onboard,"2,3,4,5,7,8,16,26",0,,full,,,,,,,proc,,,,,,,,,fifi,2026-06-30,non-reimburse,0,2,,,,,,,,,,0,1,,
3012,r$FDj73MpzxUsNVOmfelwSZRG,0955.SPK/BA.17/BA010102/2026,PENGADAAN JASA OVERHAUL STAFA MOTOR FOR HYDRAULIC HATCH COVER NO 2P,2026-06-29,7,31,25,onboard,"2,3,4,5,7,8,16,26",0,,full,,,,,,,proc,,,,,,,,,fifi,2026-06-30,non-reimburse,0,2,,,,,,,,,,0,1,,
3013,LSaoq5MG1fbX9clkyt!sRnzK8,0961.SPK/BA.202/BA010102/2026,PENGADAAN SPAREPARTS BOLT DAN THERMOMETER OF AUXILIARY ENGINE (GENUINE),2026-06-29,16,2,10,onboard,"2,3,4,5,7,8,13,16",0,,full,,,,,,,proc,,,,,,,,,fifi,2026-06-30,,0,2,,,,,,,,,,0,1,,
3014,3DmAH97bocj*wN^E8BT$C6dRu,0884.SPK/BA.17/BA010102/2026,PENGADAAN MOORING ROPER MONOFILAMENT,2026-06-24,31,32,5,kesepakatan,"2,3,4,5,7,8,16,25,26",0,,full,,,,,,,proc,,,,,,,,,fifi,2026-06-30,,0,2,,,,,,,,,,0,1,,
3015,ey!c6uRrs@hvPU$C7wpLdAEaz,0885.SPK/BA.17/BA010102/2026,PENGADAAN STOPPER ROPE,2026-06-24,100,32,5,kesepakatan,"2,3,4,5,7,8,16,25,26",0,,full,,,,,,,proc,,,,,,,,,fifi,2026-06-30,,0,2,,,,,,,,,,0,1,,
3016,Qs6VTFG$U9XpDZEdMLSr4*ehJ,0886.SPK/BA.17/BA010102/2026,PENGADAAN ACCUMULATOR,2026-06-23,113,33,90,kesepakatan,"2,3,4,5,7,8,16,25,26",0,,,,,,,,,proc,,,,,,,,,fifi,2026-06-30,,0,2,,,,,,,,,,0,0,,
3017,hFoWtzYTvRJ$25KAxldmw^jab,0768.SPK/BA.202/BA010102/2026,PENGADAAN DECK CONSUMABLES,2026-06-11,153,33,10,onboard,"2,3,4,5,7,8,16,25,26",0,,full,,,,,,,proc,,,,,,,,,fifi,2026-06-30,,0,2,,,,,,,,,,0,1,,
3018,ZYdagkCiDOyESHpj1LwBrP8bQ,0778.SPK/BA.202/BA010102/2026,PENGADAAN ENGINE CONSUMABLES,2026-06-12,3,33,7,onboard,"2,3,4,5,7,8,16,25,26",0,,full,,,,,,,proc,,,,,,,,,fifi,2026-06-30,,0,2,,,,,,,,,,0,1,,
3019,1qgZX7nBv!$C5fsIdVKR8pkTA,1007.Pj/BA.301/BA010400/2026,PENGADAAN ERECTION DAN PERBAIKAN LOADING ARM CNG LOMBOK,2026-06-03,193,33,96,kesepakatan,"1,3,4,5,6,7,8,16,19,24",0,,full,,,,,,,,,,,,,,,,fifi,2026-07-01,,0,1,,,,,,,,,,4,4,,
3020,SRBbksOztmWc*dQhJ9UDiY2$L,0911.SPK/BA.17/BA010102/2026,PENGADAAN MOORING ROPES MONOFILAMENT,2026-06-25,31,32,5,kesepakatan,"2,3,4,5,7,8,16,25,26",0,,full,,,,,,,proc,,,,,,,,,fifi,2026-07-01,,0,2,,,,,,,,,,0,1,,
3021,9AmMIvRirVDWlYw4cGgXx!QNH,0932.SPK/BA.17/BA010102/2026,PENGADAAN HOISTING WIRE,2026-06-30,17,32,7,kesepakatan,"2,3,4,5,7,14,15,18,19,24,27",0,,full,,,,,,,proc,,,,,,,,,fifi,2026-07-01,,0,1,,,,,,,,,,0,1,,
3022,iGr4CfsS1z^PUtM8WBe0b*cox,0928.SPK/BA.17/BA010102/2026,PENGADAAN HOISTING WIRE,2026-06-30,17,16,7,kesepakatan,"2,3,4,5,7,14,15,18,19,24,27",0,,full,,,,,,,proc,,,,,,,,,fifi,2026-07-01,,0,1,,,,,,,,,,0,1,,
3023,JxvyLMufZFjD2blnSGakeEwN7,0984.SPK/BA.6/BA010102/2026,JASA PENGURUSAN SERTIFIKAT ENDORSEMENT PENUNDAAN DOCKING (SS V) KM. MALAHAYATI BARUNA,2026-06-30,36,2,7,onboard,"2,3,4,5,7,8,16",0,,,,,,,,,proc,,,,,,,,,fifi,2026-07-01,,0,2,,,,,,,,,,0,1,,
3024,Q8@0gHSR47tLGYNXBiJ6uWlVZ,0926.SPK/BA.17/BA010102/2026,PENGADAAN DAN LUFFING WIRE,2026-06-30,17,3,7,kesepakatan,"2,3,4,5,7,14,15,18,19,24,27",0,,full,,,,,,,proc,,,,,,,,,fifi,2026-07-01,,0,1,,,,,,,,,,0,1,,
3025,b9RJ!DghuZOxLs^2Cwd3tGfUl,0929.SPK/BA.17/BA010102/2026,PENGADAAN HOISTING DAN LUFFING WIRE,2026-06-30,17,20,7,kesepakatan,"2,3,4,5,14,15,18,19,24,27",0,,full,,,,,,,proc,,,,,,,,,fifi,2026-07-01,,0,1,,,,,,,,,,0,1,,
3026,L!96QZX$7Vz8ks2yrCtbuA4J3,0927.SPK/BA.17/BA010012/2026,PENGADAAN HOISTING DAN LUFFING WIRE,2026-06-30,17,44,7,kesepakatan,"2,3,4,5,7,14,15,18,19,24,27",0,,full,,,,,,,proc,,,,,,,,,fifi,2026-07-01,,0,1,,,,,,,,,,0,1,,
3027,3FsIkmV7bqpoTPfzHyKUcaJ0X,0983.SPK/BA.17/BA010102/2026,PENGADAAN JASA PERBAIKAN DYNAMO STATER SEKOCI DAN FABRIKASI BUSHING PUMP,2026-06-30,52,5,5,onboard,"2,3,4,5,7,8,16",0,,full,,,,,,,proc,,,,,,,,,fifi,2026-07-01,,0,2,,,,,,,,,,0,1,,
3028,Gd0oqz5PlHJaiYbwfehstVp8C,0963.SPK/BA.17/BA010102/2026,PENGADAAN BARANG DAN JASA PERBAIKAN PINION GEARBOX OF FORWARDING CONVEYOR,2026-06-29,52,5,5,onboard,"2,3,4,5,7,8,16",0,,full,,,,,,,proc,,,,,,,,,fifi,2026-07-01,,0,2,,,,,,,,,,0,1,,
3029,2HmCrZse3P^UM7D4wl@Tq$X8d,0933.SPK/BA.202/BA010102/2026,RUNNING STORE PAINT,2026-06-29,13,1,10,kesepakatan,"2,3,4,5,7,8,16,25",0,,,,,,,,,proc,,,,,,,,,fifi,2026-07-01,,0,2,,,,,,,,,,0,0,,
3030,ONDZS9hCP0^lTxuAk$ymqV8RB,0931.SPK/BA.202/BA010102/2026,RUNNING STORE PAINT,2026-06-29,13,3,10,kesepakatan,"2,3,4,5,7,8,16,25",0,,,,,,,,,proc,,,,,,,,,fifi,2026-07-01,,0,2,,,,,,,,,,0,0,,
3031,P0mek3IHZz9KFA1uvtDV*GpNx,0935.SPK/BA.302/BA010102/2026,SPARE FO PURIFIER,2026-06-29,17,1,10,kesepakatan,"2,3,4,5,7,8,16,25",0,,full,,,,,,,proc,,,,,,,,,fifi,2026-07-01,,0,2,,,,,,,,,,0,1,,
3032,kQoAmOW2ISXHj13bGfN$7nsev,0925.SPK/BA.202/BA010102/2026,RUNNING STORE ENGINE,2026-06-29,2,3,7,kesepakatan,"2,3,4,5,7,8,16,25",0,,ready,,,,,,,proc,,,,,,,,,fifi,2026-07-01,,0,2,,,,,,,,,,0,0,,
3033,5PkJx*0HQS9fWEnZeDwLCbMz2,0875.SPK/BA.17/BA010102/2026,PENGADAAN ENGINE INVENTORY,2026-06-22,100,33,5,onboard,"2,3,4,5,7,8,16,25",0,,ready,,,,,,,proc,,,,,,,,,fifi,2026-07-01,,0,2,,,,,,,,,,0,0,,
3034,MKlafijxp5GekW0@84*NLcP7E,0988.SPK/BA.202/BA010102/2026,PERALATAN GUDANG PENYIMPANAN MERAK,2026-06-01,2,0,35,kesepakatan,"2,3,4,5,8,16,25",0,,,,,,,,,proc,,,,,,,,,fifi,2026-07-02,,0,4,,,,,,,,,,0,0,,
3035,RUSeO1wQ0xvKrP!c^p*Gu$kCZ,0994.SPK/BA.302/BA010102/2026,PENGADAAN FUEL INJECTION ASSY OF AUXILIARY ENGINE (GENUINE),2026-07-01,16,2,7,onboard,"2,3,4,5,7,8,13,16",0,,full,,,,,,,proc,,,,,,,,,fifi,2026-07-02,,0,2,,,,,,,,,,0,1,,
3036,Fl^e4sJ3qcVPmGSryKDkn1t*U,0990.SPK/BA.17/BA010102/2026,CANVAS BRAKE LINING,2026-07-01,113,3,6,kesepakatan,"2,3,4,5,7,8,16,25",0,,,,,,,,,proc,,,,,,,,,fifi,2026-07-02,,0,2,,,,,,,,,,0,0,,
3037,NdGQvLgU$z9bJfpSPIB@*1KEq,1000.SPK/PR.202/BA010102/2026,PENGADAAN JASA REKONDISI RUBBER SPIROLEX OF MAIN ENGINE,2026-07-01,63,4,35,onboard,"2,3,4,5,7,8,16,26",0,,ready,,,,,,,proc,,,,,,,,,fifi,2026-07-02,non-reimburse,0,2,,,,,,,,,,0,0,,
3038,XlTzoK0AeS1ULZ!IsQyB*PwYJ,0995.SPK/BA.302/BA010102/2026,PENGADAAN PISTON OF MAIN AIR COMPRESSOR SPERRE HV2/200 (COO),2026-07-01,30,31,40,onboard,"2,3,4,5,7,8,10,16",0,,,,,,,,,proc,,,,,,,,,fifi,2026-07-02,,0,2,,,,,,,,,,0,0,,
3039,rNtq3lnI4*0dVPcBQx7W^5D2R,1005.SPK/BA.17/BA010102/2026,PENGADAAN RUNNING STORE CAT,2026-07-02,33,20,6,kesepakatan,"2,3,4,5,7,8,16",0,,full,,,,,,,proc,,,,,,,,,fifi,2026-07-02,,0,2,,,,,,,,,,0,1,,
3040,tR*mHG@XfAu5QzwYDS31g^CVe,1001..SPK/BA.202/BA010102/2026,PENGADAAN CONSUMABLE ELECTRICAL & LAMP,2026-07-01,36,33,5,kesepakatan,"2,3,4,5,7,8,16,25",0,,,,,,,,,proc,,,,,,,,,fifi,2026-07-03,,0,2,,,,,,,,,,0,0,,
3041,g6AWzvr^nb@hM8GCwf1Qo$mL!,0991.SPK/BA.101/BA010102/2026,PENGADAAN JASA UT MEASUREMENT INTERMEDIATE SURVEY IV,2026-07-01,71,16,20,onboard,"2,3,4,5,7,8,16,26",0,,,,,,,,,proc,,,,,,,,,fifi,2026-07-03,non-reimburse,0,3,,,,,,,,,,0,0,,
3042,b*NrdkgxBKUzAl0fL17VQMn$u,0992.SPK/BA.101/BA010102/2026,PENGADAAN JASA OVERHAUL & KALIBRASI GOVERNOR AUXILIARY ENGINE,2026-07-01,93,2,12,onboard,"2,3,4,5,7,8,16,25,26",0,,,,,,,,,proc,,,,,,,,,fifi,2026-07-03,non-reimburse,0,3,,,,,,,,,,0,0,,
3043,vpi6kHZ*c2YPfzOANGr8Iw@s7,1009.SPK/BA.302/BA010102/2026,PENGADAAN SPAREPART MAIN AIR COMPRESSOR,2026-07-02,30,16,35,kesepakatan,"2,3,4,5,7,8,10,16,25",0,,,,,,,,,proc,,,,,,,,,fifi,2026-07-03,,0,2,,,,,,,,,,0,0,,
3044,pdu@keL8CtKOoTU!rxW9*iN^A,0996.SPK/BA.302/BA010102/2026,PENGADAAN SPAREPARTS EMERGENCY UNTUK MAIN ENGINE KANAN (REFURBISHED),2026-07-01,11,5,15,onboard,"2,3,4,5,7,8,16,23",0,,full,,,,,,,proc,,,,,,,,,fifi,2026-07-03,,0,2,,,,,,,,,,0,1,,
3045,AvqIR6Ms1a*BOc!TLj$EY3wuo,1016.SPK/BA.202/BA010102/2026,PENGADAAN BEARING FOR ENGINE STORE,2026-07-02,153,33,10,onboard,"2,3,4,5,7,8,16,25",0,,full,,,,,,,proc,,,,,,,,,fifi,2026-07-03,,0,2,,,,,,,,,,0,1,,
3046,2oJPjxk9^ifGmdVXTaFIUv6zg,0934.SPK/BA.302/BA010102/2026,SPARE PARTS MAIN ENGINE (COO),2026-06-29,17,1,10,kesepakatan,"2,3,4,5,7,8,16,25",0,,full,,,,,,,proc,,,,,,,,,fifi,2026-07-03,,0,2,,,,,,,,,,0,1,,
3047,gkVSbdBzi5RpGm719DKrXCo04,1004.SPK/BA.302/BA010102/2026,PENGADAAN SPAREPART MAIN AIR COMPRESSOR,2026-07-02,53,17,65,kesepakatan,"2,3,4,5,7,8,10,16,25",0,,,,,,,,,proc,,,,,,,,,fifi,2026-07-03,non-reimburse,0,2,,,,,,,,,,30,0,,
3048,jEHsz9Au8aXepbkIfYdWwZq3r,0876.SPK/BA.17/BA010102/2026,PENGADAAN ENGINE INVENTORY,2026-06-22,2,33,20,onboard,"2,3,4,5,7,8,16,25",0,,ready,,,,,,,proc,,,,,,,,,fifi,2026-07-03,,0,2,,,,,,,,,,0,0,,
3049,TgimMl!86DS^Qqj4CkUf$KHGw,0993.SPK/BA.101/BA010102/2026,PENGADAAN BARANG SPAREPART KEBUTUHAN OVERHAULL MAIN AIR COMPRESSOR (DOCKING),2026-07-01,30,20,40,kesepakatan,"2,3,4,5,7,8,10,16",0,,,,,,,,,proc,,,,,,,,,fifi,2026-07-03,non-reimburse,0,3,,,,,,,,,,0,0,,
3050,ntWAKmlFep!qxjywMXT3PSz*v,0989.SPK/BA.202/BA010102/2026,RUNNING STORE DECK,2026-07-01,2,3,10,kesepakatan,"2,3,4,5,7,8,16,25",0,,,,,,,,,proc,,,,,,,,,fifi,2026-07-03,,0,2,,,,,,,,,,0,0,,
3051,dqnHN^FVS$Ye0x2U7J3WDk68@,1026.SPK/BA.302/BA010102/2026,PENGADAAN SPAREPART AE,2026-07-03,194,33,10,onboard,"2,3,4,5,7,8,16,25",0,,ready,,,,,,,proc,,,,,,,,,fifi,2026-07-06,,0,2,,,,,,,,,,0,0,,
3052,NHug8XUS^dwKp2v*J4GTqD3nE,0920.SPK/BA.202/BA010102/2026,RUNNING STORE DECK,2026-07-01,153,8,8,kesepakatan,"2,3,4,5,7,8,16,25",0,,ready,,,,,,,proc,,,,,,,,,fifi,2026-07-06,,0,2,,,,,,,,,,0,0,,
3053,UIMQu7BnxzlvadZoD2HOWcre0,0958.SPK/BA.17/BA010102/2026,PENGADAAN MOORING ROPE,2026-07-02,31,36,14,kesepakatan,"2,3,4,5,7,14,16,18,19,24,27,28",0,,full,,,,,,,proc,,,,,,,,,fifi,2026-07-06,,0,1,,,,,,,,,,0,1,,
3054,D!$xuJm*^aQ2Uhrne7Rl1p84c,0937.SPK/BA.17/BA010102/2026,PENGADAAN MOORING ROPE,2026-07-02,31,8,14,kesepakatan,"1,3,4,5,7,14,16,18,19,24,27,28",0,,full,,,,,,,proc,,,,,,,,,fifi,2026-07-06,,0,1,,,,,,,,,,0,1,,
3055,yjJ75UEXnb!Bs2uHCO9^NWitL,0021.SPBJ/BA.301/BA010400/2026,PENGADAAN JASA REKONDISI GOVERNOR ACTUATOR,2026-03-11,17,6,35,kesepakatan,"1,3,4,5,8,16,18,19,24,27",0,0,full,,,,,,,,,,,,,,,,fifi,2026-07-06,,0,3,,,,,,,,,,0,1,,
3056,I6$QAEiKTCcvkaw7oGBV1e*uR,0028.SPBJ/BA.301/BA010400/2026,PENGADAAN BARANG (SPAREPARTS) DAN JASA GENERAL OVERHAUL AUXILIARY ENGINE KEBUTUHAN DOCKING,2026-04-14,37,44,20,kesepakatan,"1,3,4,5,6,7,8,10,16,18,19,23,26",0,,full,,,,,,,,,,,,,,,,fifi,2026-07-06,,0,1,,,,,,,,,,2,1,,
3057,U8nMORSjyWqV0ZwJLf9Bpvs^2,1067.Pj/BA.301/BA010400/2026,PENGADAAN SPAREPARTS DAN JASA GENERAL OVERHAUL TURBOCHARGER ME & AE KEBUTUHAN DOCKING,2026-06-11,16,44,20,kesepakatan,"1,3,4,5,6,8,16",0,,full,,,,,,,,,,,,,,,,fifi,2026-07-06,linked,4981,1,,,,,,,,,,2,1,,
3058,Uxmur7sATwn96IyvGgOYJbHXE,0872.Pj/BA.301/BA010400/2026,PENGADAAN MATERIAL CAT KEBUTUHAN DOCKING,2026-05-13,142,44,6,kesepakatan,"1,3,4,5,7,8,16,18,19,24,27",O,,full,,,,,,,,,,,,,,,,fifi,2026-07-06,,0,1,,,,,,,,,,0,1,,
3059,*@Wsc!4Rg$xMarhCEteBopTSz,0999.SPK/BA.17/BA010102/2026,PENGADAAN BATTERY GRAB FOR CARGO CRANE,2026-07-01,153,2,7,onboard,"2,3,4,5,7,8,16",0,,full,,,,,,,proc,,,,,,,,,fifi,2026-07-06,,0,2,,,,,,,,,,0,1,,
3060,A3O$emREKsaz5fILvPcgiFT6D,1017.SPK/BA.302/BA010102/2026,PENGADAAN THREEWAY VALVE OF MAIN ENGINE,2026-07-02,36,3,12,onboard,"2,3,4,5,7,8,16",0,,,,,,,,,proc,,,,,,,,,fifi,2026-07-06,,0,2,,,,,,,,,,0,1,,
3061,gKlAadDY1eNEXjvWo8Z$b3IH9,1018.SPK/BA.202/BA010102/2026,PENGADAAN TOOL ENGINE,2026-07-02,100,0,10,onboard,"2,3,4,5,7,8,16",0,,ready,,,,,,,proc,,,,,,,,,fifi,2026-07-06,,0,2,,,,,,,,,,0,0,,
3062,JmtAsK96WF8X7ga@jV2uNMlHz,0997.SPK/BA.202/BA010102/2026,PENGADAAN CONSUMABLES DECK,2026-07-01,153,38,12,onboard,"2,3,4,5,7,8,16",0,,ready,,,,,,,proc,,,,,,,,,fifi,2026-07-06,,0,2,,,,,,,,,,0,0,,
3063,SyEglsVp68bUudK9NXMZxGmFI,0998.SPK/BA.202/BA010102/2026,PENGADAAN CONSUMABLES ENGINE,2026-07-01,2,38,10,onboard,"2,3,4,5,7,8,16",0,,ready,,,,,,,proc,,,,,,,,,fifi,2026-07-06,,0,2,,,,,,,,,,0,1,,
3064,vrqWnt@sVLYo5NaDx*34BHOi0,0675.SPK/TU.006/BA010102/2026,JASA PENGIRIMAN AMPRAHAN BULAN JUNI 2026,2026-07-02,165,0,30,kesepakatan,"2,3,4,5,8,16,25",0,,full,,,,,,,,,,,,,,,,fifi,2026-07-07,non-reimburse,0,4,,,,,,,,,,0,1,,
3065,Rp^81GxfWvFQVTn*j7P@kudsY,1003.SPK/BA.302/BA010102/2026,PENGADAAN SPAREPARTS CONCENTRIC VALVE ASSEMBLY (LP),2026-07-06,53,17,65,kesepakatan,"2,3,4,5,7,8,10,16,25",0,,,,,,,,,proc,,,,,,,,,fifi,2026-07-08,,0,2,,,,,,,,,,0,0,,
3066,ixQ@0wO8GbqKf5dvt9INz6Auk,1031.SPK/BA.17/BA010102/2026,PENGADAAN JASA REWINDING ELMOT FEED PUMP BOILER,2026-07-06,63,17,7,kesepakatan,"2,3,4,5,7,8,16,25",0,,full,,,,,,,proc,,,,,,,,,fifi,2026-07-08,,0,2,,,,,,,,,,0,1,,
3067,fULGYjK$7REDcshSWHy6gF!u*,1033.SPK/BA.17/BA010102/2026,PENGADAAN MOORING ROPE,2026-07-03,31,7,14,onboard,"2,3,4,5,7,14,16,18,19,24,27,28",0,,ready,,,,,,,proc,,,,,,,,,fifi,2026-07-08,,0,1,,,,,,,,,,0,0,,
3068,aty9DAdSIT^l3Cno!pG@VFuXU,1032.SPK/BA.17/BA010102/2026,PENGADAAN SPAREPARTS SOUNDING CAP,2026-07-06,43,32,7,onboard,"2,3,4,5,7,8,16,25",0,,,,,,,,,,,,,,,,,,fifi,2026-07-08,,0,2,,,,,,,,,,0,0,,
3069,wg6PfdFnc!oTjpJL4QyUXqBx1,1048.SPK/BA.7/BA010102/2026,PENGADAAN JASA PENGECEKAN BWTS,2026-07-07,128,32,4,onboard,"2,3,4,5,7,8,16,25,26",0,,full,,,,,,,proc,,,,,,,,,fifi,2026-07-09,non-reimburse,0,2,,,,,,,,,,0,1,,
3070,v0MNGnm17k$eyaQVjlicSwRqO,1056.SPK/BA.202/BA010102/2026,PENGADAAN CONSUMABLE ENGINE,2026-07-07,100,21,7,kesepakatan,"2,3,4,5,7,8,16,25",0,,,,,,,,,proc,,,,,,,,,fifi,2026-07-09,,0,2,,,,,,,,,,0,0,,
3071,@$eItGxHrM4j1ETvc8WpfqX5h,1057.SPK/BA.202/BA010102/2026,PENGADAAN CONSUMABLE ENGINE,2026-07-08,153,21,15,kesepakatan,"2,3,4,5,7,8,16,25",0,,,,,,,,,proc,,,,,,,,,fifi,2026-07-09,,0,2,,,,,,,,,,0,0,,
3072,K4vPUoAdhcjHl8u6nfFTy@$st,1055.SPK/BA.202/BA010102/2026,PENGADAAN BARANG STATIONERY DECK,2026-07-08,2,17,7,kesepakatan,"2,3,4,5,7,8,16,25",0,,full,,,,,,,proc,,,,,,,,,fifi,2026-07-09,,0,2,,,,,,,,,,0,1,,
3073,R6p1q4IOC*HFkE$smJQhnleuG,1042.SPK/BA.17/BA010102/2026,PENGADAAN MOORING ROPE,2026-07-07,31,17,14,onboard,"2,3,4,5,7,14,16,18,19,24,27,28",0,,full,,,,,,,proc,,,,,,,,,fifi,2026-07-09,,0,1,,,,,,,,,,0,1,,
3074,!Ty0Q$O7odKH1jpNmC@cgAYkr,1047.SPK/BA.17/BA010102/2026,PENGADAAN MOORING ROPE,2026-07-09,31,14,14,onboard,"2,3,4,5,7,14,16,18,19,24,27,28",0,,full,,,,,,,proc,,,,,,,,,fifi,2026-07-09,,0,1,,,,,,,,,,0,1,,
3075,OuN$^mqCXSsZW7Kelg!a2Tp@t,0849.SPK/BA.17/BA010102/2026,PENGADAAN SPAREPARTS FUEL VALVE OF MAIN ENGINE (GENUINE),2026-06-19,16,2,12,onboard,"2,3,4,5,7,8,13,16,25",0,,ready,,,,,,,proc,,,,,,,,,fifi,2026-07-10,,0,2,,,,,,,,,,0,0,,
3076,QOAivjxPhsJYucz8e70Gp@oCD,1166.Pj/BA.301/BA010400/2026,PENGADAAN SPAREPART AUXILIARY ENGINE YANMAR 6EY18AL (COM),2026-06-25,16,16,5,kesepakatan,"1,3,4,5,8,9,13,24",0,,full,,,,,,,,,,,,,,,,fifi,2026-07-10,,0,1,,,,,,,,,,0,1,,
3077,tMp@4E^eK6VDxv0XHh9*Z1PGC,1068.Pj/BA.301/BA010400/2026,PENGADAAN UNIT TURBOCHARGER AUXILIARY ENGINE (GENUINE),2026-06-11,16,44,30,kesepakatan,"1,3,4,5,7,9,13,16,18,19,24,27",0,,full,,,,,,,,,,,,,,,,fifi,2026-07-10,,0,1,,,,,,,,,,0,1,,
3078,dm8tj5Oq*EakX0BYHc@KSgPLT,1044.SPK/BA.302/BA010102/2026,PENGADAAN JASA FABRIKASI BELLOW EXHAUST MANIFOLD OF AUXILIARY ENGINE,2026-07-07,43,2,12,onboard,"2,3,4,5,7,8,16",0,,,,,,,,,proc,,,,,,,,,fifi,2026-07-14,,0,2,,,,,,,,,,0,0,,
3079,OTjeWDzN0fi$YqJxLw5PMGcKn,1029.SPK/BA.17/BA010102/2026,PENGADAAN MOORING ROPE,2026-07-03,31,4,14,onboard,"2,3,4,5,7,14,16,18,19,24,27,28",0,,ready,,,,,,,proc,,,,,,,,,fifi,2026-07-14,,0,1,,,,,,,,,,0,0,,
3080,AxaENH7Z4GYXj*3fKPe16Bzcl,1046.SPK/BA.302/BA010102/2026,PENGADAAN SPAREPARTS PURIFIER FO (GENUINE),2026-07-07,16,5,12,onboard,"2,3,4,5,7,8,16",0,,ready,,,,,,,proc,,,,,,,,,fifi,2026-07-14,,0,2,,,,,,,,,,0,0,,
3081,dU0J@pfn1ZrE!DQzNak^TF32S,1049.SPK/BA.202/BA010102/2026,PENGADAAN RUNNING STORE TUNNEL,2026-07-07,3,4,10,onboard,"2,3,4,5,7,8,16",0,,,,,,,,,proc,,,,,,,,,fifi,2026-07-14,non-reimburse,0,2,,,,,,,,,,0,0,,
3082,5be1ld!GH7UKYpn4m38qirg0W,1058.SPK/BA.17/BA010102/2026,PENGADAAN BARANG ELEKTRIK DAN BATTERY,2026-07-13,153,6,50,kesepakatan,"2,3,4,5,7,8,16",0,,,,,,,,,proc,,,,,,,,,fifi,2026-07-14,,0,2,,,,,,,,,,0,0,,
3083,DQve6kcWfdI94E@BVq8aT2tg*,1070.SPK/BA.302/BA010102/2026,PENGADAAN BARANG SPAREPARTS BOILER,2026-07-13,17,20,12,kesepakatan,"2,3,4,5,7,8,16",0,,ready,,,,,,,proc,,,,,,,,,fifi,2026-07-14,,0,2,,,,,,,,,,0,1,,
3084,kSL^VoTfyjbc82wPGR5UsE06h,1052.SPK/BA.202/BA010102/2026,PENGADAAN FILTER,2026-07-08,100,34,2,kesepakatan,"2,3,4,5,7,8,16,25",0,,full,,,,,,,proc,,,,,,,,,fifi,2026-07-14,linked,5062,2,,,,,,,,,,0,1,,
3085,rou7FNIc5Tl!W9^kv0fUC6qba,1066.SPK/BA.202/BA010102/2026,PENGADAAN BARANG RUNNING STORE,2026-07-13,100,7,7,kesepakatan,"2,3,4,5,7,8,16",0,,ready,,,,,,,proc,,,,,,,,,fifi,2026-07-14,,0,2,,,,,,,,,,0,0,,
3086,731*fH9xPGXO8jqkbo$Tws^4c,1067.SPK/BA.202/BA010102/2026,PENGADAAN BARANG RUNNING STORE,2026-07-13,2,7,12,kesepakatan,"2,3,4,5,7,8,16",0,,ready,,,,,,,proc,,,,,,,,,fifi,2026-07-14,,0,2,,,,,,,,,,0,0,,
3087,v2Dn1ePZQWLlta^hJ@qjmOr9u,1028.SPK/BA.17/BA010102/2026,PENGADAAN MOORING ROPE,2026-07-03,31,5,14,onboard,"1,3,4,5,7,14,16,18,19,24,27,28",0,,ready,,,,,,,proc,,,,,,,,,fifi,2026-07-14,,0,1,,,,,,,,,,0,0,,
3088,40BSZIla7ep$HR^JPj1EVhOQk,1027.SPK/BA.17/BA010102/2026,PENGADAAN MOORING ROPE,2026-07-03,31,31,14,onboard,"1,3,4,5,7,14,16,18,19,24,27,28",0,,,,,,,,,proc,,,,,,,,,fifi,2026-07-14,,0,1,,,,,,,,,,0,0,,
3089,mB*b3kr0nNSD@RHocsVAE8Xd7,1102.SPK/BA.7/BA010102/2026,INSPECT CAMSHAFT AUXILIARY ENGINE,2026-07-13,36,33,5,kesepakatan,"2,3,4,5,7,8,16,25",0,,,,,,,,,proc,,,,,,,,,fifi,2026-07-14,,0,2,,,,,,,,,,0,0,,
3090,X*LSgsq@eOuiYVAdz5Jo0xj63,1114.SPK/BA.202/BA010102/2026,PENGADAAN CAT DECK CONSUMABLE,2026-07-13,13,44,10,onboard,"2,3,4,5,7,8,16,25",0,,,,,,,,,proc,,,,,,,,,fifi,2026-07-14,,0,2,,,,,,,,,,0,0,,
3091,BSakpW3DH0VEjyt*FioZ7r1lm,1093.SPK/BA.17/BA010102/2026,PENGADAAN ELEKTRONIK DEPARTMENT DECK,2026-07-13,153,44,10,onboard,"2,3,4,5,7,8,16,25",0,,ready,,,,,,,,,,,,,,,,fifi,2026-07-14,,0,2,,,,,,,,,,0,0,,
3092,TfPr@N9oRbK$yIV0q*m^3h7Oz,1107.SPK/BA.202/BA010102/2026,PENGADAAN CONSUMABLE DECK,2026-07-13,2,44,5,onboard,"2,3,4,5,7,8,16,25",0,,ready,,,,,,,,,,,,,,,,fifi,2026-07-14,,0,2,,,,,,,,,,0,1,,
3093,X@EV2ez59AcMgw^WQqjbhpsJH,1112.SPK/BA.302/BA010102/2026,PENGADAAN STORE ENGINE (LO FILTER OF MAIN ENGINE),2026-07-13,68,38,18,onboard,"2,3,4,5,7,8,9,13,16",0,,,,,,,,,proc,,,,,,,,,fifi,2026-07-15,,0,2,,,,,,,,,,0,0,,
3094,ut*Nh^bPI!eJ$qpaC1dTKsUnE,1108.SPK/BA.17/BA010102/2026,PENGADAAN RUNNING STORE ENGINE,2026-07-13,153,38,14,onboard,"2,3,4,5,7,8,16",0,,,,,,,,,proc,,,,,,,,,fifi,2026-07-15,,0,2,,,,,,,,,,0,0,,
3095,y!r7H6tA8uWI9b3*wYDZkOhji,1120.SPK/BA.302/BA010102/2026,PENGADAAN BARANG SPAREPARTS COMPOSITE BOILER,2026-07-14,30,6,30,kesepakatan,"2,3,4,5,7,8,13,16",0,,,,,,,,,proc,,,,,,,,,fifi,2026-07-15,,0,2,,,,,,,,,,0,0,,
3096,PVvWHsnmlC5Q4AazYxKcI*Z!8,1110.SPK/BA.17/BA010102/2026,PENGADAAN DECK STORE (ALAT TULIS KANTOR),2026-07-13,153,2,10,onboard,"2,3,4,5,7,8,16",0,,,,,,,,,proc,,,,,,,,,fifi,2026-07-15,,0,2,,,,,,,,,,0,0,,
3097,FeD9sh5T4E80CM1tmwa7iufnH,1094.SPK/BA.17/BA010102/2026,PENGADAAN REFIL OXYGEN DAN LPG,2026-07-13,73,20,3,kesepakatan,"2,3,4,5,7,8,16",0,,,,,,,,,proc,,,,,,,,,fifi,2026-07-15,non-reimburse,0,2,,,,,,,,,,0,0,,
3098,uYFZX40A3wKHW9*QBDxclk7!I,1002.SPK/BA.302/BA010102/2026,PENGADAAN SPAREPART MAC CONCENTRIC VALVE,2026-07-13,53,17,65,kesepakatan,"2,3,4,5,7,8,10,16,25",0,,,,,,,,,proc,,,,,,,,,fifi,2026-07-16,,0,2,,,,,,,,,,0,0,,
3099,4C5@OTxAscnpKgDeV2rv*bkuz,1069.SPK/BA.17/BA010102/2026,"PENGADAAN JASA PERGANTIAN AC 0,5 PK",2026-07-13,5,14,5,onboard,"2,3,4,5,7,8,16,25,26",0,,full,,,,,,,proc,,,,,,,,,fifi,2026-07-16,non-reimburse,0,2,,,,,,,,,,0,1,,
3100,dMAFm8$3*fPQV9oqhsCR4DSa@,1051.SPK/BA.302/BA010102/2026,SPAREPARTS MAIN ENGINE (COM),2026-07-08,16,1,5,kesepakatan,"2,3,4,5,7,8,13,16,25",0,,ready,,,,,,,proc,,,,,,,,,fifi,2026-07-16,,0,2,,,,,,,,,,0,0,,
3101,yYeGsldPSrUOfCjR2Aa8Nwnqv,1154.Pj/BA.301/BA010400/2026,PENGADAAN SPAREPARTS OF STERNTUBE (AFT & FWD LINER) MERK ; KOBELCO KEMEL DX-500 (GENUINE COM),2026-06-23,37,2,14,kesepakatan,"1,3,4,5,6,7,9,13,16",0,,ready,,,,,,,,,,,,,,,,fifi,2026-07-21,,0,1,,,,,,,,,,0,0,,
3102,FwVfs64^DqN2v7bJuUWYP@1!5,1030.Pj/BA.301/BA010400/2026,PENGADAAN SPAREPART MAIN AIR COMPREDSSOR TANABE H-36,2026-06-08,37,16,7,kesepakatan,"1,3,4,5,8,10,16,24",0,,ready,,,,,,,,,,,,,,,,fifi,2026-07-21,,0,3,,,,,,,,,,0,0,,
3103,GAT^K397iUBshy$mCZ8pNRJk*,1031.Pj/BA.301/BA010400/2026,PENGADAAN SPAREPARTS AUXILIARY ENGINE DAIHATSU 5-DK20 (COM),2026-06-08,12,3,45,kesepakatan,"1,3,4,5,7,9,13,18,19,24,27",0,,,,,,,,,,,,,,,,,,fifi,2026-07-21,,0,1,,,,,,,,,,0,0,,
3104,uzy2v5e3p7U$fLTbStXg8!Mcm,1032.Pj/BA.301/BA010400/2026,PENGADAAN SPAREPARTS AUXILIARY ENGINE (COM) MAKER : DAIHATSU TYPE : 5DC-17,2026-06-08,12,1,45,kesepakatan,"1,3,4,5,7,9,13,18,19,24,27",0,,,,,,,,,,,,,,,,,,fifi,2026-07-21,,0,1,,,,,,,,,,0,0,,
3105,ABuP2sxa$0Qi!b5*6ektn^Jl4,1033.Pj/BA.301/BA010400/2026,PENGADAAN SPAREPARTS AUXILIARY ENGINE (COM) MAKER :DAIHATSU TYPE : 5-DK20,2026-06-08,12,3,60,kesepakatan,"1,3,4,5,7,9,13,16,18,19,24,27",0,,,,,,,,,,,,,,,,,,fifi,2026-07-21,,0,1,,,,,,,,,,0,0,,
3106,u*IrH2jog6a4y1izNY8Xq$Swh,1145.SPK/BA.101/BA010102/2026,PENGADAAN HULL ANODE FOR DOCKING,2026-07-17,143,13,7,kesepakatan,"2,3,4,5,7,8,16,25",0,,,,,,,,,proc,,,,,,,,,fifi,2026-07-22,,0,3,,,,,,,,,,0,0,,
3107,0*fVKB!RTdMy57GDL8b$aq4JW,1122.SPK/PR.202/BA010102/2026,PENGADAAN JASA REWINDING ELMOT BLOWER AC CENTRAL,2026-07-20,7,17,7,onboard,"2,3,4,5,7,8,16,25,26",0,,ready,,,,,,,proc,,,,,,,,,fifi,2026-07-22,non-reimburse,0,2,,,,,,,,,,0,0,,
3108,$iNzcrUa0InD4B@527RbeSC6t,1147.SPK/BA.17/BA010102/2026,PENGADAAN JASA FABRIKASI NUT DAN LOCK NUT GRAB,2026-07-20,43,6,10,kesepakatan,"2,3,4,5,7,8,16",0,,,,,,,,,proc,,,,,,,,,fifi,2026-07-22,,0,2,,,,,,,,,,0,0,,
3109,JuLZGl9kB3EFVyH05jNbSiYcM,1127.SPK/BA.17/BA010102/2026,PENGADAAN CONSUMABLE ELECTRICAL & LAMP,2026-07-15,104,33,5,kesepakatan,"2,3,4,5,7,8,16,25",0,,,,,,,,,proc,,,,,,,,,fifi,2026-07-22,,0,2,,,,,,,,,,0,0,,
3110,4^POiS1CQhldXt5aMUj6oA3eI,1144.SPK/BA.202/BA010102/2026,PENGADAAN CAT CONSUMABLE DECK & ENGINE,2026-07-21,13,32,10,onboard,"2,3,4,5,7,8,16,25",0,,,,,,,,,proc,,,,,,,,,fifi,2026-07-22,,0,2,,,,,,,,,,0,0,,
3111,sQcojA7ENiM$ntYaXbC1hpOUL,1142.SPK/BA.202/BA010102/2026,PENGADAAN DECK RUNNING STORES,2026-07-16,153,44,12,onboard,"2,3,4,5,7,8,16,25",0,,,,,,,,,proc,,,,,,,,,fifi,2026-07-22,,0,2,,,,,,,,,,0,0,,
3112,9sH2v6AIp^zYMLTm5nGlJN3KX,1169.SPK/BA.17/BA010102/2026,PENGADAAN BARANG RUNNING STORE CAT ANTIFOULING,2026-07-21,142,7,7,kesepakatan,"2,3,4,5,7,8,16",0,,ready,,,,,,,proc,,,,,,,,,fifi,2026-07-22,,0,2,,,,,,,,,,0,0,,
3113,Q@i8LmE*7SVec^NoZdqIKt1H!,1168.SPK/BA.17/BA010102/2026,PENGADAAN BARANG RUNNING STORE CAT,2026-07-21,13,7,12,kesepakatan,"2,3,4,5,7,8,16",0,,,,,,,,,proc,,,,,,,,,fifi,2026-07-22,,0,2,,,,,,,,,,0,0,,
3114,BI1j4Rl!dy^fF*kzpghtaU9wP,1164.SPK/BA.17/BA010102/2026,PENGADAAN MATERIAL CAT,2026-07-20,13,17,14,kesepakatan,"2,3,4,5,7,8,16,25",0,,,,,,,,,proc,,,,,,,,,fifi,2026-07-22,,0,2,,,,,,,,,,0,0,,
3115,9leW6Zs@S0K^FdfC4r$wg7u1T,1163.SPK/BA.302/BA010102/2026,PENGADAAN SPAREPART MAC CONROD & CYLINDER LINER,2026-07-22,53,17,130,kesepakatan,"2,3,4,5,7,8,16,25",0,,,,,,,,,proc,,,,,,,,,fifi,2026-07-22,,0,2,,,,,,,,,,0,0,,
3116,iSAIETXe6ko$uMf5lzF8dbHgL,C.1510/PR.103/Div.Rendalhar-2026,PENGADAAN PENGURUSAN SERTIFIKAT DISPENSASI KLAS,2026-07-07,80,14,14,kesepakatan,"2,3,4,5,8,16",0,,full,,,,,,,proc,,,,,,,,,fifi,2026-07-22,non-reimburse,0,2,,,,,,,,,,0,0,,
3117,AmvL0MjNXbK@ocu6hWTtUHD1S,1161.SPK/BA.17/BA010102/2026,PENGADAAN MOORING ROPE,2026-07-23,31,1,14,kesepakatan,"1,3,4,5,7,14,16,18,19,24,27,28, 29",0,,ready,,,,,,,proc,,,,,,,,,fifi,2026-07-23,,0,1,,,,,,,,,,0,0,,
3118,crN!27ZWPQqv9kA@0niyh5p8T,1129.SPK/BA.101/BA010102/2026,PENGADAAN RANTAI JANGKAR & KENTER SHACKLE,2026-07-22,84,16,7,onboard,"2,3,4,5,7,8,16,28",0,,ready,,,,,,,proc,,,,,,,,,fifi,2026-07-23,non-reimburse,0,3,,,,,,,,,,0,0,,
3119,6Aq^JtGEpNI5*7h1lR$!Hyivb,1170.SPK/BA.302/BA010102/2026,PENGADAAN BARANG SOLENOID VALVE MAIN ENGINE,2026-07-22,17,7,9,kesepakatan,"2,3,4,5,7,8,10,16",0,,,,,,,,,proc,,,,,,,,,fifi,2026-07-23,,0,2,,,,,,,,,,0,0,,
3120,@GT*wt3a7QsZzF^bc0qRKgUNO,1160.SPK/BA.17/BA010102/2026,JASA PERBAIKAN & FABRIKASI KEBUTUHAN KAPAL,2026-07-23,5,8,3,kesepakatan,"2,3,4,5,7,8,16,25,26",0,,,,,,,,,proc,,,,,,,,,fifi,2026-07-23,non-reimburse,0,2,,,,,,,,,,0,0,,
3121,uSfWo!mz3RPg$vBZD*rMNinlU,1150.SPK/BA.17/BA010102/2026,COMPRESSOR AC ECR,2026-07-23,7,3,3,kesepakatan,"2,3,4,5,7,8,16,25",0,,ready,,,,,,,proc,,,,,,,,,fifi,2026-07-23,non-reimburse,0,2,,,,,,,,,,0,0,,
3122,^UqoY9Pd0RS3vILCHN7VJTwGX,1149.SPK/BA.17/BA010102/2026,PENGADAAN PLAT & PIPA,2026-07-23,2,1,10,kesepakatan,"2,3,4,5,7,8,16,25",0,,ready,,,,,,,proc,,,,,,,,,fifi,2026-07-23,,0,2,,,,,,,,,,0,0,,
3123,sA@rq7iwgjR0kPYeMcQN!E3Uv,1159.SPK/BA.202/BA010102/2026,ACCESSORIES HEADS FOR DECK SCALER KP 120,2026-07-23,104,1,6,kesepakatan,"2,3,4,5,7,8,16,25",0,,,,,,,,,proc,,,,,,,,,fifi,2026-07-23,,0,2,,,,,,,,,,0,0,,
3124,U9qbyIVP^fONM6Rr$xXdjA*gS,C.1511/PR.103/DIV.RENDALHAR-2026,PENGADAAN JASA PERBAIKAN KACA ANJUNGAN,2026-07-23,52,7,7,kesepakatan,"2,3,4,5,7,8,16",0,,full,,,,,,,proc,,,,,,,,,fifi,2026-07-23,,0,2,,,,,,,,,,0,1,,
3125,cReY3u20MV^qa!gL$Bzl18QCw,1187.SPK/BA.202/BA010102/2026,PENGADAAN RUNNING STORES DECK,2026-07-23,100,32,5,onboard,"2,3,4,5,7,8,16,25",0,,ready,,,,,,,proc,,,,,,,,,fifi,2026-07-23,,0,2,,,,,,,,,,0,0,,
3126,JI!7*4Pn^kh6yFLqjCf9i1BX8,0936.SPK/BA.202/BA010102/2026,SPARE ELECTRIC SCALLING MACHINE,2026-07-23,104,1,6,kesepakatan,"2,3,4,5,7,8,16,25",0,,,,,,,,,proc,,,,,,,,,fifi,2026-07-23,,0,2,,,,,,,,,,0,0,,
3127,ck1quV3xw7gMaoNr0ERXTid$v,1109.SPK/BA.302/BA010102/2026,PENGADAAN BALL BEARING ALL ELMOT,2026-07-24,100,2,12,onboard,"2,3,4,5,7,8,16",0,,,,,,,,,,,,,,,,,,fifi,2026-07-24,,0,2,,,,,,,,,,0,0,,
3128,pwRnHgZPVYNyzC3GTtjIEK@S9,1224.SPK/BA.202/BA010102/2026,PENGADAAN RUNNING STORE DECK,2026-07-28,100,32,5,onboard,"2,3,4,5,7,8,16,25",0,,ready,,,,,,,proc,,,,,,,,,fifi,2026-07-28,,0,2,,,,,,,,,,0,0,,
3129,IeNkZcundE2Rv^AlLzO953m*r,1198.SPK/BA.302/BA010102/2026,PENGADAAN SPAREPARTS SOUNDING CAP & PIPE,2026-07-28,43,32,10,onboard,"2,3,4,5,7,8,16,25",0,,,,,,,,,proc,,,,,,,,,fifi,2026-07-28,,0,2,,,,,,,,,,0,0,,
3130,pd2Vtg6PHl*O@BmW$zZ9UAwG5,1217.SPK/BA.202/BA010102/2026,PENGADAAN REFILL OXYGEN DAN LPG,2026-07-28,73,32,3,kesepakatan,"2,3,4,5,7,8,16",0,,,,,,,,,proc,,,,,,,,,fifi,2026-07-28,non-reimburse,0,2,,,,,,,,,,0,0,,
3131,OoGBXKkIYj1D6JpsgaUN*HwV0,1204.SPK/BA.17/BA010102/2026,PENGADAAN ELECTRICAL RUNNING STORE ENGINE,2026-07-28,3,32,5,onboard,"2,3,4,5,7,8,16,25",0,,,,,,,,,proc,,,,,,,,,fifi,2026-07-28,,0,2,,,,,,,,,,0,0,,
3132,g7puPLX18@3v6kNxZEaAnJDWf,1197.SPK/PR.202/BA010102/2026,JASA PERBAIKAN & FABRIKASI KEBUTUHAN KAPAL,2026-07-24,26,8,3,kesepakatan,"2,3,4,5,7,8,16,26",0,,full,,,,,,,proc,,,,,,,,,fifi,2026-07-28,non-reimburse,0,2,,,,,,,,,,0,0,,
3133,U$NKz5e@RBapTXcrmjPCA461E,1148.SPK/BA.202/BA010102/2026,RUNNING STORE DECK,2026-07-28,153,1,12,kesepakatan,"2,3,4,5,7,8,16,25",0,,,,,,,,,proc,,,,,,,,,fifi,2026-07-28,,0,2,,,,,,,,,,0,0,,
3134,pUf8Ev@Wqrmao7dSlGhxVPekc,1196.SPK/BP.103/BA010102/2026,JASA INSPEKSI ALAT DAN PELATIHAN LAPANGAN,2026-07-28,131,16,3,kesepakatan,"2,3,4,5,7,8,16,26",0,,,,,,,,,proc,,,,,,,,,fifi,2026-07-28,non-reimburse,0,2,,,,,,,,,,0,0,,
3135,ROA!tv82073mgi9HXkNjeZa^J,0070.SPBJ/PR.103/BA010400/2025,PENGADAAN SPAREPARTS REXPELLER (STARBOARD & PORT SIDE),2025-06-23,37,5,370,kesepakatan,"1,3,4,5,13,16,18,19,24,27",0,,ready,,,,,,,,,,,,,,,,fifi,2026-07-28,,0,1,,,,,,,,,,0,0,,
3136,s24IZ7eOpaCEhNR3J^GriS0A!,1250.SPK/BA.302/BA010102/2026,PENGADAAN SPARE PART DECK CRANE,2026-07-30,17,44,30,kesepakatan,"2,3,4,5,7,8,10,16",0,,,,,,,,,proc,,,,,,,,,fifi,2026-07-30,,0,2,,,,,,,,,,0,0,,
3137,WvfZ28Szxsbtp7FUT@1GX!CeQ,1203.SPK/BA.202/BA010102/2026,PENGADAAN RUNNING STORE ENGINE,2026-07-23,2,32,7,onboard,"2,3,4,5,7,8,16,25",0,,,,,,,,,proc,,,,,,,,,fifi,2026-07-30,,0,2,,,,,,,,,,0,0,,
3138,haPoN!GZqEz4BmwARjrXe5iM1,1246.SPK/BA.17/BA010102/2026,PENGADAAN BARANG RUNNING STORE CAT,2026-07-29,13,29,12,kesepakatan,"2,3,4,5,7,8,16",0,,,,,,,,,proc,,,,,,,,,fifi,2026-07-30,,0,2,,,,,,,,,,0,0,,
3139,d6SAsZ9Jjet4mLvxcPODkQru$,1237.SPK/BA.17/BA010102/2026,PENGADAAN MOORING ROPE,2026-07-28,31,29,14,onboard,"1,3,4,5,7,14,16,18,19,24,27,28",0,,,,,,,,,proc,,,,,,,,,fifi,2026-07-30,,0,1,,,,,,,,,,0,0,,
3140,5nVmTGDxO9CAa2cgrHIJLfWvl,1223.SPK/BA.202/BA010102/2026,PENGADAAN BARANG GUDANG MERAK,2026-07-27,3,0,5,kesepakatan,"2,3,4,5,7,8,16,25",0,,,,,,,,,,,,,,,,,,fifi,2026-07-31,,0,4,,,,,,,,,,0,0,,
3141,Dji9qt0GWzIUsakOZT15fQrPe,1257.SPK/BA.302/BA010102/2026,PENGADAAN SPAREPARTS FILTER & GASKET AE YANMAR 6EY18AL,2026-07-31,17,16,15,onboard,"2,3,4,5,7,8,10,16,25",0,,,,,,,,,proc,,,,,,,,,fifi,2026-07-31,,0,2,,,,,,,,,,0,0,,
3142,cEpXoziV$ZNHLrJm7UgsSIAQT,1218.SPK/BA.202/BA010102/2026,PENGADAAN REFILL OXYGEN & REFILL LPG,2026-07-31,80,4,7,onboard,"2,3,4,5,8,16",0,,,,,,,,,proc,,,,,,,,,fifi,2026-07-31,non-reimburse,0,2,,,,,,,,,,0,0,,
3143,8Ag3BiIThW!e1SxnCMkc0RGFa,1219.SPK/BA.202/BA010102/2026,PENGADAAN REFILL OXYGEN & REFILL LPG,2026-07-31,80,5,7,onboard,"2,3,4,5,8,16",0,,,,,,,,,proc,,,,,,,,,fifi,2026-07-31,non-reimburse,0,2,,,,,,,,,,0,0,,
3144,3blNnVix7p9kqhwWgtYQ8oO^U,1216.SPK/BA.17/BA010102/2026,PENGADAAN RUNNING STORE DECK (CAT & THINNER),2026-07-31,13,2,12,onboard,"2,3,4,5,7,8,16",0,,,,,,,,,proc,,,,,,,,,fifi,2026-07-31,,0,2,,,,,,,,,,0,0,,
3145,ozHvTQ^glWqPCIh79mUKA@3a1,1174.SPK/BA.302/BA010102/2026,PENGADAAN SPAREPARTS PLATE HEAT EXCHANGER (LT) NO 1,2026-07-31,30,5,40,onboard,"2,3,4,5,7,8,16",0,,,,,,,,,proc,,,,,,,,,fifi,2026-07-31,,0,2,,,,,,,,,,0,0,,
3146,azQ16v58MHZcGd7!tpx9Die0P,1241.SPK/BA.7/BA010102/2026,PENGADAAN PENGURUSAN SERTIFIKAT DISPENSASI KLAS,2026-07-31,80,5,2,onboard,"2,3,4,5,8",0,,,,,,,,,proc,,,,,,,,,fifi,2026-08-03,non-reimburse,0,2,,,,,,,,,,0,0,,
3147,lxs4@y9hBIaZU7Fv3mDiwHMWA,1220.SPK/BA.302/BA010102/2026,ADDITIONAL PENGADAAN SPAREPARTS TURBOCHARGER OF AUXILIARY ENGINE (EX AE NO 3),2026-07-31,57,2,12,onboard,"2,3,4,5,7,8,16",0,,,,,,,,,proc,,,,,,,,,fifi,2026-08-03,,0,2,,,,,,,,,,0,0,,
3148,CFV3jz@OGlokDp2KafL$QJswv,1236.SPK/BA.17/BA010102/2026,PENGADAAN MOORING ROPE,2026-07-31,31,38,14,onboard,"1,3,4,5,7,14,16,18,19,24,27,28",0,,,,,,,,,proc,,,,,,,,,fifi,2026-08-03,,0,1,,,,,,,,,,0,0,,
3149,c7yiWf4^m0A6xwDUesZl*JChb,1221.SPK/BA.17/BA010102/2026,PENGADAAN WIRE LUFFING & WIRE HOISTING (CARGO CRANE),2026-07-31,17,2,40,onboard,"1,3,4,5,7,14,16,18,19,24,27,28",0,,,,,,,,,proc,,,,,,,,,fifi,2026-08-03,,0,1,,,,,,,,,,0,0,,
3150,Zl0C^D7$eSWGa8!@HKB6iOF1V,1258.SPK/BA.302/BA010102/2026,PENGADAAN SPAREPART EXHAUST VALVE LOWER OF MAIN ENGINE (COO),2026-08-04,17,31,7,onboard,"2,3,4,5,7,8,16",0,,,,,,,,,proc,,,,,,,,,fifi,2026-08-04,,0,2,,,,,,,,,,0,0,,
3151,rUPfS0am61bpo*j8O!n2BDQyz,1260.SPK/BP.003/BA010102/2026,PENGADAAN JASA DISMANTLE & AINSPEKSI TURBOCHARGER (EX. AUXILIARY ENGINE #1),2026-08-04,57,2,22,onboard,"2,3,4,5,7,8,16,26",0,,,,,,,,,proc,,,,,,,,,fifi,2026-08-04,,0,2,,,,,,,,,,0,0,,
3152,x7i!1Wbhc*odusUzZ3kwpny5$,1242.SPK/BA.101/BA010102/2026,PENGADAAN SPAREPARTS AUXILIARY ENGINE KUALITAS GENUINE UNTUK KEBUTUHAN DOCKING,2026-08-04,68,27,125,kesepakatan,"2,3,4,5,7,8,16",0,,,,,,,,,proc,,,,,,,,,fifi,2026-08-04,,0,3,,,,,,,,,,0,0,,
3153,VCIau8*doAOP1pKRckwsjyE2g,C.2533/PR.103/DIV.RENDALHAR,PERIZINAN PELAKSANAAN UNDERWATER SURVEY,2026-08-04,71,6,20,kesepakatan,"2,3,4,5,7,8,16",0,,,,,,,,,proc,,,,,,,,,fifi,2026-08-04,,0,3,,,,,,,,,,0,0,,
3154,BGK14P$zrDAF^g0uLThiECto2,1283.SPK/BA.17/BA010102/2026,PENGADAAN BARANG FO TRANSFER PUMP,2026-08-04,30,6,130,kesepakatan,"2,3,4,5,7,8,9,16",0,,,,,,,,,proc,,,,,,,,,fifi,2026-08-04,,0,2,,,,,,,,,,0,0,,
3155,umv6qf3!bpnELWGV2KZzSFNkY,1266.SPK/BA.17/BA010102/2026,PENGADAAN BARANG ELMOT MAIN AIR COMPRESSOR,2026-08-04,30,7,20,kesepakatan,"2,3,4,5,7,8,10,16",0,,,,,,,,,proc,,,,,,,,,fifi,2026-08-04,,0,2,,,,,,,,,,0,0,,
3156,j0EU$a3nQpyd7XI5TBcwNkxVg,C.1225/PR.103/DIV.RENDALHAR-2026,PENGADAAN JASA FABRIKASI COVER INTERCOOLER AUXILIARY ENGINE,2026-08-04,52,7,10,kesepakatan,"2,3,4,5,7,8,16,26",0,,,,,,,,,proc,,,,,,,,,fifi,2026-08-04,non-reimburse,0,2,,,,,,,,,,0,0,,
3157,TngYOAPDN$2l96zpIs@8^RXBJ,1190.SPK/BA.17/BA010102/2026,PENGADAAN ELECTRICAL & FILTER,2026-07-31,100,25,7,kesepakatan,"2,3,4,5,7,8,16,25",0,,,,,,,,,proc,,,,,,,,,fifi,2026-08-04,,0,2,,,,,,,,,,0,0,,
3158,K0OdXlV@7n3^HuJQZPrejITD8,1292.SPK/BA.17/BA010102/2026,PENGADAAN BARANG RUNNING STORE,2026-08-04,3,29,6,kesepakatan,"2,3,4,5,7,8,16",0,,,,,,,,,proc,,,,,,,,,fifi,2026-08-04,,0,2,,,,,,,,,,0,0,,
3159,5yKDcBx61@PAqGilvC2YJgtEn,1188.SPK/BA.17/BA010102/2026,PENGADAAN UPS & CONSUMABLE DECK,2026-07-31,2,17,25,kesepakatan,"2,3,4,5,7,8,16,25",0,,,,,,,,,proc,,,,,,,,,fifi,2026-08-04,,0,2,,,,,,,,,,0,0,,
3160,myO4Q2FqRrWHlVCaosxvAKtfp,1303.Pj/BA.301/BA010400/2026,PENGADAAN SPAREPART & JASA GENERAL OVERHAUL AE YANMAR 6EY18AL,2026-07-10,17,16,20,kesepakatan,"1,3,4,5,8,10,24,29",0,,ready,,,,,,,,,,,,,,,,fifi,2026-08-04,,0,1,,,,,,,,,,0,0,,
3161,DbFr^AN6$X8tq!KQgYiy0xesw,1168.Pj/BA.301/BA010400/2026,PENGADAAN SPAREPARTS MAIN ENGINE YANMAR 6EY17W (COM),2026-06-25,17,42,35,kesepakatan,"1,3,4,5,7,9,13,18,19,24,27,29",0,,ready,,,,,,,,,,,,,,,,fifi,2026-08-04,,0,1,,,,,,,,,,0,0,,
3162,Ig$RVnScBPi0zO@!dj^QxvGX9,1179.Pj/BA.301/BA010400/2026,PENGADAAN SPAREPARTS MAIN ENGINE YANMAR 6EY17W (COM),2026-06-25,17,23,35,kesepakatan,"1,3,4,5,7,9,13,18,19,24,27,29",0,,ready,,,,,,,,,,,,,,,,fifi,2026-08-04,,0,1,,,,,,,,,,0,0,,
3163,k7*NxcKwXM5yZeHUTPhLqvVfj,1291.Pj/BA.301/BA010400/2026,PENGADAAN MATERIAL RUBBER HATCH COVER,2026-07-09,17,16,15,kesepakatan,"1,3,4,5,8,10,24",0,,ready,,,,,,,,,,,,,,,,fifi,2026-08-04,,0,3,,,,,,,,,,0,0,,
3164,vnQC3J4bm5EUx9d$Yijecftpz,1259.SPK/BP.003/BA010102/2026,PENGADAAN BARANG DAN JASA UPGRADING PLC OF UNLOADING CONVEYOR (CCR & ECR),2026-08-04,7,5,40,onboard,"2,3,4,5,7,8,16,26",0,,,,,,,,,proc,,,,,,,,,fifi,2026-08-04,non-reimburse,0,2,,,,,,,,,,0,0,,
3165,1Lhgot8weGX6xJS2QWI!*VD3T,1045.SPK/PR.202/BA010102/2026,JASA PERBAIKAN GEARBOX FORWARDING CONVEYOR,2026-08-04,17,5,7,onboard,"2,3,4,5,7,8,16",0,,,,,,,,,proc,,,,,,,,,fifi,2026-08-04,non-reimburse,0,2,,,,,,,,,,0,0,,
3166,HvQSxD1VWKZsi35$eyqUGE4MO,1248.SPK/BA.17/BA010102/2026,PENGADAAN CAT MAINTENANCE DECK,2026-08-04,142,38,15,onboard,"2,3,4,5,7,8,16",0,,,,,,,,,proc,,,,,,,,,fifi,2026-08-04,,0,2,,,,,,,,,,0,0,,
3167,pZmynaB8fSN5dqrsP^T3XYJxW,1247.SPK/BA.17/BA010102/2026,PENGADAAN CAT MAINTENANCE DECK,2026-08-04,142,34,15,onboard,"2,3,4,5,7,8,16",0,,,,,,,,,proc,,,,,,,,,fifi,2026-08-04,,0,2,,,,,,,,,,0,0,,
3168,^0@OIriJ93$oFfY6v4k12MgKt,1261.SPK/BA.17/BA010102/2026,PENGADAAN RUNNING STORE DECK (SHACKLE FOR FENDER),2026-08-04,2,2,10,onboard,"2,3,4,5,7,8,14,16",0,,,,,,,,,proc,,,,,,,,,fifi,2026-08-04,,0,2,,,,,,,,,,0,0,,
3169,vkT9oLDQWuz0xtbysRJ!lp@Ij,1249.SPK/BA.17/BA010102/2026,PENGADAAN RUNNING STORE DECK  (WIRE ACCOMODATION & PILOT LADDER),2026-08-04,100,2,7,onboard,"2,3,4,5,7,8,14,15,16",0,,,,,,,,,proc,,,,,,,,,fifi,2026-08-04,,0,2,,,,,,,,,,0,0,,
3170,xBA8TmWbd94waX5kfEtMSv7ng,1263.SPK/BA.101/BA010102/2026,PENGADAAN JASA OVERHAUL & KALIBRASI GOVERNOR AUXILIARY ENGINE,2026-08-04,93,16,14,onboard,"2,3,4,5,7,8,16,26",0,,,,,,,,,proc,,,,,,,,,fifi,2026-08-05,non-reimburse,0,2,,,,,,,,,,0,0,,
3171,GFTjIhSHUkLN$4atoQng02XYc,1310.SPK/BA.202/BA010102/2026,PENGADAAN BARANG SPAREPARTS ALPHA LUBRICATOR (DOCKING),2026-08-05,17,20,25,kesepakatan,"2,3,4,5,7,8,10,16",0,,,,,,,,,proc,,,,,,,,,fifi,2026-08-05,,0,3,,,,,,,,,,0,0,,
3172,!OTItz9fxX6gkAerGMmDN8K^H,1311.SPK/BA.17/BA010102/2026,PENGADAAN CAT FOR MAINTENANCE DECK,2026-08-05,13,31,14,onboard,"2,3,4,5,7,8,16",0,,,,,,,,,proc,,,,,,,,,fifi,2026-08-05,,0,2,,,,,,,,,,0,0,,
3173,SpeX43@6A1W52yF!Dq9*da7$8,1300.SPK/BA.302/BA010102/2026,PENGADAAN SPAREPARTS MAIN ENGINE (GENUINE),2026-08-05,30,31,35,onboard,"2,3,4,5,7,8,9,16",0,,,,,,,,,proc,,,,,,,,,fifi,2026-08-05,,0,2,,,,,,,,,,0,0,,
