Nomor SPK,Tanggal SPK,Nama Kapal,Jumlah Jenis Item,Daftar Uraian Barang,Daftar Part Number,Daftar Qty & Satuan,Rincian Lengkap Barang
0994.SPK/BA.302/BA010102/2026,2026-07-01,Malahayati Baruna,1,"1. PUMP ASSY, INJECTION",1. OLD PN 746673-51104 NEW PN 746673-51108,1. 6 set,"1. PUMP ASSY, INJECTION [PN: OLD PN 746673-51104 NEW PN 746673-51108] (6 set)"
1005.SPK/BA.17/BA010102/2026,2026-07-02,Latifah Baruna,3,"1. UMEGUARD SX REDDISH
2. UMEGUARD SX GREY
3. UMEGUARD SX HARDWARE","1. -
2. -
3. INCLUDE NI 1&2","1. 540 kg
2. 540 kg
3. 0 kg","1. UMEGUARD SX REDDISH (540 kg)
2. UMEGUARD SX GREY (540 kg)
3. UMEGUARD SX HARDWARE [PN: INCLUDE NI 1&2] (0 kg)"
0991.SPK/BA.101/BA010102/2026,2026-07-01,Martha Baruna,2,"1. JASA ULTRASONIC THICKNES MEASUREMENT
2. REPORTING","1. -
2. -","1. 1 lot
2. 1 lot","1. JASA ULTRASONIC THICKNES MEASUREMENT (1 lot)
2. REPORTING (1 lot)"
0990.SPK/BA.17/BA010102/2026,2026-07-01,Rasuna Baruna,2,"1. CANVAS BRAKE LINNING
2. ACCESSORIES","1. -
2. -","1. 25 roll
2. 3 pcs","1. CANVAS BRAKE LINNING (25 roll)
2. ACCESSORIES (3 pcs)"
1000.SPK/PR.202/BA010102/2026,2026-07-01,Adhiguna Tarahan,2,"1. JASA RECASTING RUBBER SPIROFLEX
2. BIAYA TRANSPORTASI","1. -
2. -","1. 4 pcs
2. 1 lot","1. JASA RECASTING RUBBER SPIROFLEX (4 pcs)
2. BIAYA TRANSPORTASI (1 lot)"
0995.SPK/BA.302/BA010102/2026,2026-07-01,Kencana Baruna,3,"1. PISTON LP
2. PISTON HP
3. CYLINDER HEAD","1. 3382
2. 3398
3. 1255","1. 2 pcs
2. 2 pcs
3. 1 set","1. PISTON LP [PN: 3382] (2 pcs)
2. PISTON HP [PN: 3398] (2 pcs)
3. CYLINDER HEAD [PN: 1255] (1 set)"
1009.SPK/BA.302/BA010102/2026,2026-07-02,Martha Baruna,4,"1. CRANK SHAFT
2. OIL FILTER ELEMENT
3. BALANCE WEIGHT BOLT
4. BALANCE WEIGHT","1. -
2. FO-401
3. SCM435
4. FCD400","1. 2 pcs
2. 10 pcs
3. 8 pcs
4. 4 pcs","1. CRANK SHAFT (2 pcs)
2. OIL FILTER ELEMENT [PN: FO-401] (10 pcs)
3. BALANCE WEIGHT BOLT [PN: SCM435] (8 pcs)
4. BALANCE WEIGHT [PN: FCD400] (4 pcs)"
0996.SPK/BA.302/BA010102/2026,2026-07-01,Sartika Baruna,4,"1. PISTON RING SET
2. CYLINDER LINER
3. BOSCH PUMP UNIT
4. FUEL OIL INJECTION DEVICE","1. -
2. E265080020
3. E266480040
4. E26628","1. 5 set
2. 3 pcs
3. 1 set
4. 4 set","1. PISTON RING SET (5 set)
2. CYLINDER LINER [PN: E265080020] (3 pcs)
3. BOSCH PUMP UNIT [PN: E266480040] (1 set)
4. FUEL OIL INJECTION DEVICE [PN: E26628] (4 set)"
0992.SPK/BA.101/BA010102/2026,2026-07-01,Malahayati Baruna,15,"1. Overhaul, Bench Test and Calibration
2. Service of Speed Setting Device
3. Dismounting, Mounting, Transport & Commissioning
4. Dismounting, Mounting, Transport & Servicing
5. Kit RHD
6. PV Plunger Assy
7. Drive Shaft
8. Bushing Terminal Shaft
9. Floating Lever
10. Droop Bracket
11. Oil Gauge
12. - Servo Motor Kit
13. - Linkage Set
14. Bearing Driving Gear Device
15. DISKON","1. -
2. -
3. -
4. -
5. -
6. -
7. -
8. -
9. -
10. -
11. -
12. -
13. -
14. -
15. -","1. 3 Unit
2. 3 Unit
3. 3 Unit
4. 3 Unit
5. 3 Set
6. 3 Pc
7. 3 Pc
8. 6 Pc
9. 3 Pc
10. 3 Pc
11. 3 Pc
12. 3 Set
13. 3 Set
14. 6 Pc
15. 1 lot","1. Overhaul, Bench Test and Calibration (3 Unit)
2. Service of Speed Setting Device (3 Unit)
3. Dismounting, Mounting, Transport & Commissioning (3 Unit)
4. Dismounting, Mounting, Transport & Servicing (3 Unit)
5. Kit RHD (3 Set)
6. PV Plunger Assy (3 Pc)
7. Drive Shaft (3 Pc)
8. Bushing Terminal Shaft (6 Pc)
9. Floating Lever (3 Pc)
10. Droop Bracket (3 Pc)
11. Oil Gauge (3 Pc)
12. - Servo Motor Kit (3 Set)
13. - Linkage Set (3 Set)
14. Bearing Driving Gear Device (6 Pc)
15. DISKON (1 lot)"
1016.SPK/BA.202/BA010102/2026,2026-07-02,Jayanti Baruna,18,"1. BALL BEARING for cargo hold, ME Gearbox LO pump, Air CONDITIONING COMP RR
2. BALL BEARING for FO purifier, Daily bilge pp, Sludge ff pp, sewage ff pp, Hot water circ pp
3. BALL BEARING for ME LO Purifier, Daily bilge pp, sludge ff pp, sewage ff pp, ME FO circ pp, ME exh gas fan
4. BALL BEARING for sewage transfer pump, FO PURIFIER
5. BALL BEARING for FO Transfer pp, ME LO Purifier, FW hydrophone pp
6. BALL BEARING for Ballast Pp, Main Cooling SW pp, ME HT CW stand by pp, LT CW stand by pp
7. BALL BEARING for Aux cooling FW pump
8. BALL BEARING Emergency fire pump, ME LO stand by pump, Emergency fire pump
9. BALL BEARING for ME LO stand by pump
10. BALL BEARING for Fire, bilge & GS pp, Cargo chiller FW circulation pp, Chiller Unit Cooling SW pp
11. BALL BEARING for Cargo chiller FW circulation pp, Chiller Unit Cooling SW pp
12. BALL BEARING for Deck Water Spray pump
13. BALL BEARING for Galley exhaust fan
14. BALL BEARING for ME LO Purifier, Sewage discharge PP
15. BALL BEARING for VRC hydraulic pp
16. BEARING ELECTROMOTOR AC COMPRESSOR
17. BEARING ELECTROMOTOR AC COMPRESSOR
18. BEARING ELECTROMOTOR FOR BLOWER FAN","1. 6312 (NTN/FAG)
2. 6204 ZZ C3 (NTN/FAG)
3. 6205 ZZ C3 (NTN/FAG)
4. 6305 ZZ C3 (NTN/FAG)
5. 6306 ZZ C3 (NTN/FAG)
6. 6309ZZ C3 (NTN/FAG)
7. 6311 ZZ C3 (NTN/FAG)
8. 6312 ZZ C3 (NTN/FAG)
9. 6313 ZZ C3 (NTN/FAG)
10. 6314 C3 (NTN/FAG)
11. 6315 C3 (NTN/FAG)
12. 6316 C3 (NTN/FAG)
13. 6205-2RSH (SKF)
14. 6205-ZZ (NTN/FAG)
15. 6206-DDU/C3 (NTN/FAG)
16. 6312-/C3 (NTN/FAG)
17. 6313-/C3 (NTN/FAG)
18. 6309 (NTN/FAG)","1. 5 PCS
2. 6 PCS
3. 12 PCS
4. 2 PCS
5. 10 PCS
6. 14 PCS
7. 4 PCS
8. 4 PCS
9. 2 PCS
10. 8 PCS
11. 4 PCS
12. 4 PCS
13. 2 PCS
14. 2 PCS
15. 4 PCS
16. 2 PCS
17. 2 PCS
18. 4 PCS","1. BALL BEARING for cargo hold, ME Gearbox LO pump, Air CONDITIONING COMP RR [PN: 6312 (NTN/FAG)] (5 PCS)
2. BALL BEARING for FO purifier, Daily bilge pp, Sludge ff pp, sewage ff pp, Hot water circ pp [PN: 6204 ZZ C3 (NTN/FAG)] (6 PCS)
3. BALL BEARING for ME LO Purifier, Daily bilge pp, sludge ff pp, sewage ff pp, ME FO circ pp, ME exh gas fan [PN: 6205 ZZ C3 (NTN/FAG)] (12 PCS)
4. BALL BEARING for sewage transfer pump, FO PURIFIER [PN: 6305 ZZ C3 (NTN/FAG)] (2 PCS)
5. BALL BEARING for FO Transfer pp, ME LO Purifier, FW hydrophone pp [PN: 6306 ZZ C3 (NTN/FAG)] (10 PCS)
6. BALL BEARING for Ballast Pp, Main Cooling SW pp, ME HT CW stand by pp, LT CW stand by pp [PN: 6309ZZ C3 (NTN/FAG)] (14 PCS)
7. BALL BEARING for Aux cooling FW pump [PN: 6311 ZZ C3 (NTN/FAG)] (4 PCS)
8. BALL BEARING Emergency fire pump, ME LO stand by pump, Emergency fire pump [PN: 6312 ZZ C3 (NTN/FAG)] (4 PCS)
9. BALL BEARING for ME LO stand by pump [PN: 6313 ZZ C3 (NTN/FAG)] (2 PCS)
10. BALL BEARING for Fire, bilge & GS pp, Cargo chiller FW circulation pp, Chiller Unit Cooling SW pp [PN: 6314 C3 (NTN/FAG)] (8 PCS)
11. BALL BEARING for Cargo chiller FW circulation pp, Chiller Unit Cooling SW pp [PN: 6315 C3 (NTN/FAG)] (4 PCS)
12. BALL BEARING for Deck Water Spray pump [PN: 6316 C3 (NTN/FAG)] (4 PCS)
13. BALL BEARING for Galley exhaust fan [PN: 6205-2RSH (SKF)] (2 PCS)
14. BALL BEARING for ME LO Purifier, Sewage discharge PP [PN: 6205-ZZ (NTN/FAG)] (2 PCS)
15. BALL BEARING for VRC hydraulic pp [PN: 6206-DDU/C3 (NTN/FAG)] (4 PCS)
16. BEARING ELECTROMOTOR AC COMPRESSOR [PN: 6312-/C3 (NTN/FAG)] (2 PCS)
17. BEARING ELECTROMOTOR AC COMPRESSOR [PN: 6313-/C3 (NTN/FAG)] (2 PCS)
18. BEARING ELECTROMOTOR FOR BLOWER FAN [PN: 6309 (NTN/FAG)] (4 PCS)"
1004.SPK/BA.302/BA010102/2026,2026-07-02,Meutia Baruna,7,"1. O-RING
2. O-RING
3. Crank Pin Metal Bearing
4. Connecting Rod
5. Oil Pump
6. Cylinder Liner 1St Stage
7. Cylinder Liner 2Nd Stage","1. 3803-6741-00
2. 3803-6423-00
3. 1710-4103-00
4. 1710-4100-00
5. 1380-6132-01
6. 1710-3102-00
7. 1710-3102-00","1. 4 pcs
2. 4 pcs
3. 2 set
4. 1 set
5. 1 pcs
6. 1 set
7. 1 set","1. O-RING [PN: 3803-6741-00] (4 pcs)
2. O-RING [PN: 3803-6423-00] (4 pcs)
3. Crank Pin Metal Bearing [PN: 1710-4103-00] (2 set)
4. Connecting Rod [PN: 1710-4100-00] (1 set)
5. Oil Pump [PN: 1380-6132-01] (1 pcs)
6. Cylinder Liner 1St Stage [PN: 1710-3102-00] (1 set)
7. Cylinder Liner 2Nd Stage [PN: 1710-3102-00] (1 set)"
0993.SPK/BA.101/BA010102/2026,2026-07-01,Latifah Baruna,36,"1. DELIVERY VALVE H.P. COMPLETE
2. SUCTION VALVE L.P. COMPLETE
3. SUCTION VALVE H.P. COMPLETE
4. DELIVERY VALVE L.P. COMPLETE
5. OIL RING H.P
6. OIL RING L.P
7. PISTON H.P.
8. COMPRESSION RING H.P.
9. COMPRESSION/OIL RING L.P.
10. COMPRESSION RING L.P.
11. OIL FILTER
12. AIR FILTER INSERT
13. GASKET COVER
14. VALVE GASKET
15. VALVE GASKET
16. SWIVEL NIPPLE
17. SEPARATOR (SPARATOR)
18. CRANKSHAFT BEARING BUSHES, PAIR
19. FRAME BEARING, END
20. FRAME BEARING CENTRE
21. GASKET - LP VALVE COVER
22. GASKET - HP VALVE COVER
23. MANOMETER, LP AIR
24. MANOMETER, HP AIR
25. MONOMETER COOLING WATER OIL
26. COMPRESSION RING, STEPPED, H.P.
27. COMPRESSION RING, STEPPED, L.P.
28. COMPRESSION RING, PLAIN H.P.
29. OIL RING H.P.
30. OIL RING L.P.
31. VALVE L.P.
32. VALVE H.P.
33. NEEDLE BEARING
34. VALVE SEALING RING
35. GASKET
36. GASKET","1. 3012
2. 3020
3. 3049
4. 3021
5. 3533
6. 3543
7. 3398
8. 3505
9. 3485
10. 3518
11. 3722
12. 3718
13. 3995
14. 3909
15. 3906
16. 7665
17. 7595
18. 3832
19. 3921
20. 3922
21. 4058
22. 4057
23. 3771
24. 3773
25. 3770
26. 3487
27. 3488
28. 3501
29. 3528
30. 3529
31. 3036
32. 3037
33. 3878
34. 3919
35. 4095
36. 4096","1. 6 pcs
2. 4 pcs
3. 6 pcs
4. 4 pcs
5. 4 pcs
6. 6 pcs
7. 3 pcs
8. 8 pcs
9. 4 pcs
10. 8 pcs
11. 6 pcs
12. 6 pcs
13. 4 pcs
14. 10 pcs
15. 15 pcs
16. 4 pcs
17. 1 pcs
18. 2 set
19. 2 set
20. 1 set
21. 10 pcs
22. 10 pcs
23. 2 pcs
24. 2 pcs
25. 2 pcs
26. 4 pcs
27. 4 pcs
28. 3 pcs
29. 3 pcs
30. 4 pcs
31. 2 pcs
32. 2 pcs
33. 4 pcs
34. 6 pcs
35. 3 pcs
36. 3 pcs","1. DELIVERY VALVE H.P. COMPLETE [PN: 3012] (6 pcs)
2. SUCTION VALVE L.P. COMPLETE [PN: 3020] (4 pcs)
3. SUCTION VALVE H.P. COMPLETE [PN: 3049] (6 pcs)
4. DELIVERY VALVE L.P. COMPLETE [PN: 3021] (4 pcs)
5. OIL RING H.P [PN: 3533] (4 pcs)
6. OIL RING L.P [PN: 3543] (6 pcs)
7. PISTON H.P. [PN: 3398] (3 pcs)
8. COMPRESSION RING H.P. [PN: 3505] (8 pcs)
9. COMPRESSION/OIL RING L.P. [PN: 3485] (4 pcs)
10. COMPRESSION RING L.P. [PN: 3518] (8 pcs)
11. OIL FILTER [PN: 3722] (6 pcs)
12. AIR FILTER INSERT [PN: 3718] (6 pcs)
13. GASKET COVER [PN: 3995] (4 pcs)
14. VALVE GASKET [PN: 3909] (10 pcs)
15. VALVE GASKET [PN: 3906] (15 pcs)
16. SWIVEL NIPPLE [PN: 7665] (4 pcs)
17. SEPARATOR (SPARATOR) [PN: 7595] (1 pcs)
18. CRANKSHAFT BEARING BUSHES, PAIR [PN: 3832] (2 set)
19. FRAME BEARING, END [PN: 3921] (2 set)
20. FRAME BEARING CENTRE [PN: 3922] (1 set)
21. GASKET - LP VALVE COVER [PN: 4058] (10 pcs)
22. GASKET - HP VALVE COVER [PN: 4057] (10 pcs)
23. MANOMETER, LP AIR [PN: 3771] (2 pcs)
24. MANOMETER, HP AIR [PN: 3773] (2 pcs)
25. MONOMETER COOLING WATER OIL [PN: 3770] (2 pcs)
26. COMPRESSION RING, STEPPED, H.P. [PN: 3487] (4 pcs)
27. COMPRESSION RING, STEPPED, L.P. [PN: 3488] (4 pcs)
28. COMPRESSION RING, PLAIN H.P. [PN: 3501] (3 pcs)
29. OIL RING H.P. [PN: 3528] (3 pcs)
30. OIL RING L.P. [PN: 3529] (4 pcs)
31. VALVE L.P. [PN: 3036] (2 pcs)
32. VALVE H.P. [PN: 3037] (2 pcs)
33. NEEDLE BEARING [PN: 3878] (4 pcs)
34. VALVE SEALING RING [PN: 3919] (6 pcs)
35. GASKET [PN: 4095] (3 pcs)
36. GASKET [PN: 4096] (3 pcs)"
0989.SPK/BA.202/BA010102/2026,2026-07-01,Rasuna Baruna,83,"1. RINSO
2. SABUN COLEK
3. GEMBOK 50 MM
4. KACAMATA CIPPING
5. PILOX PUTIH
6. VIBRATION SINGLE HEAD SCALING HAMMERS
7. SPARE HEAD FOR TRELAWNY SCAILING HAMMER
8. FLUSH VALVES
9. TALI NILON ROPE 20MM
10. SARUNG TANGAN NON SLIP DOT
11. PLASTIK SAMPAH
12. LEATHER PALM WORKING GLOVES
13. BOR TANGAN PLASTIC MERK MAKITA
14. SPLIT PINS (D: 3MM, P : 40MM)
15. SPLIT PINS (D :4MM, P : 50MM)
16. SPLIT PINS (D : 5MM, P : 70MM)
17. FLEXIBLE EXTENSION HOSE FOR PIN TYPE GRADE NIPPLE SPX-1C BAHAN S.S
18. SPARE WHEELS FOR PLATFROM TRUCK ( RODA GEROBAK )
19. SPARE WHEELS FOR PLATFROM TRUCK ( RODA GEROBAK )
20. KARET BAN BEKAS
21. PILOX MERAH
22. EAR PLUG
23. CLAMP 3 INCH
24. CLAMP 2.5 INCH
25. CLAMP 1 INCH
26. SOUNDINGAN BALLAST S/S
27. KRAN AIR 1,5 INC
28. CHAIN DRUM FOR SCAILING MACHINE RUSTIBUS 400
29. SENTER KEPALA
30. JAS HUJAN
31. MINI PAINT ROLLER COMPLETE 100MM
32. SPARE MINI PAINT ROLLER 100MM (PINEHILL)
33. CUTTING WHEEL NIPPON RESIBON
34. MATA BOR ( BAJA ) SET
35. RUBBER BOOT SIZE 39,40,42,43
36. PILOX ORANGE
37. SCUPPER PLUGS
38. SAPU PLASTIK
39. WIRE CUP BRUSHES
40. CUTTING FOR STAINLESS STEEL IRONHAND SEEL
41. PEL LANTAI
42. CUTTER WHEEL, HD TOOL GEAR 100
43. DISC PIN,HD TOOL GEAR 100 EA
44. DISC, HD TOOL GEAR 100 EA
45. PASTA SOUNDINGAN WATER
46. GERINDA ELECTRICT MEREK MAKITA
47. SAFETY HARNESS FULL BODY
48. GREASE NIPPLES TYPE STRAIGHT
49. GREASE NIPPLES TYPE PIN
50. GREASE NIPPLES TYPE BUTTON HEAD
51. FLEXIBLE EXTENSION HOSE FOR BUTTON HEAD
52. FLEXIBLE EXTENSION HOPE FOR HYDRAULIC OR STRAIGHT TYPE GREASE NIPPLE SPK - 3C
53. SODA API
54. ACCOSSORIES CONTROL VAVLE ( FOR MODEL SKR AND SKR )
55. HAND GREASE GUN
56. KAIN BUFF
57. BAUT KUNCI 17 (M10 X P : 70)
58. TALI NYLON 10 MM ( 3 STRAND )
59. TALI PP PLASTIK 10MM ( 3 STRAND )
60. TALI PP STRAND NYLON ROPE 18MM
61. LUBRIACATION HOSE ( FOR MODEL SKR AND SGR SERIES )
62. BAUT KUNCI 19 (M12 X P : 70MM )
63. WD
64. BATU GURINDA POLES ( 100X6X16 )
65. CLOTH SEALING TAPE 50MM BLACK
66. CLOTH SEALING TAPE 50MM RED
67. CLOTH SEALING TAPE 50MM BLUE
68. CLOTHS SEALING TAPE 50MM YELLOW
69. PAPER MASKING TAPE 50MM
70. PAPER MASKING TAPE 24MM
71. BATRAI AAA
72. BATRAI AA
73. BATRAI A
74. DISC CUTTING GRINDA 4"" FOR STANLESS STEEL (MRKR WD) 105X1.2X16MM
75. MINI PAINT ROLLER COMPLETE 1 HANDLE 100MM
76. COUNTERSUNK BRASS SCREW M8X40MM
77. PAKU 1.5CM
78. PAKU 2.5CM
79. PAKU 5CM
80. PAKU 7 CM
81. SUPER PEL
82. SPARE MINI ROLLER COMPLETE 1 HANDLE 100 MM
83. SAWDUST HALUS","1. -
2. -
3. -
4. -
5. -
6. -
7. -
8. -
9. -
10. -
11. -
12. -
13. -
14. -
15. -
16. -
17. -
18. -
19. -
20. -
21. -
22. -
23. -
24. -
25. -
26. -
27. -
28. -
29. -
30. -
31. -
32. -
33. -
34. -
35. -
36. -
37. -
38. -
39. -
40. -
41. -
42. -
43. -
44. -
45. -
46. -
47. -
48. -
49. -
50. -
51. -
52. -
53. -
54. -
55. -
56. -
57. -
58. -
59. -
60. -
61. -
62. -
63. -
64. -
65. -
66. -
67. -
68. -
69. -
70. -
71. -
72. -
73. -
74. -
75. -
76. -
77. -
78. -
79. -
80. -
81. -
82. -
83. -","1. 60 pack
2. 10 pack
3. 20 pcs
4. 40 pcs
5. 20 pcs
6. 2 pcs
7. 25 pcs
8. 30 pcs
9. 1 roll
10. 250 lusin
11. 20 lusin
12. 25 lusin
13. 1 pcs
14. 50 pcs
15. 50 pcs
16. 50 pcs
17. 30 pcs
18. 2 pcs
19. 4 pcs
20. 20 pcs
21. 10 pcs
22. 50 pcs
23. 25 pcs
24. 30 pcs
25. 30 pcs
26. 2 pcs
27. 5 pcs
28. 30 pcs
29. 5 pcs
30. 25 pcs
31. 50 pcs
32. 300 pcs
33. 24 pcs
34. 1 set
35. 5 pcs
36. 20 pcs
37. 12 pcs
38. 20 pcs
39. 100 pcs
40. 10 box
41. 20 pcs
42. 500 pcs
43. 150 pcs
44. 20 pcs
45. 3 pcs
46. 2 pcs
47. 2 pcs
48. 50 pcs
49. 50 pcs
50. 50 pcs
51. 10 pcs
52. 15 pcs
53. 10 kg
54. 2 pcs
55. 3 pcs
56. 10 lusin
57. 2 pack
58. 2 roll
59. 1 roll
60. 1 roll
61. 1 roll
62. 2 pack
63. 10 pack
64. 100 pcs
65. 15 pcs
66. 15 pcs
67. 15 pcs
68. 15 pcs
69. 20 pcs
70. 20 pcs
71. 300 pcs
72. 100 pcs
73. 150 pcs
74. 10 pack
75. 50 pcs
76. 800 pcs
77. 2 kg
78. 4 kg
79. 4 kg
80. 4 kg
81. 5 kg
82. 250 pcs
83. 10 box","1. RINSO (60 pack)
2. SABUN COLEK (10 pack)
3. GEMBOK 50 MM (20 pcs)
4. KACAMATA CIPPING (40 pcs)
5. PILOX PUTIH (20 pcs)
6. VIBRATION SINGLE HEAD SCALING HAMMERS (2 pcs)
7. SPARE HEAD FOR TRELAWNY SCAILING HAMMER (25 pcs)
8. FLUSH VALVES (30 pcs)
9. TALI NILON ROPE 20MM (1 roll)
10. SARUNG TANGAN NON SLIP DOT (250 lusin)
11. PLASTIK SAMPAH (20 lusin)
12. LEATHER PALM WORKING GLOVES (25 lusin)
13. BOR TANGAN PLASTIC MERK MAKITA (1 pcs)
14. SPLIT PINS (D: 3MM, P : 40MM) (50 pcs)
15. SPLIT PINS (D :4MM, P : 50MM) (50 pcs)
16. SPLIT PINS (D : 5MM, P : 70MM) (50 pcs)
17. FLEXIBLE EXTENSION HOSE FOR PIN TYPE GRADE NIPPLE SPX-1C BAHAN S.S (30 pcs)
18. SPARE WHEELS FOR PLATFROM TRUCK ( RODA GEROBAK ) (2 pcs)
19. SPARE WHEELS FOR PLATFROM TRUCK ( RODA GEROBAK ) (4 pcs)
20. KARET BAN BEKAS (20 pcs)
21. PILOX MERAH (10 pcs)
22. EAR PLUG (50 pcs)
23. CLAMP 3 INCH (25 pcs)
24. CLAMP 2.5 INCH (30 pcs)
25. CLAMP 1 INCH (30 pcs)
26. SOUNDINGAN BALLAST S/S (2 pcs)
27. KRAN AIR 1,5 INC (5 pcs)
28. CHAIN DRUM FOR SCAILING MACHINE RUSTIBUS 400 (30 pcs)
29. SENTER KEPALA (5 pcs)
30. JAS HUJAN (25 pcs)
31. MINI PAINT ROLLER COMPLETE 100MM (50 pcs)
32. SPARE MINI PAINT ROLLER 100MM (PINEHILL) (300 pcs)
33. CUTTING WHEEL NIPPON RESIBON (24 pcs)
34. MATA BOR ( BAJA ) SET (1 set)
35. RUBBER BOOT SIZE 39,40,42,43 (5 pcs)
36. PILOX ORANGE (20 pcs)
37. SCUPPER PLUGS (12 pcs)
38. SAPU PLASTIK (20 pcs)
39. WIRE CUP BRUSHES (100 pcs)
40. CUTTING FOR STAINLESS STEEL IRONHAND SEEL (10 box)
41. PEL LANTAI (20 pcs)
42. CUTTER WHEEL, HD TOOL GEAR 100 (500 pcs)
43. DISC PIN,HD TOOL GEAR 100 EA (150 pcs)
44. DISC, HD TOOL GEAR 100 EA (20 pcs)
45. PASTA SOUNDINGAN WATER (3 pcs)
46. GERINDA ELECTRICT MEREK MAKITA (2 pcs)
47. SAFETY HARNESS FULL BODY (2 pcs)
48. GREASE NIPPLES TYPE STRAIGHT (50 pcs)
49. GREASE NIPPLES TYPE PIN (50 pcs)
50. GREASE NIPPLES TYPE BUTTON HEAD (50 pcs)
51. FLEXIBLE EXTENSION HOSE FOR BUTTON HEAD (10 pcs)
52. FLEXIBLE EXTENSION HOPE FOR HYDRAULIC OR STRAIGHT TYPE GREASE NIPPLE SPK - 3C (15 pcs)
53. SODA API (10 kg)
54. ACCOSSORIES CONTROL VAVLE ( FOR MODEL SKR AND SKR ) (2 pcs)
55. HAND GREASE GUN (3 pcs)
56. KAIN BUFF (10 lusin)
57. BAUT KUNCI 17 (M10 X P : 70) (2 pack)
58. TALI NYLON 10 MM ( 3 STRAND ) (2 roll)
59. TALI PP PLASTIK 10MM ( 3 STRAND ) (1 roll)
60. TALI PP STRAND NYLON ROPE 18MM (1 roll)
61. LUBRIACATION HOSE ( FOR MODEL SKR AND SGR SERIES ) (1 roll)
62. BAUT KUNCI 19 (M12 X P : 70MM ) (2 pack)
63. WD (10 pack)
64. BATU GURINDA POLES ( 100X6X16 ) (100 pcs)
65. CLOTH SEALING TAPE 50MM BLACK (15 pcs)
66. CLOTH SEALING TAPE 50MM RED (15 pcs)
67. CLOTH SEALING TAPE 50MM BLUE (15 pcs)
68. CLOTHS SEALING TAPE 50MM YELLOW (15 pcs)
69. PAPER MASKING TAPE 50MM (20 pcs)
70. PAPER MASKING TAPE 24MM (20 pcs)
71. BATRAI AAA (300 pcs)
72. BATRAI AA (100 pcs)
73. BATRAI A (150 pcs)
74. DISC CUTTING GRINDA 4"" FOR STANLESS STEEL (MRKR WD) 105X1.2X16MM (10 pack)
75. MINI PAINT ROLLER COMPLETE 1 HANDLE 100MM (50 pcs)
76. COUNTERSUNK BRASS SCREW M8X40MM (800 pcs)
77. PAKU 1.5CM (2 kg)
78. PAKU 2.5CM (4 kg)
79. PAKU 5CM (4 kg)
80. PAKU 7 CM (4 kg)
81. SUPER PEL (5 kg)
82. SPARE MINI ROLLER COMPLETE 1 HANDLE 100 MM (250 pcs)
83. SAWDUST HALUS (10 box)"
1026.SPK/BA.302/BA010102/2026,2026-07-03,Jayanti Baruna,1,1. FUEL SEPARATOR FILTER ORIGINAL ELEMNT,1. 1830,1. 24 pcs,1. FUEL SEPARATOR FILTER ORIGINAL ELEMNT [PN: 1830] (24 pcs)
0920.SPK/BA.202/BA010102/2026,2026-07-01,Srikandi Baruna 2001,68,"1. MESIN GERINDA TANGAN
2. MESIN BOR
3. KABEL LISTRIK NYM
4. SELANG KAWAT SPIRAL
5. KERAN AIR STIENLES
6. KACAMATA HITAM
7. SENTER TANGAN (350 LM)
8. JAS HUJAN (BAJU CELANA)
9. TERMINAL LISTRIK/STOP KONTAK
10. TOPENG LAS AUTO DARKENNING
11. SAFETY BELT/PENGAMAN KERJA KETINGGIAN
12. KAUS TANGAN BINTIK
13. KACA MATA PUTIH/BENING
14. CUTTER L500
15. PISAU CUTTER L500
16. GERGAJI BESI
17. MATA GERGAJI BESI
18. LAMPU NAVIGASI
19. LANTAI VINIL/VINYL FLOOTING @Lincoln brown
20. LEM VINYL
21. MOKO PEWANGI (SACHET)
22. STELLA SEMPROT REFILL
23. GLADE MESIN OTOMATIS STELLA UK 225
24. KESET LANTAI (BAHAN KAIN HANDUK)
25. WIPER PEMBERSIH KACA
26. EMBER+GAYUNG
27. RINSO
28. SUNLIGHT
29. VIXCAL
30. KAPUR BARUS (BAGUS)
31. MAJUN
32. PEL LANTAI
33. SAPU LANTAI
34. PLADGE (PEMBERSIH FURNITURE) @330gr
35. TEMPAT SAMPAH MARINE (IMDG CODE)
36. BATTERY JAM ALKALINE
37. BATTERY JAM REMOT
38. LAMPU TONGKANG
39. BATTERY LAMPU TONGKANG
40. WD 40
41. LEM AIBON
42. BALLPOINT
43. STABILO
44. KUAS ROLL
45. KUAS TANGAN
46. KUAS TANGAN
47. SOLASI KERTAS
48. SOLASI KERTAS
49. LAKBAN BENING
50. KAPUR BARUS (BAGUS)
51. BENDERA RI
52. RANTAL DAPRA
53. PEMBERSIH JAMUR KACA
54. MATA BOR CUP BRONZE
55. CHAIN BLOCK
56. CHAIN BLOCK
57. KANEBO
58. MICRO FIBER
59. RESIN 1 PAKET
60. ALTECO/LEM CHINA
61. KABEL TIES
62. BAUT
63. SPIDOL PERMANENT
64. SPIDOL POORMARKER
65. JANGKA SEMAT PETA
66. PENGGARIS PANJANG DAN PENDEK (1 METER DAN 30 CM)
67. MISTAR JAJAR (PETA)
68. DISKON","1. GWS 700
2. GSB 600
3. 2x1.5 mm
4. 1-Feb
5. 1-Feb
6. Krisbow
7. Krisbow
8. Gosave (PVC)
uk M, L, XXL
9. Broco 3 lubang
10. Welding Helmet
11. Sutera/Logam
12. -
13. Krisbow
14. Besar
15. Besar
16. Krisbow
17. Krisbow
18. AC/DC 24 VOLT
19. 122,4 x 914,4 mm
20. -
21. -
22. 225 ml
23. 225 ml
24. kain
25. -
26. 20 ltr
27. -
28. -
29. -
30. -
31. Kain
32. -
33. -
34. Aerosol
35. uk 50 liter
hijau, merah, kuning
36. AA
37. AAA
38. -
39. -
40. 333 ML
41. 1 LITER
42. HITAM
43. ORANGE
44. -
45. 1 INC
46. 2 INC
47. KECIL
48. BESAR
49. BESAR
50. -
51. 60X90
52. uk 3/4
53. WATERSPOT
54. SILVER
55. SWL 5 TON
56. SWL 10 TON
57. LAP
58. LAP
59. LITER
60. -
61. NILON
62. M10X50
63. SNOWAN
64. SNOWAN
65. KUNINGAN
66. STAINLESS
67. PLASTIC
68. -","1. 2 PCS
2. 2 PCS
3. 2 ROLL
4. 50 METER
5. 12 PCS
6. 12 PCS
7. 6 PCS
8. 12 PCS
9. 6 PCS
10. 1 PCS
11. 4 PCS
12. 2 BALL
13. 24 PCS
14. 12 PCS
15. 12 PACK
16. 5 PCS
17. 40 PCS
18. 20 PCS
19. 15 PACK
20. 5 KG/LTR
21. 8 DUS
22. 6 DUS
23. 4 PCS
24. 12 PCS
25. 6 PCS
26. 6 PCS
27. 25 DUS
28. 7 DUS
29. 5 DUS
30. 10 DUS
31. 150 KG
32. 20 PCS
33. 20 PCS
34. 5 DUS
35. 3 PCS
36. 1 DUS
37. 1 DUS
38. 12 PCS
39. 12 PCS
40. 24 PCS
41. 1 KALENG
42. 3 PACK
43. 6 PCS
44. 60 PCS
45. 20 PCS
46. 20 PCS
47. 20 PCS
48. 20 PCS
49. 40 PCS
50. 1 DUS
51. 10 PCS
52. 10 METER
53. 12 PCS
54. 12 PCS
55. 1 PCS
56. 1 PCS
57. 5 PCS
58. 10 PCS
59. 10 LITER
60. 30 PCS
61. 25 PACK
62. 100 PCS
63. 2 PACK
64. 2 PACK
65. 2 PCS
66. 4 PCS
67. 2 PCS
68. 1 lot","1. MESIN GERINDA TANGAN [PN: GWS 700] (2 PCS)
2. MESIN BOR [PN: GSB 600] (2 PCS)
3. KABEL LISTRIK NYM [PN: 2x1.5 mm] (2 ROLL)
4. SELANG KAWAT SPIRAL [PN: 1-Feb] (50 METER)
5. KERAN AIR STIENLES [PN: 1-Feb] (12 PCS)
6. KACAMATA HITAM [PN: Krisbow] (12 PCS)
7. SENTER TANGAN (350 LM) [PN: Krisbow] (6 PCS)
8. JAS HUJAN (BAJU CELANA) [PN: Gosave (PVC)
uk M, L, XXL] (12 PCS)
9. TERMINAL LISTRIK/STOP KONTAK [PN: Broco 3 lubang] (6 PCS)
10. TOPENG LAS AUTO DARKENNING [PN: Welding Helmet] (1 PCS)
11. SAFETY BELT/PENGAMAN KERJA KETINGGIAN [PN: Sutera/Logam] (4 PCS)
12. KAUS TANGAN BINTIK (2 BALL)
13. KACA MATA PUTIH/BENING [PN: Krisbow] (24 PCS)
14. CUTTER L500 [PN: Besar] (12 PCS)
15. PISAU CUTTER L500 [PN: Besar] (12 PACK)
16. GERGAJI BESI [PN: Krisbow] (5 PCS)
17. MATA GERGAJI BESI [PN: Krisbow] (40 PCS)
18. LAMPU NAVIGASI [PN: AC/DC 24 VOLT] (20 PCS)
19. LANTAI VINIL/VINYL FLOOTING @Lincoln brown [PN: 122,4 x 914,4 mm] (15 PACK)
20. LEM VINYL (5 KG/LTR)
21. MOKO PEWANGI (SACHET) (8 DUS)
22. STELLA SEMPROT REFILL [PN: 225 ml] (6 DUS)
23. GLADE MESIN OTOMATIS STELLA UK 225 [PN: 225 ml] (4 PCS)
24. KESET LANTAI (BAHAN KAIN HANDUK) [PN: kain] (12 PCS)
25. WIPER PEMBERSIH KACA (6 PCS)
26. EMBER+GAYUNG [PN: 20 ltr] (6 PCS)
27. RINSO (25 DUS)
28. SUNLIGHT (7 DUS)
29. VIXCAL (5 DUS)
30. KAPUR BARUS (BAGUS) (10 DUS)
31. MAJUN [PN: Kain] (150 KG)
32. PEL LANTAI (20 PCS)
33. SAPU LANTAI (20 PCS)
34. PLADGE (PEMBERSIH FURNITURE) @330gr [PN: Aerosol] (5 DUS)
35. TEMPAT SAMPAH MARINE (IMDG CODE) [PN: uk 50 liter
hijau, merah, kuning] (3 PCS)
36. BATTERY JAM ALKALINE [PN: AA] (1 DUS)
37. BATTERY JAM REMOT [PN: AAA] (1 DUS)
38. LAMPU TONGKANG (12 PCS)
39. BATTERY LAMPU TONGKANG (12 PCS)
40. WD 40 [PN: 333 ML] (24 PCS)
41. LEM AIBON [PN: 1 LITER] (1 KALENG)
42. BALLPOINT [PN: HITAM] (3 PACK)
43. STABILO [PN: ORANGE] (6 PCS)
44. KUAS ROLL (60 PCS)
45. KUAS TANGAN [PN: 1 INC] (20 PCS)
46. KUAS TANGAN [PN: 2 INC] (20 PCS)
47. SOLASI KERTAS [PN: KECIL] (20 PCS)
48. SOLASI KERTAS [PN: BESAR] (20 PCS)
49. LAKBAN BENING [PN: BESAR] (40 PCS)
50. KAPUR BARUS (BAGUS) (1 DUS)
51. BENDERA RI [PN: 60X90] (10 PCS)
52. RANTAL DAPRA [PN: uk 3/4] (10 METER)
53. PEMBERSIH JAMUR KACA [PN: WATERSPOT] (12 PCS)
54. MATA BOR CUP BRONZE [PN: SILVER] (12 PCS)
55. CHAIN BLOCK [PN: SWL 5 TON] (1 PCS)
56. CHAIN BLOCK [PN: SWL 10 TON] (1 PCS)
57. KANEBO [PN: LAP] (5 PCS)
58. MICRO FIBER [PN: LAP] (10 PCS)
59. RESIN 1 PAKET [PN: LITER] (10 LITER)
60. ALTECO/LEM CHINA (30 PCS)
61. KABEL TIES [PN: NILON] (25 PACK)
62. BAUT [PN: M10X50] (100 PCS)
63. SPIDOL PERMANENT [PN: SNOWAN] (2 PACK)
64. SPIDOL POORMARKER [PN: SNOWAN] (2 PACK)
65. JANGKA SEMAT PETA [PN: KUNINGAN] (2 PCS)
66. PENGGARIS PANJANG DAN PENDEK (1 METER DAN 30 CM) [PN: STAINLESS] (4 PCS)
67. MISTAR JAJAR (PETA) [PN: PLASTIC] (2 PCS)
68. DISKON (1 lot)"
0958.SPK/BA.17/BA010102/2026,2026-07-02,Srikandi Baruna 2004,2,"1. TALI PP MONOFILAMENT
2. TALI PP MONOFILAMENT","1. CIR 10
2. CIR 8","1. 1 roll
2. 1 roll","1. TALI PP MONOFILAMENT [PN: CIR 10] (1 roll)
2. TALI PP MONOFILAMENT [PN: CIR 8] (1 roll)"
0937.SPK/BA.17/BA010102/2026,2026-07-02,Srikandi Baruna 2001,3,"1. TALI PP MONOFILAMENT
2. TALI PP MONOFILAMENT
3. TALI PP MONOFILAMENT","1. CIR 10
2. CIR 8
3. CIR 6","1. 1 roll
2. 2 roll
3. 1 roll","1. TALI PP MONOFILAMENT [PN: CIR 10] (1 roll)
2. TALI PP MONOFILAMENT [PN: CIR 8] (2 roll)
3. TALI PP MONOFILAMENT [PN: CIR 6] (1 roll)"
0999.SPK/BA.17/BA010102/2026,2026-07-01,Malahayati Baruna,1,1. AKI KERING,1. -,1. 8 pcs,1. AKI KERING (8 pcs)
1017.SPK/BA.302/BA010102/2026,2026-07-02,Rasuna Baruna,2,"1. THREEWAY VALVE UNIT
2. KIT FOR VALVE","1. -
2. -","1. 1 unit
2. 2 set","1. THREEWAY VALVE UNIT (1 unit)
2. KIT FOR VALVE (2 set)"
0998.SPK/BA.202/BA010102/2026,2026-07-01,Srikandi Baruna 2206,32,"1. GREASE (CASTROL) @15KG
2. GREASE KYODO YUSHI (454GRAM) HEAVY DUTY
3. SARUNG TANGAN KATUN
4. BATU GERINDA POTONG 4
5. MOLYCOTE (1000GRAM)
6. PASTA SKUR ABRASIVE (105GRAM)
7. ORING SET BOX OSTYNN (MM & NBR)
8. RING TEMBAGA CONTAIN 30SET (ISI 568PCS)
9. AMPLAS ROLL GRIT 40
10. AMPLAS ROLL GRIT 60
11. AMPLAS ROLL GRIT 80
12. AMPLAS ROLL GRIT 100
13. AMPLAS ROLL GRIT 120
14. AMPLAS ROLL GRIT 150
15. AMPLAS ROLL GRIT 180
16. AMPLAS ROLL GRIT 240
17. AMPLAS ROLL GRIT 320
18. AMPLAS ROLL GRIT 400
19. AMPLAS ROLL GRIT 500
20. AMPLAS ROLL GRIT 800
21. AMPLAS ROLL GRIT 1000
22. MATA GERGAJI BESI 12
23. OIL SPILL DIPERSANT @20L
24. AVR GENERATOR (DST-100-2FA4)
25. MCCB 100A 3POLE 415V (SCHNEIDER)
26. WATER JET CLEANER (KARCHER K2 / 1400W / 120BAR)
27. ELECTRIC BARREL PUMP 220VAC (DYB-60YT-1)
28. TAP & DIE SET 40PCS (TEKIRO)
29. BATTERY HYDROMETER TESTER
30. MESIN GENSET/LAS (FIRMAN FGW 160C) GASOLINE
31. EAR MUFF GOSAVE
32. BOSCH IMPACT WRENCH CORDLESS SET (560NM)","1. -
2. -
3. -
4. -
5. -
6. -
7. -
8. -
9. -
10. -
11. -
12. -
13. -
14. -
15. -
16. -
17. -
18. -
19. -
20. -
21. -
22. -
23. -
24. -
25. -
26. -
27. -
28. -
29. -
30. -
31. -
32. -","1. 1 PCS
2. 4 PCS
3. 25 LUSIN
4. 40 PCS
5. 2 PCS
6. 5 PCS
7. 2 SET
8. 1 SET
9. 20 METER
10. 20 METER
11. 20 METER
12. 20 METER
13. 20 METER
14. 20 METER
15. 20 METER
16. 20 METER
17. 20 METER
18. 20 METER
19. 20 METER
20. 20 METER
21. 20 METER
22. 20 PCS
23. 1 PCS
24. 2 UNIT
25. 2 PCS
26. 1 UNIT
27. 1 UNIT
28. 1 SET
29. 3 PCS
30. 1 UNIT
31. 6 PCS
32. 1 SET","1. GREASE (CASTROL) @15KG (1 PCS)
2. GREASE KYODO YUSHI (454GRAM) HEAVY DUTY (4 PCS)
3. SARUNG TANGAN KATUN (25 LUSIN)
4. BATU GERINDA POTONG 4 (40 PCS)
5. MOLYCOTE (1000GRAM) (2 PCS)
6. PASTA SKUR ABRASIVE (105GRAM) (5 PCS)
7. ORING SET BOX OSTYNN (MM & NBR) (2 SET)
8. RING TEMBAGA CONTAIN 30SET (ISI 568PCS) (1 SET)
9. AMPLAS ROLL GRIT 40 (20 METER)
10. AMPLAS ROLL GRIT 60 (20 METER)
11. AMPLAS ROLL GRIT 80 (20 METER)
12. AMPLAS ROLL GRIT 100 (20 METER)
13. AMPLAS ROLL GRIT 120 (20 METER)
14. AMPLAS ROLL GRIT 150 (20 METER)
15. AMPLAS ROLL GRIT 180 (20 METER)
16. AMPLAS ROLL GRIT 240 (20 METER)
17. AMPLAS ROLL GRIT 320 (20 METER)
18. AMPLAS ROLL GRIT 400 (20 METER)
19. AMPLAS ROLL GRIT 500 (20 METER)
20. AMPLAS ROLL GRIT 800 (20 METER)
21. AMPLAS ROLL GRIT 1000 (20 METER)
22. MATA GERGAJI BESI 12 (20 PCS)
23. OIL SPILL DIPERSANT @20L (1 PCS)
24. AVR GENERATOR (DST-100-2FA4) (2 UNIT)
25. MCCB 100A 3POLE 415V (SCHNEIDER) (2 PCS)
26. WATER JET CLEANER (KARCHER K2 / 1400W / 120BAR) (1 UNIT)
27. ELECTRIC BARREL PUMP 220VAC (DYB-60YT-1) (1 UNIT)
28. TAP & DIE SET 40PCS (TEKIRO) (1 SET)
29. BATTERY HYDROMETER TESTER (3 PCS)
30. MESIN GENSET/LAS (FIRMAN FGW 160C) GASOLINE (1 UNIT)
31. EAR MUFF GOSAVE (6 PCS)
32. BOSCH IMPACT WRENCH CORDLESS SET (560NM) (1 SET)"
0997.SPK/BA.202/BA010102/2026,2026-07-01,Srikandi Baruna 2206,22,"1. RINSO DETERGENT BUBUK (1KG) @12PCS PER BOX
2. SUNLIGHT SABUN CUCI PIRING (1L) @6PCS PER BOX
3. PORSTEX PEMBERSIH LANTAI (1L) @12PCS PER BOX
4. REFILL CLING PEMBERSIH KACA (500ML) @12PCS PER BOX
5. LAKBAN KERTAS 1
6. PEL LANTAI + GAGANG (MODEL: SUMBU)
7. SIKAT LANTAI + GAGANG (BAHAN: PLASTIK)
8. SAPU LANTAI + GAGANG (BAHAN: PLASTIK)
9. BATTERY ALKALINE AA 1,5V @ 72PCS PER BOX
10. BATTERY ALKALINE AAA 1,5V @72 PCS PER BOX
11. BATTERY ALKALINE D/LR20 @24PCS PER BOX
12. REGULATOR KOMPOR GAS MODEL JEPIT (MERK DESTEC)
13. SENTER RECHARGERABLE (DONY MS-309 50WATT)
14. BAN DAPRA UK1000/R20 (BEKAS TRUCK)
15. DEE SHACKLE 5/8 (GALVANIS)
16. REFLECTIVE TAPE PUTIH (2 x 45MTR)
17. BAYGON SPRAY 750ML
18. STELLA SPRAY 175ML
19. KESET KAKI
20. LAMPU SINYAL LED TENAGA SURYA (KUNING/MERAH)
21. PILOT LADDER 6MTR SOLAS (CCS CERTIFICATE)
22. SARUNG TANGAN BINTIK KUNING","1. -
2. -
3. -
4. -
5. -
6. -
7. -
8. -
9. -
10. -
11. -
12. -
13. -
14. -
15. -
16. -
17. -
18. -
19. -
20. -
21. -
22. -","1. 15 BOX
2. 10 BOX
3. 5 BOX
4. 4 BOX
5. 20 LUSIN
6. 15 PCS
7. 15 PCS
8. 15 PCS
9. 2 BOX
10. 2 BOX
11. 2 BOX
12. 5 PCS
13. 10 PCS
14. 10 PCS
15. 50 PCS
16. 2 PCS
17. 20 PCS
18. 20 PCS
19. 20 PCS
20. 4 PCS
21. 1 PCS
22. 25 LUSIN","1. RINSO DETERGENT BUBUK (1KG) @12PCS PER BOX (15 BOX)
2. SUNLIGHT SABUN CUCI PIRING (1L) @6PCS PER BOX (10 BOX)
3. PORSTEX PEMBERSIH LANTAI (1L) @12PCS PER BOX (5 BOX)
4. REFILL CLING PEMBERSIH KACA (500ML) @12PCS PER BOX (4 BOX)
5. LAKBAN KERTAS 1 (20 LUSIN)
6. PEL LANTAI + GAGANG (MODEL: SUMBU) (15 PCS)
7. SIKAT LANTAI + GAGANG (BAHAN: PLASTIK) (15 PCS)
8. SAPU LANTAI + GAGANG (BAHAN: PLASTIK) (15 PCS)
9. BATTERY ALKALINE AA 1,5V @ 72PCS PER BOX (2 BOX)
10. BATTERY ALKALINE AAA 1,5V @72 PCS PER BOX (2 BOX)
11. BATTERY ALKALINE D/LR20 @24PCS PER BOX (2 BOX)
12. REGULATOR KOMPOR GAS MODEL JEPIT (MERK DESTEC) (5 PCS)
13. SENTER RECHARGERABLE (DONY MS-309 50WATT) (10 PCS)
14. BAN DAPRA UK1000/R20 (BEKAS TRUCK) (10 PCS)
15. DEE SHACKLE 5/8 (GALVANIS) (50 PCS)
16. REFLECTIVE TAPE PUTIH (2 x 45MTR) (2 PCS)
17. BAYGON SPRAY 750ML (20 PCS)
18. STELLA SPRAY 175ML (20 PCS)
19. KESET KAKI (20 PCS)
20. LAMPU SINYAL LED TENAGA SURYA (KUNING/MERAH) (4 PCS)
21. PILOT LADDER 6MTR SOLAS (CCS CERTIFICATE) (1 PCS)
22. SARUNG TANGAN BINTIK KUNING (25 LUSIN)"
1018.SPK/BA.202/BA010102/2026,2026-07-02,,18,"1. Hydraulic Filter (JIMCO) JHC-88004
2. Fuel Filter (JIMCO) JFC-88030
3. V Belt (Mitsuboshi REMF-6310)
4. V Belt (Mitsuboshi RECMF-8460)
5. V Belt (Bando B-46)
6. Kunci Filter Sabuk 9 (Tekiro)
7. Oring Repair Kit NBR70 @Ostynn FKM75 JIS B2410 (Metric)
8. Oring Repair Kit NBR70 @Ostynn FKM75 AS568 (Inch)
9. Stop Kontak Kabel Roll 50Meter 220V
10. Injector Diesel Tester 60MPa (Bosch Zexel S60H)  / Equivalent
11. Hydraulic Filter (JIMCO) JHC-88004
12. Fuel Filter (JIMCO) JFC-88030
13. V Belt (Mitsuboshi REMF-6310)
14. V Belt (Mitsuboshi RECMF-8460)
15. V Belt (Bando B-46)
16. Ring Tembaga Contain 30Set (568Pcs)
17. Oring Repair Kit NBR70 @Ostynn FKM75 JIS B2410 (Metric)
18. Oring Repair Kit NBR70 @Ostynn FKM75 AS568 (Inch)","1. -
2. -
3. -
4. -
5. -
6. -
7. -
8. -
9. -
10. -
11. -
12. -
13. -
14. -
15. -
16. -
17. -
18. -","1. 6 Pcs
2. 24 Pcs
3. 4 Pcs
4. 2 Pcs
5. 4 Pcs
6. 2 Pcs
7. 1 Set
8. 1 Set
9. 1 Pcs
10. 1 Unit
11. 6 Pcs
12. 24 Pcs
13. 4 Pcs
14. 2 Pcs
15. 4 Pcs
16. 1 Set
17. 1 Set
18. 1 Set","1. Hydraulic Filter (JIMCO) JHC-88004 (6 Pcs)
2. Fuel Filter (JIMCO) JFC-88030 (24 Pcs)
3. V Belt (Mitsuboshi REMF-6310) (4 Pcs)
4. V Belt (Mitsuboshi RECMF-8460) (2 Pcs)
5. V Belt (Bando B-46) (4 Pcs)
6. Kunci Filter Sabuk 9 (Tekiro) (2 Pcs)
7. Oring Repair Kit NBR70 @Ostynn FKM75 JIS B2410 (Metric) (1 Set)
8. Oring Repair Kit NBR70 @Ostynn FKM75 AS568 (Inch) (1 Set)
9. Stop Kontak Kabel Roll 50Meter 220V (1 Pcs)
10. Injector Diesel Tester 60MPa (Bosch Zexel S60H)  / Equivalent (1 Unit)
11. Hydraulic Filter (JIMCO) JHC-88004 (6 Pcs)
12. Fuel Filter (JIMCO) JFC-88030 (24 Pcs)
13. V Belt (Mitsuboshi REMF-6310) (4 Pcs)
14. V Belt (Mitsuboshi RECMF-8460) (2 Pcs)
15. V Belt (Bando B-46) (4 Pcs)
16. Ring Tembaga Contain 30Set (568Pcs) (1 Set)
17. Oring Repair Kit NBR70 @Ostynn FKM75 JIS B2410 (Metric) (1 Set)
18. Oring Repair Kit NBR70 @Ostynn FKM75 AS568 (Inch) (1 Set)"
0675.SPK/TU.006/BA010102/2026,2026-07-02,,14,"1. MERAK (PICK UP)
2. MERAK (CDE)
3. MERAK (CDD)
4. JEPARA (PICK UP)
5. JEPARA (CDE)
6. PAITON (PICK UP)
7. PAITON (CDD)
8. LAMPUNG (PICK UP)
9. LAMPUNG (CDE)
10. LAMPUNG (CDD)
11. TUBAN (PICK UP)
12. CILACAP (PICK UP)
13. PAITON - JEPARA
14. JABODETABEK","1. -
2. -
3. -
4. -
5. -
6. -
7. -
8. -
9. -
10. -
11. -
12. -
13. -
14. -","1. 2 lot
2. 2 lot
3. 3 lot
4. 2 lot
5. 1 lot
6. 2 lot
7. 6 lot
8. 2 lot
9. 3 lot
10. 1 lot
11. 1 lot
12. 1 lot
13. 1 lot
14. 53 lot","1. MERAK (PICK UP) (2 lot)
2. MERAK (CDE) (2 lot)
3. MERAK (CDD) (3 lot)
4. JEPARA (PICK UP) (2 lot)
5. JEPARA (CDE) (1 lot)
6. PAITON (PICK UP) (2 lot)
7. PAITON (CDD) (6 lot)
8. LAMPUNG (PICK UP) (2 lot)
9. LAMPUNG (CDE) (3 lot)
10. LAMPUNG (CDD) (1 lot)
11. TUBAN (PICK UP) (1 lot)
12. CILACAP (PICK UP) (1 lot)
13. PAITON - JEPARA (1 lot)
14. JABODETABEK (53 lot)"
1003.SPK/BA.302/BA010102/2026,2026-07-06,Meutia Baruna,1,1. CONCENTRIC VALVE ASSEMBLY (LP),1. 0710-7100-01,1. 1 set,1. CONCENTRIC VALVE ASSEMBLY (LP) [PN: 0710-7100-01] (1 set)
1031.SPK/BA.17/BA010102/2026,2026-07-06,Meutia Baruna,1,1. JASA NORMALISASI & REWINDING ELMOT FEED PUMP BOILER NO. 1,1. -,1. 1 lot,1. JASA NORMALISASI & REWINDING ELMOT FEED PUMP BOILER NO. 1 (1 lot)
1033.SPK/BA.17/BA010102/2026,2026-07-03,Arimbi Baruna,1,1. TALI PP MULTIFILAMENT,1. CIR 10,1. 4 roll,1. TALI PP MULTIFILAMENT [PN: CIR 10] (4 roll)
1001..SPK/BA.202/BA010102/2026,2026-07-01,Jayanti Baruna,1,1. BALLAST FOR FL-LAMP,1. 79155,1. 20 pcs,1. BALLAST FOR FL-LAMP [PN: 79155] (20 pcs)
1032.SPK/BA.17/BA010102/2026,2026-07-06,Zalecha Baruna,2,"1. UNTUK PIPA 2INCH ATAU DN50
2. SOUNDING CAP WTB","1. SOUNDING CAP TST
2. -","1. 15 pcs
2. 15 pcs","1. UNTUK PIPA 2INCH ATAU DN50 [PN: SOUNDING CAP TST] (15 pcs)
2. SOUNDING CAP WTB (15 pcs)"
1048.SPK/BA.7/BA010102/2026,2026-07-07,Zalecha Baruna,2,"1. SERVICE ENGINEER 2
2. TRANSPORTASI DAN AKOMODASI","1. -
2. -","1. 2 lot
2. 1 lot","1. SERVICE ENGINEER 2 (2 lot)
2. TRANSPORTASI DAN AKOMODASI (1 lot)"
1042.SPK/BA.17/BA010102/2026,2026-07-07,Meutia Baruna,1,1. TALI PP MULTIFILAMENT,1. CIR 10,1. 6 roll,1. TALI PP MULTIFILAMENT [PN: CIR 10] (6 roll)
1055.SPK/BA.202/BA010102/2026,2026-07-08,Meutia Baruna,25,"1. Buku Tulis Hard Cover Folio 100 Lbr
2. Buku Tulis Hard Cover Kwarto 100 Lbr
3. Ballpoint Standard AE 7 0.5 mm (Hitam)
4. Ballpoint Standard AE 7 0.5 mm (Biru)
5. Pisau Cutter Kenko L-500 Besar
6. Isi Pisau Cutter Kenko L-500 Besar
7. Label Tape TZE-211 (6 mm) For P-Touch D610BT, Brother
8. Label Tape TZE-231 (12 mm) For P-Touch D610BT, Brother
9. Label Tape TZE-241 (18 mm) For P-Touch D610Bt, Brother
10. Kertas HVS Paper One A4 75 GSM
11. Ribbon Cartridge For Printer Epson LQ310
12. Battery ABC 1.5V Uk. AAA
13. Battery ABC Uk. AA
14. Correction Fluid Joyko CF-S209
15. Correction Tape Joyko CT-522 (Tape Roll)
16. Amplop Coklat Tali Folio 310
17. Amplop Coklat Kabinet ( Uk. 10x24 cm)
18. Amplop Putih Paperline 104 PPS
19. Lakban Bening Lebar 45 mm
20. Lakban Coklat Lebar 45 mm
21. Tinta Stempel Flash 10 ml (Biru)
22. Tinta Stempel Flash 10 ml (Ungu)
23. Spidol Whiteboard Marker Hitam Joyko WM-65
24. Spidol Putih Permanen Paint Marker Joyko PTM-37
25. Sheet Protector Folio A4 Bening","1. -
2. -
3. -
4. -
5. -
6. -
7. -
8. -
9. -
10. -
11. -
12. -
13. -
14. -
15. -
16. -
17. -
18. -
19. -
20. -
21. -
22. -
23. -
24. -
25. -","1. 20 Pcs
2. 20 Pcs
3. 20 Pack
4. 10 Pack
5. 20 Pcs
6. 10 Box
7. 10 Pcs
8. 10 Pcs
9. 10 Pcs
10. 25 Rim
11. 10 Pcs
12. 50 Pcs
13. 50 Pcs
14. 20 Pcs
15. 20 Pcs
16. 10 Pack
17. 10 Pack
18. 10 Pack
19. 50 Roll
20. 50 Roll
21. 10 Botol
22. 10 Botol
23. 10 Pack
24. 10 Pack
25. 10 Pack","1. Buku Tulis Hard Cover Folio 100 Lbr (20 Pcs)
2. Buku Tulis Hard Cover Kwarto 100 Lbr (20 Pcs)
3. Ballpoint Standard AE 7 0.5 mm (Hitam) (20 Pack)
4. Ballpoint Standard AE 7 0.5 mm (Biru) (10 Pack)
5. Pisau Cutter Kenko L-500 Besar (20 Pcs)
6. Isi Pisau Cutter Kenko L-500 Besar (10 Box)
7. Label Tape TZE-211 (6 mm) For P-Touch D610BT, Brother (10 Pcs)
8. Label Tape TZE-231 (12 mm) For P-Touch D610BT, Brother (10 Pcs)
9. Label Tape TZE-241 (18 mm) For P-Touch D610Bt, Brother (10 Pcs)
10. Kertas HVS Paper One A4 75 GSM (25 Rim)
11. Ribbon Cartridge For Printer Epson LQ310 (10 Pcs)
12. Battery ABC 1.5V Uk. AAA (50 Pcs)
13. Battery ABC Uk. AA (50 Pcs)
14. Correction Fluid Joyko CF-S209 (20 Pcs)
15. Correction Tape Joyko CT-522 (Tape Roll) (20 Pcs)
16. Amplop Coklat Tali Folio 310 (10 Pack)
17. Amplop Coklat Kabinet ( Uk. 10x24 cm) (10 Pack)
18. Amplop Putih Paperline 104 PPS (10 Pack)
19. Lakban Bening Lebar 45 mm (50 Roll)
20. Lakban Coklat Lebar 45 mm (50 Roll)
21. Tinta Stempel Flash 10 ml (Biru) (10 Botol)
22. Tinta Stempel Flash 10 ml (Ungu) (10 Botol)
23. Spidol Whiteboard Marker Hitam Joyko WM-65 (10 Pack)
24. Spidol Putih Permanen Paint Marker Joyko PTM-37 (10 Pack)
25. Sheet Protector Folio A4 Bening (10 Pack)"
1057.SPK/BA.202/BA010102/2026,2026-07-08,Srikandi Baruna 2201,26,"1. FO Racor filter
2. Rellay schneider 24 V DC
3. Rellay schneider 230 V AC 50/60 HZ
4. AVR TAIYO DST-100-2FA4
5. Lampu sorot LED PHILIPS 300 watt (putih)
6. Down light PHILIPS 24 watt
7. Selenoid valve PALMARINE 24V DC PEH 400 2-1P
8. PHILIPS ballast TL EB-CI 1-4 18 watt
9. Push button switch mushroom (22MM AVW411 NO/NC)
10. Philips master HPI-T plus
11. Waterproof switch K-2MR 250V 10A (SWITCH ROTARY SMALL WATERTIGHT, TYPE 2MR SYNTHETIC RESIN)
12. Elbow B/S 2.5 inch
13. Selang Karet/Hose Radiator Bentuk L 1,5 Inch Selang Air Udara Hawa L
14. Selang Karet/Hose Radiator Bentuk L 2 Inch Selang Air Udara Hawa L
15. Selang Karet/Hose Radiator Bentuk L 2.5 Inch Selang Air Udara Hawa L
16. ALDO Selang Kawat 3/4 inch 1roll (50 m)
17. Meteran Minyak Oil Depth Meter SIZE 15 m (SOUNDING TAPE - 10 M seapro)
18. Dextone Red Silicone SRK 30g
19. LEM THREEBOND HI TEMP 1DUS isi 20PCS LEM THREEBOND HI TEMP 30Gram
20. paket manifold single + slang analiser + konektor r32
21. Ball valve 1/2
22. Kran air 1 1/2 (Material : SS)
23. Plong Kulit/Packing Set /Hollow Punch Set 1/8(3mm) - 3/4(19mm) 12 pc merek Carrson or Equivalen
24. Sanwa Multimeter Digital CD800A
25. BOR TEMBOK SET RYU RID 13-1 REB RID13 BOR BETON/ BOR SET 13 MM SET 27 PC (RID13 -1REB)
26. RYU RPW 100 JET CLEANER CUCI MOBIL MOTOR AC STEAM PRESSURE WASHER CLEANER (INCLUDE HOSE) (RPW100-400watt)","1. 2040 MP
2. -
3. -
4. -
5. BVP151
6. -
7. -
8. -
9. -
10. 400W/645 E40
11. IMPA 793017
12. -
13. -
14. -
15. -
16. -
17. -
18. -
19. -
20. -
21. -
22. -
23. -
24. -
25. -
26. -","1. 60 Pcs
2. 15 pcs
3. 15 pcs
4. 4 pcs
5. 4 pcs
6. 20 pcs
7. 1 pcs
8. 10 pcs
9. 4 pcs
10. 4 pcs
11. 4 pcs
12. 8 pcs
13. 6 pcs
14. 6 pcs
15. 6 pcs
16. 1 Pcs
17. 1 pcs
18. 10 pcs
19. 10 pcs
20. 1 set
21. 10 pcs
22. 10 pcs
23. 1 set
24. 1 pcs
25. 1 pcs
26. 1 pcs","1. FO Racor filter [PN: 2040 MP] (60 Pcs)
2. Rellay schneider 24 V DC (15 pcs)
3. Rellay schneider 230 V AC 50/60 HZ (15 pcs)
4. AVR TAIYO DST-100-2FA4 (4 pcs)
5. Lampu sorot LED PHILIPS 300 watt (putih) [PN: BVP151] (4 pcs)
6. Down light PHILIPS 24 watt (20 pcs)
7. Selenoid valve PALMARINE 24V DC PEH 400 2-1P (1 pcs)
8. PHILIPS ballast TL EB-CI 1-4 18 watt (10 pcs)
9. Push button switch mushroom (22MM AVW411 NO/NC) (4 pcs)
10. Philips master HPI-T plus [PN: 400W/645 E40] (4 pcs)
11. Waterproof switch K-2MR 250V 10A (SWITCH ROTARY SMALL WATERTIGHT, TYPE 2MR SYNTHETIC RESIN) [PN: IMPA 793017] (4 pcs)
12. Elbow B/S 2.5 inch (8 pcs)
13. Selang Karet/Hose Radiator Bentuk L 1,5 Inch Selang Air Udara Hawa L (6 pcs)
14. Selang Karet/Hose Radiator Bentuk L 2 Inch Selang Air Udara Hawa L (6 pcs)
15. Selang Karet/Hose Radiator Bentuk L 2.5 Inch Selang Air Udara Hawa L (6 pcs)
16. ALDO Selang Kawat 3/4 inch 1roll (50 m) (1 Pcs)
17. Meteran Minyak Oil Depth Meter SIZE 15 m (SOUNDING TAPE - 10 M seapro) (1 pcs)
18. Dextone Red Silicone SRK 30g (10 pcs)
19. LEM THREEBOND HI TEMP 1DUS isi 20PCS LEM THREEBOND HI TEMP 30Gram (10 pcs)
20. paket manifold single + slang analiser + konektor r32 (1 set)
21. Ball valve 1/2 (10 pcs)
22. Kran air 1 1/2 (Material : SS) (10 pcs)
23. Plong Kulit/Packing Set /Hollow Punch Set 1/8(3mm) - 3/4(19mm) 12 pc merek Carrson or Equivalen (1 set)
24. Sanwa Multimeter Digital CD800A (1 pcs)
25. BOR TEMBOK SET RYU RID 13-1 REB RID13 BOR BETON/ BOR SET 13 MM SET 27 PC (RID13 -1REB) (1 pcs)
26. RYU RPW 100 JET CLEANER CUCI MOBIL MOTOR AC STEAM PRESSURE WASHER CLEANER (INCLUDE HOSE) (RPW100-400watt) (1 pcs)"
1056.SPK/BA.202/BA010102/2026,2026-07-07,Srikandi Baruna 2201,53,"1. FILTER, LUB.OIL
2. FO lement strainer
3. Mcb LS 1 phase BKN C16
4. Mcb LS 2 phase 400V BKN C16
5. Mcb LS 3 phase 400V BKN C32
6. Joy stick controler PALMARINE JC-01
7. Toggle switch 15A-250V AC ( 4 pin )
8. Pitting lampu TL marine base (G13 IMPA 791533)
9. Starter lampu TL-D S10-P (PHILIPS STARTER S10-P / STATER LAMPU TL-D NEON PERFORMANCE S-10 4-65 WATT)
10. Plat Bordes Besi 5mm / Checkered Plate 5 mm x 1200 x 2400
11. Elbow B/S Galvanis 2.5 inch ( 45 )
12. Fuel oil hose SAE J30 R6 1/4
13. Fuel oil hose SAE J30 R6 5/16
14. Kolor Kut Gasoline Gauging Paste ASLI ORIGINAL MADE IN USA ORI
15. RISBOW Kepala Aki Kuningan Tipe Jepang Kw21-495
16. Mur+baut+ring M5 panjang 5 cm (Galvanis)
17. Mur+baut+ring M6 panjang 5 cm (Galvanis)
18. Mur+baut+ring M8 panjang 10 cm (Galvanis)
19. Mur+baut+ring M10 panjang 10 cm (Galvanis)
20. REXCO 18 CONTACT CLEANER 500ml Rexco 18 500 ml
21. Packing karet 1 mm
22. Packing karet 3 mm
23. Packing karet 5 mm
24. Paking TBA 0,5 mm
25. Packing TBA 2 mm
26. Packing TBA 3 mm
27. Packing klingerit 3 mm
28. Sealtape Onda1/2 Inch 10 meter Seal Tape
29. Carbon Remover Coolercare Kaeser Compressor Cleaner Chemical
30. Refrigerant R32 - 9.5 KG
31. Non Brand O-Ring Set Viton KBOSSV75 Black
32. Gate valve 5K 80 (Cast Iron) (Flange to flange = 200 mm)
33. WD-40 412 ml
34. Kain Asbes 3 mm Tahan Panas/ Asbestos Cloth
35. Fire blanket HT800
36. Kabel Handle Gas Kapal 25 Meter/ Kabel Remote Kapal / Cable Remote or Equivalen
37. Presure gauge 25 inHg-15 psi (Without oil Filled)
38. Water pump PS 8000 2 L
39. HELL AIR RADIATOR COOLANT/COOLEN LONGLIFE PLUS GREEN/HIJAU (4L/4 L)
40. TEKIRO Impact Driver Set (Obeng Ketok) SD-IM0921 (11pcs)
41. TEKIRO KUNCI RING PUKUL 46 MM
42. Tekiro EX0926 screw extractor set 6 pcs tap balik set 6 pcs
43. TEKIRO Hex Key Ball Point Short Arm Set (Kunci L) HK-BP1203 1.5-10mm set (9pcs)
44. TEKIRO FEELER GAUGE 13 BLADES 0,2026-05-01 00:00:00,00 mm SETEL KLEP FULLER AU-FG1292 PULER GAUGE ALAT UKUR CELAH
45. Tang Ampere Digital Tekiro MS-DC1905 - Digital Clamp Meter Tekiro
46. TEKIRO kunci ring BULAN 10 - 22 mm
47. Kunci L bintang set TEKIRO 9pcs berlubang
48. TEKIRO Kunci 8-32 mm Kunci Ring Pas Combination Wrench
49. Kunci Inggris Chrome 12 inch 300 mm / Adjustable Wrench 12 Tekiro
50. TEKIRO KUNCI INGGRIS 8 200MM - ADJUSTABLE WRENCH 8 INCHI 200 MM - KONCI INCIGRIS 8 IN
51. SANFIX WT380 Infrared Thermogun WT 380 Thermometer Laser
52. Mata Bor Nachi Set 25 Pcs Uk 1 mm s/d 13 mm
53. Mesin Bor Ryu Bench Drill 13mm RBD13","1. 148620-35450
2. JOE-88004-1
3. -
4. -
5. -
6. -
7. -
8. -
9. -
10. -
11. -
12. WP 300 psi
13. WP 300 psi
14. -
15. -
16. -
17. -
18. -
19. -
20. -
21. -
22. -
23. -
24. -
25. -
26. -
27. -
28. -
29. -
30. -
31. -
32. -
33. -
34. -
35. -
36. -
37. -
38. -
39. -
40. -
41. -
42. -
43. -
44. -
45. -
46. -
47. -
48. -
49. -
50. -
51. WT550C
52. -
53. RDB 13","1. 24 Pcs
2. 20 Pcs
3. 10 set
4. 4 pcs
5. 4 pcs
6. 2 pcs
7. 10 pcs
8. 20 pcs
9. 20 pcs
10. 2 sheet
11. 6 pcs
12. 10 meter
13. 10 meter
14. 5 pcs
15. 12 set
16. 50 set
17. 50 set
18. 50 set
19. 50 set
20. 20 pcs
21. 5 meter
22. 5 meter
23. 10 meter
24. 5 meter
25. 5 meter
26. 5 meter
27. 5 meter
28. 10 pcs
29. 1 Jreken
30. 2 Pcs
31. 1 set
32. 1 pcs
33. 10 pcs
34. 10 meter
35. 20 meter
36. 2 pcs
37. 4 pcs
38. 1 pcs
39. 12 Jreken
40. 1 set
41. 2 pcs
42. 2 set
43. 1 set
44. 1 set
45. 1 pcs
46. 1 set
47. 1 set
48. 1 set
49. 1 pcs
50. 1 pcs
51. 1 pcs
52. 1 set
53. 1 pcs","1. FILTER, LUB.OIL [PN: 148620-35450] (24 Pcs)
2. FO lement strainer [PN: JOE-88004-1] (20 Pcs)
3. Mcb LS 1 phase BKN C16 (10 set)
4. Mcb LS 2 phase 400V BKN C16 (4 pcs)
5. Mcb LS 3 phase 400V BKN C32 (4 pcs)
6. Joy stick controler PALMARINE JC-01 (2 pcs)
7. Toggle switch 15A-250V AC ( 4 pin ) (10 pcs)
8. Pitting lampu TL marine base (G13 IMPA 791533) (20 pcs)
9. Starter lampu TL-D S10-P (PHILIPS STARTER S10-P / STATER LAMPU TL-D NEON PERFORMANCE S-10 4-65 WATT) (20 pcs)
10. Plat Bordes Besi 5mm / Checkered Plate 5 mm x 1200 x 2400 (2 sheet)
11. Elbow B/S Galvanis 2.5 inch ( 45 ) (6 pcs)
12. Fuel oil hose SAE J30 R6 1/4 [PN: WP 300 psi] (10 meter)
13. Fuel oil hose SAE J30 R6 5/16 [PN: WP 300 psi] (10 meter)
14. Kolor Kut Gasoline Gauging Paste ASLI ORIGINAL MADE IN USA ORI (5 pcs)
15. RISBOW Kepala Aki Kuningan Tipe Jepang Kw21-495 (12 set)
16. Mur+baut+ring M5 panjang 5 cm (Galvanis) (50 set)
17. Mur+baut+ring M6 panjang 5 cm (Galvanis) (50 set)
18. Mur+baut+ring M8 panjang 10 cm (Galvanis) (50 set)
19. Mur+baut+ring M10 panjang 10 cm (Galvanis) (50 set)
20. REXCO 18 CONTACT CLEANER 500ml Rexco 18 500 ml (20 pcs)
21. Packing karet 1 mm (5 meter)
22. Packing karet 3 mm (5 meter)
23. Packing karet 5 mm (10 meter)
24. Paking TBA 0,5 mm (5 meter)
25. Packing TBA 2 mm (5 meter)
26. Packing TBA 3 mm (5 meter)
27. Packing klingerit 3 mm (5 meter)
28. Sealtape Onda1/2 Inch 10 meter Seal Tape (10 pcs)
29. Carbon Remover Coolercare Kaeser Compressor Cleaner Chemical (1 Jreken)
30. Refrigerant R32 - 9.5 KG (2 Pcs)
31. Non Brand O-Ring Set Viton KBOSSV75 Black (1 set)
32. Gate valve 5K 80 (Cast Iron) (Flange to flange = 200 mm) (1 pcs)
33. WD-40 412 ml (10 pcs)
34. Kain Asbes 3 mm Tahan Panas/ Asbestos Cloth (10 meter)
35. Fire blanket HT800 (20 meter)
36. Kabel Handle Gas Kapal 25 Meter/ Kabel Remote Kapal / Cable Remote or Equivalen (2 pcs)
37. Presure gauge 25 inHg-15 psi (Without oil Filled) (4 pcs)
38. Water pump PS 8000 2 L (1 pcs)
39. HELL AIR RADIATOR COOLANT/COOLEN LONGLIFE PLUS GREEN/HIJAU (4L/4 L) (12 Jreken)
40. TEKIRO Impact Driver Set (Obeng Ketok) SD-IM0921 (11pcs) (1 set)
41. TEKIRO KUNCI RING PUKUL 46 MM (2 pcs)
42. Tekiro EX0926 screw extractor set 6 pcs tap balik set 6 pcs (2 set)
43. TEKIRO Hex Key Ball Point Short Arm Set (Kunci L) HK-BP1203 1.5-10mm set (9pcs) (1 set)
44. TEKIRO FEELER GAUGE 13 BLADES 0,2026-05-01 00:00:00,00 mm SETEL KLEP FULLER AU-FG1292 PULER GAUGE ALAT UKUR CELAH (1 set)
45. Tang Ampere Digital Tekiro MS-DC1905 - Digital Clamp Meter Tekiro (1 pcs)
46. TEKIRO kunci ring BULAN 10 - 22 mm (1 set)
47. Kunci L bintang set TEKIRO 9pcs berlubang (1 set)
48. TEKIRO Kunci 8-32 mm Kunci Ring Pas Combination Wrench (1 set)
49. Kunci Inggris Chrome 12 inch 300 mm / Adjustable Wrench 12 Tekiro (1 pcs)
50. TEKIRO KUNCI INGGRIS 8 200MM - ADJUSTABLE WRENCH 8 INCHI 200 MM - KONCI INCIGRIS 8 IN (1 pcs)
51. SANFIX WT380 Infrared Thermogun WT 380 Thermometer Laser [PN: WT550C] (1 pcs)
52. Mata Bor Nachi Set 25 Pcs Uk 1 mm s/d 13 mm (1 set)
53. Mesin Bor Ryu Bench Drill 13mm RBD13 [PN: RDB 13] (1 pcs)"
1047.SPK/BA.17/BA010102/2026,2026-07-09,Srikandi Baruna 2402,2,"1. TALI PP MONOFILAMENT CIR 10
2. TALI PP MONOFILAMENT CIR 8","1. -
2. -","1. 1 roll
2. 1 roll","1. TALI PP MONOFILAMENT CIR 10 (1 roll)
2. TALI PP MONOFILAMENT CIR 8 (1 roll)"
1044.SPK/BA.302/BA010102/2026,2026-07-07,Malahayati Baruna,1,1. FLEXIBLE EXHAUST MANIFOLD,1. -,1. 12 pcs,1. FLEXIBLE EXHAUST MANIFOLD (12 pcs)
1029.SPK/BA.17/BA010102/2026,2026-07-03,Adhiguna Tarahan,1,1. TALI PP MULTIFILAMENT,1. CIR 10,1. 3 roll,1. TALI PP MULTIFILAMENT [PN: CIR 10] (3 roll)
1046.SPK/BA.302/BA010102/2026,2026-07-07,Sartika Baruna,2,"1. INTERMEDIATE SERVICE KIT
2. MAJOR SERVICE KIT 60HZ","1. 546669-10
2. 546670-08","1. 4 set
2. 4 set","1. INTERMEDIATE SERVICE KIT [PN: 546669-10] (4 set)
2. MAJOR SERVICE KIT 60HZ [PN: 546670-08] (4 set)"
1049.SPK/BA.202/BA010102/2026,2026-07-07,Adhiguna Tarahan,4,"1. RUBBER REPAIR STRIP CONVEYOR
2. LEM DINGIN
3. HARDENER LEM
4. SOLVENT LEM","1. -
2. -
3. -
4. -","1. 2 roll
2. 10 pcs
3. 10 pcs
4. 5 pcs","1. RUBBER REPAIR STRIP CONVEYOR (2 roll)
2. LEM DINGIN (10 pcs)
3. HARDENER LEM (10 pcs)
4. SOLVENT LEM (5 pcs)"
1058.SPK/BA.17/BA010102/2026,2026-07-13,Intan Baruna,6,"1. LAMP LED PHILIPS
2. MERCURY LAMP
3. STARTER FOR FLUORESCENT LAMP
4. BATTERY ACCU GMDSS
5. NAVIGATION LAMP SCREW
6. DISKON","1. -
2. -
3. -
4. -
5. -
6. -","1. 50 pcs
2. 5 pcs
3. 60 pcs
4. 12 pcs
5. 30 pcs
6. 1 lot","1. LAMP LED PHILIPS (50 pcs)
2. MERCURY LAMP (5 pcs)
3. STARTER FOR FLUORESCENT LAMP (60 pcs)
4. BATTERY ACCU GMDSS (12 pcs)
5. NAVIGATION LAMP SCREW (30 pcs)
6. DISKON (1 lot)"
1028.SPK/BA.17/BA010102/2026,2026-07-03,Sartika Baruna,1,1. TALI PP MULTIFILAMENT,1. CIR 10,1. 4 roll,1. TALI PP MULTIFILAMENT [PN: CIR 10] (4 roll)
1027.SPK/BA.17/BA010102/2026,2026-07-03,Kencana Baruna,1,1. TALI PP MULTIFILAMENT,1. CIR 10,1. 4 roll,1. TALI PP MULTIFILAMENT [PN: CIR 10] (4 roll)
1067.SPK/BA.202/BA010102/2026,2026-07-13,Arimbi Baruna,30,"1. Pipe 1.1/2 Inc Galvanis
2. Elbow 1. 1/2 Inc
3. Elbow 1 Inc
4. U Bolt 1/2 Inc
5. U Bolt 1 Inc
6. U Bolt 1. 1/2 Inc
7. U Bolt 2 Inc
8. U Bolt 2.1/2 Inc
9. Mini Roll 100 Mm
10. Sarung Tangan
11. Kuku Macan / Wire Clip
12. Smart Tv 40 Inc
13. Kulkas Mini 1 Pintu
14. Kulkas 2 Pintu Sharp Sj-14M
15. Battery Panasonic (Cr2032)
16. Buku Tulis Gelatik A5/100 L
17. Calculator Citizen Ct-8614
18. Lakban Hitam 48Mm
19. Lakban Hitam 24Mm
20. Plastic Laminating A4
21. Stabilo Boss Original
22. Refill Spidol Hitam
23. Refill Spidol Biru
24. Strapless No.10
25. Straples No.3-1M
26. Tinta Printer Epson 664
27. Tinta Printer Epson 003
28. Sticky Notes 3M
29. Correction Tape / Tipe Ex
30. Joyko Index & Memo","1. -
2. -
3. -
4. -
5. -
6. -
7. -
8. -
9. -
10. -
11. 23 08 83
12. -
13. -
14. -
15. -
16. -
17. -
18. -
19. -
20. -
21. -
22. -
23. -
24. -
25. -
26. -
27. -
28. Ukuran : 76X76 (5 Warna)
29. -
30. Ukuran : 4.4Cm X 1.2Cm","1. 10 Btg
2. 25 Pcs
3. 25 Pcs
4. 100 Pcs
5. 100 Pcs
6. 100 Pcs
7. 100 Pcs
8. 100 Pcs
9. 20 Lsn
10. 50 Lsn
11. 25 Pcs
12. 2 Pcs
13. 2 Pcs
14. 1 Pcs
15. 10 Pcs
16. 10 Pcs
17. 2 Pcs
18. 15 Pcs
19. 15 Pcs
20. 3 Pack
21. 5 Pcs
22. 2 Pcs
23. 2 Pcs
24. 5 Pcs
25. 5 Pcs
26. 10 Pcs
27. 10 Pcs
28. 7 Pcs
29. 10 Pcs
30. 7 Pcs","1. Pipe 1.1/2 Inc Galvanis (10 Btg)
2. Elbow 1. 1/2 Inc (25 Pcs)
3. Elbow 1 Inc (25 Pcs)
4. U Bolt 1/2 Inc (100 Pcs)
5. U Bolt 1 Inc (100 Pcs)
6. U Bolt 1. 1/2 Inc (100 Pcs)
7. U Bolt 2 Inc (100 Pcs)
8. U Bolt 2.1/2 Inc (100 Pcs)
9. Mini Roll 100 Mm (20 Lsn)
10. Sarung Tangan (50 Lsn)
11. Kuku Macan / Wire Clip [PN: 23 08 83] (25 Pcs)
12. Smart Tv 40 Inc (2 Pcs)
13. Kulkas Mini 1 Pintu (2 Pcs)
14. Kulkas 2 Pintu Sharp Sj-14M (1 Pcs)
15. Battery Panasonic (Cr2032) (10 Pcs)
16. Buku Tulis Gelatik A5/100 L (10 Pcs)
17. Calculator Citizen Ct-8614 (2 Pcs)
18. Lakban Hitam 48Mm (15 Pcs)
19. Lakban Hitam 24Mm (15 Pcs)
20. Plastic Laminating A4 (3 Pack)
21. Stabilo Boss Original (5 Pcs)
22. Refill Spidol Hitam (2 Pcs)
23. Refill Spidol Biru (2 Pcs)
24. Strapless No.10 (5 Pcs)
25. Straples No.3-1M (5 Pcs)
26. Tinta Printer Epson 664 (10 Pcs)
27. Tinta Printer Epson 003 (10 Pcs)
28. Sticky Notes 3M [PN: Ukuran : 76X76 (5 Warna)] (7 Pcs)
29. Correction Tape / Tipe Ex (10 Pcs)
30. Joyko Index & Memo [PN: Ukuran : 4.4Cm X 1.2Cm] (7 Pcs)"
1066.SPK/BA.202/BA010102/2026,2026-07-13,Arimbi Baruna,24,"1. U Bolt Pipa Hydrant 4 Inc
2. U Bolt Pipa Hydrant 5 Inc
3. U Bolt Pipa Kabel 8 Inc
4. Plat Siku 5 X 5
5. Plat Siku 8 X 8
6. Stainless Steel Wire Diam 1.8 Mm
7. Wire Rope Thimble
8. Grease Kuning 20 L
9. Tali Uk 1.1/2 Inc 200 M Plastik
10. Majun Jait
11. Selang Uk 1.1/2 Inc
12. Selang Uk 3/4 Inc
13. Wd 40 412 Ml
14. Mesin Cuci Otomatis Kapasitas 12 Kg
15. Dispenser Arashi Multifunction / Dispenser Amd 02 Bc
16. Kulkas 2 Pintu Sharp Sj-420G
17. Battery Alkalin AAA
18. Battery Alkalin AA
19. Battery Alkalin D 1.5 (Besar)
20. Plastic Laminating F4
21. Pullpen Pilot Balliner 0.8
22. Pullpen Pilot Balliner 0.8
23. Spidol Snowman (Besar)
24. Lampu(Senter) Led Portable","1. -
2. -
3. -
4. -
5. -
6. -
7. 23 36 81
8. -
9. -
10. -
11. -
12. -
13. -
14. -
15. -
16. -
17. ( 1 Box Isi 12 Card )
18. ( 1 Box Isi 12 Card )
19. -
20. -
21. Pulpen (Zebra) Untuk Tanda Tangan
22. Pulpen (Zebra) Untuk Tanda Tangan
23. Water-Based Marker
24. 10000Mah/3000Lm, 500W","1. 20 Btg
2. 50 Btg
3. 50 Btg
4. 10 Pcs
5. 10 Pcs
6. 2 Roll
7. 25 Pcs
8. 4 Pcs
9. 200 Mtr
10. 200 Kg
11. 4 Roll
12. 2 Roll
13. 20 Pcs
14. 3 Pcs
15. 4 Pcs
16. 1 Pcs
17. 2 Box
18. 2 Box
19. 10 Pack
20. 5 Pack
21. 1 Pack
22. 1 Pack
23. 1 Pack
24. 2 Pcs","1. U Bolt Pipa Hydrant 4 Inc (20 Btg)
2. U Bolt Pipa Hydrant 5 Inc (50 Btg)
3. U Bolt Pipa Kabel 8 Inc (50 Btg)
4. Plat Siku 5 X 5 (10 Pcs)
5. Plat Siku 8 X 8 (10 Pcs)
6. Stainless Steel Wire Diam 1.8 Mm (2 Roll)
7. Wire Rope Thimble [PN: 23 36 81] (25 Pcs)
8. Grease Kuning 20 L (4 Pcs)
9. Tali Uk 1.1/2 Inc 200 M Plastik (200 Mtr)
10. Majun Jait (200 Kg)
11. Selang Uk 1.1/2 Inc (4 Roll)
12. Selang Uk 3/4 Inc (2 Roll)
13. Wd 40 412 Ml (20 Pcs)
14. Mesin Cuci Otomatis Kapasitas 12 Kg (3 Pcs)
15. Dispenser Arashi Multifunction / Dispenser Amd 02 Bc (4 Pcs)
16. Kulkas 2 Pintu Sharp Sj-420G (1 Pcs)
17. Battery Alkalin AAA [PN: ( 1 Box Isi 12 Card )] (2 Box)
18. Battery Alkalin AA [PN: ( 1 Box Isi 12 Card )] (2 Box)
19. Battery Alkalin D 1.5 (Besar) (10 Pack)
20. Plastic Laminating F4 (5 Pack)
21. Pullpen Pilot Balliner 0.8 [PN: Pulpen (Zebra) Untuk Tanda Tangan] (1 Pack)
22. Pullpen Pilot Balliner 0.8 [PN: Pulpen (Zebra) Untuk Tanda Tangan] (1 Pack)
23. Spidol Snowman (Besar) [PN: Water-Based Marker] (1 Pack)
24. Lampu(Senter) Led Portable [PN: 10000Mah/3000Lm, 500W] (2 Pcs)"
1102.SPK/BA.7/BA010102/2026,2026-07-13,Jayanti Baruna,1,1. JASA INSPEKSI CAMSHAFT AE 1,1. -,1. 1 lot,1. JASA INSPEKSI CAMSHAFT AE 1 (1 lot)
1114.SPK/BA.202/BA010102/2026,2026-07-13,Walidah Baruna,6,"1. JOTAMASTIC SMART PACK HB RED
2. PILOT II BLACK
3. PILOT II STBD 138 BLUE
4. PILOT II STBD 436 ORANGE
5. PILOT II BLACK SIGNAL RED STD 256
6. PILOT II BLACK CREAM STD 002","1. -
2. -
3. -
4. -
5. -
6. -","1. 200 liter
2. 25 liter
3. 25 liter
4. 50 liter
5. 100 liter
6. 300 liter","1. JOTAMASTIC SMART PACK HB RED (200 liter)
2. PILOT II BLACK (25 liter)
3. PILOT II STBD 138 BLUE (25 liter)
4. PILOT II STBD 436 ORANGE (50 liter)
5. PILOT II BLACK SIGNAL RED STD 256 (100 liter)
6. PILOT II BLACK CREAM STD 002 (300 liter)"
1093.SPK/BA.17/BA010102/2026,2026-07-13,Walidah Baruna,6,"1. AC 1,5 PK
2. DISPENSER GALON
3. STEP UP/DOWN 110
4. TV 55 INC
5. TV SPEAKER
6. ICE CUBE MAKER","1. AQUA
2. ARASHI
3. DAICHI
4. HISENSE
5. JBL
6. -","1. 2 pcs
2. 6 pcs
3. 10 pcs
4. 1 pcs
5. 1 pcs
6. 1 pcs","1. AC 1,5 PK [PN: AQUA] (2 pcs)
2. DISPENSER GALON [PN: ARASHI] (6 pcs)
3. STEP UP/DOWN 110 [PN: DAICHI] (10 pcs)
4. TV 55 INC [PN: HISENSE] (1 pcs)
5. TV SPEAKER [PN: JBL] (1 pcs)
6. ICE CUBE MAKER (1 pcs)"
1070.SPK/BA.302/BA010102/2026,2026-07-13,Latifah Baruna,5,"1. OIL NOZZLE NO 1
2. OIL NOZZLE NO 2
3. FUEL PUMP ASSY
4. FLAME FEELER
5. FLAME SAFEGUARD","1. 612225
2. 612233
3. 601050
4. 1119741201/2
5. 600118","1. 3 pcs
2. 3 pcs
3. 1 pcs
4. 4 pcs
5. 2 pcs","1. OIL NOZZLE NO 1 [PN: 612225] (3 pcs)
2. OIL NOZZLE NO 2 [PN: 612233] (3 pcs)
3. FUEL PUMP ASSY [PN: 601050] (1 pcs)
4. FLAME FEELER [PN: 1119741201/2] (4 pcs)
5. FLAME SAFEGUARD [PN: 600118] (2 pcs)"
1107.SPK/BA.202/BA010102/2026,2026-07-13,Walidah Baruna,15,"1. FRENCH KNIFE STEEL BLADE, 250MM RED PLASTIC HANDLE
2. FRENCH KNIFE STEEL BLADE, 250MM BLUE PLASTIC HANDLE
3. FRENCH KNIFE STEEL BLADE, 250MM YELLOW PLASTIC HANDLE
4. FRENCH KNIFE STEEL BLADE, 250MM BROWN PLASTIC HANDLE
5. FRENCH KNIFE STEEL BLADE, 250MM GREEN PLASTIC HANDLE
6. FRENCH KNIFE STEEL BLADE, 250MM WHITE PLASTIC HANDLE
7. CUTTING BOARD PLASTIC COLORED, RED 530X325X20MM
8. CUTTING BOARD PLASTIC COLORED, BLUE 530X325X20MM
9. CUTTING BOARD PLASTIC COLORED, YELLOW 530X325X20MM
10. CUTTING BOARD PLASTIC COLORED, BROWN 530X325X20MM
11. CUTTING BOARD PLASTIC COLORED, GREEN 530X325X20MM
12. SCUPPER PLUG FOR ACCOMODATION DECK MODEL 50N-100
13. SCUPPER PLUG FOR MAINDECK MODEL 50N-125
14. TEST KIT WATER MARINE PORTABLE
15. PILOT LADDER, FULL SET UK 15 M","1. 172290
2. 172298
3. 172308
4. 172309
5. 172310
6. 172320
7. 172446
8. 172447
9. 172448
10. 172449
11. 172450
12. 23.24.85
13. 23.24.86
14. 65.28.25
15. -","1. 1 PCS
2. 1 PCS
3. 1 PCS
4. 1 PCS
5. 1 PCS
6. 1 PCS
7. 1 PCS
8. 1 PCS
9. 1 PCS
10. 1 PCS
11. 1 PCS
12. 5 PCS
13. 10 PCS
14. 1 SET
15. 2 SET","1. FRENCH KNIFE STEEL BLADE, 250MM RED PLASTIC HANDLE [PN: 172290] (1 PCS)
2. FRENCH KNIFE STEEL BLADE, 250MM BLUE PLASTIC HANDLE [PN: 172298] (1 PCS)
3. FRENCH KNIFE STEEL BLADE, 250MM YELLOW PLASTIC HANDLE [PN: 172308] (1 PCS)
4. FRENCH KNIFE STEEL BLADE, 250MM BROWN PLASTIC HANDLE [PN: 172309] (1 PCS)
5. FRENCH KNIFE STEEL BLADE, 250MM GREEN PLASTIC HANDLE [PN: 172310] (1 PCS)
6. FRENCH KNIFE STEEL BLADE, 250MM WHITE PLASTIC HANDLE [PN: 172320] (1 PCS)
7. CUTTING BOARD PLASTIC COLORED, RED 530X325X20MM [PN: 172446] (1 PCS)
8. CUTTING BOARD PLASTIC COLORED, BLUE 530X325X20MM [PN: 172447] (1 PCS)
9. CUTTING BOARD PLASTIC COLORED, YELLOW 530X325X20MM [PN: 172448] (1 PCS)
10. CUTTING BOARD PLASTIC COLORED, BROWN 530X325X20MM [PN: 172449] (1 PCS)
11. CUTTING BOARD PLASTIC COLORED, GREEN 530X325X20MM [PN: 172450] (1 PCS)
12. SCUPPER PLUG FOR ACCOMODATION DECK MODEL 50N-100 [PN: 23.24.85] (5 PCS)
13. SCUPPER PLUG FOR MAINDECK MODEL 50N-125 [PN: 23.24.86] (10 PCS)
14. TEST KIT WATER MARINE PORTABLE [PN: 65.28.25] (1 SET)
15. PILOT LADDER, FULL SET UK 15 M (2 SET)"
1052.SPK/BA.202/BA010102/2026,2026-07-08,Srikandi Baruna 2003,17,"1. Element LO Catridge
2. Cartridge, By - Pass Filter
3. Element Assy, Governor
4. Element, Fuel Filter
5. Impeller
6. V-Belt,Raw Edge ( Alternator )
7. V - Belt, 48 Inch
8. Racord Filter 30 Micron
9. Oil Filter
10. Fuel Filter
11. Element ( Fuel Filter ) Jimco
12. Pump Assy S.W Rubber Impeller ( KOSHIN )
13. Pump Assy, Fuel Feed
14. Rubber Impeller ( PUMP KONSIN )
15. Oil Filter
16. Fuel Filter
17. V - Belt","1. 37540 - 21100
2. 37540 - 12100
3. 34A40 - 12130
4. 32562 - 70300
5. 45B53 - 10201
6. 37549 - 06520
7. 25163 - 004801
8. 2010 PM - OR
9. 119005 - 35170
10. 129907 - 55801
11. JFE 16002
12. MF - 40 S/40 mm
13. 119225 - 52102
14. MF - 40 S
15. JX 0810B
16. CX0708
17. AV 17 x 1215Li","1. 24 Pcs
2. 12 Pcs
3. 12 Pcs
4. 24 Pcs
5. 6 Pcs
6. 4 Pcs
7. 6 Pcs
8. 12 Pcs
9. 14 Pcs
10. 14 Pcs
11. 24 Pcs
12. 2 Pcs
13. 4 Pcs
14. 8 Pcs
15. 12 Pcs
16. 12 Pcs
17. 6 Pcs","1. Element LO Catridge [PN: 37540 - 21100] (24 Pcs)
2. Cartridge, By - Pass Filter [PN: 37540 - 12100] (12 Pcs)
3. Element Assy, Governor [PN: 34A40 - 12130] (12 Pcs)
4. Element, Fuel Filter [PN: 32562 - 70300] (24 Pcs)
5. Impeller [PN: 45B53 - 10201] (6 Pcs)
6. V-Belt,Raw Edge ( Alternator ) [PN: 37549 - 06520] (4 Pcs)
7. V - Belt, 48 Inch [PN: 25163 - 004801] (6 Pcs)
8. Racord Filter 30 Micron [PN: 2010 PM - OR] (12 Pcs)
9. Oil Filter [PN: 119005 - 35170] (14 Pcs)
10. Fuel Filter [PN: 129907 - 55801] (14 Pcs)
11. Element ( Fuel Filter ) Jimco [PN: JFE 16002] (24 Pcs)
12. Pump Assy S.W Rubber Impeller ( KOSHIN ) [PN: MF - 40 S/40 mm] (2 Pcs)
13. Pump Assy, Fuel Feed [PN: 119225 - 52102] (4 Pcs)
14. Rubber Impeller ( PUMP KONSIN ) [PN: MF - 40 S] (8 Pcs)
15. Oil Filter [PN: JX 0810B] (12 Pcs)
16. Fuel Filter [PN: CX0708] (12 Pcs)
17. V - Belt [PN: AV 17 x 1215Li] (6 Pcs)"
1112.SPK/BA.302/BA010102/2026,2026-07-13,Srikandi Baruna 2206,1,1. LUB OIL FILTER,1. 148633-35400,1. 36 pcs,1. LUB OIL FILTER [PN: 148633-35400] (36 pcs)
1094.SPK/BA.17/BA010102/2026,2026-07-13,Latifah Baruna,5,"1. REFILL OKSIGEN
2. REFILL LPG 12,5KG
3. PERIZINAN
4. PENDAMPINGAN AGEN
5. TRANSPORTASI DAN AKOMODASI","1. -
2. -
3. -
4. -
5. -","1. 7 botol
2. 1 botol
3. 1 lot
4. 1 lot
5. 1 lot","1. REFILL OKSIGEN (7 botol)
2. REFILL LPG 12,5KG (1 botol)
3. PERIZINAN (1 lot)
4. PENDAMPINGAN AGEN (1 lot)
5. TRANSPORTASI DAN AKOMODASI (1 lot)"
1120.SPK/BA.302/BA010102/2026,2026-07-14,Intan Baruna,10,"1. Shroud With Buffle Plate聽
2. Nozzle Tip聽With Cut-Off Valve聽聽
3. Nozzle Tip聽With Cut-Off Valve聽
4. Complete Of F.O Pump GD (NK)
5. Spark Rod
6. Lead Insulator聽
7. Flame Eye聽
8. Insulator Cap
9. Selenoid Valve聽
10. Electrode Holder聽","1. A524-327-0004-4
2. 0509-400-0700-0
3. 0509-600-0200-0
4. 0000-AA6-4429-4
5. A524-318-4000-0
6. 0881-102-000-0
7. 0807-230-0040-0
8. 0085-000-0000-0
9. 0000-AA7-1510-0
10. 0840-200-0013-0","1. 2 Pcs
2. 6 Pcs
3. 3 Pcs
4. 1 Pcs
5. 3 Pcs
6. 6 Pcs
7. 2 Pcs
8. 2 Pcs
9. 2 Pcs
10. 2 Pcs","1. Shroud With Buffle Plate聽 [PN: A524-327-0004-4] (2 Pcs)
2. Nozzle Tip聽With Cut-Off Valve聽聽 [PN: 0509-400-0700-0] (6 Pcs)
3. Nozzle Tip聽With Cut-Off Valve聽 [PN: 0509-600-0200-0] (3 Pcs)
4. Complete Of F.O Pump GD (NK) [PN: 0000-AA6-4429-4] (1 Pcs)
5. Spark Rod [PN: A524-318-4000-0] (3 Pcs)
6. Lead Insulator聽 [PN: 0881-102-000-0] (6 Pcs)
7. Flame Eye聽 [PN: 0807-230-0040-0] (2 Pcs)
8. Insulator Cap [PN: 0085-000-0000-0] (2 Pcs)
9. Selenoid Valve聽 [PN: 0000-AA7-1510-0] (2 Pcs)
10. Electrode Holder聽 [PN: 0840-200-0013-0] (2 Pcs)"
1002.SPK/BA.302/BA010102/2026,2026-07-13,Meutia Baruna,1,1. CONCENTRIC VALVE ASSEMBLY (HP),1. 0710-7200-00,1. 1 set,1. CONCENTRIC VALVE ASSEMBLY (HP) [PN: 0710-7200-00] (1 set)
1069.SPK/BA.17/BA010102/2026,2026-07-13,Srikandi Baruna 2402,4,"1. AC 0,5 PK
2. PIPA AC
3. JASA BONGKAR
4. TRANSPORTASI DAN AKOMODASI","1. -
2. -
3. -
4. -","1. 1 unit
2. 1 pcs
3. 1 lot
4. 1 lot","1. AC 0,5 PK (1 unit)
2. PIPA AC (1 pcs)
3. JASA BONGKAR (1 lot)
4. TRANSPORTASI DAN AKOMODASI (1 lot)"
1051.SPK/BA.302/BA010102/2026,2026-07-08,Kartini Baruna,8,"1. PISTON RING RIGHT
2. PISTON RING OPPOSITE
3. PISTON RING
4. COOLING JACKET
5. SPINDLE GUIDE COMPLETE
6. NON RETURN V/V ASSY
7. FOOT PIECE
8. THRUST SPINDLE","1. 332B - 5
2. 332B - 6
3. 332B - 7
4. 341A - 12
5. 344A - A
6. 344A - C
7. 344A - 4
8. 344A - 5","1. 4 PCS
2. 8 PCS
3. 4 PCS
4. 2 PCS
5. 8 PCS
6. 8 PCS
7. 10 PCS
8. 10 PCS","1. PISTON RING RIGHT [PN: 332B - 5] (4 PCS)
2. PISTON RING OPPOSITE [PN: 332B - 6] (8 PCS)
3. PISTON RING [PN: 332B - 7] (4 PCS)
4. COOLING JACKET [PN: 341A - 12] (2 PCS)
5. SPINDLE GUIDE COMPLETE [PN: 344A - A] (8 PCS)
6. NON RETURN V/V ASSY [PN: 344A - C] (8 PCS)
7. FOOT PIECE [PN: 344A - 4] (10 PCS)
8. THRUST SPINDLE [PN: 344A - 5] (10 PCS)"
1110.SPK/BA.17/BA010102/2026,2026-07-13,Malahayati Baruna,84,"1. KERTAS HVS A4 (MERK SIDU) 70GSM
2. KERTAS HVS A4 (MERK SIDU) 80GSM
3. GUNTING KERTAS SEDANG JOYKO SC-838
4. GUNTING KERTAS BESAR JOYKO SC-848
5. SPIDOL PERMANEN HITAM SNOWMAN
6. SPIDOL PERMANEN BIRU SNOWMAN
7. SPIDOL PERMANEN MERAH SNOWMAN
8. SPIDOL PERMANEN HIJAU SNOWMAN
9. SPIDOL WHITE BOARD (MERAH) SNOWMAN
10. SPIDOL WHITE BOARD (HITAM) SNOWMAN
11. SPIDOL WHITE BOARD (BIRU) SNOWMAN
12. SPIDOL WHITE BOARD (HIJAU) SNOWMAN
13. PERMANENT MARKER PUTIH SNOWMAN
14. SPIDOL KECIL (1 PACK = 12WARNA) SNOWMAN
15. HIGHLIGHTER STABILO (MIX COLOUR)
16. LAMINATING FILM A4 (ISI 100 PCS PER PACK)
17. KENKO L-500 WORKING CUTTER
18. KENKO L-150 REFILL MATA CUTTER
19. KENKO A-300 WORKING CUTTER KECIL
20. KENKO A-100 REFILL MATA CUTTER
21. BATERAI AAA (ALKALINE) 1,5V (72 PCS PER BOX)
22. BATERAI AA (ALKALINE) 1,5V (72 PCS PER BOX)
23. MAGNETIC PIN WHITEBOARD 30MM (MIX COLOUR)
24. CORRECTION PEN LIQUID KENKO KE-107
25. CORRECTION TAPE JOYKO CT-522
26. STAPLER JILID MAX HD-12L/17
27. ISI STAPLES NO 1217 FA-H (ISI 1000)
28. STAPLER JOYKO HD-50
29. STAPLER JOYKO HD-10
30. ISI STAPLES NO 3-1M (SIZE 24/6) ISI 1000
31. ISI STAPLES NO 10-1M (ISI 1000)
32. MAP L-BENING A4
33. SHEET PROTECTOR A4
34. ORDNER BANTEX A4 1450
35. ORDNER BANTEX F4 1465
36. BUKU FOLIO PAPERLINE 200 LEMBAR HARD COVER
37. BUKU KUARTO PAPERLINE 100 LEMBAR HARD COVER
38. NOTE BOOK A6 PAPERLINE 100 LEMBAR HARD COVER
39. SIDU BUKU TULIS CRAFT 60 LEMBAR (16x21CM)
40. PENGHAPUS SPIDOL WHITE BOARD
41. PENGGARIS BESI 1 METER
42. PENGGARIS PLASTIK 1 METER
43. TAPE DISPENSER ISOLASI 1/2 INCH JOYKO TD-103
44. DOUBLE TAPE 2 INCH
45. DOUBLE TAPE 1 INCH
46. DOUBLE TAPE 1/2 INCH
47. LAKBAN KERTAS 2 INCH
48. LAKBAN KERTAS 1 INCH
49. LAKBAN PLASTIK BENING 2 INCH
50. LAKBAN PLASTIK BENING 1 INCH
51. LAKBAN PLASTIK BENING 1/2 INCH
52. LAKBAN PLASTIK COKLAT 2 INCH
53. LAKBAN KAIN HITAM 2 INCH
54. LAKBAN KAIN KUNING 2 INCH
55. LAKBAN POLICE LINE 2 INCH
56. KENKO GEL PEN K-1 0,5MM (HITAM)
57. KENKO GEL PEN K-1 0,5MM (BIRU)
58. PENSIL 2B STAEDTLER
59. STICKY NOTES (1 PACK = 3-6 PAD)
60. KERTAS FOTO GLOSSY F4 230 GSM (20 LEMBAR)
61. KERTAS FOTO GLOSSY A4 230 GSM (20 LEMBAR)
62. PVC BANTEX CLIPBOARD F4 / PAPAN JALAN
63. BINDER CLIP NO 260 (12 PCS)
64. BINDER CLIP NO 155 (12 PCS)
65. BINDER CLIP NO 111 (12 PCS)
66. LEM AICA AIBON 601 (700 GRAM)
67. LEM KERTAS STICK (15GRAM)
68. LEM G / KOREA
69. TINTA PRINTER SET (C,M,Y,BK) EPSON SERI 003
70. PYLOX KUNING
71. PYLOX MERAH
72. PYLOX BIRU
73. PYLOX HITAM
74. PYLOX PUTIH
75. PYLOX ORANGE
76. JANGKA JOYKO MS-407
77. JANGKA WHITE BOARD BESAR (45,4CM)
78. LABEL PRINTER (CASIO KL-820)
79. TAPE CATRIDGE 12MM FOR CASIO KL-820 WHITE
80. AMPLOP COKLAT FOLIO AIRMAIL 310 (TALI)
81. AMPLOP COKLAT FOLIO AIRMAIL 310 (TANPA TALI)
82. AMPLOP PUTIH PAPERLINE 90PPS (100 PCS)
83. AMPLOP PUTIH PAPERLINE 110PPS (100 PCS)
84. AMPLOP PUTIH PAPERLINE 104PPS (100 PCS)","1. -
2. -
3. -
4. -
5. -
6. -
7. -
8. -
9. -
10. -
11. -
12. -
13. -
14. -
15. -
16. -
17. -
18. -
19. -
20. -
21. -
22. -
23. -
24. -
25. -
26. -
27. -
28. -
29. -
30. -
31. -
32. -
33. -
34. -
35. -
36. -
37. -
38. -
39. -
40. -
41. -
42. -
43. -
44. -
45. -
46. -
47. -
48. -
49. -
50. -
51. -
52. -
53. -
54. -
55. -
56. -
57. -
58. -
59. -
60. -
61. -
62. -
63. -
64. -
65. -
66. -
67. -
68. -
69. -
70. -
71. -
72. -
73. -
74. -
75. -
76. -
77. -
78. -
79. -
80. -
81. -
82. -
83. -
84. -","1. 100 RIM
2. 10 RIM
3. 5 PCS
4. 5 PCS
5. 5 LUSIN
6. 5 LUSIN
7. 5 LUSIN
8. 5 LUSIN
9. 5 LUSIN
10. 5 LUSIN
11. 5 LUSIN
12. 5 LUSIN
13. 10 LUSIN
14. 10 SET
15. 20 PCS
16. 2 PACK
17. 20 PCS
18. 5 LUSIN
19. 20 PCS
20. 10 LUSIN
21. 10 BOX
22. 10 BOX
23. 50 PCS
24. 20 PCS
25. 20 PCS
26. 1 PCS
27. 5 PCS
28. 2 PCS
29. 10 PCS
30. 60 PCS
31. 60 PCS
32. 200 PCS
33. 200 PCS
34. 30 PCS
35. 30 PCS
36. 50 PCS
37. 50 PCS
38. 50 PCS
39. 50 PCS
40. 10 PCS
41. 5 PCS
42. 5 PCS
43. 5 PCS
44. 20 PCS
45. 20 PCS
46. 20 PCS
47. 50 PCS
48. 50 PCS
49. 15 PCS
50. 15 PCS
51. 15 PCS
52. 15 PCS
53. 100 PCS
54. 25 PCS
55. 10 PCS
56. 25 LUSIN
57. 25 LUSIN
58. 15 LUSIN
59. 10 PACK
60. 5 PACK
61. 5 PACK
62. 20 PCS
63. 20 PACK
64. 20 PACK
65. 20 PACK
66. 50 PCS
67. 24 PCS
68. 60 PCS
69. 20 SET
70. 10 BOTOL
71. 10 BOTOL
72. 10 BOTOL
73. 10 BOTOL
74. 10 BOTOL
75. 10 BOTOL
76. 5 PCS
77. 5 PCS
78. 1 UNIT
79. 10 PCS
80. 150 PCS
81. 50 PCS
82. 5 BOX
83. 5 BOX
84. 5 BOX","1. KERTAS HVS A4 (MERK SIDU) 70GSM (100 RIM)
2. KERTAS HVS A4 (MERK SIDU) 80GSM (10 RIM)
3. GUNTING KERTAS SEDANG JOYKO SC-838 (5 PCS)
4. GUNTING KERTAS BESAR JOYKO SC-848 (5 PCS)
5. SPIDOL PERMANEN HITAM SNOWMAN (5 LUSIN)
6. SPIDOL PERMANEN BIRU SNOWMAN (5 LUSIN)
7. SPIDOL PERMANEN MERAH SNOWMAN (5 LUSIN)
8. SPIDOL PERMANEN HIJAU SNOWMAN (5 LUSIN)
9. SPIDOL WHITE BOARD (MERAH) SNOWMAN (5 LUSIN)
10. SPIDOL WHITE BOARD (HITAM) SNOWMAN (5 LUSIN)
11. SPIDOL WHITE BOARD (BIRU) SNOWMAN (5 LUSIN)
12. SPIDOL WHITE BOARD (HIJAU) SNOWMAN (5 LUSIN)
13. PERMANENT MARKER PUTIH SNOWMAN (10 LUSIN)
14. SPIDOL KECIL (1 PACK = 12WARNA) SNOWMAN (10 SET)
15. HIGHLIGHTER STABILO (MIX COLOUR) (20 PCS)
16. LAMINATING FILM A4 (ISI 100 PCS PER PACK) (2 PACK)
17. KENKO L-500 WORKING CUTTER (20 PCS)
18. KENKO L-150 REFILL MATA CUTTER (5 LUSIN)
19. KENKO A-300 WORKING CUTTER KECIL (20 PCS)
20. KENKO A-100 REFILL MATA CUTTER (10 LUSIN)
21. BATERAI AAA (ALKALINE) 1,5V (72 PCS PER BOX) (10 BOX)
22. BATERAI AA (ALKALINE) 1,5V (72 PCS PER BOX) (10 BOX)
23. MAGNETIC PIN WHITEBOARD 30MM (MIX COLOUR) (50 PCS)
24. CORRECTION PEN LIQUID KENKO KE-107 (20 PCS)
25. CORRECTION TAPE JOYKO CT-522 (20 PCS)
26. STAPLER JILID MAX HD-12L/17 (1 PCS)
27. ISI STAPLES NO 1217 FA-H (ISI 1000) (5 PCS)
28. STAPLER JOYKO HD-50 (2 PCS)
29. STAPLER JOYKO HD-10 (10 PCS)
30. ISI STAPLES NO 3-1M (SIZE 24/6) ISI 1000 (60 PCS)
31. ISI STAPLES NO 10-1M (ISI 1000) (60 PCS)
32. MAP L-BENING A4 (200 PCS)
33. SHEET PROTECTOR A4 (200 PCS)
34. ORDNER BANTEX A4 1450 (30 PCS)
35. ORDNER BANTEX F4 1465 (30 PCS)
36. BUKU FOLIO PAPERLINE 200 LEMBAR HARD COVER (50 PCS)
37. BUKU KUARTO PAPERLINE 100 LEMBAR HARD COVER (50 PCS)
38. NOTE BOOK A6 PAPERLINE 100 LEMBAR HARD COVER (50 PCS)
39. SIDU BUKU TULIS CRAFT 60 LEMBAR (16x21CM) (50 PCS)
40. PENGHAPUS SPIDOL WHITE BOARD (10 PCS)
41. PENGGARIS BESI 1 METER (5 PCS)
42. PENGGARIS PLASTIK 1 METER (5 PCS)
43. TAPE DISPENSER ISOLASI 1/2 INCH JOYKO TD-103 (5 PCS)
44. DOUBLE TAPE 2 INCH (20 PCS)
45. DOUBLE TAPE 1 INCH (20 PCS)
46. DOUBLE TAPE 1/2 INCH (20 PCS)
47. LAKBAN KERTAS 2 INCH (50 PCS)
48. LAKBAN KERTAS 1 INCH (50 PCS)
49. LAKBAN PLASTIK BENING 2 INCH (15 PCS)
50. LAKBAN PLASTIK BENING 1 INCH (15 PCS)
51. LAKBAN PLASTIK BENING 1/2 INCH (15 PCS)
52. LAKBAN PLASTIK COKLAT 2 INCH (15 PCS)
53. LAKBAN KAIN HITAM 2 INCH (100 PCS)
54. LAKBAN KAIN KUNING 2 INCH (25 PCS)
55. LAKBAN POLICE LINE 2 INCH (10 PCS)
56. KENKO GEL PEN K-1 0,5MM (HITAM) (25 LUSIN)
57. KENKO GEL PEN K-1 0,5MM (BIRU) (25 LUSIN)
58. PENSIL 2B STAEDTLER (15 LUSIN)
59. STICKY NOTES (1 PACK = 3-6 PAD) (10 PACK)
60. KERTAS FOTO GLOSSY F4 230 GSM (20 LEMBAR) (5 PACK)
61. KERTAS FOTO GLOSSY A4 230 GSM (20 LEMBAR) (5 PACK)
62. PVC BANTEX CLIPBOARD F4 / PAPAN JALAN (20 PCS)
63. BINDER CLIP NO 260 (12 PCS) (20 PACK)
64. BINDER CLIP NO 155 (12 PCS) (20 PACK)
65. BINDER CLIP NO 111 (12 PCS) (20 PACK)
66. LEM AICA AIBON 601 (700 GRAM) (50 PCS)
67. LEM KERTAS STICK (15GRAM) (24 PCS)
68. LEM G / KOREA (60 PCS)
69. TINTA PRINTER SET (C,M,Y,BK) EPSON SERI 003 (20 SET)
70. PYLOX KUNING (10 BOTOL)
71. PYLOX MERAH (10 BOTOL)
72. PYLOX BIRU (10 BOTOL)
73. PYLOX HITAM (10 BOTOL)
74. PYLOX PUTIH (10 BOTOL)
75. PYLOX ORANGE (10 BOTOL)
76. JANGKA JOYKO MS-407 (5 PCS)
77. JANGKA WHITE BOARD BESAR (45,4CM) (5 PCS)
78. LABEL PRINTER (CASIO KL-820) (1 UNIT)
79. TAPE CATRIDGE 12MM FOR CASIO KL-820 WHITE (10 PCS)
80. AMPLOP COKLAT FOLIO AIRMAIL 310 (TALI) (150 PCS)
81. AMPLOP COKLAT FOLIO AIRMAIL 310 (TANPA TALI) (50 PCS)
82. AMPLOP PUTIH PAPERLINE 90PPS (100 PCS) (5 BOX)
83. AMPLOP PUTIH PAPERLINE 110PPS (100 PCS) (5 BOX)
84. AMPLOP PUTIH PAPERLINE 104PPS (100 PCS) (5 BOX)"
1108.SPK/BA.17/BA010102/2026,2026-07-13,Srikandi Baruna 2206,9,"1. MAJUN PUTIH
2. DEXTONE PLASTIC STEEL EPOXY 5-MINUTE (48GRAM)
3. YUASA WATER ACCU (1LITER)
4. YUASA ZUUR WATER ACCU (1LITER)
5. SHELL RADIATOR COOLANT (4LITER)
6. BEARING 6205ZZ
7. FUEL FILTER CX0708
8. OIL FILTER JX0810B (WB202)
9. OIL FILTER SAKURA C5605","1. -
2. -
3. -
4. -
5. -
6. -
7. -
8. -
9. -","1. 100 KG
2. 20 SET
3. 50 PCS
4. 10 PCS
5. 20 PCS
6. 12 PCS
7. 12 PCS
8. 12 PCS
9. 12 PCS","1. MAJUN PUTIH (100 KG)
2. DEXTONE PLASTIC STEEL EPOXY 5-MINUTE (48GRAM) (20 SET)
3. YUASA WATER ACCU (1LITER) (50 PCS)
4. YUASA ZUUR WATER ACCU (1LITER) (10 PCS)
5. SHELL RADIATOR COOLANT (4LITER) (20 PCS)
6. BEARING 6205ZZ (12 PCS)
7. FUEL FILTER CX0708 (12 PCS)
8. OIL FILTER JX0810B (WB202) (12 PCS)
9. OIL FILTER SAKURA C5605 (12 PCS)"
1145.SPK/BA.101/BA010102/2026,2026-07-17,Baruna Power 3301,2,"1. ANODE BARUNA POWER 3301
2. DISKON","1. -
2. -","1. 58 pcs
2. 1 lot","1. ANODE BARUNA POWER 3301 (58 pcs)
2. DISKON (1 lot)"
1122.SPK/PR.202/BA010102/2026,2026-07-20,Meutia Baruna,1,1. REWENDING ELMOT,1. -,1. 1 lot,1. REWENDING ELMOT (1 lot)
1147.SPK/BA.17/BA010102/2026,2026-07-20,Intan Baruna,3,"1. NUT OD
2. LOCK NUT OD
3. RING OD","1. -
2. -
3. -","1. 16 pcs
2. 8 pcs
3. 8 pcs","1. NUT OD (16 pcs)
2. LOCK NUT OD (8 pcs)
3. RING OD (8 pcs)"
1127.SPK/BA.17/BA010102/2026,2026-07-15,Jayanti Baruna,4,"1. LAMP HOLDER FOR LED
2. fuse holder
3. CABLE SINGLE
4. CABLE SHOE CONNECT","1. -
2. -
3. UK 0,8
4. UK0,8","1. 156 set
2. 156 pcs
3. 1 roll
4. 200 pcs","1. LAMP HOLDER FOR LED (156 set)
2. fuse holder (156 pcs)
3. CABLE SINGLE [PN: UK 0,8] (1 roll)
4. CABLE SHOE CONNECT [PN: UK0,8] (200 pcs)"
1144.SPK/BA.202/BA010102/2026,2026-07-21,Zalecha Baruna,23,"1. JOTUN PILOT STD 257 GREEN 20 LTR
2. HARDTOP BLACK 20 LTR
3. HARDTOP GREY/PILOT 20 LTR
4. HARDTOP YELLOW 258/PILOT 20 LTR
5. PILOT RED 20 LTR
6. PILOT GREEN 437 50 LTR
7. HARDTOP WHITE 100 LTR
8. PILOT BLUE 20 LTR
9. HARDTOP SMART PACK RAL3000 5L
10. JOTAMASTIC 90 STD049 A 16 L YELLOW
11. HARDTOP SMART PACK STD137 GREEN (3) A 5L
12. HARDTOP SMART PACK WHITE 5L
13. HARDTOP SMART PACK BLACK (3) A 5L
14. HIJAU LANTAI CS-514
15. HIJAU MESIN CS-632
16. PUTIH 1A
17. SILVER/ALUMINIUM (HEAT RESISTANT)
18. KUNING CS-620
19. ABU-ABU
20. BIRU 0138
21. HITAM
22. MERAH 3A
23. JOTAMASTIC SMARTP HB RED A 5L","1. -
2. -
3. -
4. -
5. -
6. -
7. -
8. -
9. -
10. -
11. -
12. -
13. -
14. -
15. -
16. -
17. -
18. -
19. -
20. -
21. -
22. -
23. -","1. 50 LTR
2. 54 LTR
3. 54 LTR
4. 50 LTR
5. 50 LTR
6. 50 LTR
7. 99 LTR
8. 20 LTR
9. 54 LTR
10. 100 LTR
11. 54 LTR
12. 54 LTR
13. 54 LTR
14. 100 LTR
15. 60 LTR
16. 120 LTR
17. 20 LTR
18. 20 LTR
19. 20 LTR
20. 10 LTR
21. 20 LTR
22. 10 LTR
23. 60 LTR","1. JOTUN PILOT STD 257 GREEN 20 LTR (50 LTR)
2. HARDTOP BLACK 20 LTR (54 LTR)
3. HARDTOP GREY/PILOT 20 LTR (54 LTR)
4. HARDTOP YELLOW 258/PILOT 20 LTR (50 LTR)
5. PILOT RED 20 LTR (50 LTR)
6. PILOT GREEN 437 50 LTR (50 LTR)
7. HARDTOP WHITE 100 LTR (99 LTR)
8. PILOT BLUE 20 LTR (20 LTR)
9. HARDTOP SMART PACK RAL3000 5L (54 LTR)
10. JOTAMASTIC 90 STD049 A 16 L YELLOW (100 LTR)
11. HARDTOP SMART PACK STD137 GREEN (3) A 5L (54 LTR)
12. HARDTOP SMART PACK WHITE 5L (54 LTR)
13. HARDTOP SMART PACK BLACK (3) A 5L (54 LTR)
14. HIJAU LANTAI CS-514 (100 LTR)
15. HIJAU MESIN CS-632 (60 LTR)
16. PUTIH 1A (120 LTR)
17. SILVER/ALUMINIUM (HEAT RESISTANT) (20 LTR)
18. KUNING CS-620 (20 LTR)
19. ABU-ABU (20 LTR)
20. BIRU 0138 (10 LTR)
21. HITAM (20 LTR)
22. MERAH 3A (10 LTR)
23. JOTAMASTIC SMARTP HB RED A 5L (60 LTR)"
1142.SPK/BA.202/BA010102/2026,2026-07-16,Walidah Baruna,69,"1. Chain block (3 Ton)
2. Water Jet Cleaner
3. Electric Scalling Machine (Belalai Listrik), Full set
4. Pneumatic Jet Hammer
5. Kabel Roll (Heavy Duty) 25 mtr
6. Obeng ( + ), medium size
7. Obeng ( - ), medium size
8. Meteran ( 50 mtr )
9. Kunci L bintang
10. Kunci Shock
11. Mata Bor
12. Shackle, small
13. Sekop kecil
14. Scrap
15. Tang Jepit
16. Tang Buaya
17. Mapring Besi
18. Mapring Kayu
19. Tang Kombinasi
20. Gergaji Besi + Handle
21. Selang air 1/2 inch, 50 mtr
22. Kuku macan besar, 32mm
23. Kunci T
24. Impact
25. Sapu plastik
26. Belting 10 T
27. Karet ban dalam
28. Electric Vacuum Cleaner, 110V
29. High Pressure Water Jet, Krisbow
30. Ironing / Setrika Philiips
31. AC, Standing
32. Ice maker
33. Android TV, 55 inch
34. Regular Noodle Bowl / Mangkok Sup
35. Table Spoon / Sendok Makan
36. Table Fork / Garpu Makan
37. Dinner Plate / Piring Makan
38. Mug / Gelas Kopi
39. Disposable Cup / Gelas Kertas @10s
40. Aluminium Boiling Pans
41. Computer Set ( Monitor + Mini PC + Wireless Keyboard + Wireless Mouse )
42. Laptop, 14 inch
43. Walkie Talkie Radio Motorolla VHF Frequencies
44. Printer EPSON L3210 EcoTank
45. Refill Ink for EPSON Printer, Black
46. Refill Ink for EPSON Printer, Magenta
47. Refill Ink for EPSON Printer, Cyan
48. Refill Ink for EPSON Printer, Yellow
49. Backpack for Document / Tas Dokumen
50. Ballpoint, Regular, Black
51. Ballpoint, Regular, Blue
52. Ballpoint, Regular, Red
53. Plain Paper A4, 70gsm
54. White Paper Envelopes, small
55. Hard Cover Letter File (BANTEX), Tebal, A4
56. Cellphone Tape, 12 mm
57. Cellphone Tape, 50 mm
58. Double Side Tape Gummed, 15 MM
59. Double Side Tape Gummed, 50 MM
60. Scientific Calculator
61. Simple / Common Calculator
62. Paint Marker, BLACK
63. Paint Marker, WHITE
64. White Board Marker, Black
65. White Board Marker, Blue
66. Permanent Marker, Black
67. Paper Scissors, 200 MM
68. Handy Cutter, Medium Duty Job
69. Spare Blade for Handy Cutter","1. -
2. -
3. -
4. -
5. -
6. -
7. -
8. -
9. -
10. -
11. -
12. -
13. -
14. -
15. -
16. -
17. -
18. -
19. -
20. -
21. -
22. -
23. -
24. -
25. -
26. -
27. -
28. 17-46-71
29. -
30. -
31. -
32. -
33. -
34. 17-31-31
35. 17-01-03
36. 17-01-02
37. 17-03-10
38. 17-03-37
39. 17-06-82
40. 17-32-01
41. -
42. -
43. -
44. -
45. -
46. -
47. -
48. -
49. -
50. 47-06-03
51. 47-06-01
52. 47-06-02
53. 47-21-86
54. 47-04-51
55. 47-02-01
56. 47-12-51
57. -
58. 47-12-68
59. 47-12-70
60. 47-18-51
61. 47-18-16
62. -
63. -
64. 47-16-48
65. 47-16-45
66. 47-06-43
67. 47-10-03
68. 47-10-13
69. 47-10-14","1. 2 Set
2. 1 Set
3. 1 Set
4. 2 Set
5. 1 Set
6. 3 Pcs
7. 3 Pcs
8. 3 Pcs
9. 1 Set
10. 1 Set
11. 1 Set
12. 10 Pcs
13. 5 Pcs
14. 10 Pcs
15. 3 Pcs
16. 3 Pcs
17. 3 Pcs
18. 3 Pcs
19. 3 Pcs
20. 3 Pcs
21. 1 Roll
22. 12 Pcs
23. 1 Set
24. 1 Set
25. 24 Pcs
26. 2 Pcs
27. 12 Pcs
28. 2 Set
29. 1 Set
30. 3 Pcs
31. 1 Pcs
32. 1 Pcs
33. 2 Pcs
34. 24 Pcs
35. 24 Pcs
36. 24 Pcs
37. 24 Pcs
38. 24 Pcs
39. 25 Pack
40. 2 Pcs
41. 3 Set
42. 1 Set
43. 6 Set
44. 3 Set
45. 10 Bottle
46. 3 Bottle
47. 3 Bottle
48. 3 Bottle
49. 1 Pcs
50. 4 Box
51. 2 Box
52. 1 Box
53. 30 Rim
54. 5 Box
55. 30 Pcs
56. 12 Roll
57. 12 Roll
58. 24 Roll
59. 24 Rim
60. 2 Pcs
61. 2 Pcs
62. 2 Box
63. 2 Box
64. 2 Box
65. 2 Box
66. 2 Box
67. 5 Pcs
68. 10 Pcs
69. 5 Box","1. Chain block (3 Ton) (2 Set)
2. Water Jet Cleaner (1 Set)
3. Electric Scalling Machine (Belalai Listrik), Full set (1 Set)
4. Pneumatic Jet Hammer (2 Set)
5. Kabel Roll (Heavy Duty) 25 mtr (1 Set)
6. Obeng ( + ), medium size (3 Pcs)
7. Obeng ( - ), medium size (3 Pcs)
8. Meteran ( 50 mtr ) (3 Pcs)
9. Kunci L bintang (1 Set)
10. Kunci Shock (1 Set)
11. Mata Bor (1 Set)
12. Shackle, small (10 Pcs)
13. Sekop kecil (5 Pcs)
14. Scrap (10 Pcs)
15. Tang Jepit (3 Pcs)
16. Tang Buaya (3 Pcs)
17. Mapring Besi (3 Pcs)
18. Mapring Kayu (3 Pcs)
19. Tang Kombinasi (3 Pcs)
20. Gergaji Besi + Handle (3 Pcs)
21. Selang air 1/2 inch, 50 mtr (1 Roll)
22. Kuku macan besar, 32mm (12 Pcs)
23. Kunci T (1 Set)
24. Impact (1 Set)
25. Sapu plastik (24 Pcs)
26. Belting 10 T (2 Pcs)
27. Karet ban dalam (12 Pcs)
28. Electric Vacuum Cleaner, 110V [PN: 17-46-71] (2 Set)
29. High Pressure Water Jet, Krisbow (1 Set)
30. Ironing / Setrika Philiips (3 Pcs)
31. AC, Standing (1 Pcs)
32. Ice maker (1 Pcs)
33. Android TV, 55 inch (2 Pcs)
34. Regular Noodle Bowl / Mangkok Sup [PN: 17-31-31] (24 Pcs)
35. Table Spoon / Sendok Makan [PN: 17-01-03] (24 Pcs)
36. Table Fork / Garpu Makan [PN: 17-01-02] (24 Pcs)
37. Dinner Plate / Piring Makan [PN: 17-03-10] (24 Pcs)
38. Mug / Gelas Kopi [PN: 17-03-37] (24 Pcs)
39. Disposable Cup / Gelas Kertas @10s [PN: 17-06-82] (25 Pack)
40. Aluminium Boiling Pans [PN: 17-32-01] (2 Pcs)
41. Computer Set ( Monitor + Mini PC + Wireless Keyboard + Wireless Mouse ) (3 Set)
42. Laptop, 14 inch (1 Set)
43. Walkie Talkie Radio Motorolla VHF Frequencies (6 Set)
44. Printer EPSON L3210 EcoTank (3 Set)
45. Refill Ink for EPSON Printer, Black (10 Bottle)
46. Refill Ink for EPSON Printer, Magenta (3 Bottle)
47. Refill Ink for EPSON Printer, Cyan (3 Bottle)
48. Refill Ink for EPSON Printer, Yellow (3 Bottle)
49. Backpack for Document / Tas Dokumen (1 Pcs)
50. Ballpoint, Regular, Black [PN: 47-06-03] (4 Box)
51. Ballpoint, Regular, Blue [PN: 47-06-01] (2 Box)
52. Ballpoint, Regular, Red [PN: 47-06-02] (1 Box)
53. Plain Paper A4, 70gsm [PN: 47-21-86] (30 Rim)
54. White Paper Envelopes, small [PN: 47-04-51] (5 Box)
55. Hard Cover Letter File (BANTEX), Tebal, A4 [PN: 47-02-01] (30 Pcs)
56. Cellphone Tape, 12 mm [PN: 47-12-51] (12 Roll)
57. Cellphone Tape, 50 mm (12 Roll)
58. Double Side Tape Gummed, 15 MM [PN: 47-12-68] (24 Roll)
59. Double Side Tape Gummed, 50 MM [PN: 47-12-70] (24 Rim)
60. Scientific Calculator [PN: 47-18-51] (2 Pcs)
61. Simple / Common Calculator [PN: 47-18-16] (2 Pcs)
62. Paint Marker, BLACK (2 Box)
63. Paint Marker, WHITE (2 Box)
64. White Board Marker, Black [PN: 47-16-48] (2 Box)
65. White Board Marker, Blue [PN: 47-16-45] (2 Box)
66. Permanent Marker, Black [PN: 47-06-43] (2 Box)
67. Paper Scissors, 200 MM [PN: 47-10-03] (5 Pcs)
68. Handy Cutter, Medium Duty Job [PN: 47-10-13] (10 Pcs)
69. Spare Blade for Handy Cutter [PN: 47-10-14] (5 Box)"
1169.SPK/BA.17/BA010102/2026,2026-07-21,Arimbi Baruna,2,"1. INTERSPEED 6200 RED
2. INTERNATIONAL THINNER","1. BQA624
2. GTA220","1. 100 liter
2. 20 liter","1. INTERSPEED 6200 RED [PN: BQA624] (100 liter)
2. INTERNATIONAL THINNER [PN: GTA220] (20 liter)"
1168.SPK/BA.17/BA010102/2026,2026-07-21,Arimbi Baruna,5,"1. JOTAMASTIC SMART PACK HB RED
2. JOTAMASTIC SMART PACK HB GREY
3. JOTAFLIX PU TC STD 257 GREEN
4. THINNER NO 10
5. THINNER NO.17","1. -
2. -
3. -
4. -
5. -","1. 200 liter
2. 200 liter
3. 300 liter
4. 30 liter
5. 40 liter","1. JOTAMASTIC SMART PACK HB RED (200 liter)
2. JOTAMASTIC SMART PACK HB GREY (200 liter)
3. JOTAFLIX PU TC STD 257 GREEN (300 liter)
4. THINNER NO 10 (30 liter)
5. THINNER NO.17 (40 liter)"
1164.SPK/BA.17/BA010102/2026,2026-07-20,Meutia Baruna,7,"1. JOTAMASTIC SMART PACK HB GREY
2. JOTAFIX PU TC STD 049 RED
3. PILOT II CREAM STD 002
4. PILOT II BLACK
5. PILOT II WHITE
6. THINNER NO.17
7. THINNER NO 2","1. -
2. -
3. -
4. -
5. -
6. -
7. -","1. 400 liter
2. 450 liter
3. 500 liter
4. 200 liter
5. 50 liter
6. 250 liter
7. 250 liter","1. JOTAMASTIC SMART PACK HB GREY (400 liter)
2. JOTAFIX PU TC STD 049 RED (450 liter)
3. PILOT II CREAM STD 002 (500 liter)
4. PILOT II BLACK (200 liter)
5. PILOT II WHITE (50 liter)
6. THINNER NO.17 (250 liter)
7. THINNER NO 2 (250 liter)"
1163.SPK/BA.302/BA010102/2026,2026-07-22,Meutia Baruna,3,"1. CONNECTING ROD
2. CYLINDER LINER 1ST STAGE
3. CYLINDER LINER 2ND","1. 1710-4100-00
2. 1710-3102-00
3. 1710-3102-00","1. 1 set
2. 1 set
3. 1 set","1. CONNECTING ROD [PN: 1710-4100-00] (1 set)
2. CYLINDER LINER 1ST STAGE [PN: 1710-3102-00] (1 set)
3. CYLINDER LINER 2ND [PN: 1710-3102-00] (1 set)"
C.1510/PR.103/Div.Rendalhar-2026,2026-07-07,Srikandi Baruna 2402,1,1. PENGURUSAN DISPENSASI SEKALI JALAN,1. -,1. 1 lot,1. PENGURUSAN DISPENSASI SEKALI JALAN (1 lot)
1161.SPK/BA.17/BA010102/2026,2026-07-23,Kartini Baruna,1,1. TALI PP MULTIFILAMENT,1. CIR 10,1. 2 roll,1. TALI PP MULTIFILAMENT [PN: CIR 10] (2 roll)
1129.SPK/BA.101/BA010102/2026,2026-07-22,Martha Baruna,2,"1. ANCHOR CHAIN 70MM
2. KENTER SHACKLE 70MM","1. -
2. -","1. 2 lot
2. 6 pcs","1. ANCHOR CHAIN 70MM (2 lot)
2. KENTER SHACKLE 70MM (6 pcs)"
1170.SPK/BA.302/BA010102/2026,2026-07-22,Arimbi Baruna,2,"1. SELENOID VALVE NABCO EGMS
2. REPAIR KIT","1. 73794222-14
2. 74Y59166-01","1. 6 set
2. 6 set","1. SELENOID VALVE NABCO EGMS [PN: 73794222-14] (6 set)
2. REPAIR KIT [PN: 74Y59166-01] (6 set)"
1160.SPK/BA.17/BA010102/2026,2026-07-23,Srikandi Baruna 2001,2,"1. JASA PERBAIKAN DAN FABRIKASI KEBUTUHAN KAPAL
2. TRANSPORTASI DAN AKOMODASI","1. -
2. -","1. 1 lot
2. 1 lot","1. JASA PERBAIKAN DAN FABRIKASI KEBUTUHAN KAPAL (1 lot)
2. TRANSPORTASI DAN AKOMODASI (1 lot)"
1150.SPK/BA.17/BA010102/2026,2026-07-23,Rasuna Baruna,3,"1. COMPRESSOR AC
2. FREON R404A
3. TRANSPORTASI DAN AKOMODASI","1. -
2. -
3. -","1. 2 unit
2. 3 pcs
3. 1 lot","1. COMPRESSOR AC (2 unit)
2. FREON R404A (3 pcs)
3. TRANSPORTASI DAN AKOMODASI (1 lot)"
1159.SPK/BA.202/BA010102/2026,2026-07-23,Kartini Baruna,6,"1. CUTTER BLADE ASSEMBLY
2. CHAIN DRUM ASSEMBLY
3. FLANGE COVER WITH SCREW
4. CUTTER BLADE
5. V BELT
6. V BELT","1. -
2. -
3. KP 202
4. KP 207
5. A 560 LI
6. A 520 LI","1. 20 set
2. 20 set
3. 40 pcs
4. 300 pcs
5. 10 pcs
6. 10 pcs","1. CUTTER BLADE ASSEMBLY (20 set)
2. CHAIN DRUM ASSEMBLY (20 set)
3. FLANGE COVER WITH SCREW [PN: KP 202] (40 pcs)
4. CUTTER BLADE [PN: KP 207] (300 pcs)
5. V BELT [PN: A 560 LI] (10 pcs)
6. V BELT [PN: A 520 LI] (10 pcs)"
C.1511/PR.103/DIV.RENDALHAR-2026,2026-07-23,Arimbi Baruna,2,"1. KACA ANJUNGAN UK 194 X 88
2. TRANSPORTASI DAN AKOMODASI","1. -
2. -","1. 1 unit
2. 1 lot","1. KACA ANJUNGAN UK 194 X 88 (1 unit)
2. TRANSPORTASI DAN AKOMODASI (1 lot)"
1187.SPK/BA.202/BA010102/2026,2026-07-23,Zalecha Baruna,15,"1. FORGED CHAIN SHACKLE SCREW PIN TYPE 38 MM WLL 4.5 TON 304 STAINLESS FOR LASHING ANCHOR
2. INGERSOLL-RAND 236 AIR IMPACT WRENCH, 1/2 INCH DRIVE, 7400 RPM, ALUMINIUM HOUSING, FOR BOLT MANHOLE
3. RUBBER PACKING SHEET FOR MANHOLE
4. GALVANIZED, 16MM X 50M, INNER END SECURED TO DRUM,OUTER END WEDGE SOCKET AND SAFETY WIRE TO DRUM. FOR FREE FALL LIFEBOAT
5. GALVANIZED AND ANTI-ROTATING ROPE, 14MM X 30M, INNER WIRE END SECURED TO DRUM. FOR RESCUE BOAT DAVID
6. OIL SOUNDING PASTA. CHECK OIL FOR BALLAST TANK
7. SHACKLE D STAINLESS STEEL SCREW PIN BODY DIAMETER 7 MM OPEN 14 MM CLEAR LENGTH 23 MM PIN DIAMETER 7 MM SWL 0.17 TON
8. HAND TOOLS SET
9. SILICONE RED
10. DEVCON
11. ROL CAT, LENGTH: 66 CM
12. HOLLOW PUNCH
13. GALVANIZED BRAIDED STEEL WIRE ROPE, (35X7), 13 MM X 72 M (2 SETS), BREAKING LOAD 168.7 KN. FOR PROVISION CRANE
14. KERTAS HVS A4
15. SOUNDING TAPE FOR WATER SOUNDING MATERIAL : STAINLEES STEEL LENGTH : 20 METER","1. -
2. -
3. -
4. -
5. -
6. -
7. -
8. -
9. -
10. -
11. -
12. -
13. -
14. -
15. -","1. 4 pcs
2. 2 pcs
3. 20 set
4. 1 pcs
5. 1 pcs
6. 3 pcs
7. 50 pcs
8. 1 set
9. 50 pcs
10. 5 pcs
11. 60 pcs
12. 1 set
13. 2 set
14. 6 rim
15. 4 pcs","1. FORGED CHAIN SHACKLE SCREW PIN TYPE 38 MM WLL 4.5 TON 304 STAINLESS FOR LASHING ANCHOR (4 pcs)
2. INGERSOLL-RAND 236 AIR IMPACT WRENCH, 1/2 INCH DRIVE, 7400 RPM, ALUMINIUM HOUSING, FOR BOLT MANHOLE (2 pcs)
3. RUBBER PACKING SHEET FOR MANHOLE (20 set)
4. GALVANIZED, 16MM X 50M, INNER END SECURED TO DRUM,OUTER END WEDGE SOCKET AND SAFETY WIRE TO DRUM. FOR FREE FALL LIFEBOAT (1 pcs)
5. GALVANIZED AND ANTI-ROTATING ROPE, 14MM X 30M, INNER WIRE END SECURED TO DRUM. FOR RESCUE BOAT DAVID (1 pcs)
6. OIL SOUNDING PASTA. CHECK OIL FOR BALLAST TANK (3 pcs)
7. SHACKLE D STAINLESS STEEL SCREW PIN BODY DIAMETER 7 MM OPEN 14 MM CLEAR LENGTH 23 MM PIN DIAMETER 7 MM SWL 0.17 TON (50 pcs)
8. HAND TOOLS SET (1 set)
9. SILICONE RED (50 pcs)
10. DEVCON (5 pcs)
11. ROL CAT, LENGTH: 66 CM (60 pcs)
12. HOLLOW PUNCH (1 set)
13. GALVANIZED BRAIDED STEEL WIRE ROPE, (35X7), 13 MM X 72 M (2 SETS), BREAKING LOAD 168.7 KN. FOR PROVISION CRANE (2 set)
14. KERTAS HVS A4 (6 rim)
15. SOUNDING TAPE FOR WATER SOUNDING MATERIAL : STAINLEES STEEL LENGTH : 20 METER (4 pcs)"
0936.SPK/BA.202/BA010102/2026,2026-07-23,Kartini Baruna,25,"1. HAMMER HEAD WIRE RUSTING
2. FOR HAMMER HEAD / HAMMER BLADE
3. FOR HAMMER HEAD DISC PIN
4. CENTER BOLD AND NUT
5. FOR HAMMER HEAD DISK
6. CUP BRUSH / LIGHT RUSTING
7. FINISHING WIRE WHEEL BRUSH
8. FLEXIBLE SHAFTS AND TUBE FOR SCALLING MACHINE-
9. NO. 1 HD TOOL HEAD
10. NO 1-1 CUTTER FOR HD TOOL
11. NO 1-2 DISC PIN FOR HD TOOL
12. NO 1-3 CENTER BOLT AND NUT FOR HD TOOL
13. NO 1-4 DISK FOR HD TOOL
14. NO 2 LG BRUSH HEAD LIGHT RUSTING
15. NO 2-1 LG BLADE FOR LG BRUSH
16. NO 2-2 DISC PIN FOR LG BRUSH
17. NO 2-3 CENTER BOLT AND NUT FOR LG BRUSH
18. NO 4 HAMMER HEAD WIDE RUSHING
19. NO 4-1 HAMMER BLADE FOR HAMMER HEAD
20. NO 4-2 DISC PIN FOR HAMMER HEAD
21. NO 4-4 DISK FOR HAMMER HEAD
22. NO 4-5 COLLAR FOR HAMMER HEAD
23. NO 4-6 WASHER FOR HAMMER HEAD
24. NO 3 CUP BRUSH LIGHT RUSHING
25. NO 5 WIRE WHEEL FINISHING","1. 591266
2. 591267
3. 591268
4. 591269
5. 591270
6. 591265
7. 591273
8. 591253
9. 591255
10. 591256
11. 591257
12. 591258
13. 591259
14. 591260
15. 591261
16. 591262
17. 591263
18. 591266
19. 591267
20. 591268
21. 591270
22. 591271
23. 591272
24. 591265
25. 591273","1. 20 pcs
2. 600 pcs
3. 200 pcs
4. 50 pcs
5. 100 pcs
6. 20 pcs
7. 50 pcs
8. 6 set
9. 20 set
10. 1000 pcs
11. 300 pcs
12. 100 pcs
13. 600 pcs
14. 20 set
15. 1500 pcs
16. 600 pcs
17. 200 pcs
18. 20 set
19. 1000 pcs
20. 200 pcs
21. 300 pcs
22. 200 pcs
23. 300 pcs
24. 50 pcs
25. 50 pcs","1. HAMMER HEAD WIRE RUSTING [PN: 591266] (20 pcs)
2. FOR HAMMER HEAD / HAMMER BLADE [PN: 591267] (600 pcs)
3. FOR HAMMER HEAD DISC PIN [PN: 591268] (200 pcs)
4. CENTER BOLD AND NUT [PN: 591269] (50 pcs)
5. FOR HAMMER HEAD DISK [PN: 591270] (100 pcs)
6. CUP BRUSH / LIGHT RUSTING [PN: 591265] (20 pcs)
7. FINISHING WIRE WHEEL BRUSH [PN: 591273] (50 pcs)
8. FLEXIBLE SHAFTS AND TUBE FOR SCALLING MACHINE- [PN: 591253] (6 set)
9. NO. 1 HD TOOL HEAD [PN: 591255] (20 set)
10. NO 1-1 CUTTER FOR HD TOOL [PN: 591256] (1000 pcs)
11. NO 1-2 DISC PIN FOR HD TOOL [PN: 591257] (300 pcs)
12. NO 1-3 CENTER BOLT AND NUT FOR HD TOOL [PN: 591258] (100 pcs)
13. NO 1-4 DISK FOR HD TOOL [PN: 591259] (600 pcs)
14. NO 2 LG BRUSH HEAD LIGHT RUSTING [PN: 591260] (20 set)
15. NO 2-1 LG BLADE FOR LG BRUSH [PN: 591261] (1500 pcs)
16. NO 2-2 DISC PIN FOR LG BRUSH [PN: 591262] (600 pcs)
17. NO 2-3 CENTER BOLT AND NUT FOR LG BRUSH [PN: 591263] (200 pcs)
18. NO 4 HAMMER HEAD WIDE RUSHING [PN: 591266] (20 set)
19. NO 4-1 HAMMER BLADE FOR HAMMER HEAD [PN: 591267] (1000 pcs)
20. NO 4-2 DISC PIN FOR HAMMER HEAD [PN: 591268] (200 pcs)
21. NO 4-4 DISK FOR HAMMER HEAD [PN: 591270] (300 pcs)
22. NO 4-5 COLLAR FOR HAMMER HEAD [PN: 591271] (200 pcs)
23. NO 4-6 WASHER FOR HAMMER HEAD [PN: 591272] (300 pcs)
24. NO 3 CUP BRUSH LIGHT RUSHING [PN: 591265] (50 pcs)
25. NO 5 WIRE WHEEL FINISHING [PN: 591273] (50 pcs)"
1109.SPK/BA.302/BA010102/2026,2026-07-24,Malahayati Baruna,67,"1. AUX. BLOWER M/E
2. AUX. BLOWER M/E
3. E/R VENT FAN
4. E/R VENT FAN
5. MAIN COOLING SW PUMP
6. MAIN COOLING SW PUMP
7. AUX. COOLING SW PUMP
8. AUX. COOLING SW PUMP
9. MAIN LO PUMP M/E
10. MAIN LO PUMP M/E
11. MAIN AIR COMPRESSOR
12. MAIN AIR COMPRESSOR
13. MAIN COOLING FW PUMP
14. MAIN COOLING FW PUMP
15. BALLAST PUMP
16. BALLAST PUMP
17. FIRE & GS PUMP NO 1 & NO 2
18. FIRE & GS PUMP NO 1 & NO 2
19. BALLAS & SPARE COOL
20. BALLAS & SPARE COOL
21. CIRCULATION FO PUMP
22. CIRCULATION FO PUMP
23. BOOSTER FO PUMP
24. BOOSTER FO PUMP
25. FEED PUMP
26. FEED PUMP
27. FO PURIFIER & LO PURIFIER
28. FO PURIFIER & LO PURIFIER
29. FW HYDROPHORE PUMP NO 1 & 2
30. FW HYDROPHORE PUMP NO 1 & 2
31. BLOWER BOILER
32. BLOWER BOILER
33. BLOWER INCINERATOR
34. BLOWER INCINERATOR
35. EXH. FAN PURIFIER
36. EXH. FAN PURIFIER
37. SEWAGE AIR PUMP
38. SEWAGE AIR PUMP
39. SEWAGE WATER PUMP
40. SEWAGE WATER PUMP
41. EXH. BLOWER SANITARY
42. EXH. BLOWER SANITARY
43. DECK CRANE NO 1-4
44. DECK CRANE NO 1-4
45. FO TRANSFER PUMP
46. FO TRANSFER PUMP
47. DO TRANSFER PUMP
48. DO TRANSFER PUMP
49. FEED PUMP
50. FEED PUMP
51. HOT WATER CIRCULATION PUMP
52. HOT WATER CIRCULATION PUMP
53. BILGE WATER
54. BILGE WATER
55. SLUDGE PUMP
56. SLUDGE PUMP
57. E/H PUMP FOR DECK MACHINERY
58. E/H PUMP FOR DECK MACHINERY
59. E/R VENT FAN
60. E/R VENT FAN
61. E/R VENT FAN
62. DECK CRANE ELMOT FAN
63. DECK CRANE ELMOT FAN
64. E/H PUMP HATCH COVER
65. E/H PUMP HATCH COVER
66. E/H PUMP STEERING GEAR NO 1 & NO 2
67. E/H PUMP STEERING GEAR NO 1 & NO 2","1. 6212 ZZ C3
2. 6312 ZZ C3
3. 6312 ZZ
4. 6312 ZZ
5. 6314 ZZ C3
6. 6212 ZZ C3
7. 6311 ZZ
8. 6310 ZZ
9. 6315 ZZ
10. 6213 ZZ
11. 6314 ZZ C3
12. 6212 ZZ C3
13. 6309 ZZ
14. 6307 ZZ
15. 6313 ZZ
16. 6218
17. 6312 ZZ
18. 6310 ZZ
19. 6313 ZZ
20. 6218
21. 6308 ZZ
22. 6306 ZZ
23. 6206 ZZ
24. 6305 ZZ
25. 6308 ZZ
26. 6306 ZZ
27. 6308 ZZ
28. 6306 ZZ
29. 6206 ZZ
30. 6305 ZZ
31. 6205 ZZ
32. 6205 ZZ
33. 6204 ZZ
34. 6203 ZZ
35. 6204 ZZ
36. 6203 ZZ
37. 6204 ZZ
38. 6203 ZZ
39. 6205 ZZ
40. 6205 ZZ
41. 6202 RS
42. 6202 RS
43. 6220 C3
44. 6313 ZZ M
45. 6309 ZZ
46. 6307 ZZ
47. 6306 ZZ
48. 6306 ZZ
49. 6308 ZZ
50. 6306 ZZ
51. 6205 ZZ
52. 6205 ZZ
53. 6204 ZZ
54. 6204 ZZ
55. 6206 ZZ
56. 6305 ZZ
57. 6314 ZZ
58. 6212 ZZ
59. 6202 ZZ
60. 6310 ZZ
61. 6204 ZZ
62. 6208 ZZ
63. 6208 ZZ
64. 6311 ZZ
65. 6310 ZZ
66. 6311 ZZ
67. 7311 DB","1. 4 pcs
2. 4 pcs
3. 4 pcs
4. 4 pcs
5. 2 pcs
6. 2 pcs
7. 2 pcs
8. 2 pcs
9. 4 pcs
10. 4 pcs
11. 4 pcs
12. 4 pcs
13. 2 pcs
14. 2 pcs
15. 2 pcs
16. 2 pcs
17. 4 pcs
18. 4 pcs
19. 2 pcs
20. 2 pcs
21. 2 pcs
22. 2 pcs
23. 2 pcs
24. 2 pcs
25. 2 pcs
26. 2 pcs
27. 4 pcs
28. 4 pcs
29. 4 pcs
30. 4 pcs
31. 2 pcs
32. 2 pcs
33. 2 pcs
34. 2 pcs
35. 2 pcs
36. 2 pcs
37. 2 pcs
38. 2 pcs
39. 2 pcs
40. 2 pcs
41. 2 pcs
42. 2 pcs
43. 8 pcs
44. 8 pcs
45. 2 pcs
46. 2 pcs
47. 2 pcs
48. 2 pcs
49. 4 pcs
50. 4 pcs
51. 2 pcs
52. 2 pcs
53. 2 pcs
54. 2 pcs
55. 2 pcs
56. 2 pcs
57. 8 pcs
58. 8 pcs
59. 2 pcs
60. 4 pcs
61. 2 pcs
62. 8 pcs
63. 8 pcs
64. 4 pcs
65. 4 pcs
66. 4 pcs
67. 4 pcs","1. AUX. BLOWER M/E [PN: 6212 ZZ C3] (4 pcs)
2. AUX. BLOWER M/E [PN: 6312 ZZ C3] (4 pcs)
3. E/R VENT FAN [PN: 6312 ZZ] (4 pcs)
4. E/R VENT FAN [PN: 6312 ZZ] (4 pcs)
5. MAIN COOLING SW PUMP [PN: 6314 ZZ C3] (2 pcs)
6. MAIN COOLING SW PUMP [PN: 6212 ZZ C3] (2 pcs)
7. AUX. COOLING SW PUMP [PN: 6311 ZZ] (2 pcs)
8. AUX. COOLING SW PUMP [PN: 6310 ZZ] (2 pcs)
9. MAIN LO PUMP M/E [PN: 6315 ZZ] (4 pcs)
10. MAIN LO PUMP M/E [PN: 6213 ZZ] (4 pcs)
11. MAIN AIR COMPRESSOR [PN: 6314 ZZ C3] (4 pcs)
12. MAIN AIR COMPRESSOR [PN: 6212 ZZ C3] (4 pcs)
13. MAIN COOLING FW PUMP [PN: 6309 ZZ] (2 pcs)
14. MAIN COOLING FW PUMP [PN: 6307 ZZ] (2 pcs)
15. BALLAST PUMP [PN: 6313 ZZ] (2 pcs)
16. BALLAST PUMP [PN: 6218] (2 pcs)
17. FIRE & GS PUMP NO 1 & NO 2 [PN: 6312 ZZ] (4 pcs)
18. FIRE & GS PUMP NO 1 & NO 2 [PN: 6310 ZZ] (4 pcs)
19. BALLAS & SPARE COOL [PN: 6313 ZZ] (2 pcs)
20. BALLAS & SPARE COOL [PN: 6218] (2 pcs)
21. CIRCULATION FO PUMP [PN: 6308 ZZ] (2 pcs)
22. CIRCULATION FO PUMP [PN: 6306 ZZ] (2 pcs)
23. BOOSTER FO PUMP [PN: 6206 ZZ] (2 pcs)
24. BOOSTER FO PUMP [PN: 6305 ZZ] (2 pcs)
25. FEED PUMP [PN: 6308 ZZ] (2 pcs)
26. FEED PUMP [PN: 6306 ZZ] (2 pcs)
27. FO PURIFIER & LO PURIFIER [PN: 6308 ZZ] (4 pcs)
28. FO PURIFIER & LO PURIFIER [PN: 6306 ZZ] (4 pcs)
29. FW HYDROPHORE PUMP NO 1 & 2 [PN: 6206 ZZ] (4 pcs)
30. FW HYDROPHORE PUMP NO 1 & 2 [PN: 6305 ZZ] (4 pcs)
31. BLOWER BOILER [PN: 6205 ZZ] (2 pcs)
32. BLOWER BOILER [PN: 6205 ZZ] (2 pcs)
33. BLOWER INCINERATOR [PN: 6204 ZZ] (2 pcs)
34. BLOWER INCINERATOR [PN: 6203 ZZ] (2 pcs)
35. EXH. FAN PURIFIER [PN: 6204 ZZ] (2 pcs)
36. EXH. FAN PURIFIER [PN: 6203 ZZ] (2 pcs)
37. SEWAGE AIR PUMP [PN: 6204 ZZ] (2 pcs)
38. SEWAGE AIR PUMP [PN: 6203 ZZ] (2 pcs)
39. SEWAGE WATER PUMP [PN: 6205 ZZ] (2 pcs)
40. SEWAGE WATER PUMP [PN: 6205 ZZ] (2 pcs)
41. EXH. BLOWER SANITARY [PN: 6202 RS] (2 pcs)
42. EXH. BLOWER SANITARY [PN: 6202 RS] (2 pcs)
43. DECK CRANE NO 1-4 [PN: 6220 C3] (8 pcs)
44. DECK CRANE NO 1-4 [PN: 6313 ZZ M] (8 pcs)
45. FO TRANSFER PUMP [PN: 6309 ZZ] (2 pcs)
46. FO TRANSFER PUMP [PN: 6307 ZZ] (2 pcs)
47. DO TRANSFER PUMP [PN: 6306 ZZ] (2 pcs)
48. DO TRANSFER PUMP [PN: 6306 ZZ] (2 pcs)
49. FEED PUMP [PN: 6308 ZZ] (4 pcs)
50. FEED PUMP [PN: 6306 ZZ] (4 pcs)
51. HOT WATER CIRCULATION PUMP [PN: 6205 ZZ] (2 pcs)
52. HOT WATER CIRCULATION PUMP [PN: 6205 ZZ] (2 pcs)
53. BILGE WATER [PN: 6204 ZZ] (2 pcs)
54. BILGE WATER [PN: 6204 ZZ] (2 pcs)
55. SLUDGE PUMP [PN: 6206 ZZ] (2 pcs)
56. SLUDGE PUMP [PN: 6305 ZZ] (2 pcs)
57. E/H PUMP FOR DECK MACHINERY [PN: 6314 ZZ] (8 pcs)
58. E/H PUMP FOR DECK MACHINERY [PN: 6212 ZZ] (8 pcs)
59. E/R VENT FAN [PN: 6202 ZZ] (2 pcs)
60. E/R VENT FAN [PN: 6310 ZZ] (4 pcs)
61. E/R VENT FAN [PN: 6204 ZZ] (2 pcs)
62. DECK CRANE ELMOT FAN [PN: 6208 ZZ] (8 pcs)
63. DECK CRANE ELMOT FAN [PN: 6208 ZZ] (8 pcs)
64. E/H PUMP HATCH COVER [PN: 6311 ZZ] (4 pcs)
65. E/H PUMP HATCH COVER [PN: 6310 ZZ] (4 pcs)
66. E/H PUMP STEERING GEAR NO 1 & NO 2 [PN: 6311 ZZ] (4 pcs)
67. E/H PUMP STEERING GEAR NO 1 & NO 2 [PN: 7311 DB] (4 pcs)"
1224.SPK/BA.202/BA010102/2026,2026-07-28,Zalecha Baruna,4,"1. SAW DUST
2. BOHLAM CARGO
3. KIPAS ANGIN
4. WIRE FOR GRAB JANUS","1. 25KG
2. -
3. -
4. -","1. 20 pack
2. 20 pcs
3. 4 pcs
4. 8 set","1. SAW DUST [PN: 25KG] (20 pack)
2. BOHLAM CARGO (20 pcs)
3. KIPAS ANGIN (4 pcs)
4. WIRE FOR GRAB JANUS (8 set)"
1198.SPK/BA.302/BA010102/2026,2026-07-28,Zalecha Baruna,2,"1. SOUNDING CAP & PIPE BILGES
2. PIPE TST","1. OD 60,5
2. 60,5","1. 22 pcs
2. 10 pcs","1. SOUNDING CAP & PIPE BILGES [PN: OD 60,5] (22 pcs)
2. PIPE TST [PN: 60,5] (10 pcs)"
1217.SPK/BA.202/BA010102/2026,2026-07-28,Zalecha Baruna,5,"1. REFILL OKSIGEN
2. REFILL LPG
3. PERIZINAN
4. PEMAKAIAN PICK UP
5. PENDAMPINGAN AGEN","1. -
2. -
3. -
4. -
5. -","1. 12 lot
2. 1 lot
3. 1 lot
4. 1 lot
5. 1 lot","1. REFILL OKSIGEN (12 lot)
2. REFILL LPG (1 lot)
3. PERIZINAN (1 lot)
4. PEMAKAIAN PICK UP (1 lot)
5. PENDAMPINGAN AGEN (1 lot)"
1204.SPK/BA.17/BA010102/2026,2026-07-28,Zalecha Baruna,13,"1. LAMPU JTT HALOGEN LAMP 500W 230V
2. LAMPU JTT HALOGEN LAMP 1000W 230V
3. KAP LAMPU TKI AKRILIK BENING 2X18W
(AKRILIK LEMBARAN 3 MM. PXL=67X24CM)
4. STARTER LAMPU NEON TL F-6-4P, 4-65W 220-240V
5. FREON R404A REFRIGERANT (10,9KG)
6. KABEL SERABUT NYMHY/NYYHY 3X2.5
7. RED INSULATING VARNISH/SIRLAK/ VARNISH GULUNGAN DINAMO (400 ML)
8. FLARING SWAGING TOOLS/FLARING PIPA AC
(UNTUK UKURAN PIPA 1/8-3/4)
9. BEARING 6205 ZZ
10. STOP KONTAK 4 LUBANG 15A/250V
11. STEKER/COLOKAN ARDE S-28 R. (B) (BENTUK BULAT)
12. TOOL BAGS 19/TAS PERKAKAS 19
13. TELEPON KABEL SAHITEL S-37S. (12 DIGITS LCD DISPLAY)","1. -
2. -
3. -
4. -
5. -
6. -
7. -
8. -
9. -
10. -
11. -
12. -
13. -","1. 30 PCS
2. 30 PCS
3. 25 PCS
4. 75 PCS
5. 5 BOTOL
6. 100 METER
7. 10 BOTOL
8. 2 SET
9. 20 PCS
10. 15 PCS
11. 15 PCS
12. 2 PCS
13. 3 PCS","1. LAMPU JTT HALOGEN LAMP 500W 230V (30 PCS)
2. LAMPU JTT HALOGEN LAMP 1000W 230V (30 PCS)
3. KAP LAMPU TKI AKRILIK BENING 2X18W
(AKRILIK LEMBARAN 3 MM. PXL=67X24CM) (25 PCS)
4. STARTER LAMPU NEON TL F-6-4P, 4-65W 220-240V (75 PCS)
5. FREON R404A REFRIGERANT (10,9KG) (5 BOTOL)
6. KABEL SERABUT NYMHY/NYYHY 3X2.5 (100 METER)
7. RED INSULATING VARNISH/SIRLAK/ VARNISH GULUNGAN DINAMO (400 ML) (10 BOTOL)
8. FLARING SWAGING TOOLS/FLARING PIPA AC
(UNTUK UKURAN PIPA 1/8-3/4) (2 SET)
9. BEARING 6205 ZZ (20 PCS)
10. STOP KONTAK 4 LUBANG 15A/250V (15 PCS)
11. STEKER/COLOKAN ARDE S-28 R. (B) (BENTUK BULAT) (15 PCS)
12. TOOL BAGS 19/TAS PERKAKAS 19 (2 PCS)
13. TELEPON KABEL SAHITEL S-37S. (12 DIGITS LCD DISPLAY) (3 PCS)"
1197.SPK/PR.202/BA010102/2026,2026-07-24,Srikandi Baruna 2001,4,"1. JASA PERBAIKAN BOLDER
2. PLAT 120CMX100CMX10MM
3. KAWAT LAS
4. DISKON","1. -
2. -
3. -
4. -","1. 1 lot
2. 1 lot
3. 1 lot
4. 1 lot","1. JASA PERBAIKAN BOLDER (1 lot)
2. PLAT 120CMX100CMX10MM (1 lot)
3. KAWAT LAS (1 lot)
4. DISKON (1 lot)"
1196.SPK/BP.103/BA010102/2026,2026-07-28,Martha Baruna,2,"1. JASA INSPEKSI ALAT DAN PELATIHAN LAPANGAN
2. TRANSPORTASI DAN AKOMODASI","1. -
2. -","1. 1 lot
2. 1 lot","1. JASA INSPEKSI ALAT DAN PELATIHAN LAPANGAN (1 lot)
2. TRANSPORTASI DAN AKOMODASI (1 lot)"
1149.SPK/BA.17/BA010102/2026,2026-07-23,Kartini Baruna,6,"1. PLAT STRIP TEBAL 12mm X L 10 cm X P 6 m
2. PIPA GALVANIS 3 INCH SC 80 mm X 6 m
3. PIPA GLAVANIS 1 INCH SC 80 mm X 6 m
4. PLAT TEBAL 10 mm X L 1.2 M X 2.4 M
5. PLAT SIKU TEBAL 3 mm X 5 cm X 5 cm X 6 m
6. PLAT SIKU TEBAL 3 mm X 8 cm X 8 cm X 6 m","1. -
2. -
3. -
4. LEMBAR
5. -
6. -","1. 20 batang
2. 16 batang
3. 30 batang
4. 5 pcs
5. 30 batang
6. 20 batang","1. PLAT STRIP TEBAL 12mm X L 10 cm X P 6 m (20 batang)
2. PIPA GALVANIS 3 INCH SC 80 mm X 6 m (16 batang)
3. PIPA GLAVANIS 1 INCH SC 80 mm X 6 m (30 batang)
4. PLAT TEBAL 10 mm X L 1.2 M X 2.4 M [PN: LEMBAR] (5 pcs)
5. PLAT SIKU TEBAL 3 mm X 5 cm X 5 cm X 6 m (30 batang)
6. PLAT SIKU TEBAL 3 mm X 8 cm X 8 cm X 6 m (20 batang)"
1250.SPK/BA.302/BA010102/2026,2026-07-30,Walidah Baruna,1,"1. SHEAVE PULLEY CRANE PCD700, S35C, S25C",1. -,1. 11 pcs,"1. SHEAVE PULLEY CRANE PCD700, S35C, S25C (11 pcs)"
1203.SPK/BA.202/BA010102/2026,2026-07-23,Zalecha Baruna,72,"1. MAJUN
2. HAND GLOVES / SARUNG TANGAN KAOS
3. DETERJEN POWDER (RINSO)
4. SOAP CREAM (SABUN COLEK)
5. WD 40
6. PENETRAN (PERONTOK KARAT) STP AP-75
7. HOSE FOR OXIGEN-ACITELIN
8. RED SILICON
9. SENTER MEREK PELIKAN
10. SENTER KEPALA
11. TREEBOND 1104
12. CORDOBON
13. SERAT FIBER (LEBARAN)
14. RESIN + KATALIS
15. KARUNG GONI
16. EXTENSION OFFSET SOCK LY
17. DRESSING BELT
18. TRACKBELT 5 CM X 10 METER
19. TRACKBELT 5 CM X 15 METER
20. KUNCI L
21. GUNTING SENG
22. GUNTING PACKING
23. VALVE GRINDING MACHINE TYPE TS 88
24. HYDROTESTER P/P MODEL KYOWA T60KP
25. DRILL BIT / MATA BOR MADE JERMAN
26. KASSA NYAMUK
27. LONG DRAT M10
28. LONG DRAT M12
29. LONG DRAT M 14
30. LONG DRAT M 16
31. KAPUR LAS
32. KACA LAS HITAM NO.10
33. TOPENG LAS FULL FACE
34. KUNCI PIPA UK 8"" INCHI
35. KUNCI PIPA UK 10"" INCHI
36. HYDROLIK JACK BENDING PIPE
37. DONGKRAK BOTOL CAP 1 TON
38. DONGKRAK BOTOL CAP 5 TON
39. COUPLER SOCKET AIR PLUG
40. DRUM LIFTER
41. KUNCI INGGRIS 12"" INCH
42. KUNCI INGGRIS 8"" INCH
43. KUNCI RACHET SCAFFOLDING UK 46
44. IMPACT Merk DONG CHENG Type DCPB1218
45. KAWAT LAS LB (4.mm)
46. KAWAT LAS LB (3,2mm)
47. KAWAT LAS LB (2.6 mm)
48. WIRE ROPE Dia. 10mm panjang 100cm with eye splice
49. WIRE ROPE Dia. 16mm panjang 150cm with eye splice
50. EYE BOLT M12
51. EYE BOLT M14
52. EYE BOLT M16
53. STRAIGHT SHACKLES 1 Ton
54. STRAIGHT SHACKLES 2 Ton
55. STRAIGHT SHACKLES 4 Ton
56. MASKER GAS RESPIRATOR KN95 + kacamata
57. BOLT & NUT M8 X 5 CM
58. BOLT & NUT M10 X 7 CM
59. BOLT & NUT M12 X 7 CM
60. BOLT & NUT M14 X 7 CM
61. BOLT & NUT M16 X 10 CM
62. FOOT VALVE / TUSSEN KLEP 1"" INCHI
63. KAIN PEL REFFIL
64. CORONG PLASTIK UK 10
65. CORONG PLASTIK UK 3""
66. O RING KIT SET
67. COPPER KIT SET
68. POMPA PNEUMATIC OIL STICK DRUM
69. MESIN BOR
70. KUNCI 8"" INCHI
71. WRAPPING LEBAR 60 CM
72. SEROKAN SAMPAH","1. -
2. -
3. -
4. -
5. -
6. -
7. -
8. -
9. -
10. -
11. -
12. -
13. -
14. -
15. -
16. -
17. -
18. -
19. -
20. -
21. -
22. -
23. -
24. -
25. -
26. -
27. -
28. -
29. -
30. -
31. -
32. -
33. -
34. -
35. -
36. -
37. -
38. -
39. -
40. -
41. -
42. -
43. -
44. -
45. -
46. -
47. -
48. -
49. -
50. -
51. -
52. -
53. -
54. -
55. -
56. -
57. -
58. -
59. -
60. -
61. -
62. -
63. -
64. -
65. -
66. -
67. -
68. -
69. -
70. -
71. -
72. -","1. 300 kg
2. 100 lusin
3. 10 pcs
4. 5 pcs
5. 48 pcs
6. 48 pcs
7. 1 roll
8. 36 pcs
9. 4 pcs
10. 12 pcs
11. 6 pcs
12. 10 pcs
13. 24 meter
14. 3 liter
15. 50 pcs
16. 2 pcs
17. 12 pcs
18. 3 pcs
19. 2 pcs
20. 2 pcs
21. 3 pcs
22. 3 pcs
23. 2 unit
24. 1 unit
25. 2 set
26. 1 roll
27. 4 batang
28. 4 batang
29. 2 batang
30. 2 batang
31. 1 pcs
32. 20 pcs
33. 2 pcs
34. 2 pcs
35. 2 pcs
36. 1 set
37. 2 pcs
38. 2 pcs
39. 12 set
40. 4 set
41. 4 pcs
42. 4 pcs
43. 2 pcs
44. 2 set
45. 20 kg
46. 20 kg
47. 20 kg
48. 4 pcs
49. 4 pcs
50. 6 pcs
51. 6 pcs
52. 6 pcs
53. 6 pcs
54. 6 pcs
55. 6 pcs
56. 4 pcs
57. 200 pcs
58. 200 pcs
59. 200 pcs
60. 200 pcs
61. 200 pcs
62. 2 pcs
63. 40 pcs
64. 5 pcs
65. 5 pcs
66. 1 set
67. 1 set
68. 1 unit
69. 1 unit
70. 3 pcs
71. 5 roll
72. 10 pcs","1. MAJUN (300 kg)
2. HAND GLOVES / SARUNG TANGAN KAOS (100 lusin)
3. DETERJEN POWDER (RINSO) (10 pcs)
4. SOAP CREAM (SABUN COLEK) (5 pcs)
5. WD 40 (48 pcs)
6. PENETRAN (PERONTOK KARAT) STP AP-75 (48 pcs)
7. HOSE FOR OXIGEN-ACITELIN (1 roll)
8. RED SILICON (36 pcs)
9. SENTER MEREK PELIKAN (4 pcs)
10. SENTER KEPALA (12 pcs)
11. TREEBOND 1104 (6 pcs)
12. CORDOBON (10 pcs)
13. SERAT FIBER (LEBARAN) (24 meter)
14. RESIN + KATALIS (3 liter)
15. KARUNG GONI (50 pcs)
16. EXTENSION OFFSET SOCK LY (2 pcs)
17. DRESSING BELT (12 pcs)
18. TRACKBELT 5 CM X 10 METER (3 pcs)
19. TRACKBELT 5 CM X 15 METER (2 pcs)
20. KUNCI L (2 pcs)
21. GUNTING SENG (3 pcs)
22. GUNTING PACKING (3 pcs)
23. VALVE GRINDING MACHINE TYPE TS 88 (2 unit)
24. HYDROTESTER P/P MODEL KYOWA T60KP (1 unit)
25. DRILL BIT / MATA BOR MADE JERMAN (2 set)
26. KASSA NYAMUK (1 roll)
27. LONG DRAT M10 (4 batang)
28. LONG DRAT M12 (4 batang)
29. LONG DRAT M 14 (2 batang)
30. LONG DRAT M 16 (2 batang)
31. KAPUR LAS (1 pcs)
32. KACA LAS HITAM NO.10 (20 pcs)
33. TOPENG LAS FULL FACE (2 pcs)
34. KUNCI PIPA UK 8"" INCHI (2 pcs)
35. KUNCI PIPA UK 10"" INCHI (2 pcs)
36. HYDROLIK JACK BENDING PIPE (1 set)
37. DONGKRAK BOTOL CAP 1 TON (2 pcs)
38. DONGKRAK BOTOL CAP 5 TON (2 pcs)
39. COUPLER SOCKET AIR PLUG (12 set)
40. DRUM LIFTER (4 set)
41. KUNCI INGGRIS 12"" INCH (4 pcs)
42. KUNCI INGGRIS 8"" INCH (4 pcs)
43. KUNCI RACHET SCAFFOLDING UK 46 (2 pcs)
44. IMPACT Merk DONG CHENG Type DCPB1218 (2 set)
45. KAWAT LAS LB (4.mm) (20 kg)
46. KAWAT LAS LB (3,2mm) (20 kg)
47. KAWAT LAS LB (2.6 mm) (20 kg)
48. WIRE ROPE Dia. 10mm panjang 100cm with eye splice (4 pcs)
49. WIRE ROPE Dia. 16mm panjang 150cm with eye splice (4 pcs)
50. EYE BOLT M12 (6 pcs)
51. EYE BOLT M14 (6 pcs)
52. EYE BOLT M16 (6 pcs)
53. STRAIGHT SHACKLES 1 Ton (6 pcs)
54. STRAIGHT SHACKLES 2 Ton (6 pcs)
55. STRAIGHT SHACKLES 4 Ton (6 pcs)
56. MASKER GAS RESPIRATOR KN95 + kacamata (4 pcs)
57. BOLT & NUT M8 X 5 CM (200 pcs)
58. BOLT & NUT M10 X 7 CM (200 pcs)
59. BOLT & NUT M12 X 7 CM (200 pcs)
60. BOLT & NUT M14 X 7 CM (200 pcs)
61. BOLT & NUT M16 X 10 CM (200 pcs)
62. FOOT VALVE / TUSSEN KLEP 1"" INCHI (2 pcs)
63. KAIN PEL REFFIL (40 pcs)
64. CORONG PLASTIK UK 10 (5 pcs)
65. CORONG PLASTIK UK 3"" (5 pcs)
66. O RING KIT SET (1 set)
67. COPPER KIT SET (1 set)
68. POMPA PNEUMATIC OIL STICK DRUM (1 unit)
69. MESIN BOR (1 unit)
70. KUNCI 8"" INCHI (3 pcs)
71. WRAPPING LEBAR 60 CM (5 roll)
72. SEROKAN SAMPAH (10 pcs)"
1246.SPK/BA.17/BA010102/2026,2026-07-29,Srikandi Baruna 2205,13,"1. PILOT II WHITE
2. PILOT II STD 7075 GREEN
3. THINNER NO. 02
4. PILOT II STD 258 YELLOW
5. PILOT II STD 439 ORANGE
6. PILOT II STD 926 RED
7. PILOT II GREY STD 403
8. PILOT II BLACK
9. PILOT II STD 2175 BROWN
10. SOLVALITT ALUMINIUM
11. ALKYDPRIMER RED
12. PILOT II PARROT BLUE STD 4202
13. PILOT II BROWN STD 1441","1. -
2. -
3. -
4. -
5. -
6. -
7. -
8. -
9. -
10. -
11. -
12. -
13. -","1. 100 liter
2. 100 liter
3. 100 liter
4. 60 liter
5. 60 liter
6. 60 liter
7. 60 liter
8. 60 liter
9. 60 liter
10. 10 liter
11. 60 liter
12. 40 liter
13. 40 liter","1. PILOT II WHITE (100 liter)
2. PILOT II STD 7075 GREEN (100 liter)
3. THINNER NO. 02 (100 liter)
4. PILOT II STD 258 YELLOW (60 liter)
5. PILOT II STD 439 ORANGE (60 liter)
6. PILOT II STD 926 RED (60 liter)
7. PILOT II GREY STD 403 (60 liter)
8. PILOT II BLACK (60 liter)
9. PILOT II STD 2175 BROWN (60 liter)
10. SOLVALITT ALUMINIUM (10 liter)
11. ALKYDPRIMER RED (60 liter)
12. PILOT II PARROT BLUE STD 4202 (40 liter)
13. PILOT II BROWN STD 1441 (40 liter)"
1237.SPK/BA.17/BA010102/2026,2026-07-28,Srikandi Baruna 2205,1,1. TALI PP MONOFILAMENT CIR 10,1. -,1. 1 roll,1. TALI PP MONOFILAMENT CIR 10 (1 roll)
1148.SPK/BA.202/BA010102/2026,2026-07-28,Kartini Baruna,67,"1. ELECTRIC SCALING MACHINE KC-50E 110V/60
2. MESIN CAT SPRAY GUN AIRLESS PAINT SPAYER MERK : TSZUMI, TYPE : X20HD, POWER : 110W VOLTAGE : 220
3. GERINDA TANGAN MERK MAKITA 4 INCH
4. SAPU LANTAI
5. SEROK SAMPAH / PENGKI / DUSTPAN
6. PEL LATAI + GAGANG
7. SEROKAN AIR / LEWA
8. SAPU LIDI
9. SEKOP
10. KUAS BENGKOK 2 INCH
11. REFILL KUAS ROLL MINYAK 4 INCH
12. KUAS ROLL MINYAK (BULU) 10 CM DENGAN GAGANG
13. KUAS ROLL MINYAK (BULU) BESAR 9"" DENGAN GAGANG
14. KUAS ROLL MINYAK REFILL 10 CM
15. KUAS ROLL MINYAK REFILL 9 INCH
16. TONGKAT CAT EXTENSION POLE 1,1 M - 3 M
17. KABEL TIES STAINLESS 4,6 X 200 mm
18. KABEL TIES STAINLESS 4,6 X 300 mm
19. KABEL TIES NILON 4,8 X 300 mm
20. SENTER KEPALA 100 WATT MERK KAWACHI / PUTIH
21. COTTON GLOVE WITH NON SLIP/SARUNG TANGAN BINTIK
22. WIRE CUP BRUSH KEPANG STAINLESS 3 INCH
23. CHIPING HAMMER LAS 500 Gram
24. BLACKMITHS SLEDGE HAMMER (DOUBLE FACE) WITH HADLE 3.6 KG
25. SMOTH + CROSS PEIN HAMMER WITH HANDLE 1,8 KG
26. STELLA SPRAT PENGHARUM RUANGAN 400 ML
27. KAPUR BARUS SWALLOW / KAMPER TOILET ISI 5 PCS
28. RESIN
29. KATALIS 50 ml
30. SLING BELT POLYESTER PANJANG 1,5 m SWL 5 ton
31. SLING BELT POLYESTER PANJANG 3 m SWL 3 ton
32. SLING BELT POLYESTER PANJANG 6 m SWL 5 ton
33. WEBBING SLING BELT 3 TON X 1.5 M
34. WEBBING SLING BELT 5 TON X 3 M
35. WEBBING SLING BELT 10 TON X 6 M
36. JAS HUJAN UKURAN L
37. JAS HUJAN UKURAN XL
38. SPLIT PIN 20 MM
39. SPLIT PIN 30 MM
40. SPLIT PIN 50 MM
41. SPLIT PIN 70 MM
42. SPLIT PIN 100 MM
43. GEMBOK STANLESS PALOMA SIZE 70 MM
44. TANGGA PANDU 25 M INCLUDE CERTIFICATE
45. MAJUN
46. SERBUK GERGAJI
47. STEP UP STEP DOWN 3000 W MERK DAICHI
48. STEP UP STEP DOWN 2000 W MERK DAICHI
49. RODA TROLI NILON 4 INCH (HIDUP)
50. RODA TROLI NILON 4 INCH (MATI)
51. MATA GERINDA POTONG 4 INCH
52. MATA GERINDA POLES 4 INCH
53. KAWAT LAS RB 2.6 MM
54. KAWAT LAS RB 4 MM
55. KAWAT LAS LB 3,2 MM
56. KAWAT LAS LB 4 MM
57. DONGKRAK BOTOL MERK TEKIRO 50 T
58. RILUIN HIPREX 3/4 INCH x 100 m
59. SELANG BENANG MERK TRILIUN HIPREX 1 INCH x 100 m
60. SELANG BENANG MERK TRILIUN HIPREX 2 INCH x 100 m
61. EMBER 10 L
62. GAYUNG
63. SODA API
64. BATTERY KERING 12V 100Ah
65. BETON ESER POLOS 18 mm X 12 m
66. MCCB 3 PHASE (MITSUBISHI MODEL : NF 30-CS 10A)
67. MCCB 2 PHASE (MITSUBISHI MODEL : NF 30-CS 20A)","1. 591217
2. -
3. TYPE 9553B
4. -
5. -
6. -
7. -
8. -
9. -
10. -
11. -
12. -
13. -
14. -
15. -
16. -
17. -
18. -
19. -
20. -
21. 1901103
22. -
23. -
24. 612526
25. 612563
26. -
27. -
28. -
29. -
30. -
31. -
32. -
33. -
34. -
35. -
36. -
37. -
38. -
39. -
40. -
41. -
42. -
43. -
44. -
45. -
46. -
47. -
48. -
49. -
50. -
51. -
52. -
53. -
54. -
55. -
56. -
57. -
58. -
59. -
60. -
61. -
62. -
63. -
64. -
65. -
66. -
67. -","1. 2 unit
2. 1 pcs
3. 2 pcs
4. 50 pcs
5. 50 pcs
6. 50 pcs
7. 20 pcs
8. 20 pcs
9. 20 pcs
10. 30 pcs
11. 10 lusin
12. 20 pcs
13. 20 pcs
14. 50 lusin
15. 30 pcs
16. 8 pcs
17. 200 pcs
18. 200 pcs
19. 200 pcs
20. 10 pcs
21. 150 lusin
22. 100 pcs
23. 30 pcs
24. 2 pcs
25. 4 pcs
26. 5 lusin
27. 50 pack
28. 10 kg
29. 6 botol
30. 6 pcs
31. 6 pcs
32. 6 pcs
33. 8 pcs
34. 10 pcs
35. 5 pcs
36. 10 pcs
37. 10 pcs
38. 100 pcs
39. 200 pcs
40. 100 pcs
41. 50 pcs
42. 50 pcs
43. 20 pcs
44. 2 roll
45. 300 kg
46. 200 kg
47. 4 unit
48. 2 unit
49. 10 pcs
50. 10 pcs
51. 100 pcs
52. 50 pcs
53. 15 kg
54. 15 kg
55. 15 kg
56. 10 kg
57. 2 pcs
58. 2 roll
59. 1 roll
60. 3 roll
61. 25 pcs
62. 25 pcs
63. 30 kg
64. 3 pcs
65. 15 batang
66. 2 pcs
67. 2 pcs","1. ELECTRIC SCALING MACHINE KC-50E 110V/60 [PN: 591217] (2 unit)
2. MESIN CAT SPRAY GUN AIRLESS PAINT SPAYER MERK : TSZUMI, TYPE : X20HD, POWER : 110W VOLTAGE : 220 (1 pcs)
3. GERINDA TANGAN MERK MAKITA 4 INCH [PN: TYPE 9553B] (2 pcs)
4. SAPU LANTAI (50 pcs)
5. SEROK SAMPAH / PENGKI / DUSTPAN (50 pcs)
6. PEL LATAI + GAGANG (50 pcs)
7. SEROKAN AIR / LEWA (20 pcs)
8. SAPU LIDI (20 pcs)
9. SEKOP (20 pcs)
10. KUAS BENGKOK 2 INCH (30 pcs)
11. REFILL KUAS ROLL MINYAK 4 INCH (10 lusin)
12. KUAS ROLL MINYAK (BULU) 10 CM DENGAN GAGANG (20 pcs)
13. KUAS ROLL MINYAK (BULU) BESAR 9"" DENGAN GAGANG (20 pcs)
14. KUAS ROLL MINYAK REFILL 10 CM (50 lusin)
15. KUAS ROLL MINYAK REFILL 9 INCH (30 pcs)
16. TONGKAT CAT EXTENSION POLE 1,1 M - 3 M (8 pcs)
17. KABEL TIES STAINLESS 4,6 X 200 mm (200 pcs)
18. KABEL TIES STAINLESS 4,6 X 300 mm (200 pcs)
19. KABEL TIES NILON 4,8 X 300 mm (200 pcs)
20. SENTER KEPALA 100 WATT MERK KAWACHI / PUTIH (10 pcs)
21. COTTON GLOVE WITH NON SLIP/SARUNG TANGAN BINTIK [PN: 1901103] (150 lusin)
22. WIRE CUP BRUSH KEPANG STAINLESS 3 INCH (100 pcs)
23. CHIPING HAMMER LAS 500 Gram (30 pcs)
24. BLACKMITHS SLEDGE HAMMER (DOUBLE FACE) WITH HADLE 3.6 KG [PN: 612526] (2 pcs)
25. SMOTH + CROSS PEIN HAMMER WITH HANDLE 1,8 KG [PN: 612563] (4 pcs)
26. STELLA SPRAT PENGHARUM RUANGAN 400 ML (5 lusin)
27. KAPUR BARUS SWALLOW / KAMPER TOILET ISI 5 PCS (50 pack)
28. RESIN (10 kg)
29. KATALIS 50 ml (6 botol)
30. SLING BELT POLYESTER PANJANG 1,5 m SWL 5 ton (6 pcs)
31. SLING BELT POLYESTER PANJANG 3 m SWL 3 ton (6 pcs)
32. SLING BELT POLYESTER PANJANG 6 m SWL 5 ton (6 pcs)
33. WEBBING SLING BELT 3 TON X 1.5 M (8 pcs)
34. WEBBING SLING BELT 5 TON X 3 M (10 pcs)
35. WEBBING SLING BELT 10 TON X 6 M (5 pcs)
36. JAS HUJAN UKURAN L (10 pcs)
37. JAS HUJAN UKURAN XL (10 pcs)
38. SPLIT PIN 20 MM (100 pcs)
39. SPLIT PIN 30 MM (200 pcs)
40. SPLIT PIN 50 MM (100 pcs)
41. SPLIT PIN 70 MM (50 pcs)
42. SPLIT PIN 100 MM (50 pcs)
43. GEMBOK STANLESS PALOMA SIZE 70 MM (20 pcs)
44. TANGGA PANDU 25 M INCLUDE CERTIFICATE (2 roll)
45. MAJUN (300 kg)
46. SERBUK GERGAJI (200 kg)
47. STEP UP STEP DOWN 3000 W MERK DAICHI (4 unit)
48. STEP UP STEP DOWN 2000 W MERK DAICHI (2 unit)
49. RODA TROLI NILON 4 INCH (HIDUP) (10 pcs)
50. RODA TROLI NILON 4 INCH (MATI) (10 pcs)
51. MATA GERINDA POTONG 4 INCH (100 pcs)
52. MATA GERINDA POLES 4 INCH (50 pcs)
53. KAWAT LAS RB 2.6 MM (15 kg)
54. KAWAT LAS RB 4 MM (15 kg)
55. KAWAT LAS LB 3,2 MM (15 kg)
56. KAWAT LAS LB 4 MM (10 kg)
57. DONGKRAK BOTOL MERK TEKIRO 50 T (2 pcs)
58. RILUIN HIPREX 3/4 INCH x 100 m (2 roll)
59. SELANG BENANG MERK TRILIUN HIPREX 1 INCH x 100 m (1 roll)
60. SELANG BENANG MERK TRILIUN HIPREX 2 INCH x 100 m (3 roll)
61. EMBER 10 L (25 pcs)
62. GAYUNG (25 pcs)
63. SODA API (30 kg)
64. BATTERY KERING 12V 100Ah (3 pcs)
65. BETON ESER POLOS 18 mm X 12 m (15 batang)
66. MCCB 3 PHASE (MITSUBISHI MODEL : NF 30-CS 10A) (2 pcs)
67. MCCB 2 PHASE (MITSUBISHI MODEL : NF 30-CS 20A) (2 pcs)"
1223.SPK/BA.202/BA010102/2026,2026-07-27,,29,"1. MEJA KANTOR DENVER
2. KURSI KANTOR
3. KURSI TAMU KANTOR
4. AC 1 PK DAIKIN
5. REUTER WIFI
6. KABEL ROLL
7. LAPTOP
8. PRINTER HP
9. SAPU IJUK SET
10. SAPU LIDI SET
11. PENGKI BESAR
12. PERALATAN PEL
13. PIRING & GELAS MELAMIN ISI 6 (SET)
14. SENDOK GARPU ISI 12 (SET)
15. SIKAT WC
16. HELM PROYEK
17. ROMPI PROYEK
18. TEMPAT SAMPAH BESAR
19. TEMPAT SAMPAH KECIL
20. GAYUNG & EMBER
21. KOTAK P3K
22. JAM DINDING
23. RAK SEPATU BESI
24. LEMARI ARSIP METAL PINTU METAL NON KACA
25. SMART TV MULTI FUNCTION
26. ADJUSTABLE BRACKET TV
27. KOMPOR INDUKSI
28. KABEL LAN
29. PERALATAN MASAK INDUKSI","1. -
2. -
3. -
4. -
5. -
6. -
7. -
8. -
9. -
10. -
11. -
12. -
13. -
14. -
15. -
16. -
17. -
18. -
19. -
20. -
21. -
22. -
23. -
24. -
25. -
26. -
27. -
28. -
29. -","1. 1 pcs
2. 1 pcs
3. 3 pcs
4. 1 pcs
5. 1 pcs
6. 2 pcs
7. 1 pcs
8. 1 pcs
9. 1 pcs
10. 1 pcs
11. 1 pcs
12. 1 pcs
13. 1 pcs
14. 1 pcs
15. 1 pcs
16. 4 pcs
17. 4 pcs
18. 1 pcs
19. 2 pcs
20. 1 pcs
21. 1 pcs
22. 1 pcs
23. 1 pcs
24. 2 pcs
25. 1 pcs
26. 1 pcs
27. 1 pcs
28. 1 pcs
29. 1 pcs","1. MEJA KANTOR DENVER (1 pcs)
2. KURSI KANTOR (1 pcs)
3. KURSI TAMU KANTOR (3 pcs)
4. AC 1 PK DAIKIN (1 pcs)
5. REUTER WIFI (1 pcs)
6. KABEL ROLL (2 pcs)
7. LAPTOP (1 pcs)
8. PRINTER HP (1 pcs)
9. SAPU IJUK SET (1 pcs)
10. SAPU LIDI SET (1 pcs)
11. PENGKI BESAR (1 pcs)
12. PERALATAN PEL (1 pcs)
13. PIRING & GELAS MELAMIN ISI 6 (SET) (1 pcs)
14. SENDOK GARPU ISI 12 (SET) (1 pcs)
15. SIKAT WC (1 pcs)
16. HELM PROYEK (4 pcs)
17. ROMPI PROYEK (4 pcs)
18. TEMPAT SAMPAH BESAR (1 pcs)
19. TEMPAT SAMPAH KECIL (2 pcs)
20. GAYUNG & EMBER (1 pcs)
21. KOTAK P3K (1 pcs)
22. JAM DINDING (1 pcs)
23. RAK SEPATU BESI (1 pcs)
24. LEMARI ARSIP METAL PINTU METAL NON KACA (2 pcs)
25. SMART TV MULTI FUNCTION (1 pcs)
26. ADJUSTABLE BRACKET TV (1 pcs)
27. KOMPOR INDUKSI (1 pcs)
28. KABEL LAN (1 pcs)
29. PERALATAN MASAK INDUKSI (1 pcs)"
1257.SPK/BA.302/BA010102/2026,2026-07-31,Martha Baruna,5,"1. FILTER ELEMENT
2. O-RING
3. O-RING
4. O-RING
5. GASKET","1. 1348493
2. 3035134
3. 3040109
4. 3040108
5. 3030012","1. 60 pcs
2. 10 pcs
3. 10 pcs
4. 10 pcs
5. 180 pcs","1. FILTER ELEMENT [PN: 1348493] (60 pcs)
2. O-RING [PN: 3035134] (10 pcs)
3. O-RING [PN: 3040109] (10 pcs)
4. O-RING [PN: 3040108] (10 pcs)
5. GASKET [PN: 3030012] (180 pcs)"
1218.SPK/BA.202/BA010102/2026,2026-07-31,Adhiguna Tarahan,2,"1. REFILL LPG 50KG
2. REFILL OXYGEN","1. -
2. -","1. 1 pcs
2. 5 pcs","1. REFILL LPG 50KG (1 pcs)
2. REFILL OXYGEN (5 pcs)"
1219.SPK/BA.202/BA010102/2026,2026-07-31,Sartika Baruna,2,"1. REFILL LPG 12KG
2. REFILL OXYGEN","1. -
2. -","1. 1 pcs
2. 5 pcs","1. REFILL LPG 12KG (1 pcs)
2. REFILL OXYGEN (5 pcs)"
1216.SPK/BA.17/BA010102/2026,2026-07-31,Malahayati Baruna,8,"1. HARDTOP SMART PACK II STD 049 RED
2. SOLVALITT ALUMUNIUM
3. PILOT II STD 258 YELLOW
4. HARDTOP SMART PACK II STD 258 YELLOW
5. PILOT II WHITE
6. THINNER NO 02
7. THINNER NO 07
8. THINNER NO 17","1. 9 L
2. 5 L
3. 5 L
4. 9 L
5. 5 L
6. 5 L
7. 5 L
8. 5 L","1. 396 liter
2. 50 liter
3. 50 liter
4. 54 liter
5. 200 liter
6. 100 liter
7. 25 liter
8. 25 liter","1. HARDTOP SMART PACK II STD 049 RED [PN: 9 L] (396 liter)
2. SOLVALITT ALUMUNIUM [PN: 5 L] (50 liter)
3. PILOT II STD 258 YELLOW [PN: 5 L] (50 liter)
4. HARDTOP SMART PACK II STD 258 YELLOW [PN: 9 L] (54 liter)
5. PILOT II WHITE [PN: 5 L] (200 liter)
6. THINNER NO 02 [PN: 5 L] (100 liter)
7. THINNER NO 07 [PN: 5 L] (25 liter)
8. THINNER NO 17 [PN: 5 L] (25 liter)"
1174.SPK/BA.302/BA010102/2026,2026-07-31,Sartika Baruna,6,"1. End Plate I (Titanium)
2. End Plate II (Titanium)
3. Channel Plate (Titanium)
4. Gasket Rubber for End Plate I (EPDM)
5. Gasket Rubber for End Plate II (EPDM)
6. Gasket Rubber for Channel Plate (EPDM)","1. -
2. -
3. -
4. -
5. -
6. -","1. 1 pcs
2. 1 pcs
3. 50 pcs
4. 2 pcs
5. 2 pcs
6. 50 pcs","1. End Plate I (Titanium) (1 pcs)
2. End Plate II (Titanium) (1 pcs)
3. Channel Plate (Titanium) (50 pcs)
4. Gasket Rubber for End Plate I (EPDM) (2 pcs)
5. Gasket Rubber for End Plate II (EPDM) (2 pcs)
6. Gasket Rubber for Channel Plate (EPDM) (50 pcs)"
1241.SPK/BA.7/BA010102/2026,2026-07-31,Sartika Baruna,1,1. Pengurusan dispensasi sekali jalan sertifikat klasifikasi lambung dan sertifikat klasifikasi mesin untuk clearence out ke PLTU 1 Suralaya,1. -,1. 1 lot,1. Pengurusan dispensasi sekali jalan sertifikat klasifikasi lambung dan sertifikat klasifikasi mesin untuk clearence out ke PLTU 1 Suralaya (1 lot)
1220.SPK/BA.302/BA010102/2026,2026-07-31,Malahayati Baruna,5,"1. METAL SEAT GASKET
2. BEARING CASING
3. SET OF GASKET AND BOLT
4. TURBINE SHAFT
5. COMPRESSOR WHEEL","1. 5013
2. 5001
3. -
4. 1001
5. 2001","1. 1 pcs
2. 1 pcs
3. 1 set
4. 1 pcs
5. 1 pcs","1. METAL SEAT GASKET [PN: 5013] (1 pcs)
2. BEARING CASING [PN: 5001] (1 pcs)
3. SET OF GASKET AND BOLT (1 set)
4. TURBINE SHAFT [PN: 1001] (1 pcs)
5. COMPRESSOR WHEEL [PN: 2001] (1 pcs)"
1236.SPK/BA.17/BA010102/2026,2026-07-31,Srikandi Baruna 2206,1,1. TALI PP MONOFILAMENT CIR 10,1. -,1. 1 roll,1. TALI PP MONOFILAMENT CIR 10 (1 roll)
1221.SPK/BA.17/BA010102/2026,2026-07-31,Malahayati Baruna,2,"1. Wire Rope Hoisting
2. Wire Rope Luffing","1. -
2. -","1. 4 pcs
2. 2 pcs","1. Wire Rope Hoisting (4 pcs)
2. Wire Rope Luffing (2 pcs)"
1190.SPK/BA.17/BA010102/2026,2026-07-31,Srikandi Baruna 2203,10,"1. intercom
2. alarm bell
3. OMRON
4. TRAFO POWER
5. FREON R32 KEMASAN 5KG
6. RACOR
7. LUBE FILTER
8. LO FILTER BY PASS
9. LO FILTER
10. BOLA LAMPU NAVIGASI","1. -
2. -
3. -
4. -
5. -
6. -
7. -
8. -
9. -
10. -","1. 3 unit
2. 2 pcs
3. 4 pcs
4. 1 unit
5. 1 lot
6. 40 pcs
7. 24 pcs
8. 12 pcs
9. 24 pcs
10. 24 pcs","1. intercom (3 unit)
2. alarm bell (2 pcs)
3. OMRON (4 pcs)
4. TRAFO POWER (1 unit)
5. FREON R32 KEMASAN 5KG (1 lot)
6. RACOR (40 pcs)
7. LUBE FILTER (24 pcs)
8. LO FILTER BY PASS (12 pcs)
9. LO FILTER (24 pcs)
10. BOLA LAMPU NAVIGASI (24 pcs)"
1188.SPK/BA.17/BA010102/2026,2026-07-31,Meutia Baruna,3,"1. INVERTER
2. 591255 HD TOOL
3. MIYAKO RICE COOKER","1. -
2. -
3. -","1. 1 lot
2. 50 set
3. 1 pcs","1. INVERTER (1 lot)
2. 591255 HD TOOL (50 set)
3. MIYAKO RICE COOKER (1 pcs)"
1303.Pj/BA.301/BA010400/2026,2026-07-10,Martha Baruna,1,1. PENGADAAN SPAREPART & JASA GENERAL OVERHAUL,1. -,1. 1 lot,1. PENGADAAN SPAREPART & JASA GENERAL OVERHAUL (1 lot)
1291.Pj/BA.301/BA010400/2026,2026-07-09,Martha Baruna,1,1. PENGADAAN MATERIAL RUBBER HATCH COVER,1. -,1. 1 lot,1. PENGADAAN MATERIAL RUBBER HATCH COVER (1 lot)
