no_spk,date_spk,nama_kapal,uraian_spk,part_no,jumlah,satuan
0994.SPK/BA.302/BA010102/2026,2026-07-01,Malahayati Baruna,"PUMP ASSY, INJECTION",OLD PN 746673-51104 NEW PN 746673-51108,6,set
1005.SPK/BA.17/BA010102/2026,2026-07-02,Latifah Baruna,UMEGUARD SX REDDISH,,540,kg
1005.SPK/BA.17/BA010102/2026,2026-07-02,Latifah Baruna,UMEGUARD SX GREY,,540,kg
1005.SPK/BA.17/BA010102/2026,2026-07-02,Latifah Baruna,UMEGUARD SX HARDWARE,INCLUDE NI 1&2,0,kg
0991.SPK/BA.101/BA010102/2026,2026-07-01,Martha Baruna,JASA ULTRASONIC THICKNES MEASUREMENT,,1,lot
0991.SPK/BA.101/BA010102/2026,2026-07-01,Martha Baruna,REPORTING,,1,lot
0990.SPK/BA.17/BA010102/2026,2026-07-01,Rasuna Baruna,CANVAS BRAKE LINNING,,25,roll
0990.SPK/BA.17/BA010102/2026,2026-07-01,Rasuna Baruna,ACCESSORIES,,3,pcs
1000.SPK/PR.202/BA010102/2026,2026-07-01,Adhiguna Tarahan,JASA RECASTING RUBBER SPIROFLEX,,4,pcs
1000.SPK/PR.202/BA010102/2026,2026-07-01,Adhiguna Tarahan,BIAYA TRANSPORTASI,,1,lot
0995.SPK/BA.302/BA010102/2026,2026-07-01,Kencana Baruna,PISTON LP,3382,2,pcs
0995.SPK/BA.302/BA010102/2026,2026-07-01,Kencana Baruna,PISTON HP,3398,2,pcs
0995.SPK/BA.302/BA010102/2026,2026-07-01,Kencana Baruna,CYLINDER HEAD,1255,1,set
1009.SPK/BA.302/BA010102/2026,2026-07-02,Martha Baruna,CRANK SHAFT,,2,pcs
1009.SPK/BA.302/BA010102/2026,2026-07-02,Martha Baruna,OIL FILTER ELEMENT,FO-401,10,pcs
1009.SPK/BA.302/BA010102/2026,2026-07-02,Martha Baruna,BALANCE WEIGHT BOLT,SCM435,8,pcs
1009.SPK/BA.302/BA010102/2026,2026-07-02,Martha Baruna,BALANCE WEIGHT,FCD400,4,pcs
0996.SPK/BA.302/BA010102/2026,2026-07-01,Sartika Baruna,PISTON RING SET,,5,set
0996.SPK/BA.302/BA010102/2026,2026-07-01,Sartika Baruna,CYLINDER LINER,E265080020,3,pcs
0996.SPK/BA.302/BA010102/2026,2026-07-01,Sartika Baruna,BOSCH PUMP UNIT,E266480040,1,set
0996.SPK/BA.302/BA010102/2026,2026-07-01,Sartika Baruna,FUEL OIL INJECTION DEVICE,E26628,4,set
0992.SPK/BA.101/BA010102/2026,2026-07-01,Malahayati Baruna,"Overhaul, Bench Test and Calibration",,3,Unit
0992.SPK/BA.101/BA010102/2026,2026-07-01,Malahayati Baruna,Service of Speed Setting Device,,3,Unit
0992.SPK/BA.101/BA010102/2026,2026-07-01,Malahayati Baruna,"Dismounting, Mounting, Transport & Commissioning",,3,Unit
0992.SPK/BA.101/BA010102/2026,2026-07-01,Malahayati Baruna,"Dismounting, Mounting, Transport & Servicing",,3,Unit
0992.SPK/BA.101/BA010102/2026,2026-07-01,Malahayati Baruna,Kit RHD,,3,Set
0992.SPK/BA.101/BA010102/2026,2026-07-01,Malahayati Baruna,PV Plunger Assy,,3,Pc
0992.SPK/BA.101/BA010102/2026,2026-07-01,Malahayati Baruna,Drive Shaft,,3,Pc
0992.SPK/BA.101/BA010102/2026,2026-07-01,Malahayati Baruna,Bushing Terminal Shaft,,6,Pc
0992.SPK/BA.101/BA010102/2026,2026-07-01,Malahayati Baruna,Floating Lever,,3,Pc
0992.SPK/BA.101/BA010102/2026,2026-07-01,Malahayati Baruna,Droop Bracket,,3,Pc
0992.SPK/BA.101/BA010102/2026,2026-07-01,Malahayati Baruna,Oil Gauge,,3,Pc
0992.SPK/BA.101/BA010102/2026,2026-07-01,Malahayati Baruna,- Servo Motor Kit,,3,Set
0992.SPK/BA.101/BA010102/2026,2026-07-01,Malahayati Baruna,- Linkage Set,,3,Set
0992.SPK/BA.101/BA010102/2026,2026-07-01,Malahayati Baruna,Bearing Driving Gear Device,,6,Pc
0992.SPK/BA.101/BA010102/2026,2026-07-01,Malahayati Baruna,DISKON,,1,lot
1016.SPK/BA.202/BA010102/2026,2026-07-02,Jayanti Baruna,"BALL BEARING for cargo hold, ME Gearbox LO pump, Air CONDITIONING COMP RR",6312 (NTN/FAG),5,PCS
1016.SPK/BA.202/BA010102/2026,2026-07-02,Jayanti Baruna,"BALL BEARING for FO purifier, Daily bilge pp, Sludge ff pp, sewage ff pp, Hot water circ pp",6204 ZZ C3 (NTN/FAG),6,PCS
1016.SPK/BA.202/BA010102/2026,2026-07-02,Jayanti Baruna,"BALL BEARING for ME LO Purifier, Daily bilge pp, sludge ff pp, sewage ff pp, ME FO circ pp, ME exh gas fan",6205 ZZ C3 (NTN/FAG),12,PCS
1016.SPK/BA.202/BA010102/2026,2026-07-02,Jayanti Baruna,"BALL BEARING for sewage transfer pump, FO PURIFIER",6305 ZZ C3 (NTN/FAG),2,PCS
1016.SPK/BA.202/BA010102/2026,2026-07-02,Jayanti Baruna,"BALL BEARING for FO Transfer pp, ME LO Purifier, FW hydrophone pp",6306 ZZ C3 (NTN/FAG),10,PCS
1016.SPK/BA.202/BA010102/2026,2026-07-02,Jayanti Baruna,"BALL BEARING for Ballast Pp, Main Cooling SW pp, ME HT CW stand by pp, LT CW stand by pp",6309ZZ C3 (NTN/FAG),14,PCS
1016.SPK/BA.202/BA010102/2026,2026-07-02,Jayanti Baruna,BALL BEARING for Aux cooling FW pump,6311 ZZ C3 (NTN/FAG),4,PCS
1016.SPK/BA.202/BA010102/2026,2026-07-02,Jayanti Baruna,"BALL BEARING Emergency fire pump, ME LO stand by pump, Emergency fire pump",6312 ZZ C3 (NTN/FAG),4,PCS
1016.SPK/BA.202/BA010102/2026,2026-07-02,Jayanti Baruna,BALL BEARING for ME LO stand by pump,6313 ZZ C3 (NTN/FAG),2,PCS
1016.SPK/BA.202/BA010102/2026,2026-07-02,Jayanti Baruna,"BALL BEARING for Fire, bilge & GS pp, Cargo chiller FW circulation pp, Chiller Unit Cooling SW pp",6314 C3 (NTN/FAG),8,PCS
1016.SPK/BA.202/BA010102/2026,2026-07-02,Jayanti Baruna,"BALL BEARING for Cargo chiller FW circulation pp, Chiller Unit Cooling SW pp",6315 C3 (NTN/FAG),4,PCS
1016.SPK/BA.202/BA010102/2026,2026-07-02,Jayanti Baruna,BALL BEARING for Deck Water Spray pump,6316 C3 (NTN/FAG),4,PCS
1016.SPK/BA.202/BA010102/2026,2026-07-02,Jayanti Baruna,BALL BEARING for Galley exhaust fan,6205-2RSH (SKF),2,PCS
1016.SPK/BA.202/BA010102/2026,2026-07-02,Jayanti Baruna,"BALL BEARING for ME LO Purifier, Sewage discharge PP",6205-ZZ (NTN/FAG),2,PCS
1016.SPK/BA.202/BA010102/2026,2026-07-02,Jayanti Baruna,BALL BEARING for VRC hydraulic pp,6206-DDU/C3 (NTN/FAG),4,PCS
1016.SPK/BA.202/BA010102/2026,2026-07-02,Jayanti Baruna,BEARING ELECTROMOTOR AC COMPRESSOR,6312-/C3 (NTN/FAG),2,PCS
1016.SPK/BA.202/BA010102/2026,2026-07-02,Jayanti Baruna,BEARING ELECTROMOTOR AC COMPRESSOR,6313-/C3 (NTN/FAG),2,PCS
1016.SPK/BA.202/BA010102/2026,2026-07-02,Jayanti Baruna,BEARING ELECTROMOTOR FOR BLOWER FAN,6309 (NTN/FAG),4,PCS
1004.SPK/BA.302/BA010102/2026,2026-07-02,Meutia Baruna,O-RING,3803-6741-00,4,pcs
1004.SPK/BA.302/BA010102/2026,2026-07-02,Meutia Baruna,O-RING,3803-6423-00,4,pcs
1004.SPK/BA.302/BA010102/2026,2026-07-02,Meutia Baruna,Crank Pin Metal Bearing,1710-4103-00,2,set
1004.SPK/BA.302/BA010102/2026,2026-07-02,Meutia Baruna,Connecting Rod,1710-4100-00,1,set
1004.SPK/BA.302/BA010102/2026,2026-07-02,Meutia Baruna,Oil Pump,1380-6132-01,1,pcs
1004.SPK/BA.302/BA010102/2026,2026-07-02,Meutia Baruna,Cylinder Liner 1St Stage,1710-3102-00,1,set
1004.SPK/BA.302/BA010102/2026,2026-07-02,Meutia Baruna,Cylinder Liner 2Nd Stage,1710-3102-00,1,set
0993.SPK/BA.101/BA010102/2026,2026-07-01,Latifah Baruna,DELIVERY VALVE H.P. COMPLETE,3012,6,pcs
0993.SPK/BA.101/BA010102/2026,2026-07-01,Latifah Baruna,SUCTION VALVE L.P. COMPLETE,3020,4,pcs
0993.SPK/BA.101/BA010102/2026,2026-07-01,Latifah Baruna,SUCTION VALVE H.P. COMPLETE,3049,6,pcs
0993.SPK/BA.101/BA010102/2026,2026-07-01,Latifah Baruna,DELIVERY VALVE L.P. COMPLETE,3021,4,pcs
0993.SPK/BA.101/BA010102/2026,2026-07-01,Latifah Baruna,OIL RING H.P,3533,4,pcs
0993.SPK/BA.101/BA010102/2026,2026-07-01,Latifah Baruna,OIL RING L.P,3543,6,pcs
0993.SPK/BA.101/BA010102/2026,2026-07-01,Latifah Baruna,PISTON H.P.,3398,3,pcs
0993.SPK/BA.101/BA010102/2026,2026-07-01,Latifah Baruna,COMPRESSION RING H.P.,3505,8,pcs
0993.SPK/BA.101/BA010102/2026,2026-07-01,Latifah Baruna,COMPRESSION/OIL RING L.P.,3485,4,pcs
0993.SPK/BA.101/BA010102/2026,2026-07-01,Latifah Baruna,COMPRESSION RING L.P.,3518,8,pcs
0993.SPK/BA.101/BA010102/2026,2026-07-01,Latifah Baruna,OIL FILTER,3722,6,pcs
0993.SPK/BA.101/BA010102/2026,2026-07-01,Latifah Baruna,AIR FILTER INSERT,3718,6,pcs
0993.SPK/BA.101/BA010102/2026,2026-07-01,Latifah Baruna,GASKET COVER,3995,4,pcs
0993.SPK/BA.101/BA010102/2026,2026-07-01,Latifah Baruna,VALVE GASKET,3909,10,pcs
0993.SPK/BA.101/BA010102/2026,2026-07-01,Latifah Baruna,VALVE GASKET,3906,15,pcs
0993.SPK/BA.101/BA010102/2026,2026-07-01,Latifah Baruna,SWIVEL NIPPLE,7665,4,pcs
0993.SPK/BA.101/BA010102/2026,2026-07-01,Latifah Baruna,SEPARATOR (SPARATOR),7595,1,pcs
0993.SPK/BA.101/BA010102/2026,2026-07-01,Latifah Baruna,"CRANKSHAFT BEARING BUSHES, PAIR",3832,2,set
0993.SPK/BA.101/BA010102/2026,2026-07-01,Latifah Baruna,"FRAME BEARING, END",3921,2,set
0993.SPK/BA.101/BA010102/2026,2026-07-01,Latifah Baruna,FRAME BEARING CENTRE,3922,1,set
0993.SPK/BA.101/BA010102/2026,2026-07-01,Latifah Baruna,GASKET - LP VALVE COVER,4058,10,pcs
0993.SPK/BA.101/BA010102/2026,2026-07-01,Latifah Baruna,GASKET - HP VALVE COVER,4057,10,pcs
0993.SPK/BA.101/BA010102/2026,2026-07-01,Latifah Baruna,"MANOMETER, LP AIR",3771,2,pcs
0993.SPK/BA.101/BA010102/2026,2026-07-01,Latifah Baruna,"MANOMETER, HP AIR",3773,2,pcs
0993.SPK/BA.101/BA010102/2026,2026-07-01,Latifah Baruna,MONOMETER COOLING WATER OIL,3770,2,pcs
0993.SPK/BA.101/BA010102/2026,2026-07-01,Latifah Baruna,"COMPRESSION RING, STEPPED, H.P.",3487,4,pcs
0993.SPK/BA.101/BA010102/2026,2026-07-01,Latifah Baruna,"COMPRESSION RING, STEPPED, L.P.",3488,4,pcs
0993.SPK/BA.101/BA010102/2026,2026-07-01,Latifah Baruna,"COMPRESSION RING, PLAIN H.P.",3501,3,pcs
0993.SPK/BA.101/BA010102/2026,2026-07-01,Latifah Baruna,OIL RING H.P.,3528,3,pcs
0993.SPK/BA.101/BA010102/2026,2026-07-01,Latifah Baruna,OIL RING L.P.,3529,4,pcs
0993.SPK/BA.101/BA010102/2026,2026-07-01,Latifah Baruna,VALVE L.P.,3036,2,pcs
0993.SPK/BA.101/BA010102/2026,2026-07-01,Latifah Baruna,VALVE H.P.,3037,2,pcs
0993.SPK/BA.101/BA010102/2026,2026-07-01,Latifah Baruna,NEEDLE BEARING,3878,4,pcs
0993.SPK/BA.101/BA010102/2026,2026-07-01,Latifah Baruna,VALVE SEALING RING,3919,6,pcs
0993.SPK/BA.101/BA010102/2026,2026-07-01,Latifah Baruna,GASKET,4095,3,pcs
0993.SPK/BA.101/BA010102/2026,2026-07-01,Latifah Baruna,GASKET,4096,3,pcs
0989.SPK/BA.202/BA010102/2026,2026-07-01,Rasuna Baruna,RINSO,,60,pack
0989.SPK/BA.202/BA010102/2026,2026-07-01,Rasuna Baruna,SABUN COLEK,,10,pack
0989.SPK/BA.202/BA010102/2026,2026-07-01,Rasuna Baruna,GEMBOK 50 MM,,20,pcs
0989.SPK/BA.202/BA010102/2026,2026-07-01,Rasuna Baruna,KACAMATA CIPPING,,40,pcs
0989.SPK/BA.202/BA010102/2026,2026-07-01,Rasuna Baruna,PILOX PUTIH,,20,pcs
0989.SPK/BA.202/BA010102/2026,2026-07-01,Rasuna Baruna,VIBRATION SINGLE HEAD SCALING HAMMERS,,2,pcs
0989.SPK/BA.202/BA010102/2026,2026-07-01,Rasuna Baruna,SPARE HEAD FOR TRELAWNY SCAILING HAMMER,,25,pcs
0989.SPK/BA.202/BA010102/2026,2026-07-01,Rasuna Baruna,FLUSH VALVES,,30,pcs
0989.SPK/BA.202/BA010102/2026,2026-07-01,Rasuna Baruna,TALI NILON ROPE 20MM,,1,roll
0989.SPK/BA.202/BA010102/2026,2026-07-01,Rasuna Baruna,SARUNG TANGAN NON SLIP DOT,,250,lusin
0989.SPK/BA.202/BA010102/2026,2026-07-01,Rasuna Baruna,PLASTIK SAMPAH,,20,lusin
0989.SPK/BA.202/BA010102/2026,2026-07-01,Rasuna Baruna,LEATHER PALM WORKING GLOVES,,25,lusin
0989.SPK/BA.202/BA010102/2026,2026-07-01,Rasuna Baruna,BOR TANGAN PLASTIC MERK MAKITA,,1,pcs
0989.SPK/BA.202/BA010102/2026,2026-07-01,Rasuna Baruna,"SPLIT PINS (D: 3MM, P : 40MM)",,50,pcs
0989.SPK/BA.202/BA010102/2026,2026-07-01,Rasuna Baruna,"SPLIT PINS (D :4MM, P : 50MM)",,50,pcs
0989.SPK/BA.202/BA010102/2026,2026-07-01,Rasuna Baruna,"SPLIT PINS (D : 5MM, P : 70MM)",,50,pcs
0989.SPK/BA.202/BA010102/2026,2026-07-01,Rasuna Baruna,FLEXIBLE EXTENSION HOSE FOR PIN TYPE GRADE NIPPLE SPX-1C BAHAN S.S,,30,pcs
0989.SPK/BA.202/BA010102/2026,2026-07-01,Rasuna Baruna,SPARE WHEELS FOR PLATFROM TRUCK ( RODA GEROBAK ),,2,pcs
0989.SPK/BA.202/BA010102/2026,2026-07-01,Rasuna Baruna,SPARE WHEELS FOR PLATFROM TRUCK ( RODA GEROBAK ),,4,pcs
0989.SPK/BA.202/BA010102/2026,2026-07-01,Rasuna Baruna,KARET BAN BEKAS,,20,pcs
0989.SPK/BA.202/BA010102/2026,2026-07-01,Rasuna Baruna,PILOX MERAH,,10,pcs
0989.SPK/BA.202/BA010102/2026,2026-07-01,Rasuna Baruna,EAR PLUG,,50,pcs
0989.SPK/BA.202/BA010102/2026,2026-07-01,Rasuna Baruna,CLAMP 3 INCH,,25,pcs
0989.SPK/BA.202/BA010102/2026,2026-07-01,Rasuna Baruna,CLAMP 2.5 INCH,,30,pcs
0989.SPK/BA.202/BA010102/2026,2026-07-01,Rasuna Baruna,CLAMP 1 INCH,,30,pcs
0989.SPK/BA.202/BA010102/2026,2026-07-01,Rasuna Baruna,SOUNDINGAN BALLAST S/S,,2,pcs
0989.SPK/BA.202/BA010102/2026,2026-07-01,Rasuna Baruna,"KRAN AIR 1,5 INC",,5,pcs
0989.SPK/BA.202/BA010102/2026,2026-07-01,Rasuna Baruna,CHAIN DRUM FOR SCAILING MACHINE RUSTIBUS 400,,30,pcs
0989.SPK/BA.202/BA010102/2026,2026-07-01,Rasuna Baruna,SENTER KEPALA,,5,pcs
0989.SPK/BA.202/BA010102/2026,2026-07-01,Rasuna Baruna,JAS HUJAN,,25,pcs
0989.SPK/BA.202/BA010102/2026,2026-07-01,Rasuna Baruna,MINI PAINT ROLLER COMPLETE 100MM,,50,pcs
0989.SPK/BA.202/BA010102/2026,2026-07-01,Rasuna Baruna,SPARE MINI PAINT ROLLER 100MM (PINEHILL),,300,pcs
0989.SPK/BA.202/BA010102/2026,2026-07-01,Rasuna Baruna,CUTTING WHEEL NIPPON RESIBON,,24,pcs
0989.SPK/BA.202/BA010102/2026,2026-07-01,Rasuna Baruna,MATA BOR ( BAJA ) SET,,1,set
0989.SPK/BA.202/BA010102/2026,2026-07-01,Rasuna Baruna,"RUBBER BOOT SIZE 39,40,42,43",,5,pcs
0989.SPK/BA.202/BA010102/2026,2026-07-01,Rasuna Baruna,PILOX ORANGE,,20,pcs
0989.SPK/BA.202/BA010102/2026,2026-07-01,Rasuna Baruna,SCUPPER PLUGS,,12,pcs
0989.SPK/BA.202/BA010102/2026,2026-07-01,Rasuna Baruna,SAPU PLASTIK,,20,pcs
0989.SPK/BA.202/BA010102/2026,2026-07-01,Rasuna Baruna,WIRE CUP BRUSHES,,100,pcs
0989.SPK/BA.202/BA010102/2026,2026-07-01,Rasuna Baruna,CUTTING FOR STAINLESS STEEL IRONHAND SEEL,,10,box
0989.SPK/BA.202/BA010102/2026,2026-07-01,Rasuna Baruna,PEL LANTAI,,20,pcs
0989.SPK/BA.202/BA010102/2026,2026-07-01,Rasuna Baruna,"CUTTER WHEEL, HD TOOL GEAR 100",,500,pcs
0989.SPK/BA.202/BA010102/2026,2026-07-01,Rasuna Baruna,"DISC PIN,HD TOOL GEAR 100 EA",,150,pcs
0989.SPK/BA.202/BA010102/2026,2026-07-01,Rasuna Baruna,"DISC, HD TOOL GEAR 100 EA",,20,pcs
0989.SPK/BA.202/BA010102/2026,2026-07-01,Rasuna Baruna,PASTA SOUNDINGAN WATER,,3,pcs
0989.SPK/BA.202/BA010102/2026,2026-07-01,Rasuna Baruna,GERINDA ELECTRICT MEREK MAKITA,,2,pcs
0989.SPK/BA.202/BA010102/2026,2026-07-01,Rasuna Baruna,SAFETY HARNESS FULL BODY,,2,pcs
0989.SPK/BA.202/BA010102/2026,2026-07-01,Rasuna Baruna,GREASE NIPPLES TYPE STRAIGHT,,50,pcs
0989.SPK/BA.202/BA010102/2026,2026-07-01,Rasuna Baruna,GREASE NIPPLES TYPE PIN,,50,pcs
0989.SPK/BA.202/BA010102/2026,2026-07-01,Rasuna Baruna,GREASE NIPPLES TYPE BUTTON HEAD,,50,pcs
0989.SPK/BA.202/BA010102/2026,2026-07-01,Rasuna Baruna,FLEXIBLE EXTENSION HOSE FOR BUTTON HEAD,,10,pcs
0989.SPK/BA.202/BA010102/2026,2026-07-01,Rasuna Baruna,FLEXIBLE EXTENSION HOPE FOR HYDRAULIC OR STRAIGHT TYPE GREASE NIPPLE SPK - 3C,,15,pcs
0989.SPK/BA.202/BA010102/2026,2026-07-01,Rasuna Baruna,SODA API,,10,kg
0989.SPK/BA.202/BA010102/2026,2026-07-01,Rasuna Baruna,ACCOSSORIES CONTROL VAVLE ( FOR MODEL SKR AND SKR ),,2,pcs
0989.SPK/BA.202/BA010102/2026,2026-07-01,Rasuna Baruna,HAND GREASE GUN,,3,pcs
0989.SPK/BA.202/BA010102/2026,2026-07-01,Rasuna Baruna,KAIN BUFF,,10,lusin
0989.SPK/BA.202/BA010102/2026,2026-07-01,Rasuna Baruna,BAUT KUNCI 17 (M10 X P : 70),,2,pack
0989.SPK/BA.202/BA010102/2026,2026-07-01,Rasuna Baruna,TALI NYLON 10 MM ( 3 STRAND ),,2,roll
0989.SPK/BA.202/BA010102/2026,2026-07-01,Rasuna Baruna,TALI PP PLASTIK 10MM ( 3 STRAND ),,1,roll
0989.SPK/BA.202/BA010102/2026,2026-07-01,Rasuna Baruna,TALI PP STRAND NYLON ROPE 18MM,,1,roll
0989.SPK/BA.202/BA010102/2026,2026-07-01,Rasuna Baruna,LUBRIACATION HOSE ( FOR MODEL SKR AND SGR SERIES ),,1,roll
0989.SPK/BA.202/BA010102/2026,2026-07-01,Rasuna Baruna,BAUT KUNCI 19 (M12 X P : 70MM ),,2,pack
0989.SPK/BA.202/BA010102/2026,2026-07-01,Rasuna Baruna,WD,,10,pack
0989.SPK/BA.202/BA010102/2026,2026-07-01,Rasuna Baruna,BATU GURINDA POLES ( 100X6X16 ),,100,pcs
0989.SPK/BA.202/BA010102/2026,2026-07-01,Rasuna Baruna,CLOTH SEALING TAPE 50MM BLACK,,15,pcs
0989.SPK/BA.202/BA010102/2026,2026-07-01,Rasuna Baruna,CLOTH SEALING TAPE 50MM RED,,15,pcs
0989.SPK/BA.202/BA010102/2026,2026-07-01,Rasuna Baruna,CLOTH SEALING TAPE 50MM BLUE,,15,pcs
0989.SPK/BA.202/BA010102/2026,2026-07-01,Rasuna Baruna,CLOTHS SEALING TAPE 50MM YELLOW,,15,pcs
0989.SPK/BA.202/BA010102/2026,2026-07-01,Rasuna Baruna,PAPER MASKING TAPE 50MM,,20,pcs
0989.SPK/BA.202/BA010102/2026,2026-07-01,Rasuna Baruna,PAPER MASKING TAPE 24MM,,20,pcs
0989.SPK/BA.202/BA010102/2026,2026-07-01,Rasuna Baruna,BATRAI AAA,,300,pcs
0989.SPK/BA.202/BA010102/2026,2026-07-01,Rasuna Baruna,BATRAI AA,,100,pcs
0989.SPK/BA.202/BA010102/2026,2026-07-01,Rasuna Baruna,BATRAI A,,150,pcs
0989.SPK/BA.202/BA010102/2026,2026-07-01,Rasuna Baruna,"DISC CUTTING GRINDA 4"" FOR STANLESS STEEL (MRKR WD) 105X1.2X16MM",,10,pack
0989.SPK/BA.202/BA010102/2026,2026-07-01,Rasuna Baruna,MINI PAINT ROLLER COMPLETE 1 HANDLE 100MM,,50,pcs
0989.SPK/BA.202/BA010102/2026,2026-07-01,Rasuna Baruna,COUNTERSUNK BRASS SCREW M8X40MM,,800,pcs
0989.SPK/BA.202/BA010102/2026,2026-07-01,Rasuna Baruna,PAKU 1.5CM,,2,kg
0989.SPK/BA.202/BA010102/2026,2026-07-01,Rasuna Baruna,PAKU 2.5CM,,4,kg
0989.SPK/BA.202/BA010102/2026,2026-07-01,Rasuna Baruna,PAKU 5CM,,4,kg
0989.SPK/BA.202/BA010102/2026,2026-07-01,Rasuna Baruna,PAKU 7 CM,,4,kg
0989.SPK/BA.202/BA010102/2026,2026-07-01,Rasuna Baruna,SUPER PEL,,5,kg
0989.SPK/BA.202/BA010102/2026,2026-07-01,Rasuna Baruna,SPARE MINI ROLLER COMPLETE 1 HANDLE 100 MM,,250,pcs
0989.SPK/BA.202/BA010102/2026,2026-07-01,Rasuna Baruna,SAWDUST HALUS,,10,box
1026.SPK/BA.302/BA010102/2026,2026-07-03,Jayanti Baruna,FUEL SEPARATOR FILTER ORIGINAL ELEMNT,1830,24,pcs
0920.SPK/BA.202/BA010102/2026,2026-07-01,Srikandi Baruna 2001,MESIN GERINDA TANGAN,GWS 700,2,PCS
0920.SPK/BA.202/BA010102/2026,2026-07-01,Srikandi Baruna 2001,MESIN BOR,GSB 600,2,PCS
0920.SPK/BA.202/BA010102/2026,2026-07-01,Srikandi Baruna 2001,KABEL LISTRIK NYM,2x1.5 mm,2,ROLL
0920.SPK/BA.202/BA010102/2026,2026-07-01,Srikandi Baruna 2001,SELANG KAWAT SPIRAL,1-Feb,50,METER
0920.SPK/BA.202/BA010102/2026,2026-07-01,Srikandi Baruna 2001,KERAN AIR STIENLES,1-Feb,12,PCS
0920.SPK/BA.202/BA010102/2026,2026-07-01,Srikandi Baruna 2001,KACAMATA HITAM,Krisbow,12,PCS
0920.SPK/BA.202/BA010102/2026,2026-07-01,Srikandi Baruna 2001,SENTER TANGAN (350 LM),Krisbow,6,PCS
0920.SPK/BA.202/BA010102/2026,2026-07-01,Srikandi Baruna 2001,JAS HUJAN (BAJU CELANA),"Gosave (PVC)
uk M, L, XXL",12,PCS
0920.SPK/BA.202/BA010102/2026,2026-07-01,Srikandi Baruna 2001,TERMINAL LISTRIK/STOP KONTAK,Broco 3 lubang,6,PCS
0920.SPK/BA.202/BA010102/2026,2026-07-01,Srikandi Baruna 2001,TOPENG LAS AUTO DARKENNING,Welding Helmet,1,PCS
0920.SPK/BA.202/BA010102/2026,2026-07-01,Srikandi Baruna 2001,SAFETY BELT/PENGAMAN KERJA KETINGGIAN,Sutera/Logam,4,PCS
0920.SPK/BA.202/BA010102/2026,2026-07-01,Srikandi Baruna 2001,KAUS TANGAN BINTIK,-,2,BALL
0920.SPK/BA.202/BA010102/2026,2026-07-01,Srikandi Baruna 2001,KACA MATA PUTIH/BENING,Krisbow,24,PCS
0920.SPK/BA.202/BA010102/2026,2026-07-01,Srikandi Baruna 2001,CUTTER L500,Besar,12,PCS
0920.SPK/BA.202/BA010102/2026,2026-07-01,Srikandi Baruna 2001,PISAU CUTTER L500,Besar,12,PACK
0920.SPK/BA.202/BA010102/2026,2026-07-01,Srikandi Baruna 2001,GERGAJI BESI,Krisbow,5,PCS
0920.SPK/BA.202/BA010102/2026,2026-07-01,Srikandi Baruna 2001,MATA GERGAJI BESI,Krisbow,40,PCS
0920.SPK/BA.202/BA010102/2026,2026-07-01,Srikandi Baruna 2001,LAMPU NAVIGASI,AC/DC 24 VOLT,20,PCS
0920.SPK/BA.202/BA010102/2026,2026-07-01,Srikandi Baruna 2001,LANTAI VINIL/VINYL FLOOTING @Lincoln brown,"122,4 x 914,4 mm",15,PACK
0920.SPK/BA.202/BA010102/2026,2026-07-01,Srikandi Baruna 2001,LEM VINYL,,5,KG/LTR
0920.SPK/BA.202/BA010102/2026,2026-07-01,Srikandi Baruna 2001,MOKO PEWANGI (SACHET),,8,DUS
0920.SPK/BA.202/BA010102/2026,2026-07-01,Srikandi Baruna 2001,STELLA SEMPROT REFILL,225 ml,6,DUS
0920.SPK/BA.202/BA010102/2026,2026-07-01,Srikandi Baruna 2001,GLADE MESIN OTOMATIS STELLA UK 225,225 ml,4,PCS
0920.SPK/BA.202/BA010102/2026,2026-07-01,Srikandi Baruna 2001,KESET LANTAI (BAHAN KAIN HANDUK),kain,12,PCS
0920.SPK/BA.202/BA010102/2026,2026-07-01,Srikandi Baruna 2001,WIPER PEMBERSIH KACA,,6,PCS
0920.SPK/BA.202/BA010102/2026,2026-07-01,Srikandi Baruna 2001,EMBER+GAYUNG,20 ltr,6,PCS
0920.SPK/BA.202/BA010102/2026,2026-07-01,Srikandi Baruna 2001,RINSO,,25,DUS
0920.SPK/BA.202/BA010102/2026,2026-07-01,Srikandi Baruna 2001,SUNLIGHT,,7,DUS
0920.SPK/BA.202/BA010102/2026,2026-07-01,Srikandi Baruna 2001,VIXCAL,,5,DUS
0920.SPK/BA.202/BA010102/2026,2026-07-01,Srikandi Baruna 2001,KAPUR BARUS (BAGUS),,10,DUS
0920.SPK/BA.202/BA010102/2026,2026-07-01,Srikandi Baruna 2001,MAJUN,Kain,150,KG
0920.SPK/BA.202/BA010102/2026,2026-07-01,Srikandi Baruna 2001,PEL LANTAI,,20,PCS
0920.SPK/BA.202/BA010102/2026,2026-07-01,Srikandi Baruna 2001,SAPU LANTAI,,20,PCS
0920.SPK/BA.202/BA010102/2026,2026-07-01,Srikandi Baruna 2001,PLADGE (PEMBERSIH FURNITURE) @330gr,Aerosol,5,DUS
0920.SPK/BA.202/BA010102/2026,2026-07-01,Srikandi Baruna 2001,TEMPAT SAMPAH MARINE (IMDG CODE),"uk 50 liter
hijau, merah, kuning",3,PCS
0920.SPK/BA.202/BA010102/2026,2026-07-01,Srikandi Baruna 2001,BATTERY JAM ALKALINE,AA,1,DUS
0920.SPK/BA.202/BA010102/2026,2026-07-01,Srikandi Baruna 2001,BATTERY JAM REMOT,AAA,1,DUS
0920.SPK/BA.202/BA010102/2026,2026-07-01,Srikandi Baruna 2001,LAMPU TONGKANG,,12,PCS
0920.SPK/BA.202/BA010102/2026,2026-07-01,Srikandi Baruna 2001,BATTERY LAMPU TONGKANG,,12,PCS
0920.SPK/BA.202/BA010102/2026,2026-07-01,Srikandi Baruna 2001,WD 40,333 ML,24,PCS
0920.SPK/BA.202/BA010102/2026,2026-07-01,Srikandi Baruna 2001,LEM AIBON,1 LITER,1,KALENG
0920.SPK/BA.202/BA010102/2026,2026-07-01,Srikandi Baruna 2001,BALLPOINT,HITAM,3,PACK
0920.SPK/BA.202/BA010102/2026,2026-07-01,Srikandi Baruna 2001,STABILO,ORANGE,6,PCS
0920.SPK/BA.202/BA010102/2026,2026-07-01,Srikandi Baruna 2001,KUAS ROLL,,60,PCS
0920.SPK/BA.202/BA010102/2026,2026-07-01,Srikandi Baruna 2001,KUAS TANGAN,1 INC,20,PCS
0920.SPK/BA.202/BA010102/2026,2026-07-01,Srikandi Baruna 2001,KUAS TANGAN,2 INC,20,PCS
0920.SPK/BA.202/BA010102/2026,2026-07-01,Srikandi Baruna 2001,SOLASI KERTAS,KECIL,20,PCS
0920.SPK/BA.202/BA010102/2026,2026-07-01,Srikandi Baruna 2001,SOLASI KERTAS,BESAR,20,PCS
0920.SPK/BA.202/BA010102/2026,2026-07-01,Srikandi Baruna 2001,LAKBAN BENING,BESAR,40,PCS
0920.SPK/BA.202/BA010102/2026,2026-07-01,Srikandi Baruna 2001,KAPUR BARUS (BAGUS),,1,DUS
0920.SPK/BA.202/BA010102/2026,2026-07-01,Srikandi Baruna 2001,BENDERA RI,60X90,10,PCS
0920.SPK/BA.202/BA010102/2026,2026-07-01,Srikandi Baruna 2001,RANTAL DAPRA,uk 3/4,10,METER
0920.SPK/BA.202/BA010102/2026,2026-07-01,Srikandi Baruna 2001,PEMBERSIH JAMUR KACA,WATERSPOT,12,PCS
0920.SPK/BA.202/BA010102/2026,2026-07-01,Srikandi Baruna 2001,MATA BOR CUP BRONZE,SILVER,12,PCS
0920.SPK/BA.202/BA010102/2026,2026-07-01,Srikandi Baruna 2001,CHAIN BLOCK,SWL 5 TON,1,PCS
0920.SPK/BA.202/BA010102/2026,2026-07-01,Srikandi Baruna 2001,CHAIN BLOCK,SWL 10 TON,1,PCS
0920.SPK/BA.202/BA010102/2026,2026-07-01,Srikandi Baruna 2001,KANEBO,LAP,5,PCS
0920.SPK/BA.202/BA010102/2026,2026-07-01,Srikandi Baruna 2001,MICRO FIBER,LAP,10,PCS
0920.SPK/BA.202/BA010102/2026,2026-07-01,Srikandi Baruna 2001,RESIN 1 PAKET,LITER,10,LITER
0920.SPK/BA.202/BA010102/2026,2026-07-01,Srikandi Baruna 2001,ALTECO/LEM CHINA,,30,PCS
0920.SPK/BA.202/BA010102/2026,2026-07-01,Srikandi Baruna 2001,KABEL TIES,NILON,25,PACK
0920.SPK/BA.202/BA010102/2026,2026-07-01,Srikandi Baruna 2001,BAUT,M10X50,100,PCS
0920.SPK/BA.202/BA010102/2026,2026-07-01,Srikandi Baruna 2001,SPIDOL PERMANENT,SNOWAN,2,PACK
0920.SPK/BA.202/BA010102/2026,2026-07-01,Srikandi Baruna 2001,SPIDOL POORMARKER,SNOWAN,2,PACK
0920.SPK/BA.202/BA010102/2026,2026-07-01,Srikandi Baruna 2001,JANGKA SEMAT PETA,KUNINGAN,2,PCS
0920.SPK/BA.202/BA010102/2026,2026-07-01,Srikandi Baruna 2001,PENGGARIS PANJANG DAN PENDEK (1 METER DAN 30 CM),STAINLESS,4,PCS
0920.SPK/BA.202/BA010102/2026,2026-07-01,Srikandi Baruna 2001,MISTAR JAJAR (PETA),PLASTIC,2,PCS
0920.SPK/BA.202/BA010102/2026,2026-07-01,Srikandi Baruna 2001,DISKON,,1,lot
0958.SPK/BA.17/BA010102/2026,2026-07-02,Srikandi Baruna 2004,TALI PP MONOFILAMENT,CIR 10,1,roll
0958.SPK/BA.17/BA010102/2026,2026-07-02,Srikandi Baruna 2004,TALI PP MONOFILAMENT,CIR 8,1,roll
0937.SPK/BA.17/BA010102/2026,2026-07-02,Srikandi Baruna 2001,TALI PP MONOFILAMENT,CIR 10,1,roll
0937.SPK/BA.17/BA010102/2026,2026-07-02,Srikandi Baruna 2001,TALI PP MONOFILAMENT,CIR 8,2,roll
0937.SPK/BA.17/BA010102/2026,2026-07-02,Srikandi Baruna 2001,TALI PP MONOFILAMENT,CIR 6,1,roll
0999.SPK/BA.17/BA010102/2026,2026-07-01,Malahayati Baruna,AKI KERING,,8,pcs
1017.SPK/BA.302/BA010102/2026,2026-07-02,Rasuna Baruna,THREEWAY VALVE UNIT,,1,unit
1017.SPK/BA.302/BA010102/2026,2026-07-02,Rasuna Baruna,KIT FOR VALVE,,2,set
0998.SPK/BA.202/BA010102/2026,2026-07-01,Srikandi Baruna 2206,GREASE (CASTROL) @15KG,,1,PCS
0998.SPK/BA.202/BA010102/2026,2026-07-01,Srikandi Baruna 2206,GREASE KYODO YUSHI (454GRAM) HEAVY DUTY,,4,PCS
0998.SPK/BA.202/BA010102/2026,2026-07-01,Srikandi Baruna 2206,SARUNG TANGAN KATUN,,25,LUSIN
0998.SPK/BA.202/BA010102/2026,2026-07-01,Srikandi Baruna 2206,BATU GERINDA POTONG 4,,40,PCS
0998.SPK/BA.202/BA010102/2026,2026-07-01,Srikandi Baruna 2206,MOLYCOTE (1000GRAM),,2,PCS
0998.SPK/BA.202/BA010102/2026,2026-07-01,Srikandi Baruna 2206,PASTA SKUR ABRASIVE (105GRAM),,5,PCS
0998.SPK/BA.202/BA010102/2026,2026-07-01,Srikandi Baruna 2206,ORING SET BOX OSTYNN (MM & NBR),,2,SET
0998.SPK/BA.202/BA010102/2026,2026-07-01,Srikandi Baruna 2206,RING TEMBAGA CONTAIN 30SET (ISI 568PCS),,1,SET
0998.SPK/BA.202/BA010102/2026,2026-07-01,Srikandi Baruna 2206,AMPLAS ROLL GRIT 40,,20,METER
0998.SPK/BA.202/BA010102/2026,2026-07-01,Srikandi Baruna 2206,AMPLAS ROLL GRIT 60,,20,METER
0998.SPK/BA.202/BA010102/2026,2026-07-01,Srikandi Baruna 2206,AMPLAS ROLL GRIT 80,,20,METER
0998.SPK/BA.202/BA010102/2026,2026-07-01,Srikandi Baruna 2206,AMPLAS ROLL GRIT 100,,20,METER
0998.SPK/BA.202/BA010102/2026,2026-07-01,Srikandi Baruna 2206,AMPLAS ROLL GRIT 120,,20,METER
0998.SPK/BA.202/BA010102/2026,2026-07-01,Srikandi Baruna 2206,AMPLAS ROLL GRIT 150,,20,METER
0998.SPK/BA.202/BA010102/2026,2026-07-01,Srikandi Baruna 2206,AMPLAS ROLL GRIT 180,,20,METER
0998.SPK/BA.202/BA010102/2026,2026-07-01,Srikandi Baruna 2206,AMPLAS ROLL GRIT 240,,20,METER
0998.SPK/BA.202/BA010102/2026,2026-07-01,Srikandi Baruna 2206,AMPLAS ROLL GRIT 320,,20,METER
0998.SPK/BA.202/BA010102/2026,2026-07-01,Srikandi Baruna 2206,AMPLAS ROLL GRIT 400,,20,METER
0998.SPK/BA.202/BA010102/2026,2026-07-01,Srikandi Baruna 2206,AMPLAS ROLL GRIT 500,,20,METER
0998.SPK/BA.202/BA010102/2026,2026-07-01,Srikandi Baruna 2206,AMPLAS ROLL GRIT 800,,20,METER
0998.SPK/BA.202/BA010102/2026,2026-07-01,Srikandi Baruna 2206,AMPLAS ROLL GRIT 1000,,20,METER
0998.SPK/BA.202/BA010102/2026,2026-07-01,Srikandi Baruna 2206,MATA GERGAJI BESI 12,,20,PCS
0998.SPK/BA.202/BA010102/2026,2026-07-01,Srikandi Baruna 2206,OIL SPILL DIPERSANT @20L,,1,PCS
0998.SPK/BA.202/BA010102/2026,2026-07-01,Srikandi Baruna 2206,AVR GENERATOR (DST-100-2FA4),,2,UNIT
0998.SPK/BA.202/BA010102/2026,2026-07-01,Srikandi Baruna 2206,MCCB 100A 3POLE 415V (SCHNEIDER),,2,PCS
0998.SPK/BA.202/BA010102/2026,2026-07-01,Srikandi Baruna 2206,WATER JET CLEANER (KARCHER K2 / 1400W / 120BAR),,1,UNIT
0998.SPK/BA.202/BA010102/2026,2026-07-01,Srikandi Baruna 2206,ELECTRIC BARREL PUMP 220VAC (DYB-60YT-1),,1,UNIT
0998.SPK/BA.202/BA010102/2026,2026-07-01,Srikandi Baruna 2206,TAP & DIE SET 40PCS (TEKIRO),,1,SET
0998.SPK/BA.202/BA010102/2026,2026-07-01,Srikandi Baruna 2206,BATTERY HYDROMETER TESTER,,3,PCS
0998.SPK/BA.202/BA010102/2026,2026-07-01,Srikandi Baruna 2206,MESIN GENSET/LAS (FIRMAN FGW 160C) GASOLINE,,1,UNIT
0998.SPK/BA.202/BA010102/2026,2026-07-01,Srikandi Baruna 2206,EAR MUFF GOSAVE,,6,PCS
0998.SPK/BA.202/BA010102/2026,2026-07-01,Srikandi Baruna 2206,BOSCH IMPACT WRENCH CORDLESS SET (560NM),,1,SET
0997.SPK/BA.202/BA010102/2026,2026-07-01,Srikandi Baruna 2206,RINSO DETERGENT BUBUK (1KG) @12PCS PER BOX,,15,BOX
0997.SPK/BA.202/BA010102/2026,2026-07-01,Srikandi Baruna 2206,SUNLIGHT SABUN CUCI PIRING (1L) @6PCS PER BOX,,10,BOX
0997.SPK/BA.202/BA010102/2026,2026-07-01,Srikandi Baruna 2206,PORSTEX PEMBERSIH LANTAI (1L) @12PCS PER BOX,,5,BOX
0997.SPK/BA.202/BA010102/2026,2026-07-01,Srikandi Baruna 2206,REFILL CLING PEMBERSIH KACA (500ML) @12PCS PER BOX,,4,BOX
0997.SPK/BA.202/BA010102/2026,2026-07-01,Srikandi Baruna 2206,LAKBAN KERTAS 1,,20,LUSIN
0997.SPK/BA.202/BA010102/2026,2026-07-01,Srikandi Baruna 2206,PEL LANTAI + GAGANG (MODEL: SUMBU),,15,PCS
0997.SPK/BA.202/BA010102/2026,2026-07-01,Srikandi Baruna 2206,SIKAT LANTAI + GAGANG (BAHAN: PLASTIK),,15,PCS
0997.SPK/BA.202/BA010102/2026,2026-07-01,Srikandi Baruna 2206,SAPU LANTAI + GAGANG (BAHAN: PLASTIK),,15,PCS
0997.SPK/BA.202/BA010102/2026,2026-07-01,Srikandi Baruna 2206,"BATTERY ALKALINE AA 1,5V @ 72PCS PER BOX",,2,BOX
0997.SPK/BA.202/BA010102/2026,2026-07-01,Srikandi Baruna 2206,"BATTERY ALKALINE AAA 1,5V @72 PCS PER BOX",,2,BOX
0997.SPK/BA.202/BA010102/2026,2026-07-01,Srikandi Baruna 2206,BATTERY ALKALINE D/LR20 @24PCS PER BOX,,2,BOX
0997.SPK/BA.202/BA010102/2026,2026-07-01,Srikandi Baruna 2206,REGULATOR KOMPOR GAS MODEL JEPIT (MERK DESTEC),,5,PCS
0997.SPK/BA.202/BA010102/2026,2026-07-01,Srikandi Baruna 2206,SENTER RECHARGERABLE (DONY MS-309 50WATT),,10,PCS
0997.SPK/BA.202/BA010102/2026,2026-07-01,Srikandi Baruna 2206,BAN DAPRA UK1000/R20 (BEKAS TRUCK),,10,PCS
0997.SPK/BA.202/BA010102/2026,2026-07-01,Srikandi Baruna 2206,DEE SHACKLE 5/8 (GALVANIS),,50,PCS
0997.SPK/BA.202/BA010102/2026,2026-07-01,Srikandi Baruna 2206,REFLECTIVE TAPE PUTIH (2 x 45MTR),,2,PCS
0997.SPK/BA.202/BA010102/2026,2026-07-01,Srikandi Baruna 2206,BAYGON SPRAY 750ML,,20,PCS
0997.SPK/BA.202/BA010102/2026,2026-07-01,Srikandi Baruna 2206,STELLA SPRAY 175ML,,20,PCS
0997.SPK/BA.202/BA010102/2026,2026-07-01,Srikandi Baruna 2206,KESET KAKI,,20,PCS
0997.SPK/BA.202/BA010102/2026,2026-07-01,Srikandi Baruna 2206,LAMPU SINYAL LED TENAGA SURYA (KUNING/MERAH),,4,PCS
0997.SPK/BA.202/BA010102/2026,2026-07-01,Srikandi Baruna 2206,PILOT LADDER 6MTR SOLAS (CCS CERTIFICATE),,1,PCS
0997.SPK/BA.202/BA010102/2026,2026-07-01,Srikandi Baruna 2206,SARUNG TANGAN BINTIK KUNING,,25,LUSIN
1018.SPK/BA.202/BA010102/2026,2026-07-02,,Hydraulic Filter (JIMCO) JHC-88004,,6,Pcs
1018.SPK/BA.202/BA010102/2026,2026-07-02,,Fuel Filter (JIMCO) JFC-88030,,24,Pcs
1018.SPK/BA.202/BA010102/2026,2026-07-02,,V Belt (Mitsuboshi REMF-6310),,4,Pcs
1018.SPK/BA.202/BA010102/2026,2026-07-02,,V Belt (Mitsuboshi RECMF-8460),,2,Pcs
1018.SPK/BA.202/BA010102/2026,2026-07-02,,V Belt (Bando B-46),,4,Pcs
1018.SPK/BA.202/BA010102/2026,2026-07-02,,Kunci Filter Sabuk 9 (Tekiro),,2,Pcs
1018.SPK/BA.202/BA010102/2026,2026-07-02,,Oring Repair Kit NBR70 @Ostynn FKM75 JIS B2410 (Metric),,1,Set
1018.SPK/BA.202/BA010102/2026,2026-07-02,,Oring Repair Kit NBR70 @Ostynn FKM75 AS568 (Inch),,1,Set
1018.SPK/BA.202/BA010102/2026,2026-07-02,,Stop Kontak Kabel Roll 50Meter 220V,,1,Pcs
1018.SPK/BA.202/BA010102/2026,2026-07-02,,Injector Diesel Tester 60MPa (Bosch Zexel S60H)  / Equivalent,,1,Unit
1018.SPK/BA.202/BA010102/2026,2026-07-02,,Hydraulic Filter (JIMCO) JHC-88004,,6,Pcs
1018.SPK/BA.202/BA010102/2026,2026-07-02,,Fuel Filter (JIMCO) JFC-88030,,24,Pcs
1018.SPK/BA.202/BA010102/2026,2026-07-02,,V Belt (Mitsuboshi REMF-6310),,4,Pcs
1018.SPK/BA.202/BA010102/2026,2026-07-02,,V Belt (Mitsuboshi RECMF-8460),,2,Pcs
1018.SPK/BA.202/BA010102/2026,2026-07-02,,V Belt (Bando B-46),,4,Pcs
1018.SPK/BA.202/BA010102/2026,2026-07-02,,Ring Tembaga Contain 30Set (568Pcs),,1,Set
1018.SPK/BA.202/BA010102/2026,2026-07-02,,Oring Repair Kit NBR70 @Ostynn FKM75 JIS B2410 (Metric),,1,Set
1018.SPK/BA.202/BA010102/2026,2026-07-02,,Oring Repair Kit NBR70 @Ostynn FKM75 AS568 (Inch),,1,Set
0675.SPK/TU.006/BA010102/2026,2026-07-02,,MERAK (PICK UP),,2,lot
0675.SPK/TU.006/BA010102/2026,2026-07-02,,MERAK (CDE),,2,lot
0675.SPK/TU.006/BA010102/2026,2026-07-02,,MERAK (CDD),,3,lot
0675.SPK/TU.006/BA010102/2026,2026-07-02,,JEPARA (PICK UP),,2,lot
0675.SPK/TU.006/BA010102/2026,2026-07-02,,JEPARA (CDE),,1,lot
0675.SPK/TU.006/BA010102/2026,2026-07-02,,PAITON (PICK UP),,2,lot
0675.SPK/TU.006/BA010102/2026,2026-07-02,,PAITON (CDD),,6,lot
0675.SPK/TU.006/BA010102/2026,2026-07-02,,LAMPUNG (PICK UP),,2,lot
0675.SPK/TU.006/BA010102/2026,2026-07-02,,LAMPUNG (CDE),,3,lot
0675.SPK/TU.006/BA010102/2026,2026-07-02,,LAMPUNG (CDD),,1,lot
0675.SPK/TU.006/BA010102/2026,2026-07-02,,TUBAN (PICK UP),,1,lot
0675.SPK/TU.006/BA010102/2026,2026-07-02,,CILACAP (PICK UP),,1,lot
0675.SPK/TU.006/BA010102/2026,2026-07-02,,PAITON - JEPARA,,1,lot
0675.SPK/TU.006/BA010102/2026,2026-07-02,,JABODETABEK,,53,lot
1003.SPK/BA.302/BA010102/2026,2026-07-06,Meutia Baruna,CONCENTRIC VALVE ASSEMBLY (LP),0710-7100-01,1,set
1031.SPK/BA.17/BA010102/2026,2026-07-06,Meutia Baruna,JASA NORMALISASI & REWINDING ELMOT FEED PUMP BOILER NO. 1,,1,lot
1033.SPK/BA.17/BA010102/2026,2026-07-03,Arimbi Baruna,TALI PP MULTIFILAMENT,CIR 10,4,roll
1001..SPK/BA.202/BA010102/2026,2026-07-01,Jayanti Baruna,BALLAST FOR FL-LAMP,79155,20,pcs
1032.SPK/BA.17/BA010102/2026,2026-07-06,Zalecha Baruna,UNTUK PIPA 2INCH ATAU DN50,SOUNDING CAP TST,15,pcs
1032.SPK/BA.17/BA010102/2026,2026-07-06,Zalecha Baruna,SOUNDING CAP WTB,,15,pcs
1048.SPK/BA.7/BA010102/2026,2026-07-07,Zalecha Baruna,SERVICE ENGINEER 2,,2,lot
1048.SPK/BA.7/BA010102/2026,2026-07-07,Zalecha Baruna,TRANSPORTASI DAN AKOMODASI,,1,lot
1042.SPK/BA.17/BA010102/2026,2026-07-07,Meutia Baruna,TALI PP MULTIFILAMENT,CIR 10,6,roll
1055.SPK/BA.202/BA010102/2026,2026-07-08,Meutia Baruna,Buku Tulis Hard Cover Folio 100 Lbr,,20,Pcs
1055.SPK/BA.202/BA010102/2026,2026-07-08,Meutia Baruna,Buku Tulis Hard Cover Kwarto 100 Lbr,,20,Pcs
1055.SPK/BA.202/BA010102/2026,2026-07-08,Meutia Baruna,Ballpoint Standard AE 7 0.5 mm (Hitam),,20,Pack
1055.SPK/BA.202/BA010102/2026,2026-07-08,Meutia Baruna,Ballpoint Standard AE 7 0.5 mm (Biru),,10,Pack
1055.SPK/BA.202/BA010102/2026,2026-07-08,Meutia Baruna,Pisau Cutter Kenko L-500 Besar,,20,Pcs
1055.SPK/BA.202/BA010102/2026,2026-07-08,Meutia Baruna,Isi Pisau Cutter Kenko L-500 Besar,,10,Box
1055.SPK/BA.202/BA010102/2026,2026-07-08,Meutia Baruna,"Label Tape TZE-211 (6 mm) For P-Touch D610BT, Brother",,10,Pcs
1055.SPK/BA.202/BA010102/2026,2026-07-08,Meutia Baruna,"Label Tape TZE-231 (12 mm) For P-Touch D610BT, Brother",,10,Pcs
1055.SPK/BA.202/BA010102/2026,2026-07-08,Meutia Baruna,"Label Tape TZE-241 (18 mm) For P-Touch D610Bt, Brother",,10,Pcs
1055.SPK/BA.202/BA010102/2026,2026-07-08,Meutia Baruna,Kertas HVS Paper One A4 75 GSM,,25,Rim
1055.SPK/BA.202/BA010102/2026,2026-07-08,Meutia Baruna,Ribbon Cartridge For Printer Epson LQ310,,10,Pcs
1055.SPK/BA.202/BA010102/2026,2026-07-08,Meutia Baruna,Battery ABC 1.5V Uk. AAA,,50,Pcs
1055.SPK/BA.202/BA010102/2026,2026-07-08,Meutia Baruna,Battery ABC Uk. AA,,50,Pcs
1055.SPK/BA.202/BA010102/2026,2026-07-08,Meutia Baruna,Correction Fluid Joyko CF-S209,,20,Pcs
1055.SPK/BA.202/BA010102/2026,2026-07-08,Meutia Baruna,Correction Tape Joyko CT-522 (Tape Roll),,20,Pcs
1055.SPK/BA.202/BA010102/2026,2026-07-08,Meutia Baruna,Amplop Coklat Tali Folio 310,,10,Pack
1055.SPK/BA.202/BA010102/2026,2026-07-08,Meutia Baruna,Amplop Coklat Kabinet ( Uk. 10x24 cm),,10,Pack
1055.SPK/BA.202/BA010102/2026,2026-07-08,Meutia Baruna,Amplop Putih Paperline 104 PPS,,10,Pack
1055.SPK/BA.202/BA010102/2026,2026-07-08,Meutia Baruna,Lakban Bening Lebar 45 mm,,50,Roll
1055.SPK/BA.202/BA010102/2026,2026-07-08,Meutia Baruna,Lakban Coklat Lebar 45 mm,,50,Roll
1055.SPK/BA.202/BA010102/2026,2026-07-08,Meutia Baruna,Tinta Stempel Flash 10 ml (Biru),,10,Botol
1055.SPK/BA.202/BA010102/2026,2026-07-08,Meutia Baruna,Tinta Stempel Flash 10 ml (Ungu),,10,Botol
1055.SPK/BA.202/BA010102/2026,2026-07-08,Meutia Baruna,Spidol Whiteboard Marker Hitam Joyko WM-65,,10,Pack
1055.SPK/BA.202/BA010102/2026,2026-07-08,Meutia Baruna,Spidol Putih Permanen Paint Marker Joyko PTM-37,,10,Pack
1055.SPK/BA.202/BA010102/2026,2026-07-08,Meutia Baruna,Sheet Protector Folio A4 Bening,,10,Pack
1057.SPK/BA.202/BA010102/2026,2026-07-08,Srikandi Baruna 2201,FO Racor filter,2040 MP,60,Pcs
1057.SPK/BA.202/BA010102/2026,2026-07-08,Srikandi Baruna 2201,Rellay schneider 24 V DC,,15,pcs
1057.SPK/BA.202/BA010102/2026,2026-07-08,Srikandi Baruna 2201,Rellay schneider 230 V AC 50/60 HZ,,15,pcs
1057.SPK/BA.202/BA010102/2026,2026-07-08,Srikandi Baruna 2201,AVR TAIYO DST-100-2FA4,,4,pcs
1057.SPK/BA.202/BA010102/2026,2026-07-08,Srikandi Baruna 2201,Lampu sorot LED PHILIPS 300 watt (putih),BVP151,4,pcs
1057.SPK/BA.202/BA010102/2026,2026-07-08,Srikandi Baruna 2201,Down light PHILIPS 24 watt,,20,pcs
1057.SPK/BA.202/BA010102/2026,2026-07-08,Srikandi Baruna 2201,Selenoid valve PALMARINE 24V DC PEH 400 2-1P,,1,pcs
1057.SPK/BA.202/BA010102/2026,2026-07-08,Srikandi Baruna 2201,PHILIPS ballast TL EB-CI 1-4 18 watt,,10,pcs
1057.SPK/BA.202/BA010102/2026,2026-07-08,Srikandi Baruna 2201,Push button switch mushroom (22MM AVW411 NO/NC),,4,pcs
1057.SPK/BA.202/BA010102/2026,2026-07-08,Srikandi Baruna 2201,Philips master HPI-T plus,400W/645 E40,4,pcs
1057.SPK/BA.202/BA010102/2026,2026-07-08,Srikandi Baruna 2201,"Waterproof switch K-2MR 250V 10A (SWITCH ROTARY SMALL WATERTIGHT, TYPE 2MR SYNTHETIC RESIN)",IMPA 793017,4,pcs
1057.SPK/BA.202/BA010102/2026,2026-07-08,Srikandi Baruna 2201,Elbow B/S 2.5 inch,,8,pcs
1057.SPK/BA.202/BA010102/2026,2026-07-08,Srikandi Baruna 2201,"Selang Karet/Hose Radiator Bentuk L 1,5 Inch Selang Air Udara Hawa L",,6,pcs
1057.SPK/BA.202/BA010102/2026,2026-07-08,Srikandi Baruna 2201,Selang Karet/Hose Radiator Bentuk L 2 Inch Selang Air Udara Hawa L,,6,pcs
1057.SPK/BA.202/BA010102/2026,2026-07-08,Srikandi Baruna 2201,Selang Karet/Hose Radiator Bentuk L 2.5 Inch Selang Air Udara Hawa L,,6,pcs
1057.SPK/BA.202/BA010102/2026,2026-07-08,Srikandi Baruna 2201,ALDO Selang Kawat 3/4 inch 1roll (50 m),,1,Pcs
1057.SPK/BA.202/BA010102/2026,2026-07-08,Srikandi Baruna 2201,Meteran Minyak Oil Depth Meter SIZE 15 m (SOUNDING TAPE - 10 M seapro),,1,pcs
1057.SPK/BA.202/BA010102/2026,2026-07-08,Srikandi Baruna 2201,Dextone Red Silicone SRK 30g,,10,pcs
1057.SPK/BA.202/BA010102/2026,2026-07-08,Srikandi Baruna 2201,LEM THREEBOND HI TEMP 1DUS isi 20PCS LEM THREEBOND HI TEMP 30Gram,,10,pcs
1057.SPK/BA.202/BA010102/2026,2026-07-08,Srikandi Baruna 2201,paket manifold single + slang analiser + konektor r32,,1,set
1057.SPK/BA.202/BA010102/2026,2026-07-08,Srikandi Baruna 2201,Ball valve 1/2,,10,pcs
1057.SPK/BA.202/BA010102/2026,2026-07-08,Srikandi Baruna 2201,Kran air 1 1/2 (Material : SS),,10,pcs
1057.SPK/BA.202/BA010102/2026,2026-07-08,Srikandi Baruna 2201,Plong Kulit/Packing Set /Hollow Punch Set 1/8(3mm) - 3/4(19mm) 12 pc merek Carrson or Equivalen,,1,set
1057.SPK/BA.202/BA010102/2026,2026-07-08,Srikandi Baruna 2201,Sanwa Multimeter Digital CD800A,,1,pcs
1057.SPK/BA.202/BA010102/2026,2026-07-08,Srikandi Baruna 2201,BOR TEMBOK SET RYU RID 13-1 REB RID13 BOR BETON/ BOR SET 13 MM SET 27 PC (RID13 -1REB),,1,pcs
1057.SPK/BA.202/BA010102/2026,2026-07-08,Srikandi Baruna 2201,RYU RPW 100 JET CLEANER CUCI MOBIL MOTOR AC STEAM PRESSURE WASHER CLEANER (INCLUDE HOSE) (RPW100-400watt),,1,pcs
1056.SPK/BA.202/BA010102/2026,2026-07-07,Srikandi Baruna 2201,"FILTER, LUB.OIL",148620-35450,24,Pcs
1056.SPK/BA.202/BA010102/2026,2026-07-07,Srikandi Baruna 2201,FO lement strainer,JOE-88004-1,20,Pcs
1056.SPK/BA.202/BA010102/2026,2026-07-07,Srikandi Baruna 2201,Mcb LS 1 phase BKN C16,,10,set
1056.SPK/BA.202/BA010102/2026,2026-07-07,Srikandi Baruna 2201,Mcb LS 2 phase 400V BKN C16,,4,pcs
1056.SPK/BA.202/BA010102/2026,2026-07-07,Srikandi Baruna 2201,Mcb LS 3 phase 400V BKN C32,,4,pcs
1056.SPK/BA.202/BA010102/2026,2026-07-07,Srikandi Baruna 2201,Joy stick controler PALMARINE JC-01,,2,pcs
1056.SPK/BA.202/BA010102/2026,2026-07-07,Srikandi Baruna 2201,Toggle switch 15A-250V AC ( 4 pin ),,10,pcs
1056.SPK/BA.202/BA010102/2026,2026-07-07,Srikandi Baruna 2201,Pitting lampu TL marine base (G13 IMPA 791533),,20,pcs
1056.SPK/BA.202/BA010102/2026,2026-07-07,Srikandi Baruna 2201,Starter lampu TL-D S10-P (PHILIPS STARTER S10-P / STATER LAMPU TL-D NEON PERFORMANCE S-10 4-65 WATT),,20,pcs
1056.SPK/BA.202/BA010102/2026,2026-07-07,Srikandi Baruna 2201,Plat Bordes Besi 5mm / Checkered Plate 5 mm x 1200 x 2400,,2,sheet
1056.SPK/BA.202/BA010102/2026,2026-07-07,Srikandi Baruna 2201,Elbow B/S Galvanis 2.5 inch ( 45 ),,6,pcs
1056.SPK/BA.202/BA010102/2026,2026-07-07,Srikandi Baruna 2201,Fuel oil hose SAE J30 R6 1/4,WP 300 psi,10,meter
1056.SPK/BA.202/BA010102/2026,2026-07-07,Srikandi Baruna 2201,Fuel oil hose SAE J30 R6 5/16,WP 300 psi,10,meter
1056.SPK/BA.202/BA010102/2026,2026-07-07,Srikandi Baruna 2201,Kolor Kut Gasoline Gauging Paste ASLI ORIGINAL MADE IN USA ORI,,5,pcs
1056.SPK/BA.202/BA010102/2026,2026-07-07,Srikandi Baruna 2201,RISBOW Kepala Aki Kuningan Tipe Jepang Kw21-495,,12,set
1056.SPK/BA.202/BA010102/2026,2026-07-07,Srikandi Baruna 2201,Mur+baut+ring M5 panjang 5 cm (Galvanis),,50,set
1056.SPK/BA.202/BA010102/2026,2026-07-07,Srikandi Baruna 2201,Mur+baut+ring M6 panjang 5 cm (Galvanis),,50,set
1056.SPK/BA.202/BA010102/2026,2026-07-07,Srikandi Baruna 2201,Mur+baut+ring M8 panjang 10 cm (Galvanis),,50,set
1056.SPK/BA.202/BA010102/2026,2026-07-07,Srikandi Baruna 2201,Mur+baut+ring M10 panjang 10 cm (Galvanis),,50,set
1056.SPK/BA.202/BA010102/2026,2026-07-07,Srikandi Baruna 2201,REXCO 18 CONTACT CLEANER 500ml Rexco 18 500 ml,,20,pcs
1056.SPK/BA.202/BA010102/2026,2026-07-07,Srikandi Baruna 2201,Packing karet 1 mm,,5,meter
1056.SPK/BA.202/BA010102/2026,2026-07-07,Srikandi Baruna 2201,Packing karet 3 mm,,5,meter
1056.SPK/BA.202/BA010102/2026,2026-07-07,Srikandi Baruna 2201,Packing karet 5 mm,,10,meter
1056.SPK/BA.202/BA010102/2026,2026-07-07,Srikandi Baruna 2201,"Paking TBA 0,5 mm",,5,meter
1056.SPK/BA.202/BA010102/2026,2026-07-07,Srikandi Baruna 2201,Packing TBA 2 mm,,5,meter
1056.SPK/BA.202/BA010102/2026,2026-07-07,Srikandi Baruna 2201,Packing TBA 3 mm,,5,meter
1056.SPK/BA.202/BA010102/2026,2026-07-07,Srikandi Baruna 2201,Packing klingerit 3 mm,,5,meter
1056.SPK/BA.202/BA010102/2026,2026-07-07,Srikandi Baruna 2201,Sealtape Onda1/2 Inch 10 meter Seal Tape,,10,pcs
1056.SPK/BA.202/BA010102/2026,2026-07-07,Srikandi Baruna 2201,Carbon Remover Coolercare Kaeser Compressor Cleaner Chemical,,1,Jreken
1056.SPK/BA.202/BA010102/2026,2026-07-07,Srikandi Baruna 2201,Refrigerant R32 - 9.5 KG,,2,Pcs
1056.SPK/BA.202/BA010102/2026,2026-07-07,Srikandi Baruna 2201,Non Brand O-Ring Set Viton KBOSSV75 Black,,1,set
1056.SPK/BA.202/BA010102/2026,2026-07-07,Srikandi Baruna 2201,Gate valve 5K 80 (Cast Iron) (Flange to flange = 200 mm),,1,pcs
1056.SPK/BA.202/BA010102/2026,2026-07-07,Srikandi Baruna 2201,WD-40 412 ml,,10,pcs
1056.SPK/BA.202/BA010102/2026,2026-07-07,Srikandi Baruna 2201,Kain Asbes 3 mm Tahan Panas/ Asbestos Cloth,,10,meter
1056.SPK/BA.202/BA010102/2026,2026-07-07,Srikandi Baruna 2201,Fire blanket HT800,,20,meter
1056.SPK/BA.202/BA010102/2026,2026-07-07,Srikandi Baruna 2201,Kabel Handle Gas Kapal 25 Meter/ Kabel Remote Kapal / Cable Remote or Equivalen,,2,pcs
1056.SPK/BA.202/BA010102/2026,2026-07-07,Srikandi Baruna 2201,Presure gauge 25 inHg-15 psi (Without oil Filled),,4,pcs
1056.SPK/BA.202/BA010102/2026,2026-07-07,Srikandi Baruna 2201,Water pump PS 8000 2 L,,1,pcs
1056.SPK/BA.202/BA010102/2026,2026-07-07,Srikandi Baruna 2201,HELL AIR RADIATOR COOLANT/COOLEN LONGLIFE PLUS GREEN/HIJAU (4L/4 L),,12,Jreken
1056.SPK/BA.202/BA010102/2026,2026-07-07,Srikandi Baruna 2201,TEKIRO Impact Driver Set (Obeng Ketok) SD-IM0921 (11pcs),,1,set
1056.SPK/BA.202/BA010102/2026,2026-07-07,Srikandi Baruna 2201,TEKIRO KUNCI RING PUKUL 46 MM,,2,pcs
1056.SPK/BA.202/BA010102/2026,2026-07-07,Srikandi Baruna 2201,Tekiro EX0926 screw extractor set 6 pcs tap balik set 6 pcs,,2,set
1056.SPK/BA.202/BA010102/2026,2026-07-07,Srikandi Baruna 2201,TEKIRO Hex Key Ball Point Short Arm Set (Kunci L) HK-BP1203 1.5-10mm set (9pcs),,1,set
1056.SPK/BA.202/BA010102/2026,2026-07-07,Srikandi Baruna 2201,"TEKIRO FEELER GAUGE 13 BLADES 0,2026-05-01 00:00:00,00 mm SETEL KLEP FULLER AU-FG1292 PULER GAUGE ALAT UKUR CELAH",,1,set
1056.SPK/BA.202/BA010102/2026,2026-07-07,Srikandi Baruna 2201,Tang Ampere Digital Tekiro MS-DC1905 - Digital Clamp Meter Tekiro,,1,pcs
1056.SPK/BA.202/BA010102/2026,2026-07-07,Srikandi Baruna 2201,TEKIRO kunci ring BULAN 10 - 22 mm,,1,set
1056.SPK/BA.202/BA010102/2026,2026-07-07,Srikandi Baruna 2201,Kunci L bintang set TEKIRO 9pcs berlubang,,1,set
1056.SPK/BA.202/BA010102/2026,2026-07-07,Srikandi Baruna 2201,TEKIRO Kunci 8-32 mm Kunci Ring Pas Combination Wrench,,1,set
1056.SPK/BA.202/BA010102/2026,2026-07-07,Srikandi Baruna 2201,Kunci Inggris Chrome 12 inch 300 mm / Adjustable Wrench 12 Tekiro,,1,pcs
1056.SPK/BA.202/BA010102/2026,2026-07-07,Srikandi Baruna 2201,TEKIRO KUNCI INGGRIS 8 200MM - ADJUSTABLE WRENCH 8 INCHI 200 MM - KONCI INCIGRIS 8 IN,,1,pcs
1056.SPK/BA.202/BA010102/2026,2026-07-07,Srikandi Baruna 2201,SANFIX WT380 Infrared Thermogun WT 380 Thermometer Laser,WT550C,1,pcs
1056.SPK/BA.202/BA010102/2026,2026-07-07,Srikandi Baruna 2201,Mata Bor Nachi Set 25 Pcs Uk 1 mm s/d 13 mm,,1,set
1056.SPK/BA.202/BA010102/2026,2026-07-07,Srikandi Baruna 2201,Mesin Bor Ryu Bench Drill 13mm RBD13,RDB 13,1,pcs
1047.SPK/BA.17/BA010102/2026,2026-07-09,Srikandi Baruna 2402,TALI PP MONOFILAMENT CIR 10,,1,roll
1047.SPK/BA.17/BA010102/2026,2026-07-09,Srikandi Baruna 2402,TALI PP MONOFILAMENT CIR 8,,1,roll
1044.SPK/BA.302/BA010102/2026,2026-07-07,Malahayati Baruna,FLEXIBLE EXHAUST MANIFOLD,,12,pcs
1029.SPK/BA.17/BA010102/2026,2026-07-03,Adhiguna Tarahan,TALI PP MULTIFILAMENT,CIR 10,3,roll
1046.SPK/BA.302/BA010102/2026,2026-07-07,Sartika Baruna,INTERMEDIATE SERVICE KIT,546669-10,4,set
1046.SPK/BA.302/BA010102/2026,2026-07-07,Sartika Baruna,MAJOR SERVICE KIT 60HZ,546670-08,4,set
1049.SPK/BA.202/BA010102/2026,2026-07-07,Adhiguna Tarahan,RUBBER REPAIR STRIP CONVEYOR,,2,roll
1049.SPK/BA.202/BA010102/2026,2026-07-07,Adhiguna Tarahan,LEM DINGIN,,10,pcs
1049.SPK/BA.202/BA010102/2026,2026-07-07,Adhiguna Tarahan,HARDENER LEM,,10,pcs
1049.SPK/BA.202/BA010102/2026,2026-07-07,Adhiguna Tarahan,SOLVENT LEM,,5,pcs
1058.SPK/BA.17/BA010102/2026,2026-07-13,Intan Baruna,LAMP LED PHILIPS,,50,pcs
1058.SPK/BA.17/BA010102/2026,2026-07-13,Intan Baruna,MERCURY LAMP,,5,pcs
1058.SPK/BA.17/BA010102/2026,2026-07-13,Intan Baruna,STARTER FOR FLUORESCENT LAMP,,60,pcs
1058.SPK/BA.17/BA010102/2026,2026-07-13,Intan Baruna,BATTERY ACCU GMDSS,,12,pcs
1058.SPK/BA.17/BA010102/2026,2026-07-13,Intan Baruna,NAVIGATION LAMP SCREW,,30,pcs
1058.SPK/BA.17/BA010102/2026,2026-07-13,Intan Baruna,DISKON,,1,lot
1028.SPK/BA.17/BA010102/2026,2026-07-03,Sartika Baruna,TALI PP MULTIFILAMENT,CIR 10,4,roll
1027.SPK/BA.17/BA010102/2026,2026-07-03,Kencana Baruna,TALI PP MULTIFILAMENT,CIR 10,4,roll
1067.SPK/BA.202/BA010102/2026,2026-07-13,Arimbi Baruna,Pipe 1.1/2 Inc Galvanis,,10,Btg
1067.SPK/BA.202/BA010102/2026,2026-07-13,Arimbi Baruna,Elbow 1. 1/2 Inc,,25,Pcs
1067.SPK/BA.202/BA010102/2026,2026-07-13,Arimbi Baruna,Elbow 1 Inc,,25,Pcs
1067.SPK/BA.202/BA010102/2026,2026-07-13,Arimbi Baruna,U Bolt 1/2 Inc,,100,Pcs
1067.SPK/BA.202/BA010102/2026,2026-07-13,Arimbi Baruna,U Bolt 1 Inc,,100,Pcs
1067.SPK/BA.202/BA010102/2026,2026-07-13,Arimbi Baruna,U Bolt 1. 1/2 Inc,,100,Pcs
1067.SPK/BA.202/BA010102/2026,2026-07-13,Arimbi Baruna,U Bolt 2 Inc,,100,Pcs
1067.SPK/BA.202/BA010102/2026,2026-07-13,Arimbi Baruna,U Bolt 2.1/2 Inc,,100,Pcs
1067.SPK/BA.202/BA010102/2026,2026-07-13,Arimbi Baruna,Mini Roll 100 Mm,,20,Lsn
1067.SPK/BA.202/BA010102/2026,2026-07-13,Arimbi Baruna,Sarung Tangan,,50,Lsn
1067.SPK/BA.202/BA010102/2026,2026-07-13,Arimbi Baruna,Kuku Macan / Wire Clip,23 08 83,25,Pcs
1067.SPK/BA.202/BA010102/2026,2026-07-13,Arimbi Baruna,Smart Tv 40 Inc,,2,Pcs
1067.SPK/BA.202/BA010102/2026,2026-07-13,Arimbi Baruna,Kulkas Mini 1 Pintu,,2,Pcs
1067.SPK/BA.202/BA010102/2026,2026-07-13,Arimbi Baruna,Kulkas 2 Pintu Sharp Sj-14M,,1,Pcs
1067.SPK/BA.202/BA010102/2026,2026-07-13,Arimbi Baruna,Battery Panasonic (Cr2032),,10,Pcs
1067.SPK/BA.202/BA010102/2026,2026-07-13,Arimbi Baruna,Buku Tulis Gelatik A5/100 L,,10,Pcs
1067.SPK/BA.202/BA010102/2026,2026-07-13,Arimbi Baruna,Calculator Citizen Ct-8614,,2,Pcs
1067.SPK/BA.202/BA010102/2026,2026-07-13,Arimbi Baruna,Lakban Hitam 48Mm,,15,Pcs
1067.SPK/BA.202/BA010102/2026,2026-07-13,Arimbi Baruna,Lakban Hitam 24Mm,,15,Pcs
1067.SPK/BA.202/BA010102/2026,2026-07-13,Arimbi Baruna,Plastic Laminating A4,,3,Pack
1067.SPK/BA.202/BA010102/2026,2026-07-13,Arimbi Baruna,Stabilo Boss Original,,5,Pcs
1067.SPK/BA.202/BA010102/2026,2026-07-13,Arimbi Baruna,Refill Spidol Hitam,,2,Pcs
1067.SPK/BA.202/BA010102/2026,2026-07-13,Arimbi Baruna,Refill Spidol Biru,,2,Pcs
1067.SPK/BA.202/BA010102/2026,2026-07-13,Arimbi Baruna,Strapless No.10,,5,Pcs
1067.SPK/BA.202/BA010102/2026,2026-07-13,Arimbi Baruna,Straples No.3-1M,,5,Pcs
1067.SPK/BA.202/BA010102/2026,2026-07-13,Arimbi Baruna,Tinta Printer Epson 664,,10,Pcs
1067.SPK/BA.202/BA010102/2026,2026-07-13,Arimbi Baruna,Tinta Printer Epson 003,,10,Pcs
1067.SPK/BA.202/BA010102/2026,2026-07-13,Arimbi Baruna,Sticky Notes 3M,Ukuran : 76X76 (5 Warna),7,Pcs
1067.SPK/BA.202/BA010102/2026,2026-07-13,Arimbi Baruna,Correction Tape / Tipe Ex,,10,Pcs
1067.SPK/BA.202/BA010102/2026,2026-07-13,Arimbi Baruna,Joyko Index & Memo,Ukuran : 4.4Cm X 1.2Cm,7,Pcs
1066.SPK/BA.202/BA010102/2026,2026-07-13,Arimbi Baruna,U Bolt Pipa Hydrant 4 Inc,,20,Btg
1066.SPK/BA.202/BA010102/2026,2026-07-13,Arimbi Baruna,U Bolt Pipa Hydrant 5 Inc,,50,Btg
1066.SPK/BA.202/BA010102/2026,2026-07-13,Arimbi Baruna,U Bolt Pipa Kabel 8 Inc,,50,Btg
1066.SPK/BA.202/BA010102/2026,2026-07-13,Arimbi Baruna,Plat Siku 5 X 5,,10,Pcs
1066.SPK/BA.202/BA010102/2026,2026-07-13,Arimbi Baruna,Plat Siku 8 X 8,,10,Pcs
1066.SPK/BA.202/BA010102/2026,2026-07-13,Arimbi Baruna,Stainless Steel Wire Diam 1.8 Mm,,2,Roll
1066.SPK/BA.202/BA010102/2026,2026-07-13,Arimbi Baruna,Wire Rope Thimble,23 36 81,25,Pcs
1066.SPK/BA.202/BA010102/2026,2026-07-13,Arimbi Baruna,Grease Kuning 20 L,,4,Pcs
1066.SPK/BA.202/BA010102/2026,2026-07-13,Arimbi Baruna,Tali Uk 1.1/2 Inc 200 M Plastik,,200,Mtr
1066.SPK/BA.202/BA010102/2026,2026-07-13,Arimbi Baruna,Majun Jait,,200,Kg
1066.SPK/BA.202/BA010102/2026,2026-07-13,Arimbi Baruna,Selang Uk 1.1/2 Inc,,4,Roll
1066.SPK/BA.202/BA010102/2026,2026-07-13,Arimbi Baruna,Selang Uk 3/4 Inc,,2,Roll
1066.SPK/BA.202/BA010102/2026,2026-07-13,Arimbi Baruna,Wd 40 412 Ml,,20,Pcs
1066.SPK/BA.202/BA010102/2026,2026-07-13,Arimbi Baruna,Mesin Cuci Otomatis Kapasitas 12 Kg,,3,Pcs
1066.SPK/BA.202/BA010102/2026,2026-07-13,Arimbi Baruna,Dispenser Arashi Multifunction / Dispenser Amd 02 Bc,,4,Pcs
1066.SPK/BA.202/BA010102/2026,2026-07-13,Arimbi Baruna,Kulkas 2 Pintu Sharp Sj-420G,,1,Pcs
1066.SPK/BA.202/BA010102/2026,2026-07-13,Arimbi Baruna,Battery Alkalin AAA,( 1 Box Isi 12 Card ),2,Box
1066.SPK/BA.202/BA010102/2026,2026-07-13,Arimbi Baruna,Battery Alkalin AA,( 1 Box Isi 12 Card ),2,Box
1066.SPK/BA.202/BA010102/2026,2026-07-13,Arimbi Baruna,Battery Alkalin D 1.5 (Besar),,10,Pack
1066.SPK/BA.202/BA010102/2026,2026-07-13,Arimbi Baruna,Plastic Laminating F4,,5,Pack
1066.SPK/BA.202/BA010102/2026,2026-07-13,Arimbi Baruna,Pullpen Pilot Balliner 0.8,Pulpen (Zebra) Untuk Tanda Tangan,1,Pack
1066.SPK/BA.202/BA010102/2026,2026-07-13,Arimbi Baruna,Pullpen Pilot Balliner 0.8,Pulpen (Zebra) Untuk Tanda Tangan,1,Pack
1066.SPK/BA.202/BA010102/2026,2026-07-13,Arimbi Baruna,Spidol Snowman (Besar),Water-Based Marker,1,Pack
1066.SPK/BA.202/BA010102/2026,2026-07-13,Arimbi Baruna,Lampu(Senter) Led Portable,"10000Mah/3000Lm, 500W",2,Pcs
1102.SPK/BA.7/BA010102/2026,2026-07-13,Jayanti Baruna,JASA INSPEKSI CAMSHAFT AE 1,,1,lot
1114.SPK/BA.202/BA010102/2026,2026-07-13,Walidah Baruna,JOTAMASTIC SMART PACK HB RED,,200,liter
1114.SPK/BA.202/BA010102/2026,2026-07-13,Walidah Baruna,PILOT II BLACK,,25,liter
1114.SPK/BA.202/BA010102/2026,2026-07-13,Walidah Baruna,PILOT II STBD 138 BLUE,,25,liter
1114.SPK/BA.202/BA010102/2026,2026-07-13,Walidah Baruna,PILOT II STBD 436 ORANGE,,50,liter
1114.SPK/BA.202/BA010102/2026,2026-07-13,Walidah Baruna,PILOT II BLACK SIGNAL RED STD 256,,100,liter
1114.SPK/BA.202/BA010102/2026,2026-07-13,Walidah Baruna,PILOT II BLACK CREAM STD 002,,300,liter
1093.SPK/BA.17/BA010102/2026,2026-07-13,Walidah Baruna,"AC 1,5 PK",AQUA,2,pcs
1093.SPK/BA.17/BA010102/2026,2026-07-13,Walidah Baruna,DISPENSER GALON,ARASHI,6,pcs
1093.SPK/BA.17/BA010102/2026,2026-07-13,Walidah Baruna,STEP UP/DOWN 110,DAICHI,10,pcs
1093.SPK/BA.17/BA010102/2026,2026-07-13,Walidah Baruna,TV 55 INC,HISENSE,1,pcs
1093.SPK/BA.17/BA010102/2026,2026-07-13,Walidah Baruna,TV SPEAKER,JBL,1,pcs
1093.SPK/BA.17/BA010102/2026,2026-07-13,Walidah Baruna,ICE CUBE MAKER,,1,pcs
1070.SPK/BA.302/BA010102/2026,2026-07-13,Latifah Baruna,OIL NOZZLE NO 1,612225,3,pcs
1070.SPK/BA.302/BA010102/2026,2026-07-13,Latifah Baruna,OIL NOZZLE NO 2,612233,3,pcs
1070.SPK/BA.302/BA010102/2026,2026-07-13,Latifah Baruna,FUEL PUMP ASSY,601050,1,pcs
1070.SPK/BA.302/BA010102/2026,2026-07-13,Latifah Baruna,FLAME FEELER,1119741201/2,4,pcs
1070.SPK/BA.302/BA010102/2026,2026-07-13,Latifah Baruna,FLAME SAFEGUARD,600118,2,pcs
1107.SPK/BA.202/BA010102/2026,2026-07-13,Walidah Baruna,"FRENCH KNIFE STEEL BLADE, 250MM RED PLASTIC HANDLE",172290,1,PCS
1107.SPK/BA.202/BA010102/2026,2026-07-13,Walidah Baruna,"FRENCH KNIFE STEEL BLADE, 250MM BLUE PLASTIC HANDLE",172298,1,PCS
1107.SPK/BA.202/BA010102/2026,2026-07-13,Walidah Baruna,"FRENCH KNIFE STEEL BLADE, 250MM YELLOW PLASTIC HANDLE",172308,1,PCS
1107.SPK/BA.202/BA010102/2026,2026-07-13,Walidah Baruna,"FRENCH KNIFE STEEL BLADE, 250MM BROWN PLASTIC HANDLE",172309,1,PCS
1107.SPK/BA.202/BA010102/2026,2026-07-13,Walidah Baruna,"FRENCH KNIFE STEEL BLADE, 250MM GREEN PLASTIC HANDLE",172310,1,PCS
1107.SPK/BA.202/BA010102/2026,2026-07-13,Walidah Baruna,"FRENCH KNIFE STEEL BLADE, 250MM WHITE PLASTIC HANDLE",172320,1,PCS
1107.SPK/BA.202/BA010102/2026,2026-07-13,Walidah Baruna,"CUTTING BOARD PLASTIC COLORED, RED 530X325X20MM",172446,1,PCS
1107.SPK/BA.202/BA010102/2026,2026-07-13,Walidah Baruna,"CUTTING BOARD PLASTIC COLORED, BLUE 530X325X20MM",172447,1,PCS
1107.SPK/BA.202/BA010102/2026,2026-07-13,Walidah Baruna,"CUTTING BOARD PLASTIC COLORED, YELLOW 530X325X20MM",172448,1,PCS
1107.SPK/BA.202/BA010102/2026,2026-07-13,Walidah Baruna,"CUTTING BOARD PLASTIC COLORED, BROWN 530X325X20MM",172449,1,PCS
1107.SPK/BA.202/BA010102/2026,2026-07-13,Walidah Baruna,"CUTTING BOARD PLASTIC COLORED, GREEN 530X325X20MM",172450,1,PCS
1107.SPK/BA.202/BA010102/2026,2026-07-13,Walidah Baruna,SCUPPER PLUG FOR ACCOMODATION DECK MODEL 50N-100,23.24.85,5,PCS
1107.SPK/BA.202/BA010102/2026,2026-07-13,Walidah Baruna,SCUPPER PLUG FOR MAINDECK MODEL 50N-125,23.24.86,10,PCS
1107.SPK/BA.202/BA010102/2026,2026-07-13,Walidah Baruna,TEST KIT WATER MARINE PORTABLE,65.28.25,1,SET
1107.SPK/BA.202/BA010102/2026,2026-07-13,Walidah Baruna,"PILOT LADDER, FULL SET UK 15 M",,2,SET
1052.SPK/BA.202/BA010102/2026,2026-07-08,Srikandi Baruna 2003,Element LO Catridge,37540 - 21100,24,Pcs
1052.SPK/BA.202/BA010102/2026,2026-07-08,Srikandi Baruna 2003,"Cartridge, By - Pass Filter",37540 - 12100,12,Pcs
1052.SPK/BA.202/BA010102/2026,2026-07-08,Srikandi Baruna 2003,"Element Assy, Governor",34A40 - 12130,12,Pcs
1052.SPK/BA.202/BA010102/2026,2026-07-08,Srikandi Baruna 2003,"Element, Fuel Filter",32562 - 70300,24,Pcs
1052.SPK/BA.202/BA010102/2026,2026-07-08,Srikandi Baruna 2003,Impeller,45B53 - 10201,6,Pcs
1052.SPK/BA.202/BA010102/2026,2026-07-08,Srikandi Baruna 2003,"V-Belt,Raw Edge ( Alternator )",37549 - 06520,4,Pcs
1052.SPK/BA.202/BA010102/2026,2026-07-08,Srikandi Baruna 2003,"V - Belt, 48 Inch",25163 - 004801,6,Pcs
1052.SPK/BA.202/BA010102/2026,2026-07-08,Srikandi Baruna 2003,Racord Filter 30 Micron,2010 PM - OR,12,Pcs
1052.SPK/BA.202/BA010102/2026,2026-07-08,Srikandi Baruna 2003,Oil Filter,119005 - 35170,14,Pcs
1052.SPK/BA.202/BA010102/2026,2026-07-08,Srikandi Baruna 2003,Fuel Filter,129907 - 55801,14,Pcs
1052.SPK/BA.202/BA010102/2026,2026-07-08,Srikandi Baruna 2003,Element ( Fuel Filter ) Jimco,JFE 16002,24,Pcs
1052.SPK/BA.202/BA010102/2026,2026-07-08,Srikandi Baruna 2003,Pump Assy S.W Rubber Impeller ( KOSHIN ),MF - 40 S/40 mm,2,Pcs
1052.SPK/BA.202/BA010102/2026,2026-07-08,Srikandi Baruna 2003,"Pump Assy, Fuel Feed",119225 - 52102,4,Pcs
1052.SPK/BA.202/BA010102/2026,2026-07-08,Srikandi Baruna 2003,Rubber Impeller ( PUMP KONSIN ),MF - 40 S,8,Pcs
1052.SPK/BA.202/BA010102/2026,2026-07-08,Srikandi Baruna 2003,Oil Filter,JX 0810B,12,Pcs
1052.SPK/BA.202/BA010102/2026,2026-07-08,Srikandi Baruna 2003,Fuel Filter,CX0708,12,Pcs
1052.SPK/BA.202/BA010102/2026,2026-07-08,Srikandi Baruna 2003,V - Belt,AV 17 x 1215Li,6,Pcs
1112.SPK/BA.302/BA010102/2026,2026-07-13,Srikandi Baruna 2206,LUB OIL FILTER,148633-35400,36,pcs
1094.SPK/BA.17/BA010102/2026,2026-07-13,Latifah Baruna,REFILL OKSIGEN,,7,botol
1094.SPK/BA.17/BA010102/2026,2026-07-13,Latifah Baruna,"REFILL LPG 12,5KG",,1,botol
1094.SPK/BA.17/BA010102/2026,2026-07-13,Latifah Baruna,PERIZINAN,,1,lot
1094.SPK/BA.17/BA010102/2026,2026-07-13,Latifah Baruna,PENDAMPINGAN AGEN,,1,lot
1094.SPK/BA.17/BA010102/2026,2026-07-13,Latifah Baruna,TRANSPORTASI DAN AKOMODASI,,1,lot
1120.SPK/BA.302/BA010102/2026,2026-07-14,Intan Baruna,Shroud With Buffle Plate聽,A524-327-0004-4,2,Pcs
1120.SPK/BA.302/BA010102/2026,2026-07-14,Intan Baruna,Nozzle Tip聽With Cut-Off Valve聽聽,0509-400-0700-0,6,Pcs
1120.SPK/BA.302/BA010102/2026,2026-07-14,Intan Baruna,Nozzle Tip聽With Cut-Off Valve聽,0509-600-0200-0,3,Pcs
1120.SPK/BA.302/BA010102/2026,2026-07-14,Intan Baruna,Complete Of F.O Pump GD (NK),0000-AA6-4429-4,1,Pcs
1120.SPK/BA.302/BA010102/2026,2026-07-14,Intan Baruna,Spark Rod,A524-318-4000-0,3,Pcs
1120.SPK/BA.302/BA010102/2026,2026-07-14,Intan Baruna,Lead Insulator聽,0881-102-000-0,6,Pcs
1120.SPK/BA.302/BA010102/2026,2026-07-14,Intan Baruna,Flame Eye聽,0807-230-0040-0,2,Pcs
1120.SPK/BA.302/BA010102/2026,2026-07-14,Intan Baruna,Insulator Cap,0085-000-0000-0,2,Pcs
1120.SPK/BA.302/BA010102/2026,2026-07-14,Intan Baruna,Selenoid Valve聽,0000-AA7-1510-0,2,Pcs
1120.SPK/BA.302/BA010102/2026,2026-07-14,Intan Baruna,Electrode Holder聽,0840-200-0013-0,2,Pcs
1002.SPK/BA.302/BA010102/2026,2026-07-13,Meutia Baruna,CONCENTRIC VALVE ASSEMBLY (HP),0710-7200-00,1,set
1069.SPK/BA.17/BA010102/2026,2026-07-13,Srikandi Baruna 2402,"AC 0,5 PK",,1,unit
1069.SPK/BA.17/BA010102/2026,2026-07-13,Srikandi Baruna 2402,PIPA AC,,1,pcs
1069.SPK/BA.17/BA010102/2026,2026-07-13,Srikandi Baruna 2402,JASA BONGKAR,,1,lot
1069.SPK/BA.17/BA010102/2026,2026-07-13,Srikandi Baruna 2402,TRANSPORTASI DAN AKOMODASI,,1,lot
1051.SPK/BA.302/BA010102/2026,2026-07-08,Kartini Baruna,PISTON RING RIGHT,332B - 5,4,PCS
1051.SPK/BA.302/BA010102/2026,2026-07-08,Kartini Baruna,PISTON RING OPPOSITE,332B - 6,8,PCS
1051.SPK/BA.302/BA010102/2026,2026-07-08,Kartini Baruna,PISTON RING,332B - 7,4,PCS
1051.SPK/BA.302/BA010102/2026,2026-07-08,Kartini Baruna,COOLING JACKET,341A - 12,2,PCS
1051.SPK/BA.302/BA010102/2026,2026-07-08,Kartini Baruna,SPINDLE GUIDE COMPLETE,344A - A,8,PCS
1051.SPK/BA.302/BA010102/2026,2026-07-08,Kartini Baruna,NON RETURN V/V ASSY,344A - C,8,PCS
1051.SPK/BA.302/BA010102/2026,2026-07-08,Kartini Baruna,FOOT PIECE,344A - 4,10,PCS
1051.SPK/BA.302/BA010102/2026,2026-07-08,Kartini Baruna,THRUST SPINDLE,344A - 5,10,PCS
1110.SPK/BA.17/BA010102/2026,2026-07-13,Malahayati Baruna,KERTAS HVS A4 (MERK SIDU) 70GSM,,100,RIM
1110.SPK/BA.17/BA010102/2026,2026-07-13,Malahayati Baruna,KERTAS HVS A4 (MERK SIDU) 80GSM,,10,RIM
1110.SPK/BA.17/BA010102/2026,2026-07-13,Malahayati Baruna,GUNTING KERTAS SEDANG JOYKO SC-838,,5,PCS
1110.SPK/BA.17/BA010102/2026,2026-07-13,Malahayati Baruna,GUNTING KERTAS BESAR JOYKO SC-848,,5,PCS
1110.SPK/BA.17/BA010102/2026,2026-07-13,Malahayati Baruna,SPIDOL PERMANEN HITAM SNOWMAN,,5,LUSIN
1110.SPK/BA.17/BA010102/2026,2026-07-13,Malahayati Baruna,SPIDOL PERMANEN BIRU SNOWMAN,,5,LUSIN
1110.SPK/BA.17/BA010102/2026,2026-07-13,Malahayati Baruna,SPIDOL PERMANEN MERAH SNOWMAN,,5,LUSIN
1110.SPK/BA.17/BA010102/2026,2026-07-13,Malahayati Baruna,SPIDOL PERMANEN HIJAU SNOWMAN,,5,LUSIN
1110.SPK/BA.17/BA010102/2026,2026-07-13,Malahayati Baruna,SPIDOL WHITE BOARD (MERAH) SNOWMAN,,5,LUSIN
1110.SPK/BA.17/BA010102/2026,2026-07-13,Malahayati Baruna,SPIDOL WHITE BOARD (HITAM) SNOWMAN,,5,LUSIN
1110.SPK/BA.17/BA010102/2026,2026-07-13,Malahayati Baruna,SPIDOL WHITE BOARD (BIRU) SNOWMAN,,5,LUSIN
1110.SPK/BA.17/BA010102/2026,2026-07-13,Malahayati Baruna,SPIDOL WHITE BOARD (HIJAU) SNOWMAN,,5,LUSIN
1110.SPK/BA.17/BA010102/2026,2026-07-13,Malahayati Baruna,PERMANENT MARKER PUTIH SNOWMAN,,10,LUSIN
1110.SPK/BA.17/BA010102/2026,2026-07-13,Malahayati Baruna,SPIDOL KECIL (1 PACK = 12WARNA) SNOWMAN,,10,SET
1110.SPK/BA.17/BA010102/2026,2026-07-13,Malahayati Baruna,HIGHLIGHTER STABILO (MIX COLOUR),,20,PCS
1110.SPK/BA.17/BA010102/2026,2026-07-13,Malahayati Baruna,LAMINATING FILM A4 (ISI 100 PCS PER PACK),,2,PACK
1110.SPK/BA.17/BA010102/2026,2026-07-13,Malahayati Baruna,KENKO L-500 WORKING CUTTER,,20,PCS
1110.SPK/BA.17/BA010102/2026,2026-07-13,Malahayati Baruna,KENKO L-150 REFILL MATA CUTTER,,5,LUSIN
1110.SPK/BA.17/BA010102/2026,2026-07-13,Malahayati Baruna,KENKO A-300 WORKING CUTTER KECIL,,20,PCS
1110.SPK/BA.17/BA010102/2026,2026-07-13,Malahayati Baruna,KENKO A-100 REFILL MATA CUTTER,,10,LUSIN
1110.SPK/BA.17/BA010102/2026,2026-07-13,Malahayati Baruna,"BATERAI AAA (ALKALINE) 1,5V (72 PCS PER BOX)",,10,BOX
1110.SPK/BA.17/BA010102/2026,2026-07-13,Malahayati Baruna,"BATERAI AA (ALKALINE) 1,5V (72 PCS PER BOX)",,10,BOX
1110.SPK/BA.17/BA010102/2026,2026-07-13,Malahayati Baruna,MAGNETIC PIN WHITEBOARD 30MM (MIX COLOUR),,50,PCS
1110.SPK/BA.17/BA010102/2026,2026-07-13,Malahayati Baruna,CORRECTION PEN LIQUID KENKO KE-107,,20,PCS
1110.SPK/BA.17/BA010102/2026,2026-07-13,Malahayati Baruna,CORRECTION TAPE JOYKO CT-522,,20,PCS
1110.SPK/BA.17/BA010102/2026,2026-07-13,Malahayati Baruna,STAPLER JILID MAX HD-12L/17,,1,PCS
1110.SPK/BA.17/BA010102/2026,2026-07-13,Malahayati Baruna,ISI STAPLES NO 1217 FA-H (ISI 1000),,5,PCS
1110.SPK/BA.17/BA010102/2026,2026-07-13,Malahayati Baruna,STAPLER JOYKO HD-50,,2,PCS
1110.SPK/BA.17/BA010102/2026,2026-07-13,Malahayati Baruna,STAPLER JOYKO HD-10,,10,PCS
1110.SPK/BA.17/BA010102/2026,2026-07-13,Malahayati Baruna,ISI STAPLES NO 3-1M (SIZE 24/6) ISI 1000,,60,PCS
1110.SPK/BA.17/BA010102/2026,2026-07-13,Malahayati Baruna,ISI STAPLES NO 10-1M (ISI 1000),,60,PCS
1110.SPK/BA.17/BA010102/2026,2026-07-13,Malahayati Baruna,MAP L-BENING A4,,200,PCS
1110.SPK/BA.17/BA010102/2026,2026-07-13,Malahayati Baruna,SHEET PROTECTOR A4,,200,PCS
1110.SPK/BA.17/BA010102/2026,2026-07-13,Malahayati Baruna,ORDNER BANTEX A4 1450,,30,PCS
1110.SPK/BA.17/BA010102/2026,2026-07-13,Malahayati Baruna,ORDNER BANTEX F4 1465,,30,PCS
1110.SPK/BA.17/BA010102/2026,2026-07-13,Malahayati Baruna,BUKU FOLIO PAPERLINE 200 LEMBAR HARD COVER,,50,PCS
1110.SPK/BA.17/BA010102/2026,2026-07-13,Malahayati Baruna,BUKU KUARTO PAPERLINE 100 LEMBAR HARD COVER,,50,PCS
1110.SPK/BA.17/BA010102/2026,2026-07-13,Malahayati Baruna,NOTE BOOK A6 PAPERLINE 100 LEMBAR HARD COVER,,50,PCS
1110.SPK/BA.17/BA010102/2026,2026-07-13,Malahayati Baruna,SIDU BUKU TULIS CRAFT 60 LEMBAR (16x21CM),,50,PCS
1110.SPK/BA.17/BA010102/2026,2026-07-13,Malahayati Baruna,PENGHAPUS SPIDOL WHITE BOARD,,10,PCS
1110.SPK/BA.17/BA010102/2026,2026-07-13,Malahayati Baruna,PENGGARIS BESI 1 METER,,5,PCS
1110.SPK/BA.17/BA010102/2026,2026-07-13,Malahayati Baruna,PENGGARIS PLASTIK 1 METER,,5,PCS
1110.SPK/BA.17/BA010102/2026,2026-07-13,Malahayati Baruna,TAPE DISPENSER ISOLASI 1/2 INCH JOYKO TD-103,,5,PCS
1110.SPK/BA.17/BA010102/2026,2026-07-13,Malahayati Baruna,DOUBLE TAPE 2 INCH,,20,PCS
1110.SPK/BA.17/BA010102/2026,2026-07-13,Malahayati Baruna,DOUBLE TAPE 1 INCH,,20,PCS
1110.SPK/BA.17/BA010102/2026,2026-07-13,Malahayati Baruna,DOUBLE TAPE 1/2 INCH,,20,PCS
1110.SPK/BA.17/BA010102/2026,2026-07-13,Malahayati Baruna,LAKBAN KERTAS 2 INCH,,50,PCS
1110.SPK/BA.17/BA010102/2026,2026-07-13,Malahayati Baruna,LAKBAN KERTAS 1 INCH,,50,PCS
1110.SPK/BA.17/BA010102/2026,2026-07-13,Malahayati Baruna,LAKBAN PLASTIK BENING 2 INCH,,15,PCS
1110.SPK/BA.17/BA010102/2026,2026-07-13,Malahayati Baruna,LAKBAN PLASTIK BENING 1 INCH,,15,PCS
1110.SPK/BA.17/BA010102/2026,2026-07-13,Malahayati Baruna,LAKBAN PLASTIK BENING 1/2 INCH,,15,PCS
1110.SPK/BA.17/BA010102/2026,2026-07-13,Malahayati Baruna,LAKBAN PLASTIK COKLAT 2 INCH,,15,PCS
1110.SPK/BA.17/BA010102/2026,2026-07-13,Malahayati Baruna,LAKBAN KAIN HITAM 2 INCH,,100,PCS
1110.SPK/BA.17/BA010102/2026,2026-07-13,Malahayati Baruna,LAKBAN KAIN KUNING 2 INCH,,25,PCS
1110.SPK/BA.17/BA010102/2026,2026-07-13,Malahayati Baruna,LAKBAN POLICE LINE 2 INCH,,10,PCS
1110.SPK/BA.17/BA010102/2026,2026-07-13,Malahayati Baruna,"KENKO GEL PEN K-1 0,5MM (HITAM)",,25,LUSIN
1110.SPK/BA.17/BA010102/2026,2026-07-13,Malahayati Baruna,"KENKO GEL PEN K-1 0,5MM (BIRU)",,25,LUSIN
1110.SPK/BA.17/BA010102/2026,2026-07-13,Malahayati Baruna,PENSIL 2B STAEDTLER,,15,LUSIN
1110.SPK/BA.17/BA010102/2026,2026-07-13,Malahayati Baruna,STICKY NOTES (1 PACK = 3-6 PAD),,10,PACK
1110.SPK/BA.17/BA010102/2026,2026-07-13,Malahayati Baruna,KERTAS FOTO GLOSSY F4 230 GSM (20 LEMBAR),,5,PACK
1110.SPK/BA.17/BA010102/2026,2026-07-13,Malahayati Baruna,KERTAS FOTO GLOSSY A4 230 GSM (20 LEMBAR),,5,PACK
1110.SPK/BA.17/BA010102/2026,2026-07-13,Malahayati Baruna,PVC BANTEX CLIPBOARD F4 / PAPAN JALAN,,20,PCS
1110.SPK/BA.17/BA010102/2026,2026-07-13,Malahayati Baruna,BINDER CLIP NO 260 (12 PCS),,20,PACK
1110.SPK/BA.17/BA010102/2026,2026-07-13,Malahayati Baruna,BINDER CLIP NO 155 (12 PCS),,20,PACK
1110.SPK/BA.17/BA010102/2026,2026-07-13,Malahayati Baruna,BINDER CLIP NO 111 (12 PCS),,20,PACK
1110.SPK/BA.17/BA010102/2026,2026-07-13,Malahayati Baruna,LEM AICA AIBON 601 (700 GRAM),,50,PCS
1110.SPK/BA.17/BA010102/2026,2026-07-13,Malahayati Baruna,LEM KERTAS STICK (15GRAM),,24,PCS
1110.SPK/BA.17/BA010102/2026,2026-07-13,Malahayati Baruna,LEM G / KOREA,,60,PCS
1110.SPK/BA.17/BA010102/2026,2026-07-13,Malahayati Baruna,"TINTA PRINTER SET (C,M,Y,BK) EPSON SERI 003",,20,SET
1110.SPK/BA.17/BA010102/2026,2026-07-13,Malahayati Baruna,PYLOX KUNING,,10,BOTOL
1110.SPK/BA.17/BA010102/2026,2026-07-13,Malahayati Baruna,PYLOX MERAH,,10,BOTOL
1110.SPK/BA.17/BA010102/2026,2026-07-13,Malahayati Baruna,PYLOX BIRU,,10,BOTOL
1110.SPK/BA.17/BA010102/2026,2026-07-13,Malahayati Baruna,PYLOX HITAM,,10,BOTOL
1110.SPK/BA.17/BA010102/2026,2026-07-13,Malahayati Baruna,PYLOX PUTIH,,10,BOTOL
1110.SPK/BA.17/BA010102/2026,2026-07-13,Malahayati Baruna,PYLOX ORANGE,,10,BOTOL
1110.SPK/BA.17/BA010102/2026,2026-07-13,Malahayati Baruna,JANGKA JOYKO MS-407,,5,PCS
1110.SPK/BA.17/BA010102/2026,2026-07-13,Malahayati Baruna,"JANGKA WHITE BOARD BESAR (45,4CM)",,5,PCS
1110.SPK/BA.17/BA010102/2026,2026-07-13,Malahayati Baruna,LABEL PRINTER (CASIO KL-820),,1,UNIT
1110.SPK/BA.17/BA010102/2026,2026-07-13,Malahayati Baruna,TAPE CATRIDGE 12MM FOR CASIO KL-820 WHITE,,10,PCS
1110.SPK/BA.17/BA010102/2026,2026-07-13,Malahayati Baruna,AMPLOP COKLAT FOLIO AIRMAIL 310 (TALI),,150,PCS
1110.SPK/BA.17/BA010102/2026,2026-07-13,Malahayati Baruna,AMPLOP COKLAT FOLIO AIRMAIL 310 (TANPA TALI),,50,PCS
1110.SPK/BA.17/BA010102/2026,2026-07-13,Malahayati Baruna,AMPLOP PUTIH PAPERLINE 90PPS (100 PCS),,5,BOX
1110.SPK/BA.17/BA010102/2026,2026-07-13,Malahayati Baruna,AMPLOP PUTIH PAPERLINE 110PPS (100 PCS),,5,BOX
1110.SPK/BA.17/BA010102/2026,2026-07-13,Malahayati Baruna,AMPLOP PUTIH PAPERLINE 104PPS (100 PCS),,5,BOX
1108.SPK/BA.17/BA010102/2026,2026-07-13,Srikandi Baruna 2206,MAJUN PUTIH,,100,KG
1108.SPK/BA.17/BA010102/2026,2026-07-13,Srikandi Baruna 2206,DEXTONE PLASTIC STEEL EPOXY 5-MINUTE (48GRAM),,20,SET
1108.SPK/BA.17/BA010102/2026,2026-07-13,Srikandi Baruna 2206,YUASA WATER ACCU (1LITER),,50,PCS
1108.SPK/BA.17/BA010102/2026,2026-07-13,Srikandi Baruna 2206,YUASA ZUUR WATER ACCU (1LITER),,10,PCS
1108.SPK/BA.17/BA010102/2026,2026-07-13,Srikandi Baruna 2206,SHELL RADIATOR COOLANT (4LITER),,20,PCS
1108.SPK/BA.17/BA010102/2026,2026-07-13,Srikandi Baruna 2206,BEARING 6205ZZ,,12,PCS
1108.SPK/BA.17/BA010102/2026,2026-07-13,Srikandi Baruna 2206,FUEL FILTER CX0708,,12,PCS
1108.SPK/BA.17/BA010102/2026,2026-07-13,Srikandi Baruna 2206,OIL FILTER JX0810B (WB202),,12,PCS
1108.SPK/BA.17/BA010102/2026,2026-07-13,Srikandi Baruna 2206,OIL FILTER SAKURA C5605,,12,PCS
1145.SPK/BA.101/BA010102/2026,2026-07-17,Baruna Power 3301,ANODE BARUNA POWER 3301,,58,pcs
1145.SPK/BA.101/BA010102/2026,2026-07-17,Baruna Power 3301,DISKON,,1,lot
1122.SPK/PR.202/BA010102/2026,2026-07-20,Meutia Baruna,REWENDING ELMOT,,1,lot
1147.SPK/BA.17/BA010102/2026,2026-07-20,Intan Baruna,NUT OD,,16,pcs
1147.SPK/BA.17/BA010102/2026,2026-07-20,Intan Baruna,LOCK NUT OD,,8,pcs
1147.SPK/BA.17/BA010102/2026,2026-07-20,Intan Baruna,RING OD,,8,pcs
1127.SPK/BA.17/BA010102/2026,2026-07-15,Jayanti Baruna,LAMP HOLDER FOR LED,,156,set
1127.SPK/BA.17/BA010102/2026,2026-07-15,Jayanti Baruna,fuse holder,,156,pcs
1127.SPK/BA.17/BA010102/2026,2026-07-15,Jayanti Baruna,CABLE SINGLE,"UK 0,8",1,roll
1127.SPK/BA.17/BA010102/2026,2026-07-15,Jayanti Baruna,CABLE SHOE CONNECT,"UK0,8",200,pcs
1144.SPK/BA.202/BA010102/2026,2026-07-21,Zalecha Baruna,JOTUN PILOT STD 257 GREEN 20 LTR,,50,LTR
1144.SPK/BA.202/BA010102/2026,2026-07-21,Zalecha Baruna,HARDTOP BLACK 20 LTR,,54,LTR
1144.SPK/BA.202/BA010102/2026,2026-07-21,Zalecha Baruna,HARDTOP GREY/PILOT 20 LTR,,54,LTR
1144.SPK/BA.202/BA010102/2026,2026-07-21,Zalecha Baruna,HARDTOP YELLOW 258/PILOT 20 LTR,,50,LTR
1144.SPK/BA.202/BA010102/2026,2026-07-21,Zalecha Baruna,PILOT RED 20 LTR,,50,LTR
1144.SPK/BA.202/BA010102/2026,2026-07-21,Zalecha Baruna,PILOT GREEN 437 50 LTR,,50,LTR
1144.SPK/BA.202/BA010102/2026,2026-07-21,Zalecha Baruna,HARDTOP WHITE 100 LTR,,99,LTR
1144.SPK/BA.202/BA010102/2026,2026-07-21,Zalecha Baruna,PILOT BLUE 20 LTR,,20,LTR
1144.SPK/BA.202/BA010102/2026,2026-07-21,Zalecha Baruna,HARDTOP SMART PACK RAL3000 5L,,54,LTR
1144.SPK/BA.202/BA010102/2026,2026-07-21,Zalecha Baruna,JOTAMASTIC 90 STD049 A 16 L YELLOW,,100,LTR
1144.SPK/BA.202/BA010102/2026,2026-07-21,Zalecha Baruna,HARDTOP SMART PACK STD137 GREEN (3) A 5L,,54,LTR
1144.SPK/BA.202/BA010102/2026,2026-07-21,Zalecha Baruna,HARDTOP SMART PACK WHITE 5L,,54,LTR
1144.SPK/BA.202/BA010102/2026,2026-07-21,Zalecha Baruna,HARDTOP SMART PACK BLACK (3) A 5L,,54,LTR
1144.SPK/BA.202/BA010102/2026,2026-07-21,Zalecha Baruna,HIJAU LANTAI CS-514,,100,LTR
1144.SPK/BA.202/BA010102/2026,2026-07-21,Zalecha Baruna,HIJAU MESIN CS-632,,60,LTR
1144.SPK/BA.202/BA010102/2026,2026-07-21,Zalecha Baruna,PUTIH 1A,,120,LTR
1144.SPK/BA.202/BA010102/2026,2026-07-21,Zalecha Baruna,SILVER/ALUMINIUM (HEAT RESISTANT),,20,LTR
1144.SPK/BA.202/BA010102/2026,2026-07-21,Zalecha Baruna,KUNING CS-620,,20,LTR
1144.SPK/BA.202/BA010102/2026,2026-07-21,Zalecha Baruna,ABU-ABU,,20,LTR
1144.SPK/BA.202/BA010102/2026,2026-07-21,Zalecha Baruna,BIRU 0138,,10,LTR
1144.SPK/BA.202/BA010102/2026,2026-07-21,Zalecha Baruna,HITAM,,20,LTR
1144.SPK/BA.202/BA010102/2026,2026-07-21,Zalecha Baruna,MERAH 3A,,10,LTR
1144.SPK/BA.202/BA010102/2026,2026-07-21,Zalecha Baruna,JOTAMASTIC SMARTP HB RED A 5L,,60,LTR
1142.SPK/BA.202/BA010102/2026,2026-07-16,Walidah Baruna,Chain block (3 Ton),,2,Set
1142.SPK/BA.202/BA010102/2026,2026-07-16,Walidah Baruna,Water Jet Cleaner,,1,Set
1142.SPK/BA.202/BA010102/2026,2026-07-16,Walidah Baruna,"Electric Scalling Machine (Belalai Listrik), Full set",,1,Set
1142.SPK/BA.202/BA010102/2026,2026-07-16,Walidah Baruna,Pneumatic Jet Hammer,,2,Set
1142.SPK/BA.202/BA010102/2026,2026-07-16,Walidah Baruna,Kabel Roll (Heavy Duty) 25 mtr,,1,Set
1142.SPK/BA.202/BA010102/2026,2026-07-16,Walidah Baruna,"Obeng ( + ), medium size",,3,Pcs
1142.SPK/BA.202/BA010102/2026,2026-07-16,Walidah Baruna,"Obeng ( - ), medium size",,3,Pcs
1142.SPK/BA.202/BA010102/2026,2026-07-16,Walidah Baruna,Meteran ( 50 mtr ),,3,Pcs
1142.SPK/BA.202/BA010102/2026,2026-07-16,Walidah Baruna,Kunci L bintang,,1,Set
1142.SPK/BA.202/BA010102/2026,2026-07-16,Walidah Baruna,Kunci Shock,,1,Set
1142.SPK/BA.202/BA010102/2026,2026-07-16,Walidah Baruna,Mata Bor,,1,Set
1142.SPK/BA.202/BA010102/2026,2026-07-16,Walidah Baruna,"Shackle, small",,10,Pcs
1142.SPK/BA.202/BA010102/2026,2026-07-16,Walidah Baruna,Sekop kecil,,5,Pcs
1142.SPK/BA.202/BA010102/2026,2026-07-16,Walidah Baruna,Scrap,,10,Pcs
1142.SPK/BA.202/BA010102/2026,2026-07-16,Walidah Baruna,Tang Jepit,,3,Pcs
1142.SPK/BA.202/BA010102/2026,2026-07-16,Walidah Baruna,Tang Buaya,,3,Pcs
1142.SPK/BA.202/BA010102/2026,2026-07-16,Walidah Baruna,Mapring Besi,,3,Pcs
1142.SPK/BA.202/BA010102/2026,2026-07-16,Walidah Baruna,Mapring Kayu,,3,Pcs
1142.SPK/BA.202/BA010102/2026,2026-07-16,Walidah Baruna,Tang Kombinasi,,3,Pcs
1142.SPK/BA.202/BA010102/2026,2026-07-16,Walidah Baruna,Gergaji Besi + Handle,,3,Pcs
1142.SPK/BA.202/BA010102/2026,2026-07-16,Walidah Baruna,"Selang air 1/2 inch, 50 mtr",,1,Roll
1142.SPK/BA.202/BA010102/2026,2026-07-16,Walidah Baruna,"Kuku macan besar, 32mm",,12,Pcs
1142.SPK/BA.202/BA010102/2026,2026-07-16,Walidah Baruna,Kunci T,,1,Set
1142.SPK/BA.202/BA010102/2026,2026-07-16,Walidah Baruna,Impact,,1,Set
1142.SPK/BA.202/BA010102/2026,2026-07-16,Walidah Baruna,Sapu plastik,,24,Pcs
1142.SPK/BA.202/BA010102/2026,2026-07-16,Walidah Baruna,Belting 10 T,,2,Pcs
1142.SPK/BA.202/BA010102/2026,2026-07-16,Walidah Baruna,Karet ban dalam,,12,Pcs
1142.SPK/BA.202/BA010102/2026,2026-07-16,Walidah Baruna,"Electric Vacuum Cleaner, 110V",17-46-71,2,Set
1142.SPK/BA.202/BA010102/2026,2026-07-16,Walidah Baruna,"High Pressure Water Jet, Krisbow",,1,Set
1142.SPK/BA.202/BA010102/2026,2026-07-16,Walidah Baruna,Ironing / Setrika Philiips,,3,Pcs
1142.SPK/BA.202/BA010102/2026,2026-07-16,Walidah Baruna,"AC, Standing",,1,Pcs
1142.SPK/BA.202/BA010102/2026,2026-07-16,Walidah Baruna,Ice maker,,1,Pcs
1142.SPK/BA.202/BA010102/2026,2026-07-16,Walidah Baruna,"Android TV, 55 inch",,2,Pcs
1142.SPK/BA.202/BA010102/2026,2026-07-16,Walidah Baruna,Regular Noodle Bowl / Mangkok Sup,17-31-31,24,Pcs
1142.SPK/BA.202/BA010102/2026,2026-07-16,Walidah Baruna,Table Spoon / Sendok Makan,17-01-03,24,Pcs
1142.SPK/BA.202/BA010102/2026,2026-07-16,Walidah Baruna,Table Fork / Garpu Makan,17-01-02,24,Pcs
1142.SPK/BA.202/BA010102/2026,2026-07-16,Walidah Baruna,Dinner Plate / Piring Makan,17-03-10,24,Pcs
1142.SPK/BA.202/BA010102/2026,2026-07-16,Walidah Baruna,Mug / Gelas Kopi,17-03-37,24,Pcs
1142.SPK/BA.202/BA010102/2026,2026-07-16,Walidah Baruna,Disposable Cup / Gelas Kertas @10s,17-06-82,25,Pack
1142.SPK/BA.202/BA010102/2026,2026-07-16,Walidah Baruna,Aluminium Boiling Pans,17-32-01,2,Pcs
1142.SPK/BA.202/BA010102/2026,2026-07-16,Walidah Baruna,Computer Set ( Monitor + Mini PC + Wireless Keyboard + Wireless Mouse ),,3,Set
1142.SPK/BA.202/BA010102/2026,2026-07-16,Walidah Baruna,"Laptop, 14 inch",,1,Set
1142.SPK/BA.202/BA010102/2026,2026-07-16,Walidah Baruna,Walkie Talkie Radio Motorolla VHF Frequencies,,6,Set
1142.SPK/BA.202/BA010102/2026,2026-07-16,Walidah Baruna,Printer EPSON L3210 EcoTank,,3,Set
1142.SPK/BA.202/BA010102/2026,2026-07-16,Walidah Baruna,"Refill Ink for EPSON Printer, Black",,10,Bottle
1142.SPK/BA.202/BA010102/2026,2026-07-16,Walidah Baruna,"Refill Ink for EPSON Printer, Magenta",,3,Bottle
1142.SPK/BA.202/BA010102/2026,2026-07-16,Walidah Baruna,"Refill Ink for EPSON Printer, Cyan",,3,Bottle
1142.SPK/BA.202/BA010102/2026,2026-07-16,Walidah Baruna,"Refill Ink for EPSON Printer, Yellow",,3,Bottle
1142.SPK/BA.202/BA010102/2026,2026-07-16,Walidah Baruna,Backpack for Document / Tas Dokumen,,1,Pcs
1142.SPK/BA.202/BA010102/2026,2026-07-16,Walidah Baruna,"Ballpoint, Regular, Black",47-06-03,4,Box
1142.SPK/BA.202/BA010102/2026,2026-07-16,Walidah Baruna,"Ballpoint, Regular, Blue",47-06-01,2,Box
1142.SPK/BA.202/BA010102/2026,2026-07-16,Walidah Baruna,"Ballpoint, Regular, Red",47-06-02,1,Box
1142.SPK/BA.202/BA010102/2026,2026-07-16,Walidah Baruna,"Plain Paper A4, 70gsm",47-21-86,30,Rim
1142.SPK/BA.202/BA010102/2026,2026-07-16,Walidah Baruna,"White Paper Envelopes, small",47-04-51,5,Box
1142.SPK/BA.202/BA010102/2026,2026-07-16,Walidah Baruna,"Hard Cover Letter File (BANTEX), Tebal, A4",47-02-01,30,Pcs
1142.SPK/BA.202/BA010102/2026,2026-07-16,Walidah Baruna,"Cellphone Tape, 12 mm",47-12-51,12,Roll
1142.SPK/BA.202/BA010102/2026,2026-07-16,Walidah Baruna,"Cellphone Tape, 50 mm",,12,Roll
1142.SPK/BA.202/BA010102/2026,2026-07-16,Walidah Baruna,"Double Side Tape Gummed, 15 MM",47-12-68,24,Roll
1142.SPK/BA.202/BA010102/2026,2026-07-16,Walidah Baruna,"Double Side Tape Gummed, 50 MM",47-12-70,24,Rim
1142.SPK/BA.202/BA010102/2026,2026-07-16,Walidah Baruna,Scientific Calculator,47-18-51,2,Pcs
1142.SPK/BA.202/BA010102/2026,2026-07-16,Walidah Baruna,Simple / Common Calculator,47-18-16,2,Pcs
1142.SPK/BA.202/BA010102/2026,2026-07-16,Walidah Baruna,"Paint Marker, BLACK",,2,Box
1142.SPK/BA.202/BA010102/2026,2026-07-16,Walidah Baruna,"Paint Marker, WHITE",,2,Box
1142.SPK/BA.202/BA010102/2026,2026-07-16,Walidah Baruna,"White Board Marker, Black",47-16-48,2,Box
1142.SPK/BA.202/BA010102/2026,2026-07-16,Walidah Baruna,"White Board Marker, Blue",47-16-45,2,Box
1142.SPK/BA.202/BA010102/2026,2026-07-16,Walidah Baruna,"Permanent Marker, Black",47-06-43,2,Box
1142.SPK/BA.202/BA010102/2026,2026-07-16,Walidah Baruna,"Paper Scissors, 200 MM",47-10-03,5,Pcs
1142.SPK/BA.202/BA010102/2026,2026-07-16,Walidah Baruna,"Handy Cutter, Medium Duty Job",47-10-13,10,Pcs
1142.SPK/BA.202/BA010102/2026,2026-07-16,Walidah Baruna,Spare Blade for Handy Cutter,47-10-14,5,Box
1169.SPK/BA.17/BA010102/2026,2026-07-21,Arimbi Baruna,INTERSPEED 6200 RED,BQA624,100,liter
1169.SPK/BA.17/BA010102/2026,2026-07-21,Arimbi Baruna,INTERNATIONAL THINNER,GTA220,20,liter
1168.SPK/BA.17/BA010102/2026,2026-07-21,Arimbi Baruna,JOTAMASTIC SMART PACK HB RED,,200,liter
1168.SPK/BA.17/BA010102/2026,2026-07-21,Arimbi Baruna,JOTAMASTIC SMART PACK HB GREY,,200,liter
1168.SPK/BA.17/BA010102/2026,2026-07-21,Arimbi Baruna,JOTAFLIX PU TC STD 257 GREEN,,300,liter
1168.SPK/BA.17/BA010102/2026,2026-07-21,Arimbi Baruna,THINNER NO 10,,30,liter
1168.SPK/BA.17/BA010102/2026,2026-07-21,Arimbi Baruna,THINNER NO.17,,40,liter
1164.SPK/BA.17/BA010102/2026,2026-07-20,Meutia Baruna,JOTAMASTIC SMART PACK HB GREY,,400,liter
1164.SPK/BA.17/BA010102/2026,2026-07-20,Meutia Baruna,JOTAFIX PU TC STD 049 RED,,450,liter
1164.SPK/BA.17/BA010102/2026,2026-07-20,Meutia Baruna,PILOT II CREAM STD 002,,500,liter
1164.SPK/BA.17/BA010102/2026,2026-07-20,Meutia Baruna,PILOT II BLACK,,200,liter
1164.SPK/BA.17/BA010102/2026,2026-07-20,Meutia Baruna,PILOT II WHITE,,50,liter
1164.SPK/BA.17/BA010102/2026,2026-07-20,Meutia Baruna,THINNER NO.17,,250,liter
1164.SPK/BA.17/BA010102/2026,2026-07-20,Meutia Baruna,THINNER NO 2,,250,liter
1163.SPK/BA.302/BA010102/2026,2026-07-22,Meutia Baruna,CONNECTING ROD,1710-4100-00,1,set
1163.SPK/BA.302/BA010102/2026,2026-07-22,Meutia Baruna,CYLINDER LINER 1ST STAGE,1710-3102-00,1,set
1163.SPK/BA.302/BA010102/2026,2026-07-22,Meutia Baruna,CYLINDER LINER 2ND,1710-3102-00,1,set
C.1510/PR.103/Div.Rendalhar-2026,2026-07-07,Srikandi Baruna 2402,PENGURUSAN DISPENSASI SEKALI JALAN,,1,lot
1161.SPK/BA.17/BA010102/2026,2026-07-23,Kartini Baruna,TALI PP MULTIFILAMENT,CIR 10,2,roll
1129.SPK/BA.101/BA010102/2026,2026-07-22,Martha Baruna,ANCHOR CHAIN 70MM,,2,lot
1129.SPK/BA.101/BA010102/2026,2026-07-22,Martha Baruna,KENTER SHACKLE 70MM,,6,pcs
1170.SPK/BA.302/BA010102/2026,2026-07-22,Arimbi Baruna,SELENOID VALVE NABCO EGMS,73794222-14,6,set
1170.SPK/BA.302/BA010102/2026,2026-07-22,Arimbi Baruna,REPAIR KIT,74Y59166-01,6,set
1160.SPK/BA.17/BA010102/2026,2026-07-23,Srikandi Baruna 2001,JASA PERBAIKAN DAN FABRIKASI KEBUTUHAN KAPAL,,1,lot
1160.SPK/BA.17/BA010102/2026,2026-07-23,Srikandi Baruna 2001,TRANSPORTASI DAN AKOMODASI,,1,lot
1150.SPK/BA.17/BA010102/2026,2026-07-23,Rasuna Baruna,COMPRESSOR AC,,2,unit
1150.SPK/BA.17/BA010102/2026,2026-07-23,Rasuna Baruna,FREON R404A,,3,pcs
1150.SPK/BA.17/BA010102/2026,2026-07-23,Rasuna Baruna,TRANSPORTASI DAN AKOMODASI,,1,lot
1159.SPK/BA.202/BA010102/2026,2026-07-23,Kartini Baruna,CUTTER BLADE ASSEMBLY,,20,set
1159.SPK/BA.202/BA010102/2026,2026-07-23,Kartini Baruna,CHAIN DRUM ASSEMBLY,,20,set
1159.SPK/BA.202/BA010102/2026,2026-07-23,Kartini Baruna,FLANGE COVER WITH SCREW,KP 202,40,pcs
1159.SPK/BA.202/BA010102/2026,2026-07-23,Kartini Baruna,CUTTER BLADE,KP 207,300,pcs
1159.SPK/BA.202/BA010102/2026,2026-07-23,Kartini Baruna,V BELT,A 560 LI,10,pcs
1159.SPK/BA.202/BA010102/2026,2026-07-23,Kartini Baruna,V BELT,A 520 LI,10,pcs
C.1511/PR.103/DIV.RENDALHAR-2026,2026-07-23,Arimbi Baruna,KACA ANJUNGAN UK 194 X 88,,1,unit
C.1511/PR.103/DIV.RENDALHAR-2026,2026-07-23,Arimbi Baruna,TRANSPORTASI DAN AKOMODASI,,1,lot
1187.SPK/BA.202/BA010102/2026,2026-07-23,Zalecha Baruna,FORGED CHAIN SHACKLE SCREW PIN TYPE 38 MM WLL 4.5 TON 304 STAINLESS FOR LASHING ANCHOR,,4,pcs
1187.SPK/BA.202/BA010102/2026,2026-07-23,Zalecha Baruna,"INGERSOLL-RAND 236 AIR IMPACT WRENCH, 1/2 INCH DRIVE, 7400 RPM, ALUMINIUM HOUSING, FOR BOLT MANHOLE",,2,pcs
1187.SPK/BA.202/BA010102/2026,2026-07-23,Zalecha Baruna,RUBBER PACKING SHEET FOR MANHOLE,,20,set
1187.SPK/BA.202/BA010102/2026,2026-07-23,Zalecha Baruna,"GALVANIZED, 16MM X 50M, INNER END SECURED TO DRUM,OUTER END WEDGE SOCKET AND SAFETY WIRE TO DRUM. FOR FREE FALL LIFEBOAT",,1,pcs
1187.SPK/BA.202/BA010102/2026,2026-07-23,Zalecha Baruna,"GALVANIZED AND ANTI-ROTATING ROPE, 14MM X 30M, INNER WIRE END SECURED TO DRUM. FOR RESCUE BOAT DAVID",,1,pcs
1187.SPK/BA.202/BA010102/2026,2026-07-23,Zalecha Baruna,OIL SOUNDING PASTA. CHECK OIL FOR BALLAST TANK,,3,pcs
1187.SPK/BA.202/BA010102/2026,2026-07-23,Zalecha Baruna,SHACKLE D STAINLESS STEEL SCREW PIN BODY DIAMETER 7 MM OPEN 14 MM CLEAR LENGTH 23 MM PIN DIAMETER 7 MM SWL 0.17 TON,,50,pcs
1187.SPK/BA.202/BA010102/2026,2026-07-23,Zalecha Baruna,HAND TOOLS SET,,1,set
1187.SPK/BA.202/BA010102/2026,2026-07-23,Zalecha Baruna,SILICONE RED,,50,pcs
1187.SPK/BA.202/BA010102/2026,2026-07-23,Zalecha Baruna,DEVCON,,5,pcs
1187.SPK/BA.202/BA010102/2026,2026-07-23,Zalecha Baruna,"ROL CAT, LENGTH: 66 CM",,60,pcs
1187.SPK/BA.202/BA010102/2026,2026-07-23,Zalecha Baruna,HOLLOW PUNCH,,1,set
1187.SPK/BA.202/BA010102/2026,2026-07-23,Zalecha Baruna,"GALVANIZED BRAIDED STEEL WIRE ROPE, (35X7), 13 MM X 72 M (2 SETS), BREAKING LOAD 168.7 KN. FOR PROVISION CRANE",,2,set
1187.SPK/BA.202/BA010102/2026,2026-07-23,Zalecha Baruna,KERTAS HVS A4,,6,rim
1187.SPK/BA.202/BA010102/2026,2026-07-23,Zalecha Baruna,SOUNDING TAPE FOR WATER SOUNDING MATERIAL : STAINLEES STEEL LENGTH : 20 METER,,4,pcs
0936.SPK/BA.202/BA010102/2026,2026-07-23,Kartini Baruna,HAMMER HEAD WIRE RUSTING,591266,20,pcs
0936.SPK/BA.202/BA010102/2026,2026-07-23,Kartini Baruna,FOR HAMMER HEAD / HAMMER BLADE,591267,600,pcs
0936.SPK/BA.202/BA010102/2026,2026-07-23,Kartini Baruna,FOR HAMMER HEAD DISC PIN,591268,200,pcs
0936.SPK/BA.202/BA010102/2026,2026-07-23,Kartini Baruna,CENTER BOLD AND NUT,591269,50,pcs
0936.SPK/BA.202/BA010102/2026,2026-07-23,Kartini Baruna,FOR HAMMER HEAD DISK,591270,100,pcs
0936.SPK/BA.202/BA010102/2026,2026-07-23,Kartini Baruna,CUP BRUSH / LIGHT RUSTING,591265,20,pcs
0936.SPK/BA.202/BA010102/2026,2026-07-23,Kartini Baruna,FINISHING WIRE WHEEL BRUSH,591273,50,pcs
0936.SPK/BA.202/BA010102/2026,2026-07-23,Kartini Baruna,FLEXIBLE SHAFTS AND TUBE FOR SCALLING MACHINE-,591253,6,set
0936.SPK/BA.202/BA010102/2026,2026-07-23,Kartini Baruna,NO. 1 HD TOOL HEAD,591255,20,set
0936.SPK/BA.202/BA010102/2026,2026-07-23,Kartini Baruna,NO 1-1 CUTTER FOR HD TOOL,591256,1000,pcs
0936.SPK/BA.202/BA010102/2026,2026-07-23,Kartini Baruna,NO 1-2 DISC PIN FOR HD TOOL,591257,300,pcs
0936.SPK/BA.202/BA010102/2026,2026-07-23,Kartini Baruna,NO 1-3 CENTER BOLT AND NUT FOR HD TOOL,591258,100,pcs
0936.SPK/BA.202/BA010102/2026,2026-07-23,Kartini Baruna,NO 1-4 DISK FOR HD TOOL,591259,600,pcs
0936.SPK/BA.202/BA010102/2026,2026-07-23,Kartini Baruna,NO 2 LG BRUSH HEAD LIGHT RUSTING,591260,20,set
0936.SPK/BA.202/BA010102/2026,2026-07-23,Kartini Baruna,NO 2-1 LG BLADE FOR LG BRUSH,591261,1500,pcs
0936.SPK/BA.202/BA010102/2026,2026-07-23,Kartini Baruna,NO 2-2 DISC PIN FOR LG BRUSH,591262,600,pcs
0936.SPK/BA.202/BA010102/2026,2026-07-23,Kartini Baruna,NO 2-3 CENTER BOLT AND NUT FOR LG BRUSH,591263,200,pcs
0936.SPK/BA.202/BA010102/2026,2026-07-23,Kartini Baruna,NO 4 HAMMER HEAD WIDE RUSHING,591266,20,set
0936.SPK/BA.202/BA010102/2026,2026-07-23,Kartini Baruna,NO 4-1 HAMMER BLADE FOR HAMMER HEAD,591267,1000,pcs
0936.SPK/BA.202/BA010102/2026,2026-07-23,Kartini Baruna,NO 4-2 DISC PIN FOR HAMMER HEAD,591268,200,pcs
0936.SPK/BA.202/BA010102/2026,2026-07-23,Kartini Baruna,NO 4-4 DISK FOR HAMMER HEAD,591270,300,pcs
0936.SPK/BA.202/BA010102/2026,2026-07-23,Kartini Baruna,NO 4-5 COLLAR FOR HAMMER HEAD,591271,200,pcs
0936.SPK/BA.202/BA010102/2026,2026-07-23,Kartini Baruna,NO 4-6 WASHER FOR HAMMER HEAD,591272,300,pcs
0936.SPK/BA.202/BA010102/2026,2026-07-23,Kartini Baruna,NO 3 CUP BRUSH LIGHT RUSHING,591265,50,pcs
0936.SPK/BA.202/BA010102/2026,2026-07-23,Kartini Baruna,NO 5 WIRE WHEEL FINISHING,591273,50,pcs
1109.SPK/BA.302/BA010102/2026,2026-07-24,Malahayati Baruna,AUX. BLOWER M/E,6212 ZZ C3,4,pcs
1109.SPK/BA.302/BA010102/2026,2026-07-24,Malahayati Baruna,AUX. BLOWER M/E,6312 ZZ C3,4,pcs
1109.SPK/BA.302/BA010102/2026,2026-07-24,Malahayati Baruna,E/R VENT FAN,6312 ZZ,4,pcs
1109.SPK/BA.302/BA010102/2026,2026-07-24,Malahayati Baruna,E/R VENT FAN,6312 ZZ,4,pcs
1109.SPK/BA.302/BA010102/2026,2026-07-24,Malahayati Baruna,MAIN COOLING SW PUMP,6314 ZZ C3,2,pcs
1109.SPK/BA.302/BA010102/2026,2026-07-24,Malahayati Baruna,MAIN COOLING SW PUMP,6212 ZZ C3,2,pcs
1109.SPK/BA.302/BA010102/2026,2026-07-24,Malahayati Baruna,AUX. COOLING SW PUMP,6311 ZZ,2,pcs
1109.SPK/BA.302/BA010102/2026,2026-07-24,Malahayati Baruna,AUX. COOLING SW PUMP,6310 ZZ,2,pcs
1109.SPK/BA.302/BA010102/2026,2026-07-24,Malahayati Baruna,MAIN LO PUMP M/E,6315 ZZ,4,pcs
1109.SPK/BA.302/BA010102/2026,2026-07-24,Malahayati Baruna,MAIN LO PUMP M/E,6213 ZZ,4,pcs
1109.SPK/BA.302/BA010102/2026,2026-07-24,Malahayati Baruna,MAIN AIR COMPRESSOR,6314 ZZ C3,4,pcs
1109.SPK/BA.302/BA010102/2026,2026-07-24,Malahayati Baruna,MAIN AIR COMPRESSOR,6212 ZZ C3,4,pcs
1109.SPK/BA.302/BA010102/2026,2026-07-24,Malahayati Baruna,MAIN COOLING FW PUMP,6309 ZZ,2,pcs
1109.SPK/BA.302/BA010102/2026,2026-07-24,Malahayati Baruna,MAIN COOLING FW PUMP,6307 ZZ,2,pcs
1109.SPK/BA.302/BA010102/2026,2026-07-24,Malahayati Baruna,BALLAST PUMP,6313 ZZ,2,pcs
1109.SPK/BA.302/BA010102/2026,2026-07-24,Malahayati Baruna,BALLAST PUMP,6218,2,pcs
1109.SPK/BA.302/BA010102/2026,2026-07-24,Malahayati Baruna,FIRE & GS PUMP NO 1 & NO 2,6312 ZZ,4,pcs
1109.SPK/BA.302/BA010102/2026,2026-07-24,Malahayati Baruna,FIRE & GS PUMP NO 1 & NO 2,6310 ZZ,4,pcs
1109.SPK/BA.302/BA010102/2026,2026-07-24,Malahayati Baruna,BALLAS & SPARE COOL,6313 ZZ,2,pcs
1109.SPK/BA.302/BA010102/2026,2026-07-24,Malahayati Baruna,BALLAS & SPARE COOL,6218,2,pcs
1109.SPK/BA.302/BA010102/2026,2026-07-24,Malahayati Baruna,CIRCULATION FO PUMP,6308 ZZ,2,pcs
1109.SPK/BA.302/BA010102/2026,2026-07-24,Malahayati Baruna,CIRCULATION FO PUMP,6306 ZZ,2,pcs
1109.SPK/BA.302/BA010102/2026,2026-07-24,Malahayati Baruna,BOOSTER FO PUMP,6206 ZZ,2,pcs
1109.SPK/BA.302/BA010102/2026,2026-07-24,Malahayati Baruna,BOOSTER FO PUMP,6305 ZZ,2,pcs
1109.SPK/BA.302/BA010102/2026,2026-07-24,Malahayati Baruna,FEED PUMP,6308 ZZ,2,pcs
1109.SPK/BA.302/BA010102/2026,2026-07-24,Malahayati Baruna,FEED PUMP,6306 ZZ,2,pcs
1109.SPK/BA.302/BA010102/2026,2026-07-24,Malahayati Baruna,FO PURIFIER & LO PURIFIER,6308 ZZ,4,pcs
1109.SPK/BA.302/BA010102/2026,2026-07-24,Malahayati Baruna,FO PURIFIER & LO PURIFIER,6306 ZZ,4,pcs
1109.SPK/BA.302/BA010102/2026,2026-07-24,Malahayati Baruna,FW HYDROPHORE PUMP NO 1 & 2,6206 ZZ,4,pcs
1109.SPK/BA.302/BA010102/2026,2026-07-24,Malahayati Baruna,FW HYDROPHORE PUMP NO 1 & 2,6305 ZZ,4,pcs
1109.SPK/BA.302/BA010102/2026,2026-07-24,Malahayati Baruna,BLOWER BOILER,6205 ZZ,2,pcs
1109.SPK/BA.302/BA010102/2026,2026-07-24,Malahayati Baruna,BLOWER BOILER,6205 ZZ,2,pcs
1109.SPK/BA.302/BA010102/2026,2026-07-24,Malahayati Baruna,BLOWER INCINERATOR,6204 ZZ,2,pcs
1109.SPK/BA.302/BA010102/2026,2026-07-24,Malahayati Baruna,BLOWER INCINERATOR,6203 ZZ,2,pcs
1109.SPK/BA.302/BA010102/2026,2026-07-24,Malahayati Baruna,EXH. FAN PURIFIER,6204 ZZ,2,pcs
1109.SPK/BA.302/BA010102/2026,2026-07-24,Malahayati Baruna,EXH. FAN PURIFIER,6203 ZZ,2,pcs
1109.SPK/BA.302/BA010102/2026,2026-07-24,Malahayati Baruna,SEWAGE AIR PUMP,6204 ZZ,2,pcs
1109.SPK/BA.302/BA010102/2026,2026-07-24,Malahayati Baruna,SEWAGE AIR PUMP,6203 ZZ,2,pcs
1109.SPK/BA.302/BA010102/2026,2026-07-24,Malahayati Baruna,SEWAGE WATER PUMP,6205 ZZ,2,pcs
1109.SPK/BA.302/BA010102/2026,2026-07-24,Malahayati Baruna,SEWAGE WATER PUMP,6205 ZZ,2,pcs
1109.SPK/BA.302/BA010102/2026,2026-07-24,Malahayati Baruna,EXH. BLOWER SANITARY,6202 RS,2,pcs
1109.SPK/BA.302/BA010102/2026,2026-07-24,Malahayati Baruna,EXH. BLOWER SANITARY,6202 RS,2,pcs
1109.SPK/BA.302/BA010102/2026,2026-07-24,Malahayati Baruna,DECK CRANE NO 1-4,6220 C3,8,pcs
1109.SPK/BA.302/BA010102/2026,2026-07-24,Malahayati Baruna,DECK CRANE NO 1-4,6313 ZZ M,8,pcs
1109.SPK/BA.302/BA010102/2026,2026-07-24,Malahayati Baruna,FO TRANSFER PUMP,6309 ZZ,2,pcs
1109.SPK/BA.302/BA010102/2026,2026-07-24,Malahayati Baruna,FO TRANSFER PUMP,6307 ZZ,2,pcs
1109.SPK/BA.302/BA010102/2026,2026-07-24,Malahayati Baruna,DO TRANSFER PUMP,6306 ZZ,2,pcs
1109.SPK/BA.302/BA010102/2026,2026-07-24,Malahayati Baruna,DO TRANSFER PUMP,6306 ZZ,2,pcs
1109.SPK/BA.302/BA010102/2026,2026-07-24,Malahayati Baruna,FEED PUMP,6308 ZZ,4,pcs
1109.SPK/BA.302/BA010102/2026,2026-07-24,Malahayati Baruna,FEED PUMP,6306 ZZ,4,pcs
1109.SPK/BA.302/BA010102/2026,2026-07-24,Malahayati Baruna,HOT WATER CIRCULATION PUMP,6205 ZZ,2,pcs
1109.SPK/BA.302/BA010102/2026,2026-07-24,Malahayati Baruna,HOT WATER CIRCULATION PUMP,6205 ZZ,2,pcs
1109.SPK/BA.302/BA010102/2026,2026-07-24,Malahayati Baruna,BILGE WATER,6204 ZZ,2,pcs
1109.SPK/BA.302/BA010102/2026,2026-07-24,Malahayati Baruna,BILGE WATER,6204 ZZ,2,pcs
1109.SPK/BA.302/BA010102/2026,2026-07-24,Malahayati Baruna,SLUDGE PUMP,6206 ZZ,2,pcs
1109.SPK/BA.302/BA010102/2026,2026-07-24,Malahayati Baruna,SLUDGE PUMP,6305 ZZ,2,pcs
1109.SPK/BA.302/BA010102/2026,2026-07-24,Malahayati Baruna,E/H PUMP FOR DECK MACHINERY,6314 ZZ,8,pcs
1109.SPK/BA.302/BA010102/2026,2026-07-24,Malahayati Baruna,E/H PUMP FOR DECK MACHINERY,6212 ZZ,8,pcs
1109.SPK/BA.302/BA010102/2026,2026-07-24,Malahayati Baruna,E/R VENT FAN,6202 ZZ,2,pcs
1109.SPK/BA.302/BA010102/2026,2026-07-24,Malahayati Baruna,E/R VENT FAN,6310 ZZ,4,pcs
1109.SPK/BA.302/BA010102/2026,2026-07-24,Malahayati Baruna,E/R VENT FAN,6204 ZZ,2,pcs
1109.SPK/BA.302/BA010102/2026,2026-07-24,Malahayati Baruna,DECK CRANE ELMOT FAN,6208 ZZ,8,pcs
1109.SPK/BA.302/BA010102/2026,2026-07-24,Malahayati Baruna,DECK CRANE ELMOT FAN,6208 ZZ,8,pcs
1109.SPK/BA.302/BA010102/2026,2026-07-24,Malahayati Baruna,E/H PUMP HATCH COVER,6311 ZZ,4,pcs
1109.SPK/BA.302/BA010102/2026,2026-07-24,Malahayati Baruna,E/H PUMP HATCH COVER,6310 ZZ,4,pcs
1109.SPK/BA.302/BA010102/2026,2026-07-24,Malahayati Baruna,E/H PUMP STEERING GEAR NO 1 & NO 2,6311 ZZ,4,pcs
1109.SPK/BA.302/BA010102/2026,2026-07-24,Malahayati Baruna,E/H PUMP STEERING GEAR NO 1 & NO 2,7311 DB,4,pcs
1224.SPK/BA.202/BA010102/2026,2026-07-28,Zalecha Baruna,SAW DUST,25KG,20,pack
1224.SPK/BA.202/BA010102/2026,2026-07-28,Zalecha Baruna,BOHLAM CARGO,,20,pcs
1224.SPK/BA.202/BA010102/2026,2026-07-28,Zalecha Baruna,KIPAS ANGIN,,4,pcs
1224.SPK/BA.202/BA010102/2026,2026-07-28,Zalecha Baruna,WIRE FOR GRAB JANUS,,8,set
1198.SPK/BA.302/BA010102/2026,2026-07-28,Zalecha Baruna,SOUNDING CAP & PIPE BILGES,"OD 60,5",22,pcs
1198.SPK/BA.302/BA010102/2026,2026-07-28,Zalecha Baruna,PIPE TST,"60,5",10,pcs
1217.SPK/BA.202/BA010102/2026,2026-07-28,Zalecha Baruna,REFILL OKSIGEN,,12,lot
1217.SPK/BA.202/BA010102/2026,2026-07-28,Zalecha Baruna,REFILL LPG,,1,lot
1217.SPK/BA.202/BA010102/2026,2026-07-28,Zalecha Baruna,PERIZINAN,,1,lot
1217.SPK/BA.202/BA010102/2026,2026-07-28,Zalecha Baruna,PEMAKAIAN PICK UP,,1,lot
1217.SPK/BA.202/BA010102/2026,2026-07-28,Zalecha Baruna,PENDAMPINGAN AGEN,,1,lot
1204.SPK/BA.17/BA010102/2026,2026-07-28,Zalecha Baruna,LAMPU JTT HALOGEN LAMP 500W 230V,,30,PCS
1204.SPK/BA.17/BA010102/2026,2026-07-28,Zalecha Baruna,LAMPU JTT HALOGEN LAMP 1000W 230V,,30,PCS
1204.SPK/BA.17/BA010102/2026,2026-07-28,Zalecha Baruna,"KAP LAMPU TKI AKRILIK BENING 2X18W
(AKRILIK LEMBARAN 3 MM. PXL=67X24CM)",,25,PCS
1204.SPK/BA.17/BA010102/2026,2026-07-28,Zalecha Baruna,"STARTER LAMPU NEON TL F-6-4P, 4-65W 220-240V",,75,PCS
1204.SPK/BA.17/BA010102/2026,2026-07-28,Zalecha Baruna,"FREON R404A REFRIGERANT (10,9KG)",,5,BOTOL
1204.SPK/BA.17/BA010102/2026,2026-07-28,Zalecha Baruna,KABEL SERABUT NYMHY/NYYHY 3X2.5,,100,METER
1204.SPK/BA.17/BA010102/2026,2026-07-28,Zalecha Baruna,RED INSULATING VARNISH/SIRLAK/ VARNISH GULUNGAN DINAMO (400 ML),,10,BOTOL
1204.SPK/BA.17/BA010102/2026,2026-07-28,Zalecha Baruna,"FLARING SWAGING TOOLS/FLARING PIPA AC
(UNTUK UKURAN PIPA 1/8-3/4)",,2,SET
1204.SPK/BA.17/BA010102/2026,2026-07-28,Zalecha Baruna,BEARING 6205 ZZ,,20,PCS
1204.SPK/BA.17/BA010102/2026,2026-07-28,Zalecha Baruna,STOP KONTAK 4 LUBANG 15A/250V,,15,PCS
1204.SPK/BA.17/BA010102/2026,2026-07-28,Zalecha Baruna,STEKER/COLOKAN ARDE S-28 R. (B) (BENTUK BULAT),,15,PCS
1204.SPK/BA.17/BA010102/2026,2026-07-28,Zalecha Baruna,TOOL BAGS 19/TAS PERKAKAS 19,,2,PCS
1204.SPK/BA.17/BA010102/2026,2026-07-28,Zalecha Baruna,TELEPON KABEL SAHITEL S-37S. (12 DIGITS LCD DISPLAY),,3,PCS
1197.SPK/PR.202/BA010102/2026,2026-07-24,Srikandi Baruna 2001,JASA PERBAIKAN BOLDER,,1,lot
1197.SPK/PR.202/BA010102/2026,2026-07-24,Srikandi Baruna 2001,PLAT 120CMX100CMX10MM,,1,lot
1197.SPK/PR.202/BA010102/2026,2026-07-24,Srikandi Baruna 2001,KAWAT LAS,,1,lot
1197.SPK/PR.202/BA010102/2026,2026-07-24,Srikandi Baruna 2001,DISKON,,1,lot
1196.SPK/BP.103/BA010102/2026,2026-07-28,Martha Baruna,JASA INSPEKSI ALAT DAN PELATIHAN LAPANGAN,,1,lot
1196.SPK/BP.103/BA010102/2026,2026-07-28,Martha Baruna,TRANSPORTASI DAN AKOMODASI,,1,lot
1149.SPK/BA.17/BA010102/2026,2026-07-23,Kartini Baruna,PLAT STRIP TEBAL 12mm X L 10 cm X P 6 m,,20,batang
1149.SPK/BA.17/BA010102/2026,2026-07-23,Kartini Baruna,PIPA GALVANIS 3 INCH SC 80 mm X 6 m,,16,batang
1149.SPK/BA.17/BA010102/2026,2026-07-23,Kartini Baruna,PIPA GLAVANIS 1 INCH SC 80 mm X 6 m,,30,batang
1149.SPK/BA.17/BA010102/2026,2026-07-23,Kartini Baruna,PLAT TEBAL 10 mm X L 1.2 M X 2.4 M,LEMBAR,5,pcs
1149.SPK/BA.17/BA010102/2026,2026-07-23,Kartini Baruna,PLAT SIKU TEBAL 3 mm X 5 cm X 5 cm X 6 m,,30,batang
1149.SPK/BA.17/BA010102/2026,2026-07-23,Kartini Baruna,PLAT SIKU TEBAL 3 mm X 8 cm X 8 cm X 6 m,,20,batang
1250.SPK/BA.302/BA010102/2026,2026-07-30,Walidah Baruna,"SHEAVE PULLEY CRANE PCD700, S35C, S25C",,11,pcs
1203.SPK/BA.202/BA010102/2026,2026-07-23,Zalecha Baruna,MAJUN,,300,kg
1203.SPK/BA.202/BA010102/2026,2026-07-23,Zalecha Baruna,HAND GLOVES / SARUNG TANGAN KAOS,,100,lusin
1203.SPK/BA.202/BA010102/2026,2026-07-23,Zalecha Baruna,DETERJEN POWDER (RINSO),,10,pcs
1203.SPK/BA.202/BA010102/2026,2026-07-23,Zalecha Baruna,SOAP CREAM (SABUN COLEK),-,5,pcs
1203.SPK/BA.202/BA010102/2026,2026-07-23,Zalecha Baruna,WD 40,,48,pcs
1203.SPK/BA.202/BA010102/2026,2026-07-23,Zalecha Baruna,PENETRAN (PERONTOK KARAT) STP AP-75,,48,pcs
1203.SPK/BA.202/BA010102/2026,2026-07-23,Zalecha Baruna,HOSE FOR OXIGEN-ACITELIN,,1,roll
1203.SPK/BA.202/BA010102/2026,2026-07-23,Zalecha Baruna,RED SILICON,,36,pcs
1203.SPK/BA.202/BA010102/2026,2026-07-23,Zalecha Baruna,SENTER MEREK PELIKAN,,4,pcs
1203.SPK/BA.202/BA010102/2026,2026-07-23,Zalecha Baruna,SENTER KEPALA,,12,pcs
1203.SPK/BA.202/BA010102/2026,2026-07-23,Zalecha Baruna,TREEBOND 1104,,6,pcs
1203.SPK/BA.202/BA010102/2026,2026-07-23,Zalecha Baruna,CORDOBON,,10,pcs
1203.SPK/BA.202/BA010102/2026,2026-07-23,Zalecha Baruna,SERAT FIBER (LEBARAN),,24,meter
1203.SPK/BA.202/BA010102/2026,2026-07-23,Zalecha Baruna,RESIN + KATALIS,,3,liter
1203.SPK/BA.202/BA010102/2026,2026-07-23,Zalecha Baruna,KARUNG GONI,,50,pcs
1203.SPK/BA.202/BA010102/2026,2026-07-23,Zalecha Baruna,EXTENSION OFFSET SOCK LY,,2,pcs
1203.SPK/BA.202/BA010102/2026,2026-07-23,Zalecha Baruna,DRESSING BELT,,12,pcs
1203.SPK/BA.202/BA010102/2026,2026-07-23,Zalecha Baruna,TRACKBELT 5 CM X 10 METER,,3,pcs
1203.SPK/BA.202/BA010102/2026,2026-07-23,Zalecha Baruna,TRACKBELT 5 CM X 15 METER,,2,pcs
1203.SPK/BA.202/BA010102/2026,2026-07-23,Zalecha Baruna,KUNCI L,,2,pcs
1203.SPK/BA.202/BA010102/2026,2026-07-23,Zalecha Baruna,GUNTING SENG,,3,pcs
1203.SPK/BA.202/BA010102/2026,2026-07-23,Zalecha Baruna,GUNTING PACKING,,3,pcs
1203.SPK/BA.202/BA010102/2026,2026-07-23,Zalecha Baruna,VALVE GRINDING MACHINE TYPE TS 88,,2,unit
1203.SPK/BA.202/BA010102/2026,2026-07-23,Zalecha Baruna,HYDROTESTER P/P MODEL KYOWA T60KP,,1,unit
1203.SPK/BA.202/BA010102/2026,2026-07-23,Zalecha Baruna,DRILL BIT / MATA BOR MADE JERMAN,,2,set
1203.SPK/BA.202/BA010102/2026,2026-07-23,Zalecha Baruna,KASSA NYAMUK,,1,roll
1203.SPK/BA.202/BA010102/2026,2026-07-23,Zalecha Baruna,LONG DRAT M10,,4,batang
1203.SPK/BA.202/BA010102/2026,2026-07-23,Zalecha Baruna,LONG DRAT M12,,4,batang
1203.SPK/BA.202/BA010102/2026,2026-07-23,Zalecha Baruna,LONG DRAT M 14,,2,batang
1203.SPK/BA.202/BA010102/2026,2026-07-23,Zalecha Baruna,LONG DRAT M 16,,2,batang
1203.SPK/BA.202/BA010102/2026,2026-07-23,Zalecha Baruna,KAPUR LAS,,1,pcs
1203.SPK/BA.202/BA010102/2026,2026-07-23,Zalecha Baruna,KACA LAS HITAM NO.10,,20,pcs
1203.SPK/BA.202/BA010102/2026,2026-07-23,Zalecha Baruna,TOPENG LAS FULL FACE,,2,pcs
1203.SPK/BA.202/BA010102/2026,2026-07-23,Zalecha Baruna,"KUNCI PIPA UK 8"" INCHI",,2,pcs
1203.SPK/BA.202/BA010102/2026,2026-07-23,Zalecha Baruna,"KUNCI PIPA UK 10"" INCHI",,2,pcs
1203.SPK/BA.202/BA010102/2026,2026-07-23,Zalecha Baruna,HYDROLIK JACK BENDING PIPE,,1,set
1203.SPK/BA.202/BA010102/2026,2026-07-23,Zalecha Baruna,DONGKRAK BOTOL CAP 1 TON,,2,pcs
1203.SPK/BA.202/BA010102/2026,2026-07-23,Zalecha Baruna,DONGKRAK BOTOL CAP 5 TON,,2,pcs
1203.SPK/BA.202/BA010102/2026,2026-07-23,Zalecha Baruna,COUPLER SOCKET AIR PLUG,,12,set
1203.SPK/BA.202/BA010102/2026,2026-07-23,Zalecha Baruna,DRUM LIFTER,,4,set
1203.SPK/BA.202/BA010102/2026,2026-07-23,Zalecha Baruna,"KUNCI INGGRIS 12"" INCH",,4,pcs
1203.SPK/BA.202/BA010102/2026,2026-07-23,Zalecha Baruna,"KUNCI INGGRIS 8"" INCH",,4,pcs
1203.SPK/BA.202/BA010102/2026,2026-07-23,Zalecha Baruna,KUNCI RACHET SCAFFOLDING UK 46,,2,pcs
1203.SPK/BA.202/BA010102/2026,2026-07-23,Zalecha Baruna,IMPACT Merk DONG CHENG Type DCPB1218,,2,set
1203.SPK/BA.202/BA010102/2026,2026-07-23,Zalecha Baruna,KAWAT LAS LB (4.mm),,20,kg
1203.SPK/BA.202/BA010102/2026,2026-07-23,Zalecha Baruna,"KAWAT LAS LB (3,2mm)",,20,kg
1203.SPK/BA.202/BA010102/2026,2026-07-23,Zalecha Baruna,KAWAT LAS LB (2.6 mm),,20,kg
1203.SPK/BA.202/BA010102/2026,2026-07-23,Zalecha Baruna,WIRE ROPE Dia. 10mm panjang 100cm with eye splice,,4,pcs
1203.SPK/BA.202/BA010102/2026,2026-07-23,Zalecha Baruna,WIRE ROPE Dia. 16mm panjang 150cm with eye splice,,4,pcs
1203.SPK/BA.202/BA010102/2026,2026-07-23,Zalecha Baruna,EYE BOLT M12,,6,pcs
1203.SPK/BA.202/BA010102/2026,2026-07-23,Zalecha Baruna,EYE BOLT M14,,6,pcs
1203.SPK/BA.202/BA010102/2026,2026-07-23,Zalecha Baruna,EYE BOLT M16,,6,pcs
1203.SPK/BA.202/BA010102/2026,2026-07-23,Zalecha Baruna,STRAIGHT SHACKLES 1 Ton,,6,pcs
1203.SPK/BA.202/BA010102/2026,2026-07-23,Zalecha Baruna,STRAIGHT SHACKLES 2 Ton,,6,pcs
1203.SPK/BA.202/BA010102/2026,2026-07-23,Zalecha Baruna,STRAIGHT SHACKLES 4 Ton,,6,pcs
1203.SPK/BA.202/BA010102/2026,2026-07-23,Zalecha Baruna,MASKER GAS RESPIRATOR KN95 + kacamata,,4,pcs
1203.SPK/BA.202/BA010102/2026,2026-07-23,Zalecha Baruna,BOLT & NUT M8 X 5 CM,,200,pcs
1203.SPK/BA.202/BA010102/2026,2026-07-23,Zalecha Baruna,BOLT & NUT M10 X 7 CM,,200,pcs
1203.SPK/BA.202/BA010102/2026,2026-07-23,Zalecha Baruna,BOLT & NUT M12 X 7 CM,,200,pcs
1203.SPK/BA.202/BA010102/2026,2026-07-23,Zalecha Baruna,BOLT & NUT M14 X 7 CM,,200,pcs
1203.SPK/BA.202/BA010102/2026,2026-07-23,Zalecha Baruna,BOLT & NUT M16 X 10 CM,,200,pcs
1203.SPK/BA.202/BA010102/2026,2026-07-23,Zalecha Baruna,"FOOT VALVE / TUSSEN KLEP 1"" INCHI",,2,pcs
1203.SPK/BA.202/BA010102/2026,2026-07-23,Zalecha Baruna,KAIN PEL REFFIL,,40,pcs
1203.SPK/BA.202/BA010102/2026,2026-07-23,Zalecha Baruna,CORONG PLASTIK UK 10,,5,pcs
1203.SPK/BA.202/BA010102/2026,2026-07-23,Zalecha Baruna,"CORONG PLASTIK UK 3""",,5,pcs
1203.SPK/BA.202/BA010102/2026,2026-07-23,Zalecha Baruna,O RING KIT SET,,1,set
1203.SPK/BA.202/BA010102/2026,2026-07-23,Zalecha Baruna,COPPER KIT SET,,1,set
1203.SPK/BA.202/BA010102/2026,2026-07-23,Zalecha Baruna,POMPA PNEUMATIC OIL STICK DRUM,,1,unit
1203.SPK/BA.202/BA010102/2026,2026-07-23,Zalecha Baruna,MESIN BOR,,1,unit
1203.SPK/BA.202/BA010102/2026,2026-07-23,Zalecha Baruna,"KUNCI 8"" INCHI",,3,pcs
1203.SPK/BA.202/BA010102/2026,2026-07-23,Zalecha Baruna,WRAPPING LEBAR 60 CM,,5,roll
1203.SPK/BA.202/BA010102/2026,2026-07-23,Zalecha Baruna,SEROKAN SAMPAH,,10,pcs
1246.SPK/BA.17/BA010102/2026,2026-07-29,Srikandi Baruna 2205,PILOT II WHITE,,100,liter
1246.SPK/BA.17/BA010102/2026,2026-07-29,Srikandi Baruna 2205,PILOT II STD 7075 GREEN,,100,liter
1246.SPK/BA.17/BA010102/2026,2026-07-29,Srikandi Baruna 2205,THINNER NO. 02,,100,liter
1246.SPK/BA.17/BA010102/2026,2026-07-29,Srikandi Baruna 2205,PILOT II STD 258 YELLOW,,60,liter
1246.SPK/BA.17/BA010102/2026,2026-07-29,Srikandi Baruna 2205,PILOT II STD 439 ORANGE,,60,liter
1246.SPK/BA.17/BA010102/2026,2026-07-29,Srikandi Baruna 2205,PILOT II STD 926 RED,,60,liter
1246.SPK/BA.17/BA010102/2026,2026-07-29,Srikandi Baruna 2205,PILOT II GREY STD 403,,60,liter
1246.SPK/BA.17/BA010102/2026,2026-07-29,Srikandi Baruna 2205,PILOT II BLACK,,60,liter
1246.SPK/BA.17/BA010102/2026,2026-07-29,Srikandi Baruna 2205,PILOT II STD 2175 BROWN,,60,liter
1246.SPK/BA.17/BA010102/2026,2026-07-29,Srikandi Baruna 2205,SOLVALITT ALUMINIUM,,10,liter
1246.SPK/BA.17/BA010102/2026,2026-07-29,Srikandi Baruna 2205,ALKYDPRIMER RED,,60,liter
1246.SPK/BA.17/BA010102/2026,2026-07-29,Srikandi Baruna 2205,PILOT II PARROT BLUE STD 4202,,40,liter
1246.SPK/BA.17/BA010102/2026,2026-07-29,Srikandi Baruna 2205,PILOT II BROWN STD 1441,,40,liter
1237.SPK/BA.17/BA010102/2026,2026-07-28,Srikandi Baruna 2205,TALI PP MONOFILAMENT CIR 10,,1,roll
1148.SPK/BA.202/BA010102/2026,2026-07-28,Kartini Baruna,ELECTRIC SCALING MACHINE KC-50E 110V/60,591217,2,unit
1148.SPK/BA.202/BA010102/2026,2026-07-28,Kartini Baruna,"MESIN CAT SPRAY GUN AIRLESS PAINT SPAYER MERK : TSZUMI, TYPE : X20HD, POWER : 110W VOLTAGE : 220",,1,pcs
1148.SPK/BA.202/BA010102/2026,2026-07-28,Kartini Baruna,GERINDA TANGAN MERK MAKITA 4 INCH,TYPE 9553B,2,pcs
1148.SPK/BA.202/BA010102/2026,2026-07-28,Kartini Baruna,SAPU LANTAI,,50,pcs
1148.SPK/BA.202/BA010102/2026,2026-07-28,Kartini Baruna,SEROK SAMPAH / PENGKI / DUSTPAN,,50,pcs
1148.SPK/BA.202/BA010102/2026,2026-07-28,Kartini Baruna,PEL LATAI + GAGANG,,50,pcs
1148.SPK/BA.202/BA010102/2026,2026-07-28,Kartini Baruna,SEROKAN AIR / LEWA,,20,pcs
1148.SPK/BA.202/BA010102/2026,2026-07-28,Kartini Baruna,SAPU LIDI,,20,pcs
1148.SPK/BA.202/BA010102/2026,2026-07-28,Kartini Baruna,SEKOP,,20,pcs
1148.SPK/BA.202/BA010102/2026,2026-07-28,Kartini Baruna,KUAS BENGKOK 2 INCH,,30,pcs
1148.SPK/BA.202/BA010102/2026,2026-07-28,Kartini Baruna,REFILL KUAS ROLL MINYAK 4 INCH,,10,lusin
1148.SPK/BA.202/BA010102/2026,2026-07-28,Kartini Baruna,KUAS ROLL MINYAK (BULU) 10 CM DENGAN GAGANG,,20,pcs
1148.SPK/BA.202/BA010102/2026,2026-07-28,Kartini Baruna,"KUAS ROLL MINYAK (BULU) BESAR 9"" DENGAN GAGANG",,20,pcs
1148.SPK/BA.202/BA010102/2026,2026-07-28,Kartini Baruna,KUAS ROLL MINYAK REFILL 10 CM,,50,lusin
1148.SPK/BA.202/BA010102/2026,2026-07-28,Kartini Baruna,KUAS ROLL MINYAK REFILL 9 INCH,,30,pcs
1148.SPK/BA.202/BA010102/2026,2026-07-28,Kartini Baruna,"TONGKAT CAT EXTENSION POLE 1,1 M - 3 M",,8,pcs
1148.SPK/BA.202/BA010102/2026,2026-07-28,Kartini Baruna,"KABEL TIES STAINLESS 4,6 X 200 mm",,200,pcs
1148.SPK/BA.202/BA010102/2026,2026-07-28,Kartini Baruna,"KABEL TIES STAINLESS 4,6 X 300 mm",,200,pcs
1148.SPK/BA.202/BA010102/2026,2026-07-28,Kartini Baruna,"KABEL TIES NILON 4,8 X 300 mm",,200,pcs
1148.SPK/BA.202/BA010102/2026,2026-07-28,Kartini Baruna,SENTER KEPALA 100 WATT MERK KAWACHI / PUTIH,,10,pcs
1148.SPK/BA.202/BA010102/2026,2026-07-28,Kartini Baruna,COTTON GLOVE WITH NON SLIP/SARUNG TANGAN BINTIK,1901103,150,lusin
1148.SPK/BA.202/BA010102/2026,2026-07-28,Kartini Baruna,WIRE CUP BRUSH KEPANG STAINLESS 3 INCH,,100,pcs
1148.SPK/BA.202/BA010102/2026,2026-07-28,Kartini Baruna,CHIPING HAMMER LAS 500 Gram,,30,pcs
1148.SPK/BA.202/BA010102/2026,2026-07-28,Kartini Baruna,BLACKMITHS SLEDGE HAMMER (DOUBLE FACE) WITH HADLE 3.6 KG,612526,2,pcs
1148.SPK/BA.202/BA010102/2026,2026-07-28,Kartini Baruna,"SMOTH + CROSS PEIN HAMMER WITH HANDLE 1,8 KG",612563,4,pcs
1148.SPK/BA.202/BA010102/2026,2026-07-28,Kartini Baruna,STELLA SPRAT PENGHARUM RUANGAN 400 ML,,5,lusin
1148.SPK/BA.202/BA010102/2026,2026-07-28,Kartini Baruna,KAPUR BARUS SWALLOW / KAMPER TOILET ISI 5 PCS,,50,pack
1148.SPK/BA.202/BA010102/2026,2026-07-28,Kartini Baruna,RESIN,,10,kg
1148.SPK/BA.202/BA010102/2026,2026-07-28,Kartini Baruna,KATALIS 50 ml,,6,botol
1148.SPK/BA.202/BA010102/2026,2026-07-28,Kartini Baruna,"SLING BELT POLYESTER PANJANG 1,5 m SWL 5 ton",,6,pcs
1148.SPK/BA.202/BA010102/2026,2026-07-28,Kartini Baruna,SLING BELT POLYESTER PANJANG 3 m SWL 3 ton,,6,pcs
1148.SPK/BA.202/BA010102/2026,2026-07-28,Kartini Baruna,SLING BELT POLYESTER PANJANG 6 m SWL 5 ton,,6,pcs
1148.SPK/BA.202/BA010102/2026,2026-07-28,Kartini Baruna,WEBBING SLING BELT 3 TON X 1.5 M,,8,pcs
1148.SPK/BA.202/BA010102/2026,2026-07-28,Kartini Baruna,WEBBING SLING BELT 5 TON X 3 M,,10,pcs
1148.SPK/BA.202/BA010102/2026,2026-07-28,Kartini Baruna,WEBBING SLING BELT 10 TON X 6 M,,5,pcs
1148.SPK/BA.202/BA010102/2026,2026-07-28,Kartini Baruna,JAS HUJAN UKURAN L,,10,pcs
1148.SPK/BA.202/BA010102/2026,2026-07-28,Kartini Baruna,JAS HUJAN UKURAN XL,,10,pcs
1148.SPK/BA.202/BA010102/2026,2026-07-28,Kartini Baruna,SPLIT PIN 20 MM,,100,pcs
1148.SPK/BA.202/BA010102/2026,2026-07-28,Kartini Baruna,SPLIT PIN 30 MM,,200,pcs
1148.SPK/BA.202/BA010102/2026,2026-07-28,Kartini Baruna,SPLIT PIN 50 MM,,100,pcs
1148.SPK/BA.202/BA010102/2026,2026-07-28,Kartini Baruna,SPLIT PIN 70 MM,,50,pcs
1148.SPK/BA.202/BA010102/2026,2026-07-28,Kartini Baruna,SPLIT PIN 100 MM,,50,pcs
1148.SPK/BA.202/BA010102/2026,2026-07-28,Kartini Baruna,GEMBOK STANLESS PALOMA SIZE 70 MM,,20,pcs
1148.SPK/BA.202/BA010102/2026,2026-07-28,Kartini Baruna,TANGGA PANDU 25 M INCLUDE CERTIFICATE,,2,roll
1148.SPK/BA.202/BA010102/2026,2026-07-28,Kartini Baruna,MAJUN,,300,kg
1148.SPK/BA.202/BA010102/2026,2026-07-28,Kartini Baruna,SERBUK GERGAJI,,200,kg
1148.SPK/BA.202/BA010102/2026,2026-07-28,Kartini Baruna,STEP UP STEP DOWN 3000 W MERK DAICHI,,4,unit
1148.SPK/BA.202/BA010102/2026,2026-07-28,Kartini Baruna,STEP UP STEP DOWN 2000 W MERK DAICHI,,2,unit
1148.SPK/BA.202/BA010102/2026,2026-07-28,Kartini Baruna,RODA TROLI NILON 4 INCH (HIDUP),,10,pcs
1148.SPK/BA.202/BA010102/2026,2026-07-28,Kartini Baruna,RODA TROLI NILON 4 INCH (MATI),,10,pcs
1148.SPK/BA.202/BA010102/2026,2026-07-28,Kartini Baruna,MATA GERINDA POTONG 4 INCH,,100,pcs
1148.SPK/BA.202/BA010102/2026,2026-07-28,Kartini Baruna,MATA GERINDA POLES 4 INCH,,50,pcs
1148.SPK/BA.202/BA010102/2026,2026-07-28,Kartini Baruna,KAWAT LAS RB 2.6 MM,,15,kg
1148.SPK/BA.202/BA010102/2026,2026-07-28,Kartini Baruna,KAWAT LAS RB 4 MM,,15,kg
1148.SPK/BA.202/BA010102/2026,2026-07-28,Kartini Baruna,"KAWAT LAS LB 3,2 MM",,15,kg
1148.SPK/BA.202/BA010102/2026,2026-07-28,Kartini Baruna,KAWAT LAS LB 4 MM,,10,kg
1148.SPK/BA.202/BA010102/2026,2026-07-28,Kartini Baruna,DONGKRAK BOTOL MERK TEKIRO 50 T,,2,pcs
1148.SPK/BA.202/BA010102/2026,2026-07-28,Kartini Baruna,RILUIN HIPREX 3/4 INCH x 100 m,,2,roll
1148.SPK/BA.202/BA010102/2026,2026-07-28,Kartini Baruna,SELANG BENANG MERK TRILIUN HIPREX 1 INCH x 100 m,,1,roll
1148.SPK/BA.202/BA010102/2026,2026-07-28,Kartini Baruna,SELANG BENANG MERK TRILIUN HIPREX 2 INCH x 100 m,,3,roll
1148.SPK/BA.202/BA010102/2026,2026-07-28,Kartini Baruna,EMBER 10 L,,25,pcs
1148.SPK/BA.202/BA010102/2026,2026-07-28,Kartini Baruna,GAYUNG,,25,pcs
1148.SPK/BA.202/BA010102/2026,2026-07-28,Kartini Baruna,SODA API,,30,kg
1148.SPK/BA.202/BA010102/2026,2026-07-28,Kartini Baruna,BATTERY KERING 12V 100Ah,,3,pcs
1148.SPK/BA.202/BA010102/2026,2026-07-28,Kartini Baruna,BETON ESER POLOS 18 mm X 12 m,,15,batang
1148.SPK/BA.202/BA010102/2026,2026-07-28,Kartini Baruna,MCCB 3 PHASE (MITSUBISHI MODEL : NF 30-CS 10A),,2,pcs
1148.SPK/BA.202/BA010102/2026,2026-07-28,Kartini Baruna,MCCB 2 PHASE (MITSUBISHI MODEL : NF 30-CS 20A),,2,pcs
1223.SPK/BA.202/BA010102/2026,2026-07-27,,MEJA KANTOR DENVER,,1,pcs
1223.SPK/BA.202/BA010102/2026,2026-07-27,,KURSI KANTOR,,1,pcs
1223.SPK/BA.202/BA010102/2026,2026-07-27,,KURSI TAMU KANTOR,,3,pcs
1223.SPK/BA.202/BA010102/2026,2026-07-27,,AC 1 PK DAIKIN,,1,pcs
1223.SPK/BA.202/BA010102/2026,2026-07-27,,REUTER WIFI,,1,pcs
1223.SPK/BA.202/BA010102/2026,2026-07-27,,KABEL ROLL,,2,pcs
1223.SPK/BA.202/BA010102/2026,2026-07-27,,LAPTOP,,1,pcs
1223.SPK/BA.202/BA010102/2026,2026-07-27,,PRINTER HP,,1,pcs
1223.SPK/BA.202/BA010102/2026,2026-07-27,,SAPU IJUK SET,,1,pcs
1223.SPK/BA.202/BA010102/2026,2026-07-27,,SAPU LIDI SET,,1,pcs
1223.SPK/BA.202/BA010102/2026,2026-07-27,,PENGKI BESAR,,1,pcs
1223.SPK/BA.202/BA010102/2026,2026-07-27,,PERALATAN PEL,,1,pcs
1223.SPK/BA.202/BA010102/2026,2026-07-27,,PIRING & GELAS MELAMIN ISI 6 (SET),,1,pcs
1223.SPK/BA.202/BA010102/2026,2026-07-27,,SENDOK GARPU ISI 12 (SET),,1,pcs
1223.SPK/BA.202/BA010102/2026,2026-07-27,,SIKAT WC,,1,pcs
1223.SPK/BA.202/BA010102/2026,2026-07-27,,HELM PROYEK,,4,pcs
1223.SPK/BA.202/BA010102/2026,2026-07-27,,ROMPI PROYEK,,4,pcs
1223.SPK/BA.202/BA010102/2026,2026-07-27,,TEMPAT SAMPAH BESAR,,1,pcs
1223.SPK/BA.202/BA010102/2026,2026-07-27,,TEMPAT SAMPAH KECIL,,2,pcs
1223.SPK/BA.202/BA010102/2026,2026-07-27,,GAYUNG & EMBER,,1,pcs
1223.SPK/BA.202/BA010102/2026,2026-07-27,,KOTAK P3K,,1,pcs
1223.SPK/BA.202/BA010102/2026,2026-07-27,,JAM DINDING,,1,pcs
1223.SPK/BA.202/BA010102/2026,2026-07-27,,RAK SEPATU BESI,,1,pcs
1223.SPK/BA.202/BA010102/2026,2026-07-27,,LEMARI ARSIP METAL PINTU METAL NON KACA,,2,pcs
1223.SPK/BA.202/BA010102/2026,2026-07-27,,SMART TV MULTI FUNCTION,,1,pcs
1223.SPK/BA.202/BA010102/2026,2026-07-27,,ADJUSTABLE BRACKET TV,,1,pcs
1223.SPK/BA.202/BA010102/2026,2026-07-27,,KOMPOR INDUKSI,,1,pcs
1223.SPK/BA.202/BA010102/2026,2026-07-27,,KABEL LAN,,1,pcs
1223.SPK/BA.202/BA010102/2026,2026-07-27,,PERALATAN MASAK INDUKSI,,1,pcs
1257.SPK/BA.302/BA010102/2026,2026-07-31,Martha Baruna,FILTER ELEMENT,1348493,60,pcs
1257.SPK/BA.302/BA010102/2026,2026-07-31,Martha Baruna,O-RING,3035134,10,pcs
1257.SPK/BA.302/BA010102/2026,2026-07-31,Martha Baruna,O-RING,3040109,10,pcs
1257.SPK/BA.302/BA010102/2026,2026-07-31,Martha Baruna,O-RING,3040108,10,pcs
1257.SPK/BA.302/BA010102/2026,2026-07-31,Martha Baruna,GASKET,3030012,180,pcs
1218.SPK/BA.202/BA010102/2026,2026-07-31,Adhiguna Tarahan,REFILL LPG 50KG,,1,pcs
1218.SPK/BA.202/BA010102/2026,2026-07-31,Adhiguna Tarahan,REFILL OXYGEN,,5,pcs
1219.SPK/BA.202/BA010102/2026,2026-07-31,Sartika Baruna,REFILL LPG 12KG,,1,pcs
1219.SPK/BA.202/BA010102/2026,2026-07-31,Sartika Baruna,REFILL OXYGEN,,5,pcs
1216.SPK/BA.17/BA010102/2026,2026-07-31,Malahayati Baruna,HARDTOP SMART PACK II STD 049 RED,9 L,396,liter
1216.SPK/BA.17/BA010102/2026,2026-07-31,Malahayati Baruna,SOLVALITT ALUMUNIUM,5 L,50,liter
1216.SPK/BA.17/BA010102/2026,2026-07-31,Malahayati Baruna,PILOT II STD 258 YELLOW,5 L,50,liter
1216.SPK/BA.17/BA010102/2026,2026-07-31,Malahayati Baruna,HARDTOP SMART PACK II STD 258 YELLOW,9 L,54,liter
1216.SPK/BA.17/BA010102/2026,2026-07-31,Malahayati Baruna,PILOT II WHITE,5 L,200,liter
1216.SPK/BA.17/BA010102/2026,2026-07-31,Malahayati Baruna,THINNER NO 02,5 L,100,liter
1216.SPK/BA.17/BA010102/2026,2026-07-31,Malahayati Baruna,THINNER NO 07,5 L,25,liter
1216.SPK/BA.17/BA010102/2026,2026-07-31,Malahayati Baruna,THINNER NO 17,5 L,25,liter
1174.SPK/BA.302/BA010102/2026,2026-07-31,Sartika Baruna,End Plate I (Titanium),,1,pcs
1174.SPK/BA.302/BA010102/2026,2026-07-31,Sartika Baruna,End Plate II (Titanium),,1,pcs
1174.SPK/BA.302/BA010102/2026,2026-07-31,Sartika Baruna,Channel Plate (Titanium),,50,pcs
1174.SPK/BA.302/BA010102/2026,2026-07-31,Sartika Baruna,Gasket Rubber for End Plate I (EPDM),,2,pcs
1174.SPK/BA.302/BA010102/2026,2026-07-31,Sartika Baruna,Gasket Rubber for End Plate II (EPDM),,2,pcs
1174.SPK/BA.302/BA010102/2026,2026-07-31,Sartika Baruna,Gasket Rubber for Channel Plate (EPDM),,50,pcs
1241.SPK/BA.7/BA010102/2026,2026-07-31,Sartika Baruna,Pengurusan dispensasi sekali jalan sertifikat klasifikasi lambung dan sertifikat klasifikasi mesin untuk clearence out ke PLTU 1 Suralaya,,1,lot
1220.SPK/BA.302/BA010102/2026,2026-07-31,Malahayati Baruna,METAL SEAT GASKET,5013,1,pcs
1220.SPK/BA.302/BA010102/2026,2026-07-31,Malahayati Baruna,BEARING CASING,5001,1,pcs
1220.SPK/BA.302/BA010102/2026,2026-07-31,Malahayati Baruna,SET OF GASKET AND BOLT,,1,set
1220.SPK/BA.302/BA010102/2026,2026-07-31,Malahayati Baruna,TURBINE SHAFT,1001,1,pcs
1220.SPK/BA.302/BA010102/2026,2026-07-31,Malahayati Baruna,COMPRESSOR WHEEL,2001,1,pcs
1236.SPK/BA.17/BA010102/2026,2026-07-31,Srikandi Baruna 2206,TALI PP MONOFILAMENT CIR 10,,1,roll
1221.SPK/BA.17/BA010102/2026,2026-07-31,Malahayati Baruna,Wire Rope Hoisting,,4,pcs
1221.SPK/BA.17/BA010102/2026,2026-07-31,Malahayati Baruna,Wire Rope Luffing,,2,pcs
1190.SPK/BA.17/BA010102/2026,2026-07-31,Srikandi Baruna 2203,intercom,,3,unit
1190.SPK/BA.17/BA010102/2026,2026-07-31,Srikandi Baruna 2203,alarm bell,,2,pcs
1190.SPK/BA.17/BA010102/2026,2026-07-31,Srikandi Baruna 2203,OMRON,,4,pcs
1190.SPK/BA.17/BA010102/2026,2026-07-31,Srikandi Baruna 2203,TRAFO POWER,,1,unit
1190.SPK/BA.17/BA010102/2026,2026-07-31,Srikandi Baruna 2203,FREON R32 KEMASAN 5KG,,1,lot
1190.SPK/BA.17/BA010102/2026,2026-07-31,Srikandi Baruna 2203,RACOR,,40,pcs
1190.SPK/BA.17/BA010102/2026,2026-07-31,Srikandi Baruna 2203,LUBE FILTER,,24,pcs
1190.SPK/BA.17/BA010102/2026,2026-07-31,Srikandi Baruna 2203,LO FILTER BY PASS,,12,pcs
1190.SPK/BA.17/BA010102/2026,2026-07-31,Srikandi Baruna 2203,LO FILTER,,24,pcs
1190.SPK/BA.17/BA010102/2026,2026-07-31,Srikandi Baruna 2203,BOLA LAMPU NAVIGASI,,24,pcs
1188.SPK/BA.17/BA010102/2026,2026-07-31,Meutia Baruna,INVERTER,,1,lot
1188.SPK/BA.17/BA010102/2026,2026-07-31,Meutia Baruna,591255 HD TOOL,,50,set
1188.SPK/BA.17/BA010102/2026,2026-07-31,Meutia Baruna,MIYAKO RICE COOKER,,1,pcs
1303.Pj/BA.301/BA010400/2026,2026-07-10,Martha Baruna,PENGADAAN SPAREPART & JASA GENERAL OVERHAUL,,1,lot
1291.Pj/BA.301/BA010400/2026,2026-07-09,Martha Baruna,PENGADAAN MATERIAL RUBBER HATCH COVER,,1,lot
