tug_type,request_id,request_number,tug_number,spk_number,spk_id,vessel_name,destination_port,warehouse,status,created_at,created_by,notes,work_order_ref,item_no,spare_part_id,spare_part_name,part_number,requested_qty,approved_qty,unit,unit_price,remaining_stock,item_notes
TUG5_TUG6,mr-tug5-1,MR-2026-000001,,0994.SPK/BA.302/BA010102/2026,spk-juli-1,Malahayati Baruna,,,Approved,2026-07-01T08:00:00.000Z,,,0994.SPK/BA.302/BA010102/2026,1,sp-juli-1,"PUMP ASSY, INJECTION",OLD PN 746673-51104 NEW PN 746673-51108,6,6,set,0,10,Permintaan SPK 0994.SPK/BA.302/BA010102/2026
TUG5_TUG6,mr-tug5-2,MR-2026-000002,,1005.SPK/BA.17/BA010102/2026,spk-juli-2,Latifah Baruna,,,Approved,2026-07-02T08:00:00.000Z,,,1005.SPK/BA.17/BA010102/2026,1,sp-juli-2,UMEGUARD SX REDDISH,-,540,540,kg,0,10,Permintaan SPK 1005.SPK/BA.17/BA010102/2026
TUG5_TUG6,mr-tug5-2,MR-2026-000002,,1005.SPK/BA.17/BA010102/2026,spk-juli-2,Latifah Baruna,,,Approved,2026-07-02T08:00:00.000Z,,,1005.SPK/BA.17/BA010102/2026,2,sp-juli-3,UMEGUARD SX GREY,-,540,540,kg,0,10,Permintaan SPK 1005.SPK/BA.17/BA010102/2026
TUG5_TUG6,mr-tug5-2,MR-2026-000002,,1005.SPK/BA.17/BA010102/2026,spk-juli-2,Latifah Baruna,,,Approved,2026-07-02T08:00:00.000Z,,,1005.SPK/BA.17/BA010102/2026,3,sp-juli-4,UMEGUARD SX HARDWARE,INCLUDE NI 1&2,0,0,kg,0,10,Permintaan SPK 1005.SPK/BA.17/BA010102/2026
TUG5_TUG6,mr-tug5-3,MR-2026-000003,,0991.SPK/BA.101/BA010102/2026,spk-juli-3,Martha Baruna,,,Approved,2026-07-01T08:00:00.000Z,,,0991.SPK/BA.101/BA010102/2026,1,sp-juli-5,JASA ULTRASONIC THICKNES MEASUREMENT,-,1,1,lot,0,10,Permintaan SPK 0991.SPK/BA.101/BA010102/2026
TUG5_TUG6,mr-tug5-3,MR-2026-000003,,0991.SPK/BA.101/BA010102/2026,spk-juli-3,Martha Baruna,,,Approved,2026-07-01T08:00:00.000Z,,,0991.SPK/BA.101/BA010102/2026,2,sp-juli-6,REPORTING,-,1,1,lot,0,10,Permintaan SPK 0991.SPK/BA.101/BA010102/2026
TUG5_TUG6,mr-tug5-4,MR-2026-000004,,0990.SPK/BA.17/BA010102/2026,spk-juli-4,Rasuna Baruna,,,Approved,2026-07-01T08:00:00.000Z,,,0990.SPK/BA.17/BA010102/2026,1,sp-juli-7,CANVAS BRAKE LINNING,-,25,25,roll,0,10,Permintaan SPK 0990.SPK/BA.17/BA010102/2026
TUG5_TUG6,mr-tug5-4,MR-2026-000004,,0990.SPK/BA.17/BA010102/2026,spk-juli-4,Rasuna Baruna,,,Approved,2026-07-01T08:00:00.000Z,,,0990.SPK/BA.17/BA010102/2026,2,sp-juli-8,ACCESSORIES,-,3,3,pcs,0,10,Permintaan SPK 0990.SPK/BA.17/BA010102/2026
TUG5_TUG6,mr-tug5-5,MR-2026-000005,,1000.SPK/PR.202/BA010102/2026,spk-juli-5,Adhiguna Tarahan,,,Approved,2026-07-01T08:00:00.000Z,,,1000.SPK/PR.202/BA010102/2026,1,sp-juli-9,JASA RECASTING RUBBER SPIROFLEX,-,4,4,pcs,0,10,Permintaan SPK 1000.SPK/PR.202/BA010102/2026
TUG5_TUG6,mr-tug5-5,MR-2026-000005,,1000.SPK/PR.202/BA010102/2026,spk-juli-5,Adhiguna Tarahan,,,Approved,2026-07-01T08:00:00.000Z,,,1000.SPK/PR.202/BA010102/2026,2,sp-juli-10,BIAYA TRANSPORTASI,-,1,1,lot,0,10,Permintaan SPK 1000.SPK/PR.202/BA010102/2026
TUG5_TUG6,mr-tug5-6,MR-2026-000006,,0995.SPK/BA.302/BA010102/2026,spk-juli-6,Kencana Baruna,,,Approved,2026-07-01T08:00:00.000Z,,,0995.SPK/BA.302/BA010102/2026,1,sp-juli-11,PISTON LP,3382,2,2,pcs,0,10,Permintaan SPK 0995.SPK/BA.302/BA010102/2026
TUG5_TUG6,mr-tug5-6,MR-2026-000006,,0995.SPK/BA.302/BA010102/2026,spk-juli-6,Kencana Baruna,,,Approved,2026-07-01T08:00:00.000Z,,,0995.SPK/BA.302/BA010102/2026,2,sp-juli-12,PISTON HP,3398,2,2,pcs,0,10,Permintaan SPK 0995.SPK/BA.302/BA010102/2026
TUG5_TUG6,mr-tug5-6,MR-2026-000006,,0995.SPK/BA.302/BA010102/2026,spk-juli-6,Kencana Baruna,,,Approved,2026-07-01T08:00:00.000Z,,,0995.SPK/BA.302/BA010102/2026,3,sp-juli-13,CYLINDER HEAD,1255,1,1,set,0,10,Permintaan SPK 0995.SPK/BA.302/BA010102/2026
TUG5_TUG6,mr-tug5-7,MR-2026-000007,,1009.SPK/BA.302/BA010102/2026,spk-juli-7,Martha Baruna,,,Approved,2026-07-02T08:00:00.000Z,,,1009.SPK/BA.302/BA010102/2026,1,sp-juli-14,CRANK SHAFT,-,2,2,pcs,0,10,Permintaan SPK 1009.SPK/BA.302/BA010102/2026
TUG5_TUG6,mr-tug5-7,MR-2026-000007,,1009.SPK/BA.302/BA010102/2026,spk-juli-7,Martha Baruna,,,Approved,2026-07-02T08:00:00.000Z,,,1009.SPK/BA.302/BA010102/2026,2,sp-juli-15,OIL FILTER ELEMENT,FO-401,10,10,pcs,0,10,Permintaan SPK 1009.SPK/BA.302/BA010102/2026
TUG5_TUG6,mr-tug5-7,MR-2026-000007,,1009.SPK/BA.302/BA010102/2026,spk-juli-7,Martha Baruna,,,Approved,2026-07-02T08:00:00.000Z,,,1009.SPK/BA.302/BA010102/2026,3,sp-juli-16,BALANCE WEIGHT BOLT,SCM435,8,8,pcs,0,10,Permintaan SPK 1009.SPK/BA.302/BA010102/2026
TUG5_TUG6,mr-tug5-7,MR-2026-000007,,1009.SPK/BA.302/BA010102/2026,spk-juli-7,Martha Baruna,,,Approved,2026-07-02T08:00:00.000Z,,,1009.SPK/BA.302/BA010102/2026,4,sp-juli-17,BALANCE WEIGHT,FCD400,4,4,pcs,0,10,Permintaan SPK 1009.SPK/BA.302/BA010102/2026
TUG5_TUG6,mr-tug5-8,MR-2026-000008,,0996.SPK/BA.302/BA010102/2026,spk-juli-8,Sartika Baruna,,,Approved,2026-07-01T08:00:00.000Z,,,0996.SPK/BA.302/BA010102/2026,1,sp-juli-18,PISTON RING SET,-,5,5,set,0,10,Permintaan SPK 0996.SPK/BA.302/BA010102/2026
TUG5_TUG6,mr-tug5-8,MR-2026-000008,,0996.SPK/BA.302/BA010102/2026,spk-juli-8,Sartika Baruna,,,Approved,2026-07-01T08:00:00.000Z,,,0996.SPK/BA.302/BA010102/2026,2,sp-juli-19,CYLINDER LINER,E265080020,3,3,pcs,0,10,Permintaan SPK 0996.SPK/BA.302/BA010102/2026
TUG5_TUG6,mr-tug5-8,MR-2026-000008,,0996.SPK/BA.302/BA010102/2026,spk-juli-8,Sartika Baruna,,,Approved,2026-07-01T08:00:00.000Z,,,0996.SPK/BA.302/BA010102/2026,3,sp-juli-20,BOSCH PUMP UNIT,E266480040,1,1,set,0,10,Permintaan SPK 0996.SPK/BA.302/BA010102/2026
TUG5_TUG6,mr-tug5-8,MR-2026-000008,,0996.SPK/BA.302/BA010102/2026,spk-juli-8,Sartika Baruna,,,Approved,2026-07-01T08:00:00.000Z,,,0996.SPK/BA.302/BA010102/2026,4,sp-juli-21,FUEL OIL INJECTION DEVICE,E26628,4,4,set,0,10,Permintaan SPK 0996.SPK/BA.302/BA010102/2026
TUG5_TUG6,mr-tug5-9,MR-2026-000009,,0992.SPK/BA.101/BA010102/2026,spk-juli-9,Malahayati Baruna,,,Approved,2026-07-01T08:00:00.000Z,,,0992.SPK/BA.101/BA010102/2026,1,sp-juli-22,"Overhaul, Bench Test and Calibration",-,3,3,Unit,0,10,Permintaan SPK 0992.SPK/BA.101/BA010102/2026
TUG5_TUG6,mr-tug5-9,MR-2026-000009,,0992.SPK/BA.101/BA010102/2026,spk-juli-9,Malahayati Baruna,,,Approved,2026-07-01T08:00:00.000Z,,,0992.SPK/BA.101/BA010102/2026,2,sp-juli-23,Service of Speed Setting Device,-,3,3,Unit,0,10,Permintaan SPK 0992.SPK/BA.101/BA010102/2026
TUG5_TUG6,mr-tug5-9,MR-2026-000009,,0992.SPK/BA.101/BA010102/2026,spk-juli-9,Malahayati Baruna,,,Approved,2026-07-01T08:00:00.000Z,,,0992.SPK/BA.101/BA010102/2026,3,sp-juli-24,"Dismounting, Mounting, Transport & Commissioning",-,3,3,Unit,0,10,Permintaan SPK 0992.SPK/BA.101/BA010102/2026
TUG5_TUG6,mr-tug5-9,MR-2026-000009,,0992.SPK/BA.101/BA010102/2026,spk-juli-9,Malahayati Baruna,,,Approved,2026-07-01T08:00:00.000Z,,,0992.SPK/BA.101/BA010102/2026,4,sp-juli-25,"Dismounting, Mounting, Transport & Servicing",-,3,3,Unit,0,10,Permintaan SPK 0992.SPK/BA.101/BA010102/2026
TUG5_TUG6,mr-tug5-9,MR-2026-000009,,0992.SPK/BA.101/BA010102/2026,spk-juli-9,Malahayati Baruna,,,Approved,2026-07-01T08:00:00.000Z,,,0992.SPK/BA.101/BA010102/2026,5,sp-juli-26,Kit RHD,-,3,3,Set,0,10,Permintaan SPK 0992.SPK/BA.101/BA010102/2026
TUG5_TUG6,mr-tug5-9,MR-2026-000009,,0992.SPK/BA.101/BA010102/2026,spk-juli-9,Malahayati Baruna,,,Approved,2026-07-01T08:00:00.000Z,,,0992.SPK/BA.101/BA010102/2026,6,sp-juli-27,PV Plunger Assy,-,3,3,Pc,0,10,Permintaan SPK 0992.SPK/BA.101/BA010102/2026
TUG5_TUG6,mr-tug5-9,MR-2026-000009,,0992.SPK/BA.101/BA010102/2026,spk-juli-9,Malahayati Baruna,,,Approved,2026-07-01T08:00:00.000Z,,,0992.SPK/BA.101/BA010102/2026,7,sp-juli-28,Drive Shaft,-,3,3,Pc,0,10,Permintaan SPK 0992.SPK/BA.101/BA010102/2026
TUG5_TUG6,mr-tug5-9,MR-2026-000009,,0992.SPK/BA.101/BA010102/2026,spk-juli-9,Malahayati Baruna,,,Approved,2026-07-01T08:00:00.000Z,,,0992.SPK/BA.101/BA010102/2026,8,sp-juli-29,Bushing Terminal Shaft,-,6,6,Pc,0,10,Permintaan SPK 0992.SPK/BA.101/BA010102/2026
TUG5_TUG6,mr-tug5-9,MR-2026-000009,,0992.SPK/BA.101/BA010102/2026,spk-juli-9,Malahayati Baruna,,,Approved,2026-07-01T08:00:00.000Z,,,0992.SPK/BA.101/BA010102/2026,9,sp-juli-30,Floating Lever,-,3,3,Pc,0,10,Permintaan SPK 0992.SPK/BA.101/BA010102/2026
TUG5_TUG6,mr-tug5-9,MR-2026-000009,,0992.SPK/BA.101/BA010102/2026,spk-juli-9,Malahayati Baruna,,,Approved,2026-07-01T08:00:00.000Z,,,0992.SPK/BA.101/BA010102/2026,10,sp-juli-31,Droop Bracket,-,3,3,Pc,0,10,Permintaan SPK 0992.SPK/BA.101/BA010102/2026
TUG5_TUG6,mr-tug5-9,MR-2026-000009,,0992.SPK/BA.101/BA010102/2026,spk-juli-9,Malahayati Baruna,,,Approved,2026-07-01T08:00:00.000Z,,,0992.SPK/BA.101/BA010102/2026,11,sp-juli-32,Oil Gauge,-,3,3,Pc,0,10,Permintaan SPK 0992.SPK/BA.101/BA010102/2026
TUG5_TUG6,mr-tug5-9,MR-2026-000009,,0992.SPK/BA.101/BA010102/2026,spk-juli-9,Malahayati Baruna,,,Approved,2026-07-01T08:00:00.000Z,,,0992.SPK/BA.101/BA010102/2026,12,sp-juli-33,- Servo Motor Kit,-,3,3,Set,0,10,Permintaan SPK 0992.SPK/BA.101/BA010102/2026
TUG5_TUG6,mr-tug5-9,MR-2026-000009,,0992.SPK/BA.101/BA010102/2026,spk-juli-9,Malahayati Baruna,,,Approved,2026-07-01T08:00:00.000Z,,,0992.SPK/BA.101/BA010102/2026,13,sp-juli-34,- Linkage Set,-,3,3,Set,0,10,Permintaan SPK 0992.SPK/BA.101/BA010102/2026
TUG5_TUG6,mr-tug5-9,MR-2026-000009,,0992.SPK/BA.101/BA010102/2026,spk-juli-9,Malahayati Baruna,,,Approved,2026-07-01T08:00:00.000Z,,,0992.SPK/BA.101/BA010102/2026,14,sp-juli-35,Bearing Driving Gear Device,-,6,6,Pc,0,10,Permintaan SPK 0992.SPK/BA.101/BA010102/2026
TUG5_TUG6,mr-tug5-9,MR-2026-000009,,0992.SPK/BA.101/BA010102/2026,spk-juli-9,Malahayati Baruna,,,Approved,2026-07-01T08:00:00.000Z,,,0992.SPK/BA.101/BA010102/2026,15,sp-juli-36,DISKON,-,1,1,lot,0,10,Permintaan SPK 0992.SPK/BA.101/BA010102/2026
TUG5_TUG6,mr-tug5-10,MR-2026-000010,,1016.SPK/BA.202/BA010102/2026,spk-juli-10,Jayanti Baruna,,,Approved,2026-07-02T08:00:00.000Z,,,1016.SPK/BA.202/BA010102/2026,1,sp-juli-37,"BALL BEARING for cargo hold, ME Gearbox LO pump, Air CONDITIONING COMP RR",6312 (NTN/FAG),5,5,PCS,0,10,Permintaan SPK 1016.SPK/BA.202/BA010102/2026
TUG5_TUG6,mr-tug5-10,MR-2026-000010,,1016.SPK/BA.202/BA010102/2026,spk-juli-10,Jayanti Baruna,,,Approved,2026-07-02T08:00:00.000Z,,,1016.SPK/BA.202/BA010102/2026,2,sp-juli-38,"BALL BEARING for FO purifier, Daily bilge pp, Sludge ff pp, sewage ff pp, Hot water circ pp",6204 ZZ C3 (NTN/FAG),6,6,PCS,0,10,Permintaan SPK 1016.SPK/BA.202/BA010102/2026
TUG5_TUG6,mr-tug5-10,MR-2026-000010,,1016.SPK/BA.202/BA010102/2026,spk-juli-10,Jayanti Baruna,,,Approved,2026-07-02T08:00:00.000Z,,,1016.SPK/BA.202/BA010102/2026,3,sp-juli-39,"BALL BEARING for ME LO Purifier, Daily bilge pp, sludge ff pp, sewage ff pp, ME FO circ pp, ME exh gas fan",6205 ZZ C3 (NTN/FAG),12,12,PCS,0,10,Permintaan SPK 1016.SPK/BA.202/BA010102/2026
TUG5_TUG6,mr-tug5-10,MR-2026-000010,,1016.SPK/BA.202/BA010102/2026,spk-juli-10,Jayanti Baruna,,,Approved,2026-07-02T08:00:00.000Z,,,1016.SPK/BA.202/BA010102/2026,4,sp-juli-40,"BALL BEARING for sewage transfer pump, FO PURIFIER",6305 ZZ C3 (NTN/FAG),2,2,PCS,0,10,Permintaan SPK 1016.SPK/BA.202/BA010102/2026
TUG5_TUG6,mr-tug5-10,MR-2026-000010,,1016.SPK/BA.202/BA010102/2026,spk-juli-10,Jayanti Baruna,,,Approved,2026-07-02T08:00:00.000Z,,,1016.SPK/BA.202/BA010102/2026,5,sp-juli-41,"BALL BEARING for FO Transfer pp, ME LO Purifier, FW hydrophone pp",6306 ZZ C3 (NTN/FAG),10,10,PCS,0,10,Permintaan SPK 1016.SPK/BA.202/BA010102/2026
TUG5_TUG6,mr-tug5-10,MR-2026-000010,,1016.SPK/BA.202/BA010102/2026,spk-juli-10,Jayanti Baruna,,,Approved,2026-07-02T08:00:00.000Z,,,1016.SPK/BA.202/BA010102/2026,6,sp-juli-42,"BALL BEARING for Ballast Pp, Main Cooling SW pp, ME HT CW stand by pp, LT CW stand by pp",6309ZZ C3 (NTN/FAG),14,14,PCS,0,10,Permintaan SPK 1016.SPK/BA.202/BA010102/2026
TUG5_TUG6,mr-tug5-10,MR-2026-000010,,1016.SPK/BA.202/BA010102/2026,spk-juli-10,Jayanti Baruna,,,Approved,2026-07-02T08:00:00.000Z,,,1016.SPK/BA.202/BA010102/2026,7,sp-juli-43,BALL BEARING for Aux cooling FW pump,6311 ZZ C3 (NTN/FAG),4,4,PCS,0,10,Permintaan SPK 1016.SPK/BA.202/BA010102/2026
TUG5_TUG6,mr-tug5-10,MR-2026-000010,,1016.SPK/BA.202/BA010102/2026,spk-juli-10,Jayanti Baruna,,,Approved,2026-07-02T08:00:00.000Z,,,1016.SPK/BA.202/BA010102/2026,8,sp-juli-44,"BALL BEARING Emergency fire pump, ME LO stand by pump, Emergency fire pump",6312 ZZ C3 (NTN/FAG),4,4,PCS,0,10,Permintaan SPK 1016.SPK/BA.202/BA010102/2026
TUG5_TUG6,mr-tug5-10,MR-2026-000010,,1016.SPK/BA.202/BA010102/2026,spk-juli-10,Jayanti Baruna,,,Approved,2026-07-02T08:00:00.000Z,,,1016.SPK/BA.202/BA010102/2026,9,sp-juli-45,BALL BEARING for ME LO stand by pump,6313 ZZ C3 (NTN/FAG),2,2,PCS,0,10,Permintaan SPK 1016.SPK/BA.202/BA010102/2026
TUG5_TUG6,mr-tug5-10,MR-2026-000010,,1016.SPK/BA.202/BA010102/2026,spk-juli-10,Jayanti Baruna,,,Approved,2026-07-02T08:00:00.000Z,,,1016.SPK/BA.202/BA010102/2026,10,sp-juli-46,"BALL BEARING for Fire, bilge & GS pp, Cargo chiller FW circulation pp, Chiller Unit Cooling SW pp",6314 C3 (NTN/FAG),8,8,PCS,0,10,Permintaan SPK 1016.SPK/BA.202/BA010102/2026
TUG5_TUG6,mr-tug5-10,MR-2026-000010,,1016.SPK/BA.202/BA010102/2026,spk-juli-10,Jayanti Baruna,,,Approved,2026-07-02T08:00:00.000Z,,,1016.SPK/BA.202/BA010102/2026,11,sp-juli-47,"BALL BEARING for Cargo chiller FW circulation pp, Chiller Unit Cooling SW pp",6315 C3 (NTN/FAG),4,4,PCS,0,10,Permintaan SPK 1016.SPK/BA.202/BA010102/2026
TUG5_TUG6,mr-tug5-10,MR-2026-000010,,1016.SPK/BA.202/BA010102/2026,spk-juli-10,Jayanti Baruna,,,Approved,2026-07-02T08:00:00.000Z,,,1016.SPK/BA.202/BA010102/2026,12,sp-juli-48,BALL BEARING for Deck Water Spray pump,6316 C3 (NTN/FAG),4,4,PCS,0,10,Permintaan SPK 1016.SPK/BA.202/BA010102/2026
TUG5_TUG6,mr-tug5-10,MR-2026-000010,,1016.SPK/BA.202/BA010102/2026,spk-juli-10,Jayanti Baruna,,,Approved,2026-07-02T08:00:00.000Z,,,1016.SPK/BA.202/BA010102/2026,13,sp-juli-49,BALL BEARING for Galley exhaust fan,6205-2RSH (SKF),2,2,PCS,0,10,Permintaan SPK 1016.SPK/BA.202/BA010102/2026
TUG5_TUG6,mr-tug5-10,MR-2026-000010,,1016.SPK/BA.202/BA010102/2026,spk-juli-10,Jayanti Baruna,,,Approved,2026-07-02T08:00:00.000Z,,,1016.SPK/BA.202/BA010102/2026,14,sp-juli-50,"BALL BEARING for ME LO Purifier, Sewage discharge PP",6205-ZZ (NTN/FAG),2,2,PCS,0,10,Permintaan SPK 1016.SPK/BA.202/BA010102/2026
TUG5_TUG6,mr-tug5-10,MR-2026-000010,,1016.SPK/BA.202/BA010102/2026,spk-juli-10,Jayanti Baruna,,,Approved,2026-07-02T08:00:00.000Z,,,1016.SPK/BA.202/BA010102/2026,15,sp-juli-51,BALL BEARING for VRC hydraulic pp,6206-DDU/C3 (NTN/FAG),4,4,PCS,0,10,Permintaan SPK 1016.SPK/BA.202/BA010102/2026
TUG5_TUG6,mr-tug5-10,MR-2026-000010,,1016.SPK/BA.202/BA010102/2026,spk-juli-10,Jayanti Baruna,,,Approved,2026-07-02T08:00:00.000Z,,,1016.SPK/BA.202/BA010102/2026,16,sp-juli-52,BEARING ELECTROMOTOR AC COMPRESSOR,6312-/C3 (NTN/FAG),2,2,PCS,0,10,Permintaan SPK 1016.SPK/BA.202/BA010102/2026
TUG5_TUG6,mr-tug5-10,MR-2026-000010,,1016.SPK/BA.202/BA010102/2026,spk-juli-10,Jayanti Baruna,,,Approved,2026-07-02T08:00:00.000Z,,,1016.SPK/BA.202/BA010102/2026,17,sp-juli-53,BEARING ELECTROMOTOR AC COMPRESSOR,6313-/C3 (NTN/FAG),2,2,PCS,0,10,Permintaan SPK 1016.SPK/BA.202/BA010102/2026
TUG5_TUG6,mr-tug5-10,MR-2026-000010,,1016.SPK/BA.202/BA010102/2026,spk-juli-10,Jayanti Baruna,,,Approved,2026-07-02T08:00:00.000Z,,,1016.SPK/BA.202/BA010102/2026,18,sp-juli-54,BEARING ELECTROMOTOR FOR BLOWER FAN,6309 (NTN/FAG),4,4,PCS,0,10,Permintaan SPK 1016.SPK/BA.202/BA010102/2026
TUG5_TUG6,mr-tug5-11,MR-2026-000011,,1004.SPK/BA.302/BA010102/2026,spk-juli-11,Meutia Baruna,,,Approved,2026-07-02T08:00:00.000Z,,,1004.SPK/BA.302/BA010102/2026,1,sp-juli-55,O-RING,3803-6741-00,4,4,pcs,0,10,Permintaan SPK 1004.SPK/BA.302/BA010102/2026
TUG5_TUG6,mr-tug5-11,MR-2026-000011,,1004.SPK/BA.302/BA010102/2026,spk-juli-11,Meutia Baruna,,,Approved,2026-07-02T08:00:00.000Z,,,1004.SPK/BA.302/BA010102/2026,2,sp-juli-56,O-RING,3803-6423-00,4,4,pcs,0,10,Permintaan SPK 1004.SPK/BA.302/BA010102/2026
TUG5_TUG6,mr-tug5-11,MR-2026-000011,,1004.SPK/BA.302/BA010102/2026,spk-juli-11,Meutia Baruna,,,Approved,2026-07-02T08:00:00.000Z,,,1004.SPK/BA.302/BA010102/2026,3,sp-juli-57,Crank Pin Metal Bearing,1710-4103-00,2,2,set,0,10,Permintaan SPK 1004.SPK/BA.302/BA010102/2026
TUG5_TUG6,mr-tug5-11,MR-2026-000011,,1004.SPK/BA.302/BA010102/2026,spk-juli-11,Meutia Baruna,,,Approved,2026-07-02T08:00:00.000Z,,,1004.SPK/BA.302/BA010102/2026,4,sp-juli-58,Connecting Rod,1710-4100-00,1,1,set,0,10,Permintaan SPK 1004.SPK/BA.302/BA010102/2026
TUG5_TUG6,mr-tug5-11,MR-2026-000011,,1004.SPK/BA.302/BA010102/2026,spk-juli-11,Meutia Baruna,,,Approved,2026-07-02T08:00:00.000Z,,,1004.SPK/BA.302/BA010102/2026,5,sp-juli-59,Oil Pump,1380-6132-01,1,1,pcs,0,10,Permintaan SPK 1004.SPK/BA.302/BA010102/2026
TUG5_TUG6,mr-tug5-11,MR-2026-000011,,1004.SPK/BA.302/BA010102/2026,spk-juli-11,Meutia Baruna,,,Approved,2026-07-02T08:00:00.000Z,,,1004.SPK/BA.302/BA010102/2026,6,sp-juli-60,Cylinder Liner 1St Stage,1710-3102-00,1,1,set,0,10,Permintaan SPK 1004.SPK/BA.302/BA010102/2026
TUG5_TUG6,mr-tug5-11,MR-2026-000011,,1004.SPK/BA.302/BA010102/2026,spk-juli-11,Meutia Baruna,,,Approved,2026-07-02T08:00:00.000Z,,,1004.SPK/BA.302/BA010102/2026,7,sp-juli-61,Cylinder Liner 2Nd Stage,1710-3102-00,1,1,set,0,10,Permintaan SPK 1004.SPK/BA.302/BA010102/2026
TUG5_TUG6,mr-tug5-12,MR-2026-000012,,0993.SPK/BA.101/BA010102/2026,spk-juli-12,Latifah Baruna,,,Approved,2026-07-01T08:00:00.000Z,,,0993.SPK/BA.101/BA010102/2026,1,sp-juli-62,DELIVERY VALVE H.P. COMPLETE,3012,6,6,pcs,0,10,Permintaan SPK 0993.SPK/BA.101/BA010102/2026
TUG5_TUG6,mr-tug5-12,MR-2026-000012,,0993.SPK/BA.101/BA010102/2026,spk-juli-12,Latifah Baruna,,,Approved,2026-07-01T08:00:00.000Z,,,0993.SPK/BA.101/BA010102/2026,2,sp-juli-63,SUCTION VALVE L.P. COMPLETE,3020,4,4,pcs,0,10,Permintaan SPK 0993.SPK/BA.101/BA010102/2026
TUG5_TUG6,mr-tug5-12,MR-2026-000012,,0993.SPK/BA.101/BA010102/2026,spk-juli-12,Latifah Baruna,,,Approved,2026-07-01T08:00:00.000Z,,,0993.SPK/BA.101/BA010102/2026,3,sp-juli-64,SUCTION VALVE H.P. COMPLETE,3049,6,6,pcs,0,10,Permintaan SPK 0993.SPK/BA.101/BA010102/2026
TUG5_TUG6,mr-tug5-12,MR-2026-000012,,0993.SPK/BA.101/BA010102/2026,spk-juli-12,Latifah Baruna,,,Approved,2026-07-01T08:00:00.000Z,,,0993.SPK/BA.101/BA010102/2026,4,sp-juli-65,DELIVERY VALVE L.P. COMPLETE,3021,4,4,pcs,0,10,Permintaan SPK 0993.SPK/BA.101/BA010102/2026
TUG5_TUG6,mr-tug5-12,MR-2026-000012,,0993.SPK/BA.101/BA010102/2026,spk-juli-12,Latifah Baruna,,,Approved,2026-07-01T08:00:00.000Z,,,0993.SPK/BA.101/BA010102/2026,5,sp-juli-66,OIL RING H.P,3533,4,4,pcs,0,10,Permintaan SPK 0993.SPK/BA.101/BA010102/2026
TUG5_TUG6,mr-tug5-12,MR-2026-000012,,0993.SPK/BA.101/BA010102/2026,spk-juli-12,Latifah Baruna,,,Approved,2026-07-01T08:00:00.000Z,,,0993.SPK/BA.101/BA010102/2026,6,sp-juli-67,OIL RING L.P,3543,6,6,pcs,0,10,Permintaan SPK 0993.SPK/BA.101/BA010102/2026
TUG5_TUG6,mr-tug5-12,MR-2026-000012,,0993.SPK/BA.101/BA010102/2026,spk-juli-12,Latifah Baruna,,,Approved,2026-07-01T08:00:00.000Z,,,0993.SPK/BA.101/BA010102/2026,7,sp-juli-68,PISTON H.P.,3398,3,3,pcs,0,10,Permintaan SPK 0993.SPK/BA.101/BA010102/2026
TUG5_TUG6,mr-tug5-12,MR-2026-000012,,0993.SPK/BA.101/BA010102/2026,spk-juli-12,Latifah Baruna,,,Approved,2026-07-01T08:00:00.000Z,,,0993.SPK/BA.101/BA010102/2026,8,sp-juli-69,COMPRESSION RING H.P.,3505,8,8,pcs,0,10,Permintaan SPK 0993.SPK/BA.101/BA010102/2026
TUG5_TUG6,mr-tug5-12,MR-2026-000012,,0993.SPK/BA.101/BA010102/2026,spk-juli-12,Latifah Baruna,,,Approved,2026-07-01T08:00:00.000Z,,,0993.SPK/BA.101/BA010102/2026,9,sp-juli-70,COMPRESSION/OIL RING L.P.,3485,4,4,pcs,0,10,Permintaan SPK 0993.SPK/BA.101/BA010102/2026
TUG5_TUG6,mr-tug5-12,MR-2026-000012,,0993.SPK/BA.101/BA010102/2026,spk-juli-12,Latifah Baruna,,,Approved,2026-07-01T08:00:00.000Z,,,0993.SPK/BA.101/BA010102/2026,10,sp-juli-71,COMPRESSION RING L.P.,3518,8,8,pcs,0,10,Permintaan SPK 0993.SPK/BA.101/BA010102/2026
TUG5_TUG6,mr-tug5-12,MR-2026-000012,,0993.SPK/BA.101/BA010102/2026,spk-juli-12,Latifah Baruna,,,Approved,2026-07-01T08:00:00.000Z,,,0993.SPK/BA.101/BA010102/2026,11,sp-juli-72,OIL FILTER,3722,6,6,pcs,0,10,Permintaan SPK 0993.SPK/BA.101/BA010102/2026
TUG5_TUG6,mr-tug5-12,MR-2026-000012,,0993.SPK/BA.101/BA010102/2026,spk-juli-12,Latifah Baruna,,,Approved,2026-07-01T08:00:00.000Z,,,0993.SPK/BA.101/BA010102/2026,12,sp-juli-73,AIR FILTER INSERT,3718,6,6,pcs,0,10,Permintaan SPK 0993.SPK/BA.101/BA010102/2026
TUG5_TUG6,mr-tug5-12,MR-2026-000012,,0993.SPK/BA.101/BA010102/2026,spk-juli-12,Latifah Baruna,,,Approved,2026-07-01T08:00:00.000Z,,,0993.SPK/BA.101/BA010102/2026,13,sp-juli-74,GASKET COVER,3995,4,4,pcs,0,10,Permintaan SPK 0993.SPK/BA.101/BA010102/2026
TUG5_TUG6,mr-tug5-12,MR-2026-000012,,0993.SPK/BA.101/BA010102/2026,spk-juli-12,Latifah Baruna,,,Approved,2026-07-01T08:00:00.000Z,,,0993.SPK/BA.101/BA010102/2026,14,sp-juli-75,VALVE GASKET,3909,10,10,pcs,0,10,Permintaan SPK 0993.SPK/BA.101/BA010102/2026
TUG5_TUG6,mr-tug5-12,MR-2026-000012,,0993.SPK/BA.101/BA010102/2026,spk-juli-12,Latifah Baruna,,,Approved,2026-07-01T08:00:00.000Z,,,0993.SPK/BA.101/BA010102/2026,15,sp-juli-76,VALVE GASKET,3906,15,15,pcs,0,10,Permintaan SPK 0993.SPK/BA.101/BA010102/2026
TUG5_TUG6,mr-tug5-12,MR-2026-000012,,0993.SPK/BA.101/BA010102/2026,spk-juli-12,Latifah Baruna,,,Approved,2026-07-01T08:00:00.000Z,,,0993.SPK/BA.101/BA010102/2026,16,sp-juli-77,SWIVEL NIPPLE,7665,4,4,pcs,0,10,Permintaan SPK 0993.SPK/BA.101/BA010102/2026
TUG5_TUG6,mr-tug5-12,MR-2026-000012,,0993.SPK/BA.101/BA010102/2026,spk-juli-12,Latifah Baruna,,,Approved,2026-07-01T08:00:00.000Z,,,0993.SPK/BA.101/BA010102/2026,17,sp-juli-78,SEPARATOR (SPARATOR),7595,1,1,pcs,0,10,Permintaan SPK 0993.SPK/BA.101/BA010102/2026
TUG5_TUG6,mr-tug5-12,MR-2026-000012,,0993.SPK/BA.101/BA010102/2026,spk-juli-12,Latifah Baruna,,,Approved,2026-07-01T08:00:00.000Z,,,0993.SPK/BA.101/BA010102/2026,18,sp-juli-79,"CRANKSHAFT BEARING BUSHES, PAIR",3832,2,2,set,0,10,Permintaan SPK 0993.SPK/BA.101/BA010102/2026
TUG5_TUG6,mr-tug5-12,MR-2026-000012,,0993.SPK/BA.101/BA010102/2026,spk-juli-12,Latifah Baruna,,,Approved,2026-07-01T08:00:00.000Z,,,0993.SPK/BA.101/BA010102/2026,19,sp-juli-80,"FRAME BEARING, END",3921,2,2,set,0,10,Permintaan SPK 0993.SPK/BA.101/BA010102/2026
TUG5_TUG6,mr-tug5-12,MR-2026-000012,,0993.SPK/BA.101/BA010102/2026,spk-juli-12,Latifah Baruna,,,Approved,2026-07-01T08:00:00.000Z,,,0993.SPK/BA.101/BA010102/2026,20,sp-juli-81,FRAME BEARING CENTRE,3922,1,1,set,0,10,Permintaan SPK 0993.SPK/BA.101/BA010102/2026
TUG5_TUG6,mr-tug5-12,MR-2026-000012,,0993.SPK/BA.101/BA010102/2026,spk-juli-12,Latifah Baruna,,,Approved,2026-07-01T08:00:00.000Z,,,0993.SPK/BA.101/BA010102/2026,21,sp-juli-82,GASKET - LP VALVE COVER,4058,10,10,pcs,0,10,Permintaan SPK 0993.SPK/BA.101/BA010102/2026
TUG5_TUG6,mr-tug5-12,MR-2026-000012,,0993.SPK/BA.101/BA010102/2026,spk-juli-12,Latifah Baruna,,,Approved,2026-07-01T08:00:00.000Z,,,0993.SPK/BA.101/BA010102/2026,22,sp-juli-83,GASKET - HP VALVE COVER,4057,10,10,pcs,0,10,Permintaan SPK 0993.SPK/BA.101/BA010102/2026
TUG5_TUG6,mr-tug5-12,MR-2026-000012,,0993.SPK/BA.101/BA010102/2026,spk-juli-12,Latifah Baruna,,,Approved,2026-07-01T08:00:00.000Z,,,0993.SPK/BA.101/BA010102/2026,23,sp-juli-84,"MANOMETER, LP AIR",3771,2,2,pcs,0,10,Permintaan SPK 0993.SPK/BA.101/BA010102/2026
TUG5_TUG6,mr-tug5-12,MR-2026-000012,,0993.SPK/BA.101/BA010102/2026,spk-juli-12,Latifah Baruna,,,Approved,2026-07-01T08:00:00.000Z,,,0993.SPK/BA.101/BA010102/2026,24,sp-juli-85,"MANOMETER, HP AIR",3773,2,2,pcs,0,10,Permintaan SPK 0993.SPK/BA.101/BA010102/2026
TUG5_TUG6,mr-tug5-12,MR-2026-000012,,0993.SPK/BA.101/BA010102/2026,spk-juli-12,Latifah Baruna,,,Approved,2026-07-01T08:00:00.000Z,,,0993.SPK/BA.101/BA010102/2026,25,sp-juli-86,MONOMETER COOLING WATER OIL,3770,2,2,pcs,0,10,Permintaan SPK 0993.SPK/BA.101/BA010102/2026
TUG5_TUG6,mr-tug5-12,MR-2026-000012,,0993.SPK/BA.101/BA010102/2026,spk-juli-12,Latifah Baruna,,,Approved,2026-07-01T08:00:00.000Z,,,0993.SPK/BA.101/BA010102/2026,26,sp-juli-87,"COMPRESSION RING, STEPPED, H.P.",3487,4,4,pcs,0,10,Permintaan SPK 0993.SPK/BA.101/BA010102/2026
TUG5_TUG6,mr-tug5-12,MR-2026-000012,,0993.SPK/BA.101/BA010102/2026,spk-juli-12,Latifah Baruna,,,Approved,2026-07-01T08:00:00.000Z,,,0993.SPK/BA.101/BA010102/2026,27,sp-juli-88,"COMPRESSION RING, STEPPED, L.P.",3488,4,4,pcs,0,10,Permintaan SPK 0993.SPK/BA.101/BA010102/2026
TUG5_TUG6,mr-tug5-12,MR-2026-000012,,0993.SPK/BA.101/BA010102/2026,spk-juli-12,Latifah Baruna,,,Approved,2026-07-01T08:00:00.000Z,,,0993.SPK/BA.101/BA010102/2026,28,sp-juli-89,"COMPRESSION RING, PLAIN H.P.",3501,3,3,pcs,0,10,Permintaan SPK 0993.SPK/BA.101/BA010102/2026
TUG5_TUG6,mr-tug5-12,MR-2026-000012,,0993.SPK/BA.101/BA010102/2026,spk-juli-12,Latifah Baruna,,,Approved,2026-07-01T08:00:00.000Z,,,0993.SPK/BA.101/BA010102/2026,29,sp-juli-90,OIL RING H.P.,3528,3,3,pcs,0,10,Permintaan SPK 0993.SPK/BA.101/BA010102/2026
TUG5_TUG6,mr-tug5-12,MR-2026-000012,,0993.SPK/BA.101/BA010102/2026,spk-juli-12,Latifah Baruna,,,Approved,2026-07-01T08:00:00.000Z,,,0993.SPK/BA.101/BA010102/2026,30,sp-juli-91,OIL RING L.P.,3529,4,4,pcs,0,10,Permintaan SPK 0993.SPK/BA.101/BA010102/2026
TUG5_TUG6,mr-tug5-12,MR-2026-000012,,0993.SPK/BA.101/BA010102/2026,spk-juli-12,Latifah Baruna,,,Approved,2026-07-01T08:00:00.000Z,,,0993.SPK/BA.101/BA010102/2026,31,sp-juli-92,VALVE L.P.,3036,2,2,pcs,0,10,Permintaan SPK 0993.SPK/BA.101/BA010102/2026
TUG5_TUG6,mr-tug5-12,MR-2026-000012,,0993.SPK/BA.101/BA010102/2026,spk-juli-12,Latifah Baruna,,,Approved,2026-07-01T08:00:00.000Z,,,0993.SPK/BA.101/BA010102/2026,32,sp-juli-93,VALVE H.P.,3037,2,2,pcs,0,10,Permintaan SPK 0993.SPK/BA.101/BA010102/2026
TUG5_TUG6,mr-tug5-12,MR-2026-000012,,0993.SPK/BA.101/BA010102/2026,spk-juli-12,Latifah Baruna,,,Approved,2026-07-01T08:00:00.000Z,,,0993.SPK/BA.101/BA010102/2026,33,sp-juli-94,NEEDLE BEARING,3878,4,4,pcs,0,10,Permintaan SPK 0993.SPK/BA.101/BA010102/2026
TUG5_TUG6,mr-tug5-12,MR-2026-000012,,0993.SPK/BA.101/BA010102/2026,spk-juli-12,Latifah Baruna,,,Approved,2026-07-01T08:00:00.000Z,,,0993.SPK/BA.101/BA010102/2026,34,sp-juli-95,VALVE SEALING RING,3919,6,6,pcs,0,10,Permintaan SPK 0993.SPK/BA.101/BA010102/2026
TUG5_TUG6,mr-tug5-12,MR-2026-000012,,0993.SPK/BA.101/BA010102/2026,spk-juli-12,Latifah Baruna,,,Approved,2026-07-01T08:00:00.000Z,,,0993.SPK/BA.101/BA010102/2026,35,sp-juli-96,GASKET,4095,3,3,pcs,0,10,Permintaan SPK 0993.SPK/BA.101/BA010102/2026
TUG5_TUG6,mr-tug5-12,MR-2026-000012,,0993.SPK/BA.101/BA010102/2026,spk-juli-12,Latifah Baruna,,,Approved,2026-07-01T08:00:00.000Z,,,0993.SPK/BA.101/BA010102/2026,36,sp-juli-97,GASKET,4096,3,3,pcs,0,10,Permintaan SPK 0993.SPK/BA.101/BA010102/2026
TUG5_TUG6,mr-tug5-13,MR-2026-000013,,0989.SPK/BA.202/BA010102/2026,spk-juli-13,Rasuna Baruna,,,Approved,2026-07-01T08:00:00.000Z,,,0989.SPK/BA.202/BA010102/2026,1,sp-juli-98,RINSO,-,60,60,pack,0,10,Permintaan SPK 0989.SPK/BA.202/BA010102/2026
TUG5_TUG6,mr-tug5-13,MR-2026-000013,,0989.SPK/BA.202/BA010102/2026,spk-juli-13,Rasuna Baruna,,,Approved,2026-07-01T08:00:00.000Z,,,0989.SPK/BA.202/BA010102/2026,2,sp-juli-99,SABUN COLEK,-,10,10,pack,0,10,Permintaan SPK 0989.SPK/BA.202/BA010102/2026
TUG5_TUG6,mr-tug5-13,MR-2026-000013,,0989.SPK/BA.202/BA010102/2026,spk-juli-13,Rasuna Baruna,,,Approved,2026-07-01T08:00:00.000Z,,,0989.SPK/BA.202/BA010102/2026,3,sp-juli-100,GEMBOK 50 MM,-,20,20,pcs,0,10,Permintaan SPK 0989.SPK/BA.202/BA010102/2026
TUG5_TUG6,mr-tug5-13,MR-2026-000013,,0989.SPK/BA.202/BA010102/2026,spk-juli-13,Rasuna Baruna,,,Approved,2026-07-01T08:00:00.000Z,,,0989.SPK/BA.202/BA010102/2026,4,sp-juli-101,KACAMATA CIPPING,-,40,40,pcs,0,10,Permintaan SPK 0989.SPK/BA.202/BA010102/2026
TUG5_TUG6,mr-tug5-13,MR-2026-000013,,0989.SPK/BA.202/BA010102/2026,spk-juli-13,Rasuna Baruna,,,Approved,2026-07-01T08:00:00.000Z,,,0989.SPK/BA.202/BA010102/2026,5,sp-juli-102,PILOX PUTIH,-,20,20,pcs,0,10,Permintaan SPK 0989.SPK/BA.202/BA010102/2026
TUG5_TUG6,mr-tug5-13,MR-2026-000013,,0989.SPK/BA.202/BA010102/2026,spk-juli-13,Rasuna Baruna,,,Approved,2026-07-01T08:00:00.000Z,,,0989.SPK/BA.202/BA010102/2026,6,sp-juli-103,VIBRATION SINGLE HEAD SCALING HAMMERS,-,2,2,pcs,0,10,Permintaan SPK 0989.SPK/BA.202/BA010102/2026
TUG5_TUG6,mr-tug5-13,MR-2026-000013,,0989.SPK/BA.202/BA010102/2026,spk-juli-13,Rasuna Baruna,,,Approved,2026-07-01T08:00:00.000Z,,,0989.SPK/BA.202/BA010102/2026,7,sp-juli-104,SPARE HEAD FOR TRELAWNY SCAILING HAMMER,-,25,25,pcs,0,10,Permintaan SPK 0989.SPK/BA.202/BA010102/2026
TUG5_TUG6,mr-tug5-13,MR-2026-000013,,0989.SPK/BA.202/BA010102/2026,spk-juli-13,Rasuna Baruna,,,Approved,2026-07-01T08:00:00.000Z,,,0989.SPK/BA.202/BA010102/2026,8,sp-juli-105,FLUSH VALVES,-,30,30,pcs,0,10,Permintaan SPK 0989.SPK/BA.202/BA010102/2026
TUG5_TUG6,mr-tug5-13,MR-2026-000013,,0989.SPK/BA.202/BA010102/2026,spk-juli-13,Rasuna Baruna,,,Approved,2026-07-01T08:00:00.000Z,,,0989.SPK/BA.202/BA010102/2026,9,sp-juli-106,TALI NILON ROPE 20MM,-,1,1,roll,0,10,Permintaan SPK 0989.SPK/BA.202/BA010102/2026
TUG5_TUG6,mr-tug5-13,MR-2026-000013,,0989.SPK/BA.202/BA010102/2026,spk-juli-13,Rasuna Baruna,,,Approved,2026-07-01T08:00:00.000Z,,,0989.SPK/BA.202/BA010102/2026,10,sp-juli-107,SARUNG TANGAN NON SLIP DOT,-,250,250,lusin,0,10,Permintaan SPK 0989.SPK/BA.202/BA010102/2026
TUG5_TUG6,mr-tug5-13,MR-2026-000013,,0989.SPK/BA.202/BA010102/2026,spk-juli-13,Rasuna Baruna,,,Approved,2026-07-01T08:00:00.000Z,,,0989.SPK/BA.202/BA010102/2026,11,sp-juli-108,PLASTIK SAMPAH,-,20,20,lusin,0,10,Permintaan SPK 0989.SPK/BA.202/BA010102/2026
TUG5_TUG6,mr-tug5-13,MR-2026-000013,,0989.SPK/BA.202/BA010102/2026,spk-juli-13,Rasuna Baruna,,,Approved,2026-07-01T08:00:00.000Z,,,0989.SPK/BA.202/BA010102/2026,12,sp-juli-109,LEATHER PALM WORKING GLOVES,-,25,25,lusin,0,10,Permintaan SPK 0989.SPK/BA.202/BA010102/2026
TUG5_TUG6,mr-tug5-13,MR-2026-000013,,0989.SPK/BA.202/BA010102/2026,spk-juli-13,Rasuna Baruna,,,Approved,2026-07-01T08:00:00.000Z,,,0989.SPK/BA.202/BA010102/2026,13,sp-juli-110,BOR TANGAN PLASTIC MERK MAKITA,-,1,1,pcs,0,10,Permintaan SPK 0989.SPK/BA.202/BA010102/2026
TUG5_TUG6,mr-tug5-13,MR-2026-000013,,0989.SPK/BA.202/BA010102/2026,spk-juli-13,Rasuna Baruna,,,Approved,2026-07-01T08:00:00.000Z,,,0989.SPK/BA.202/BA010102/2026,14,sp-juli-111,"SPLIT PINS (D: 3MM, P : 40MM)",-,50,50,pcs,0,10,Permintaan SPK 0989.SPK/BA.202/BA010102/2026
TUG5_TUG6,mr-tug5-13,MR-2026-000013,,0989.SPK/BA.202/BA010102/2026,spk-juli-13,Rasuna Baruna,,,Approved,2026-07-01T08:00:00.000Z,,,0989.SPK/BA.202/BA010102/2026,15,sp-juli-112,"SPLIT PINS (D :4MM, P : 50MM)",-,50,50,pcs,0,10,Permintaan SPK 0989.SPK/BA.202/BA010102/2026
TUG5_TUG6,mr-tug5-13,MR-2026-000013,,0989.SPK/BA.202/BA010102/2026,spk-juli-13,Rasuna Baruna,,,Approved,2026-07-01T08:00:00.000Z,,,0989.SPK/BA.202/BA010102/2026,16,sp-juli-113,"SPLIT PINS (D : 5MM, P : 70MM)",-,50,50,pcs,0,10,Permintaan SPK 0989.SPK/BA.202/BA010102/2026
TUG5_TUG6,mr-tug5-13,MR-2026-000013,,0989.SPK/BA.202/BA010102/2026,spk-juli-13,Rasuna Baruna,,,Approved,2026-07-01T08:00:00.000Z,,,0989.SPK/BA.202/BA010102/2026,17,sp-juli-114,FLEXIBLE EXTENSION HOSE FOR PIN TYPE GRADE NIPPLE SPX-1C BAHAN S.S,-,30,30,pcs,0,10,Permintaan SPK 0989.SPK/BA.202/BA010102/2026
TUG5_TUG6,mr-tug5-13,MR-2026-000013,,0989.SPK/BA.202/BA010102/2026,spk-juli-13,Rasuna Baruna,,,Approved,2026-07-01T08:00:00.000Z,,,0989.SPK/BA.202/BA010102/2026,18,sp-juli-115,SPARE WHEELS FOR PLATFROM TRUCK ( RODA GEROBAK ),-,2,2,pcs,0,10,Permintaan SPK 0989.SPK/BA.202/BA010102/2026
TUG5_TUG6,mr-tug5-13,MR-2026-000013,,0989.SPK/BA.202/BA010102/2026,spk-juli-13,Rasuna Baruna,,,Approved,2026-07-01T08:00:00.000Z,,,0989.SPK/BA.202/BA010102/2026,19,sp-juli-115,SPARE WHEELS FOR PLATFROM TRUCK ( RODA GEROBAK ),-,4,4,pcs,0,10,Permintaan SPK 0989.SPK/BA.202/BA010102/2026
TUG5_TUG6,mr-tug5-13,MR-2026-000013,,0989.SPK/BA.202/BA010102/2026,spk-juli-13,Rasuna Baruna,,,Approved,2026-07-01T08:00:00.000Z,,,0989.SPK/BA.202/BA010102/2026,20,sp-juli-116,KARET BAN BEKAS,-,20,20,pcs,0,10,Permintaan SPK 0989.SPK/BA.202/BA010102/2026
TUG5_TUG6,mr-tug5-13,MR-2026-000013,,0989.SPK/BA.202/BA010102/2026,spk-juli-13,Rasuna Baruna,,,Approved,2026-07-01T08:00:00.000Z,,,0989.SPK/BA.202/BA010102/2026,21,sp-juli-117,PILOX MERAH,-,10,10,pcs,0,10,Permintaan SPK 0989.SPK/BA.202/BA010102/2026
TUG5_TUG6,mr-tug5-13,MR-2026-000013,,0989.SPK/BA.202/BA010102/2026,spk-juli-13,Rasuna Baruna,,,Approved,2026-07-01T08:00:00.000Z,,,0989.SPK/BA.202/BA010102/2026,22,sp-juli-118,EAR PLUG,-,50,50,pcs,0,10,Permintaan SPK 0989.SPK/BA.202/BA010102/2026
TUG5_TUG6,mr-tug5-13,MR-2026-000013,,0989.SPK/BA.202/BA010102/2026,spk-juli-13,Rasuna Baruna,,,Approved,2026-07-01T08:00:00.000Z,,,0989.SPK/BA.202/BA010102/2026,23,sp-juli-119,CLAMP 3 INCH,-,25,25,pcs,0,10,Permintaan SPK 0989.SPK/BA.202/BA010102/2026
TUG5_TUG6,mr-tug5-13,MR-2026-000013,,0989.SPK/BA.202/BA010102/2026,spk-juli-13,Rasuna Baruna,,,Approved,2026-07-01T08:00:00.000Z,,,0989.SPK/BA.202/BA010102/2026,24,sp-juli-120,CLAMP 2.5 INCH,-,30,30,pcs,0,10,Permintaan SPK 0989.SPK/BA.202/BA010102/2026
TUG5_TUG6,mr-tug5-13,MR-2026-000013,,0989.SPK/BA.202/BA010102/2026,spk-juli-13,Rasuna Baruna,,,Approved,2026-07-01T08:00:00.000Z,,,0989.SPK/BA.202/BA010102/2026,25,sp-juli-121,CLAMP 1 INCH,-,30,30,pcs,0,10,Permintaan SPK 0989.SPK/BA.202/BA010102/2026
TUG5_TUG6,mr-tug5-13,MR-2026-000013,,0989.SPK/BA.202/BA010102/2026,spk-juli-13,Rasuna Baruna,,,Approved,2026-07-01T08:00:00.000Z,,,0989.SPK/BA.202/BA010102/2026,26,sp-juli-122,SOUNDINGAN BALLAST S/S,-,2,2,pcs,0,10,Permintaan SPK 0989.SPK/BA.202/BA010102/2026
TUG5_TUG6,mr-tug5-13,MR-2026-000013,,0989.SPK/BA.202/BA010102/2026,spk-juli-13,Rasuna Baruna,,,Approved,2026-07-01T08:00:00.000Z,,,0989.SPK/BA.202/BA010102/2026,27,sp-juli-123,"KRAN AIR 1,5 INC",-,5,5,pcs,0,10,Permintaan SPK 0989.SPK/BA.202/BA010102/2026
TUG5_TUG6,mr-tug5-13,MR-2026-000013,,0989.SPK/BA.202/BA010102/2026,spk-juli-13,Rasuna Baruna,,,Approved,2026-07-01T08:00:00.000Z,,,0989.SPK/BA.202/BA010102/2026,28,sp-juli-124,CHAIN DRUM FOR SCAILING MACHINE RUSTIBUS 400,-,30,30,pcs,0,10,Permintaan SPK 0989.SPK/BA.202/BA010102/2026
TUG5_TUG6,mr-tug5-13,MR-2026-000013,,0989.SPK/BA.202/BA010102/2026,spk-juli-13,Rasuna Baruna,,,Approved,2026-07-01T08:00:00.000Z,,,0989.SPK/BA.202/BA010102/2026,29,sp-juli-125,SENTER KEPALA,-,5,5,pcs,0,10,Permintaan SPK 0989.SPK/BA.202/BA010102/2026
TUG5_TUG6,mr-tug5-13,MR-2026-000013,,0989.SPK/BA.202/BA010102/2026,spk-juli-13,Rasuna Baruna,,,Approved,2026-07-01T08:00:00.000Z,,,0989.SPK/BA.202/BA010102/2026,30,sp-juli-126,JAS HUJAN,-,25,25,pcs,0,10,Permintaan SPK 0989.SPK/BA.202/BA010102/2026
TUG5_TUG6,mr-tug5-13,MR-2026-000013,,0989.SPK/BA.202/BA010102/2026,spk-juli-13,Rasuna Baruna,,,Approved,2026-07-01T08:00:00.000Z,,,0989.SPK/BA.202/BA010102/2026,31,sp-juli-127,MINI PAINT ROLLER COMPLETE 100MM,-,50,50,pcs,0,10,Permintaan SPK 0989.SPK/BA.202/BA010102/2026
TUG5_TUG6,mr-tug5-13,MR-2026-000013,,0989.SPK/BA.202/BA010102/2026,spk-juli-13,Rasuna Baruna,,,Approved,2026-07-01T08:00:00.000Z,,,0989.SPK/BA.202/BA010102/2026,32,sp-juli-128,SPARE MINI PAINT ROLLER 100MM (PINEHILL),-,300,300,pcs,0,10,Permintaan SPK 0989.SPK/BA.202/BA010102/2026
TUG5_TUG6,mr-tug5-13,MR-2026-000013,,0989.SPK/BA.202/BA010102/2026,spk-juli-13,Rasuna Baruna,,,Approved,2026-07-01T08:00:00.000Z,,,0989.SPK/BA.202/BA010102/2026,33,sp-juli-129,CUTTING WHEEL NIPPON RESIBON,-,24,24,pcs,0,10,Permintaan SPK 0989.SPK/BA.202/BA010102/2026
TUG5_TUG6,mr-tug5-13,MR-2026-000013,,0989.SPK/BA.202/BA010102/2026,spk-juli-13,Rasuna Baruna,,,Approved,2026-07-01T08:00:00.000Z,,,0989.SPK/BA.202/BA010102/2026,34,sp-juli-130,MATA BOR ( BAJA ) SET,-,1,1,set,0,10,Permintaan SPK 0989.SPK/BA.202/BA010102/2026
TUG5_TUG6,mr-tug5-13,MR-2026-000013,,0989.SPK/BA.202/BA010102/2026,spk-juli-13,Rasuna Baruna,,,Approved,2026-07-01T08:00:00.000Z,,,0989.SPK/BA.202/BA010102/2026,35,sp-juli-131,"RUBBER BOOT SIZE 39,40,42,43",-,5,5,pcs,0,10,Permintaan SPK 0989.SPK/BA.202/BA010102/2026
TUG5_TUG6,mr-tug5-13,MR-2026-000013,,0989.SPK/BA.202/BA010102/2026,spk-juli-13,Rasuna Baruna,,,Approved,2026-07-01T08:00:00.000Z,,,0989.SPK/BA.202/BA010102/2026,36,sp-juli-132,PILOX ORANGE,-,20,20,pcs,0,10,Permintaan SPK 0989.SPK/BA.202/BA010102/2026
TUG5_TUG6,mr-tug5-13,MR-2026-000013,,0989.SPK/BA.202/BA010102/2026,spk-juli-13,Rasuna Baruna,,,Approved,2026-07-01T08:00:00.000Z,,,0989.SPK/BA.202/BA010102/2026,37,sp-juli-133,SCUPPER PLUGS,-,12,12,pcs,0,10,Permintaan SPK 0989.SPK/BA.202/BA010102/2026
TUG5_TUG6,mr-tug5-13,MR-2026-000013,,0989.SPK/BA.202/BA010102/2026,spk-juli-13,Rasuna Baruna,,,Approved,2026-07-01T08:00:00.000Z,,,0989.SPK/BA.202/BA010102/2026,38,sp-juli-134,SAPU PLASTIK,-,20,20,pcs,0,10,Permintaan SPK 0989.SPK/BA.202/BA010102/2026
TUG5_TUG6,mr-tug5-13,MR-2026-000013,,0989.SPK/BA.202/BA010102/2026,spk-juli-13,Rasuna Baruna,,,Approved,2026-07-01T08:00:00.000Z,,,0989.SPK/BA.202/BA010102/2026,39,sp-juli-135,WIRE CUP BRUSHES,-,100,100,pcs,0,10,Permintaan SPK 0989.SPK/BA.202/BA010102/2026
TUG5_TUG6,mr-tug5-13,MR-2026-000013,,0989.SPK/BA.202/BA010102/2026,spk-juli-13,Rasuna Baruna,,,Approved,2026-07-01T08:00:00.000Z,,,0989.SPK/BA.202/BA010102/2026,40,sp-juli-136,CUTTING FOR STAINLESS STEEL IRONHAND SEEL,-,10,10,box,0,10,Permintaan SPK 0989.SPK/BA.202/BA010102/2026
TUG5_TUG6,mr-tug5-13,MR-2026-000013,,0989.SPK/BA.202/BA010102/2026,spk-juli-13,Rasuna Baruna,,,Approved,2026-07-01T08:00:00.000Z,,,0989.SPK/BA.202/BA010102/2026,41,sp-juli-137,PEL LANTAI,-,20,20,pcs,0,10,Permintaan SPK 0989.SPK/BA.202/BA010102/2026
TUG5_TUG6,mr-tug5-13,MR-2026-000013,,0989.SPK/BA.202/BA010102/2026,spk-juli-13,Rasuna Baruna,,,Approved,2026-07-01T08:00:00.000Z,,,0989.SPK/BA.202/BA010102/2026,42,sp-juli-138,"CUTTER WHEEL, HD TOOL GEAR 100",-,500,500,pcs,0,10,Permintaan SPK 0989.SPK/BA.202/BA010102/2026
TUG5_TUG6,mr-tug5-13,MR-2026-000013,,0989.SPK/BA.202/BA010102/2026,spk-juli-13,Rasuna Baruna,,,Approved,2026-07-01T08:00:00.000Z,,,0989.SPK/BA.202/BA010102/2026,43,sp-juli-139,"DISC PIN,HD TOOL GEAR 100 EA",-,150,150,pcs,0,10,Permintaan SPK 0989.SPK/BA.202/BA010102/2026
TUG5_TUG6,mr-tug5-13,MR-2026-000013,,0989.SPK/BA.202/BA010102/2026,spk-juli-13,Rasuna Baruna,,,Approved,2026-07-01T08:00:00.000Z,,,0989.SPK/BA.202/BA010102/2026,44,sp-juli-140,"DISC, HD TOOL GEAR 100 EA",-,20,20,pcs,0,10,Permintaan SPK 0989.SPK/BA.202/BA010102/2026
TUG5_TUG6,mr-tug5-13,MR-2026-000013,,0989.SPK/BA.202/BA010102/2026,spk-juli-13,Rasuna Baruna,,,Approved,2026-07-01T08:00:00.000Z,,,0989.SPK/BA.202/BA010102/2026,45,sp-juli-141,PASTA SOUNDINGAN WATER,-,3,3,pcs,0,10,Permintaan SPK 0989.SPK/BA.202/BA010102/2026
TUG5_TUG6,mr-tug5-13,MR-2026-000013,,0989.SPK/BA.202/BA010102/2026,spk-juli-13,Rasuna Baruna,,,Approved,2026-07-01T08:00:00.000Z,,,0989.SPK/BA.202/BA010102/2026,46,sp-juli-142,GERINDA ELECTRICT MEREK MAKITA,-,2,2,pcs,0,10,Permintaan SPK 0989.SPK/BA.202/BA010102/2026
TUG5_TUG6,mr-tug5-13,MR-2026-000013,,0989.SPK/BA.202/BA010102/2026,spk-juli-13,Rasuna Baruna,,,Approved,2026-07-01T08:00:00.000Z,,,0989.SPK/BA.202/BA010102/2026,47,sp-juli-143,SAFETY HARNESS FULL BODY,-,2,2,pcs,0,10,Permintaan SPK 0989.SPK/BA.202/BA010102/2026
TUG5_TUG6,mr-tug5-13,MR-2026-000013,,0989.SPK/BA.202/BA010102/2026,spk-juli-13,Rasuna Baruna,,,Approved,2026-07-01T08:00:00.000Z,,,0989.SPK/BA.202/BA010102/2026,48,sp-juli-144,GREASE NIPPLES TYPE STRAIGHT,-,50,50,pcs,0,10,Permintaan SPK 0989.SPK/BA.202/BA010102/2026
TUG5_TUG6,mr-tug5-13,MR-2026-000013,,0989.SPK/BA.202/BA010102/2026,spk-juli-13,Rasuna Baruna,,,Approved,2026-07-01T08:00:00.000Z,,,0989.SPK/BA.202/BA010102/2026,49,sp-juli-145,GREASE NIPPLES TYPE PIN,-,50,50,pcs,0,10,Permintaan SPK 0989.SPK/BA.202/BA010102/2026
TUG5_TUG6,mr-tug5-13,MR-2026-000013,,0989.SPK/BA.202/BA010102/2026,spk-juli-13,Rasuna Baruna,,,Approved,2026-07-01T08:00:00.000Z,,,0989.SPK/BA.202/BA010102/2026,50,sp-juli-146,GREASE NIPPLES TYPE BUTTON HEAD,-,50,50,pcs,0,10,Permintaan SPK 0989.SPK/BA.202/BA010102/2026
TUG5_TUG6,mr-tug5-13,MR-2026-000013,,0989.SPK/BA.202/BA010102/2026,spk-juli-13,Rasuna Baruna,,,Approved,2026-07-01T08:00:00.000Z,,,0989.SPK/BA.202/BA010102/2026,51,sp-juli-147,FLEXIBLE EXTENSION HOSE FOR BUTTON HEAD,-,10,10,pcs,0,10,Permintaan SPK 0989.SPK/BA.202/BA010102/2026
TUG5_TUG6,mr-tug5-13,MR-2026-000013,,0989.SPK/BA.202/BA010102/2026,spk-juli-13,Rasuna Baruna,,,Approved,2026-07-01T08:00:00.000Z,,,0989.SPK/BA.202/BA010102/2026,52,sp-juli-148,FLEXIBLE EXTENSION HOPE FOR HYDRAULIC OR STRAIGHT TYPE GREASE NIPPLE SPK - 3C,-,15,15,pcs,0,10,Permintaan SPK 0989.SPK/BA.202/BA010102/2026
TUG5_TUG6,mr-tug5-13,MR-2026-000013,,0989.SPK/BA.202/BA010102/2026,spk-juli-13,Rasuna Baruna,,,Approved,2026-07-01T08:00:00.000Z,,,0989.SPK/BA.202/BA010102/2026,53,sp-juli-149,SODA API,-,10,10,kg,0,10,Permintaan SPK 0989.SPK/BA.202/BA010102/2026
TUG5_TUG6,mr-tug5-13,MR-2026-000013,,0989.SPK/BA.202/BA010102/2026,spk-juli-13,Rasuna Baruna,,,Approved,2026-07-01T08:00:00.000Z,,,0989.SPK/BA.202/BA010102/2026,54,sp-juli-150,ACCOSSORIES CONTROL VAVLE ( FOR MODEL SKR AND SKR ),-,2,2,pcs,0,10,Permintaan SPK 0989.SPK/BA.202/BA010102/2026
TUG5_TUG6,mr-tug5-13,MR-2026-000013,,0989.SPK/BA.202/BA010102/2026,spk-juli-13,Rasuna Baruna,,,Approved,2026-07-01T08:00:00.000Z,,,0989.SPK/BA.202/BA010102/2026,55,sp-juli-151,HAND GREASE GUN,-,3,3,pcs,0,10,Permintaan SPK 0989.SPK/BA.202/BA010102/2026
TUG5_TUG6,mr-tug5-13,MR-2026-000013,,0989.SPK/BA.202/BA010102/2026,spk-juli-13,Rasuna Baruna,,,Approved,2026-07-01T08:00:00.000Z,,,0989.SPK/BA.202/BA010102/2026,56,sp-juli-152,KAIN BUFF,-,10,10,lusin,0,10,Permintaan SPK 0989.SPK/BA.202/BA010102/2026
TUG5_TUG6,mr-tug5-13,MR-2026-000013,,0989.SPK/BA.202/BA010102/2026,spk-juli-13,Rasuna Baruna,,,Approved,2026-07-01T08:00:00.000Z,,,0989.SPK/BA.202/BA010102/2026,57,sp-juli-153,BAUT KUNCI 17 (M10 X P : 70),-,2,2,pack,0,10,Permintaan SPK 0989.SPK/BA.202/BA010102/2026
TUG5_TUG6,mr-tug5-13,MR-2026-000013,,0989.SPK/BA.202/BA010102/2026,spk-juli-13,Rasuna Baruna,,,Approved,2026-07-01T08:00:00.000Z,,,0989.SPK/BA.202/BA010102/2026,58,sp-juli-154,TALI NYLON 10 MM ( 3 STRAND ),-,2,2,roll,0,10,Permintaan SPK 0989.SPK/BA.202/BA010102/2026
TUG5_TUG6,mr-tug5-13,MR-2026-000013,,0989.SPK/BA.202/BA010102/2026,spk-juli-13,Rasuna Baruna,,,Approved,2026-07-01T08:00:00.000Z,,,0989.SPK/BA.202/BA010102/2026,59,sp-juli-155,TALI PP PLASTIK 10MM ( 3 STRAND ),-,1,1,roll,0,10,Permintaan SPK 0989.SPK/BA.202/BA010102/2026
TUG5_TUG6,mr-tug5-13,MR-2026-000013,,0989.SPK/BA.202/BA010102/2026,spk-juli-13,Rasuna Baruna,,,Approved,2026-07-01T08:00:00.000Z,,,0989.SPK/BA.202/BA010102/2026,60,sp-juli-156,TALI PP STRAND NYLON ROPE 18MM,-,1,1,roll,0,10,Permintaan SPK 0989.SPK/BA.202/BA010102/2026
TUG5_TUG6,mr-tug5-13,MR-2026-000013,,0989.SPK/BA.202/BA010102/2026,spk-juli-13,Rasuna Baruna,,,Approved,2026-07-01T08:00:00.000Z,,,0989.SPK/BA.202/BA010102/2026,61,sp-juli-157,LUBRIACATION HOSE ( FOR MODEL SKR AND SGR SERIES ),-,1,1,roll,0,10,Permintaan SPK 0989.SPK/BA.202/BA010102/2026
TUG5_TUG6,mr-tug5-13,MR-2026-000013,,0989.SPK/BA.202/BA010102/2026,spk-juli-13,Rasuna Baruna,,,Approved,2026-07-01T08:00:00.000Z,,,0989.SPK/BA.202/BA010102/2026,62,sp-juli-158,BAUT KUNCI 19 (M12 X P : 70MM ),-,2,2,pack,0,10,Permintaan SPK 0989.SPK/BA.202/BA010102/2026
TUG5_TUG6,mr-tug5-13,MR-2026-000013,,0989.SPK/BA.202/BA010102/2026,spk-juli-13,Rasuna Baruna,,,Approved,2026-07-01T08:00:00.000Z,,,0989.SPK/BA.202/BA010102/2026,63,sp-juli-159,WD,-,10,10,pack,0,10,Permintaan SPK 0989.SPK/BA.202/BA010102/2026
TUG5_TUG6,mr-tug5-13,MR-2026-000013,,0989.SPK/BA.202/BA010102/2026,spk-juli-13,Rasuna Baruna,,,Approved,2026-07-01T08:00:00.000Z,,,0989.SPK/BA.202/BA010102/2026,64,sp-juli-160,BATU GURINDA POLES ( 100X6X16 ),-,100,100,pcs,0,10,Permintaan SPK 0989.SPK/BA.202/BA010102/2026
TUG5_TUG6,mr-tug5-13,MR-2026-000013,,0989.SPK/BA.202/BA010102/2026,spk-juli-13,Rasuna Baruna,,,Approved,2026-07-01T08:00:00.000Z,,,0989.SPK/BA.202/BA010102/2026,65,sp-juli-161,CLOTH SEALING TAPE 50MM BLACK,-,15,15,pcs,0,10,Permintaan SPK 0989.SPK/BA.202/BA010102/2026
TUG5_TUG6,mr-tug5-13,MR-2026-000013,,0989.SPK/BA.202/BA010102/2026,spk-juli-13,Rasuna Baruna,,,Approved,2026-07-01T08:00:00.000Z,,,0989.SPK/BA.202/BA010102/2026,66,sp-juli-162,CLOTH SEALING TAPE 50MM RED,-,15,15,pcs,0,10,Permintaan SPK 0989.SPK/BA.202/BA010102/2026
TUG5_TUG6,mr-tug5-13,MR-2026-000013,,0989.SPK/BA.202/BA010102/2026,spk-juli-13,Rasuna Baruna,,,Approved,2026-07-01T08:00:00.000Z,,,0989.SPK/BA.202/BA010102/2026,67,sp-juli-163,CLOTH SEALING TAPE 50MM BLUE,-,15,15,pcs,0,10,Permintaan SPK 0989.SPK/BA.202/BA010102/2026
TUG5_TUG6,mr-tug5-13,MR-2026-000013,,0989.SPK/BA.202/BA010102/2026,spk-juli-13,Rasuna Baruna,,,Approved,2026-07-01T08:00:00.000Z,,,0989.SPK/BA.202/BA010102/2026,68,sp-juli-164,CLOTHS SEALING TAPE 50MM YELLOW,-,15,15,pcs,0,10,Permintaan SPK 0989.SPK/BA.202/BA010102/2026
TUG5_TUG6,mr-tug5-13,MR-2026-000013,,0989.SPK/BA.202/BA010102/2026,spk-juli-13,Rasuna Baruna,,,Approved,2026-07-01T08:00:00.000Z,,,0989.SPK/BA.202/BA010102/2026,69,sp-juli-165,PAPER MASKING TAPE 50MM,-,20,20,pcs,0,10,Permintaan SPK 0989.SPK/BA.202/BA010102/2026
TUG5_TUG6,mr-tug5-13,MR-2026-000013,,0989.SPK/BA.202/BA010102/2026,spk-juli-13,Rasuna Baruna,,,Approved,2026-07-01T08:00:00.000Z,,,0989.SPK/BA.202/BA010102/2026,70,sp-juli-166,PAPER MASKING TAPE 24MM,-,20,20,pcs,0,10,Permintaan SPK 0989.SPK/BA.202/BA010102/2026
TUG5_TUG6,mr-tug5-13,MR-2026-000013,,0989.SPK/BA.202/BA010102/2026,spk-juli-13,Rasuna Baruna,,,Approved,2026-07-01T08:00:00.000Z,,,0989.SPK/BA.202/BA010102/2026,71,sp-juli-167,BATRAI AAA,-,300,300,pcs,0,10,Permintaan SPK 0989.SPK/BA.202/BA010102/2026
TUG5_TUG6,mr-tug5-13,MR-2026-000013,,0989.SPK/BA.202/BA010102/2026,spk-juli-13,Rasuna Baruna,,,Approved,2026-07-01T08:00:00.000Z,,,0989.SPK/BA.202/BA010102/2026,72,sp-juli-168,BATRAI AA,-,100,100,pcs,0,10,Permintaan SPK 0989.SPK/BA.202/BA010102/2026
TUG5_TUG6,mr-tug5-13,MR-2026-000013,,0989.SPK/BA.202/BA010102/2026,spk-juli-13,Rasuna Baruna,,,Approved,2026-07-01T08:00:00.000Z,,,0989.SPK/BA.202/BA010102/2026,73,sp-juli-169,BATRAI A,-,150,150,pcs,0,10,Permintaan SPK 0989.SPK/BA.202/BA010102/2026
TUG5_TUG6,mr-tug5-13,MR-2026-000013,,0989.SPK/BA.202/BA010102/2026,spk-juli-13,Rasuna Baruna,,,Approved,2026-07-01T08:00:00.000Z,,,0989.SPK/BA.202/BA010102/2026,74,sp-juli-170,"DISC CUTTING GRINDA 4"" FOR STANLESS STEEL (MRKR WD) 105X1.2X16MM",-,10,10,pack,0,10,Permintaan SPK 0989.SPK/BA.202/BA010102/2026
TUG5_TUG6,mr-tug5-13,MR-2026-000013,,0989.SPK/BA.202/BA010102/2026,spk-juli-13,Rasuna Baruna,,,Approved,2026-07-01T08:00:00.000Z,,,0989.SPK/BA.202/BA010102/2026,75,sp-juli-171,MINI PAINT ROLLER COMPLETE 1 HANDLE 100MM,-,50,50,pcs,0,10,Permintaan SPK 0989.SPK/BA.202/BA010102/2026
TUG5_TUG6,mr-tug5-13,MR-2026-000013,,0989.SPK/BA.202/BA010102/2026,spk-juli-13,Rasuna Baruna,,,Approved,2026-07-01T08:00:00.000Z,,,0989.SPK/BA.202/BA010102/2026,76,sp-juli-172,COUNTERSUNK BRASS SCREW M8X40MM,-,800,800,pcs,0,10,Permintaan SPK 0989.SPK/BA.202/BA010102/2026
TUG5_TUG6,mr-tug5-13,MR-2026-000013,,0989.SPK/BA.202/BA010102/2026,spk-juli-13,Rasuna Baruna,,,Approved,2026-07-01T08:00:00.000Z,,,0989.SPK/BA.202/BA010102/2026,77,sp-juli-173,PAKU 1.5CM,-,2,2,kg,0,10,Permintaan SPK 0989.SPK/BA.202/BA010102/2026
TUG5_TUG6,mr-tug5-13,MR-2026-000013,,0989.SPK/BA.202/BA010102/2026,spk-juli-13,Rasuna Baruna,,,Approved,2026-07-01T08:00:00.000Z,,,0989.SPK/BA.202/BA010102/2026,78,sp-juli-174,PAKU 2.5CM,-,4,4,kg,0,10,Permintaan SPK 0989.SPK/BA.202/BA010102/2026
TUG5_TUG6,mr-tug5-13,MR-2026-000013,,0989.SPK/BA.202/BA010102/2026,spk-juli-13,Rasuna Baruna,,,Approved,2026-07-01T08:00:00.000Z,,,0989.SPK/BA.202/BA010102/2026,79,sp-juli-175,PAKU 5CM,-,4,4,kg,0,10,Permintaan SPK 0989.SPK/BA.202/BA010102/2026
TUG5_TUG6,mr-tug5-13,MR-2026-000013,,0989.SPK/BA.202/BA010102/2026,spk-juli-13,Rasuna Baruna,,,Approved,2026-07-01T08:00:00.000Z,,,0989.SPK/BA.202/BA010102/2026,80,sp-juli-176,PAKU 7 CM,-,4,4,kg,0,10,Permintaan SPK 0989.SPK/BA.202/BA010102/2026
TUG5_TUG6,mr-tug5-13,MR-2026-000013,,0989.SPK/BA.202/BA010102/2026,spk-juli-13,Rasuna Baruna,,,Approved,2026-07-01T08:00:00.000Z,,,0989.SPK/BA.202/BA010102/2026,81,sp-juli-177,SUPER PEL,-,5,5,kg,0,10,Permintaan SPK 0989.SPK/BA.202/BA010102/2026
TUG5_TUG6,mr-tug5-13,MR-2026-000013,,0989.SPK/BA.202/BA010102/2026,spk-juli-13,Rasuna Baruna,,,Approved,2026-07-01T08:00:00.000Z,,,0989.SPK/BA.202/BA010102/2026,82,sp-juli-178,SPARE MINI ROLLER COMPLETE 1 HANDLE 100 MM,-,250,250,pcs,0,10,Permintaan SPK 0989.SPK/BA.202/BA010102/2026
TUG5_TUG6,mr-tug5-13,MR-2026-000013,,0989.SPK/BA.202/BA010102/2026,spk-juli-13,Rasuna Baruna,,,Approved,2026-07-01T08:00:00.000Z,,,0989.SPK/BA.202/BA010102/2026,83,sp-juli-179,SAWDUST HALUS,-,10,10,box,0,10,Permintaan SPK 0989.SPK/BA.202/BA010102/2026
TUG5_TUG6,mr-tug5-14,MR-2026-000014,,1026.SPK/BA.302/BA010102/2026,spk-juli-14,Jayanti Baruna,,,Approved,2026-07-03T08:00:00.000Z,,,1026.SPK/BA.302/BA010102/2026,1,sp-juli-180,FUEL SEPARATOR FILTER ORIGINAL ELEMNT,1830,24,24,pcs,0,10,Permintaan SPK 1026.SPK/BA.302/BA010102/2026
TUG5_TUG6,mr-tug5-15,MR-2026-000015,,0920.SPK/BA.202/BA010102/2026,spk-juli-15,Srikandi Baruna 2001,,,Approved,2026-07-01T08:00:00.000Z,,,0920.SPK/BA.202/BA010102/2026,1,sp-juli-181,MESIN GERINDA TANGAN,GWS 700,2,2,PCS,0,10,Permintaan SPK 0920.SPK/BA.202/BA010102/2026
TUG5_TUG6,mr-tug5-15,MR-2026-000015,,0920.SPK/BA.202/BA010102/2026,spk-juli-15,Srikandi Baruna 2001,,,Approved,2026-07-01T08:00:00.000Z,,,0920.SPK/BA.202/BA010102/2026,2,sp-juli-182,MESIN BOR,GSB 600,2,2,PCS,0,10,Permintaan SPK 0920.SPK/BA.202/BA010102/2026
TUG5_TUG6,mr-tug5-15,MR-2026-000015,,0920.SPK/BA.202/BA010102/2026,spk-juli-15,Srikandi Baruna 2001,,,Approved,2026-07-01T08:00:00.000Z,,,0920.SPK/BA.202/BA010102/2026,3,sp-juli-183,KABEL LISTRIK NYM,2x1.5 mm,2,2,ROLL,0,10,Permintaan SPK 0920.SPK/BA.202/BA010102/2026
TUG5_TUG6,mr-tug5-15,MR-2026-000015,,0920.SPK/BA.202/BA010102/2026,spk-juli-15,Srikandi Baruna 2001,,,Approved,2026-07-01T08:00:00.000Z,,,0920.SPK/BA.202/BA010102/2026,4,sp-juli-184,SELANG KAWAT SPIRAL,1-Feb,50,50,METER,0,10,Permintaan SPK 0920.SPK/BA.202/BA010102/2026
TUG5_TUG6,mr-tug5-15,MR-2026-000015,,0920.SPK/BA.202/BA010102/2026,spk-juli-15,Srikandi Baruna 2001,,,Approved,2026-07-01T08:00:00.000Z,,,0920.SPK/BA.202/BA010102/2026,5,sp-juli-185,KERAN AIR STIENLES,1-Feb,12,12,PCS,0,10,Permintaan SPK 0920.SPK/BA.202/BA010102/2026
TUG5_TUG6,mr-tug5-15,MR-2026-000015,,0920.SPK/BA.202/BA010102/2026,spk-juli-15,Srikandi Baruna 2001,,,Approved,2026-07-01T08:00:00.000Z,,,0920.SPK/BA.202/BA010102/2026,6,sp-juli-186,KACAMATA HITAM,Krisbow,12,12,PCS,0,10,Permintaan SPK 0920.SPK/BA.202/BA010102/2026
TUG5_TUG6,mr-tug5-15,MR-2026-000015,,0920.SPK/BA.202/BA010102/2026,spk-juli-15,Srikandi Baruna 2001,,,Approved,2026-07-01T08:00:00.000Z,,,0920.SPK/BA.202/BA010102/2026,7,sp-juli-187,SENTER TANGAN (350 LM),Krisbow,6,6,PCS,0,10,Permintaan SPK 0920.SPK/BA.202/BA010102/2026
TUG5_TUG6,mr-tug5-15,MR-2026-000015,,0920.SPK/BA.202/BA010102/2026,spk-juli-15,Srikandi Baruna 2001,,,Approved,2026-07-01T08:00:00.000Z,,,0920.SPK/BA.202/BA010102/2026,8,sp-juli-188,JAS HUJAN (BAJU CELANA),"Gosave (PVC)
uk M, L, XXL",12,12,PCS,0,10,Permintaan SPK 0920.SPK/BA.202/BA010102/2026
TUG5_TUG6,mr-tug5-15,MR-2026-000015,,0920.SPK/BA.202/BA010102/2026,spk-juli-15,Srikandi Baruna 2001,,,Approved,2026-07-01T08:00:00.000Z,,,0920.SPK/BA.202/BA010102/2026,9,sp-juli-189,TERMINAL LISTRIK/STOP KONTAK,Broco 3 lubang,6,6,PCS,0,10,Permintaan SPK 0920.SPK/BA.202/BA010102/2026
TUG5_TUG6,mr-tug5-15,MR-2026-000015,,0920.SPK/BA.202/BA010102/2026,spk-juli-15,Srikandi Baruna 2001,,,Approved,2026-07-01T08:00:00.000Z,,,0920.SPK/BA.202/BA010102/2026,10,sp-juli-190,TOPENG LAS AUTO DARKENNING,Welding Helmet,1,1,PCS,0,10,Permintaan SPK 0920.SPK/BA.202/BA010102/2026
TUG5_TUG6,mr-tug5-15,MR-2026-000015,,0920.SPK/BA.202/BA010102/2026,spk-juli-15,Srikandi Baruna 2001,,,Approved,2026-07-01T08:00:00.000Z,,,0920.SPK/BA.202/BA010102/2026,11,sp-juli-191,SAFETY BELT/PENGAMAN KERJA KETINGGIAN,Sutera/Logam,4,4,PCS,0,10,Permintaan SPK 0920.SPK/BA.202/BA010102/2026
TUG5_TUG6,mr-tug5-15,MR-2026-000015,,0920.SPK/BA.202/BA010102/2026,spk-juli-15,Srikandi Baruna 2001,,,Approved,2026-07-01T08:00:00.000Z,,,0920.SPK/BA.202/BA010102/2026,12,sp-juli-192,KAUS TANGAN BINTIK,-,2,2,BALL,0,10,Permintaan SPK 0920.SPK/BA.202/BA010102/2026
TUG5_TUG6,mr-tug5-15,MR-2026-000015,,0920.SPK/BA.202/BA010102/2026,spk-juli-15,Srikandi Baruna 2001,,,Approved,2026-07-01T08:00:00.000Z,,,0920.SPK/BA.202/BA010102/2026,13,sp-juli-193,KACA MATA PUTIH/BENING,Krisbow,24,24,PCS,0,10,Permintaan SPK 0920.SPK/BA.202/BA010102/2026
TUG5_TUG6,mr-tug5-15,MR-2026-000015,,0920.SPK/BA.202/BA010102/2026,spk-juli-15,Srikandi Baruna 2001,,,Approved,2026-07-01T08:00:00.000Z,,,0920.SPK/BA.202/BA010102/2026,14,sp-juli-194,CUTTER L500,Besar,12,12,PCS,0,10,Permintaan SPK 0920.SPK/BA.202/BA010102/2026
TUG5_TUG6,mr-tug5-15,MR-2026-000015,,0920.SPK/BA.202/BA010102/2026,spk-juli-15,Srikandi Baruna 2001,,,Approved,2026-07-01T08:00:00.000Z,,,0920.SPK/BA.202/BA010102/2026,15,sp-juli-195,PISAU CUTTER L500,Besar,12,12,PACK,0,10,Permintaan SPK 0920.SPK/BA.202/BA010102/2026
TUG5_TUG6,mr-tug5-15,MR-2026-000015,,0920.SPK/BA.202/BA010102/2026,spk-juli-15,Srikandi Baruna 2001,,,Approved,2026-07-01T08:00:00.000Z,,,0920.SPK/BA.202/BA010102/2026,16,sp-juli-196,GERGAJI BESI,Krisbow,5,5,PCS,0,10,Permintaan SPK 0920.SPK/BA.202/BA010102/2026
TUG5_TUG6,mr-tug5-15,MR-2026-000015,,0920.SPK/BA.202/BA010102/2026,spk-juli-15,Srikandi Baruna 2001,,,Approved,2026-07-01T08:00:00.000Z,,,0920.SPK/BA.202/BA010102/2026,17,sp-juli-197,MATA GERGAJI BESI,Krisbow,40,40,PCS,0,10,Permintaan SPK 0920.SPK/BA.202/BA010102/2026
TUG5_TUG6,mr-tug5-15,MR-2026-000015,,0920.SPK/BA.202/BA010102/2026,spk-juli-15,Srikandi Baruna 2001,,,Approved,2026-07-01T08:00:00.000Z,,,0920.SPK/BA.202/BA010102/2026,18,sp-juli-198,LAMPU NAVIGASI,AC/DC 24 VOLT,20,20,PCS,0,10,Permintaan SPK 0920.SPK/BA.202/BA010102/2026
TUG5_TUG6,mr-tug5-15,MR-2026-000015,,0920.SPK/BA.202/BA010102/2026,spk-juli-15,Srikandi Baruna 2001,,,Approved,2026-07-01T08:00:00.000Z,,,0920.SPK/BA.202/BA010102/2026,19,sp-juli-199,LANTAI VINIL/VINYL FLOOTING @Lincoln brown,"122,4 x 914,4 mm",15,15,PACK,0,10,Permintaan SPK 0920.SPK/BA.202/BA010102/2026
TUG5_TUG6,mr-tug5-15,MR-2026-000015,,0920.SPK/BA.202/BA010102/2026,spk-juli-15,Srikandi Baruna 2001,,,Approved,2026-07-01T08:00:00.000Z,,,0920.SPK/BA.202/BA010102/2026,20,sp-juli-200,LEM VINYL,-,5,5,KG/LTR,0,10,Permintaan SPK 0920.SPK/BA.202/BA010102/2026
TUG5_TUG6,mr-tug5-15,MR-2026-000015,,0920.SPK/BA.202/BA010102/2026,spk-juli-15,Srikandi Baruna 2001,,,Approved,2026-07-01T08:00:00.000Z,,,0920.SPK/BA.202/BA010102/2026,21,sp-juli-201,MOKO PEWANGI (SACHET),-,8,8,DUS,0,10,Permintaan SPK 0920.SPK/BA.202/BA010102/2026
TUG5_TUG6,mr-tug5-15,MR-2026-000015,,0920.SPK/BA.202/BA010102/2026,spk-juli-15,Srikandi Baruna 2001,,,Approved,2026-07-01T08:00:00.000Z,,,0920.SPK/BA.202/BA010102/2026,22,sp-juli-202,STELLA SEMPROT REFILL,225 ml,6,6,DUS,0,10,Permintaan SPK 0920.SPK/BA.202/BA010102/2026
TUG5_TUG6,mr-tug5-15,MR-2026-000015,,0920.SPK/BA.202/BA010102/2026,spk-juli-15,Srikandi Baruna 2001,,,Approved,2026-07-01T08:00:00.000Z,,,0920.SPK/BA.202/BA010102/2026,23,sp-juli-203,GLADE MESIN OTOMATIS STELLA UK 225,225 ml,4,4,PCS,0,10,Permintaan SPK 0920.SPK/BA.202/BA010102/2026
TUG5_TUG6,mr-tug5-15,MR-2026-000015,,0920.SPK/BA.202/BA010102/2026,spk-juli-15,Srikandi Baruna 2001,,,Approved,2026-07-01T08:00:00.000Z,,,0920.SPK/BA.202/BA010102/2026,24,sp-juli-204,KESET LANTAI (BAHAN KAIN HANDUK),kain,12,12,PCS,0,10,Permintaan SPK 0920.SPK/BA.202/BA010102/2026
TUG5_TUG6,mr-tug5-15,MR-2026-000015,,0920.SPK/BA.202/BA010102/2026,spk-juli-15,Srikandi Baruna 2001,,,Approved,2026-07-01T08:00:00.000Z,,,0920.SPK/BA.202/BA010102/2026,25,sp-juli-205,WIPER PEMBERSIH KACA,-,6,6,PCS,0,10,Permintaan SPK 0920.SPK/BA.202/BA010102/2026
TUG5_TUG6,mr-tug5-15,MR-2026-000015,,0920.SPK/BA.202/BA010102/2026,spk-juli-15,Srikandi Baruna 2001,,,Approved,2026-07-01T08:00:00.000Z,,,0920.SPK/BA.202/BA010102/2026,26,sp-juli-206,EMBER+GAYUNG,20 ltr,6,6,PCS,0,10,Permintaan SPK 0920.SPK/BA.202/BA010102/2026
TUG5_TUG6,mr-tug5-15,MR-2026-000015,,0920.SPK/BA.202/BA010102/2026,spk-juli-15,Srikandi Baruna 2001,,,Approved,2026-07-01T08:00:00.000Z,,,0920.SPK/BA.202/BA010102/2026,27,sp-juli-207,RINSO,-,25,25,DUS,0,10,Permintaan SPK 0920.SPK/BA.202/BA010102/2026
TUG5_TUG6,mr-tug5-15,MR-2026-000015,,0920.SPK/BA.202/BA010102/2026,spk-juli-15,Srikandi Baruna 2001,,,Approved,2026-07-01T08:00:00.000Z,,,0920.SPK/BA.202/BA010102/2026,28,sp-juli-208,SUNLIGHT,-,7,7,DUS,0,10,Permintaan SPK 0920.SPK/BA.202/BA010102/2026
TUG5_TUG6,mr-tug5-15,MR-2026-000015,,0920.SPK/BA.202/BA010102/2026,spk-juli-15,Srikandi Baruna 2001,,,Approved,2026-07-01T08:00:00.000Z,,,0920.SPK/BA.202/BA010102/2026,29,sp-juli-209,VIXCAL,-,5,5,DUS,0,10,Permintaan SPK 0920.SPK/BA.202/BA010102/2026
TUG5_TUG6,mr-tug5-15,MR-2026-000015,,0920.SPK/BA.202/BA010102/2026,spk-juli-15,Srikandi Baruna 2001,,,Approved,2026-07-01T08:00:00.000Z,,,0920.SPK/BA.202/BA010102/2026,30,sp-juli-210,KAPUR BARUS (BAGUS),-,10,10,DUS,0,10,Permintaan SPK 0920.SPK/BA.202/BA010102/2026
TUG5_TUG6,mr-tug5-15,MR-2026-000015,,0920.SPK/BA.202/BA010102/2026,spk-juli-15,Srikandi Baruna 2001,,,Approved,2026-07-01T08:00:00.000Z,,,0920.SPK/BA.202/BA010102/2026,31,sp-juli-211,MAJUN,Kain,150,150,KG,0,10,Permintaan SPK 0920.SPK/BA.202/BA010102/2026
TUG5_TUG6,mr-tug5-15,MR-2026-000015,,0920.SPK/BA.202/BA010102/2026,spk-juli-15,Srikandi Baruna 2001,,,Approved,2026-07-01T08:00:00.000Z,,,0920.SPK/BA.202/BA010102/2026,32,sp-juli-212,PEL LANTAI,-,20,20,PCS,0,10,Permintaan SPK 0920.SPK/BA.202/BA010102/2026
TUG5_TUG6,mr-tug5-15,MR-2026-000015,,0920.SPK/BA.202/BA010102/2026,spk-juli-15,Srikandi Baruna 2001,,,Approved,2026-07-01T08:00:00.000Z,,,0920.SPK/BA.202/BA010102/2026,33,sp-juli-213,SAPU LANTAI,-,20,20,PCS,0,10,Permintaan SPK 0920.SPK/BA.202/BA010102/2026
TUG5_TUG6,mr-tug5-15,MR-2026-000015,,0920.SPK/BA.202/BA010102/2026,spk-juli-15,Srikandi Baruna 2001,,,Approved,2026-07-01T08:00:00.000Z,,,0920.SPK/BA.202/BA010102/2026,34,sp-juli-214,PLADGE (PEMBERSIH FURNITURE) @330gr,Aerosol,5,5,DUS,0,10,Permintaan SPK 0920.SPK/BA.202/BA010102/2026
TUG5_TUG6,mr-tug5-15,MR-2026-000015,,0920.SPK/BA.202/BA010102/2026,spk-juli-15,Srikandi Baruna 2001,,,Approved,2026-07-01T08:00:00.000Z,,,0920.SPK/BA.202/BA010102/2026,35,sp-juli-215,TEMPAT SAMPAH MARINE (IMDG CODE),"uk 50 liter
hijau, merah, kuning",3,3,PCS,0,10,Permintaan SPK 0920.SPK/BA.202/BA010102/2026
TUG5_TUG6,mr-tug5-15,MR-2026-000015,,0920.SPK/BA.202/BA010102/2026,spk-juli-15,Srikandi Baruna 2001,,,Approved,2026-07-01T08:00:00.000Z,,,0920.SPK/BA.202/BA010102/2026,36,sp-juli-216,BATTERY JAM ALKALINE,AA,1,1,DUS,0,10,Permintaan SPK 0920.SPK/BA.202/BA010102/2026
TUG5_TUG6,mr-tug5-15,MR-2026-000015,,0920.SPK/BA.202/BA010102/2026,spk-juli-15,Srikandi Baruna 2001,,,Approved,2026-07-01T08:00:00.000Z,,,0920.SPK/BA.202/BA010102/2026,37,sp-juli-217,BATTERY JAM REMOT,AAA,1,1,DUS,0,10,Permintaan SPK 0920.SPK/BA.202/BA010102/2026
TUG5_TUG6,mr-tug5-15,MR-2026-000015,,0920.SPK/BA.202/BA010102/2026,spk-juli-15,Srikandi Baruna 2001,,,Approved,2026-07-01T08:00:00.000Z,,,0920.SPK/BA.202/BA010102/2026,38,sp-juli-218,LAMPU TONGKANG,-,12,12,PCS,0,10,Permintaan SPK 0920.SPK/BA.202/BA010102/2026
TUG5_TUG6,mr-tug5-15,MR-2026-000015,,0920.SPK/BA.202/BA010102/2026,spk-juli-15,Srikandi Baruna 2001,,,Approved,2026-07-01T08:00:00.000Z,,,0920.SPK/BA.202/BA010102/2026,39,sp-juli-219,BATTERY LAMPU TONGKANG,-,12,12,PCS,0,10,Permintaan SPK 0920.SPK/BA.202/BA010102/2026
TUG5_TUG6,mr-tug5-15,MR-2026-000015,,0920.SPK/BA.202/BA010102/2026,spk-juli-15,Srikandi Baruna 2001,,,Approved,2026-07-01T08:00:00.000Z,,,0920.SPK/BA.202/BA010102/2026,40,sp-juli-220,WD 40,333 ML,24,24,PCS,0,10,Permintaan SPK 0920.SPK/BA.202/BA010102/2026
TUG5_TUG6,mr-tug5-15,MR-2026-000015,,0920.SPK/BA.202/BA010102/2026,spk-juli-15,Srikandi Baruna 2001,,,Approved,2026-07-01T08:00:00.000Z,,,0920.SPK/BA.202/BA010102/2026,41,sp-juli-221,LEM AIBON,1 LITER,1,1,KALENG,0,10,Permintaan SPK 0920.SPK/BA.202/BA010102/2026
TUG5_TUG6,mr-tug5-15,MR-2026-000015,,0920.SPK/BA.202/BA010102/2026,spk-juli-15,Srikandi Baruna 2001,,,Approved,2026-07-01T08:00:00.000Z,,,0920.SPK/BA.202/BA010102/2026,42,sp-juli-222,BALLPOINT,HITAM,3,3,PACK,0,10,Permintaan SPK 0920.SPK/BA.202/BA010102/2026
TUG5_TUG6,mr-tug5-15,MR-2026-000015,,0920.SPK/BA.202/BA010102/2026,spk-juli-15,Srikandi Baruna 2001,,,Approved,2026-07-01T08:00:00.000Z,,,0920.SPK/BA.202/BA010102/2026,43,sp-juli-223,STABILO,ORANGE,6,6,PCS,0,10,Permintaan SPK 0920.SPK/BA.202/BA010102/2026
TUG5_TUG6,mr-tug5-15,MR-2026-000015,,0920.SPK/BA.202/BA010102/2026,spk-juli-15,Srikandi Baruna 2001,,,Approved,2026-07-01T08:00:00.000Z,,,0920.SPK/BA.202/BA010102/2026,44,sp-juli-224,KUAS ROLL,-,60,60,PCS,0,10,Permintaan SPK 0920.SPK/BA.202/BA010102/2026
TUG5_TUG6,mr-tug5-15,MR-2026-000015,,0920.SPK/BA.202/BA010102/2026,spk-juli-15,Srikandi Baruna 2001,,,Approved,2026-07-01T08:00:00.000Z,,,0920.SPK/BA.202/BA010102/2026,45,sp-juli-225,KUAS TANGAN,1 INC,20,20,PCS,0,10,Permintaan SPK 0920.SPK/BA.202/BA010102/2026
TUG5_TUG6,mr-tug5-15,MR-2026-000015,,0920.SPK/BA.202/BA010102/2026,spk-juli-15,Srikandi Baruna 2001,,,Approved,2026-07-01T08:00:00.000Z,,,0920.SPK/BA.202/BA010102/2026,46,sp-juli-226,KUAS TANGAN,2 INC,20,20,PCS,0,10,Permintaan SPK 0920.SPK/BA.202/BA010102/2026
TUG5_TUG6,mr-tug5-15,MR-2026-000015,,0920.SPK/BA.202/BA010102/2026,spk-juli-15,Srikandi Baruna 2001,,,Approved,2026-07-01T08:00:00.000Z,,,0920.SPK/BA.202/BA010102/2026,47,sp-juli-227,SOLASI KERTAS,KECIL,20,20,PCS,0,10,Permintaan SPK 0920.SPK/BA.202/BA010102/2026
TUG5_TUG6,mr-tug5-15,MR-2026-000015,,0920.SPK/BA.202/BA010102/2026,spk-juli-15,Srikandi Baruna 2001,,,Approved,2026-07-01T08:00:00.000Z,,,0920.SPK/BA.202/BA010102/2026,48,sp-juli-228,SOLASI KERTAS,BESAR,20,20,PCS,0,10,Permintaan SPK 0920.SPK/BA.202/BA010102/2026
TUG5_TUG6,mr-tug5-15,MR-2026-000015,,0920.SPK/BA.202/BA010102/2026,spk-juli-15,Srikandi Baruna 2001,,,Approved,2026-07-01T08:00:00.000Z,,,0920.SPK/BA.202/BA010102/2026,49,sp-juli-229,LAKBAN BENING,BESAR,40,40,PCS,0,10,Permintaan SPK 0920.SPK/BA.202/BA010102/2026
TUG5_TUG6,mr-tug5-15,MR-2026-000015,,0920.SPK/BA.202/BA010102/2026,spk-juli-15,Srikandi Baruna 2001,,,Approved,2026-07-01T08:00:00.000Z,,,0920.SPK/BA.202/BA010102/2026,50,sp-juli-210,KAPUR BARUS (BAGUS),-,1,1,DUS,0,10,Permintaan SPK 0920.SPK/BA.202/BA010102/2026
TUG5_TUG6,mr-tug5-15,MR-2026-000015,,0920.SPK/BA.202/BA010102/2026,spk-juli-15,Srikandi Baruna 2001,,,Approved,2026-07-01T08:00:00.000Z,,,0920.SPK/BA.202/BA010102/2026,51,sp-juli-230,BENDERA RI,60X90,10,10,PCS,0,10,Permintaan SPK 0920.SPK/BA.202/BA010102/2026
TUG5_TUG6,mr-tug5-15,MR-2026-000015,,0920.SPK/BA.202/BA010102/2026,spk-juli-15,Srikandi Baruna 2001,,,Approved,2026-07-01T08:00:00.000Z,,,0920.SPK/BA.202/BA010102/2026,52,sp-juli-231,RANTAL DAPRA,uk 3/4,10,10,METER,0,10,Permintaan SPK 0920.SPK/BA.202/BA010102/2026
TUG5_TUG6,mr-tug5-15,MR-2026-000015,,0920.SPK/BA.202/BA010102/2026,spk-juli-15,Srikandi Baruna 2001,,,Approved,2026-07-01T08:00:00.000Z,,,0920.SPK/BA.202/BA010102/2026,53,sp-juli-232,PEMBERSIH JAMUR KACA,WATERSPOT,12,12,PCS,0,10,Permintaan SPK 0920.SPK/BA.202/BA010102/2026
TUG5_TUG6,mr-tug5-15,MR-2026-000015,,0920.SPK/BA.202/BA010102/2026,spk-juli-15,Srikandi Baruna 2001,,,Approved,2026-07-01T08:00:00.000Z,,,0920.SPK/BA.202/BA010102/2026,54,sp-juli-233,MATA BOR CUP BRONZE,SILVER,12,12,PCS,0,10,Permintaan SPK 0920.SPK/BA.202/BA010102/2026
TUG5_TUG6,mr-tug5-15,MR-2026-000015,,0920.SPK/BA.202/BA010102/2026,spk-juli-15,Srikandi Baruna 2001,,,Approved,2026-07-01T08:00:00.000Z,,,0920.SPK/BA.202/BA010102/2026,55,sp-juli-234,CHAIN BLOCK,SWL 5 TON,1,1,PCS,0,10,Permintaan SPK 0920.SPK/BA.202/BA010102/2026
TUG5_TUG6,mr-tug5-15,MR-2026-000015,,0920.SPK/BA.202/BA010102/2026,spk-juli-15,Srikandi Baruna 2001,,,Approved,2026-07-01T08:00:00.000Z,,,0920.SPK/BA.202/BA010102/2026,56,sp-juli-235,CHAIN BLOCK,SWL 10 TON,1,1,PCS,0,10,Permintaan SPK 0920.SPK/BA.202/BA010102/2026
TUG5_TUG6,mr-tug5-15,MR-2026-000015,,0920.SPK/BA.202/BA010102/2026,spk-juli-15,Srikandi Baruna 2001,,,Approved,2026-07-01T08:00:00.000Z,,,0920.SPK/BA.202/BA010102/2026,57,sp-juli-236,KANEBO,LAP,5,5,PCS,0,10,Permintaan SPK 0920.SPK/BA.202/BA010102/2026
TUG5_TUG6,mr-tug5-15,MR-2026-000015,,0920.SPK/BA.202/BA010102/2026,spk-juli-15,Srikandi Baruna 2001,,,Approved,2026-07-01T08:00:00.000Z,,,0920.SPK/BA.202/BA010102/2026,58,sp-juli-237,MICRO FIBER,LAP,10,10,PCS,0,10,Permintaan SPK 0920.SPK/BA.202/BA010102/2026
TUG5_TUG6,mr-tug5-15,MR-2026-000015,,0920.SPK/BA.202/BA010102/2026,spk-juli-15,Srikandi Baruna 2001,,,Approved,2026-07-01T08:00:00.000Z,,,0920.SPK/BA.202/BA010102/2026,59,sp-juli-238,RESIN 1 PAKET,LITER,10,10,LITER,0,10,Permintaan SPK 0920.SPK/BA.202/BA010102/2026
TUG5_TUG6,mr-tug5-15,MR-2026-000015,,0920.SPK/BA.202/BA010102/2026,spk-juli-15,Srikandi Baruna 2001,,,Approved,2026-07-01T08:00:00.000Z,,,0920.SPK/BA.202/BA010102/2026,60,sp-juli-239,ALTECO/LEM CHINA,-,30,30,PCS,0,10,Permintaan SPK 0920.SPK/BA.202/BA010102/2026
TUG5_TUG6,mr-tug5-15,MR-2026-000015,,0920.SPK/BA.202/BA010102/2026,spk-juli-15,Srikandi Baruna 2001,,,Approved,2026-07-01T08:00:00.000Z,,,0920.SPK/BA.202/BA010102/2026,61,sp-juli-240,KABEL TIES,NILON,25,25,PACK,0,10,Permintaan SPK 0920.SPK/BA.202/BA010102/2026
TUG5_TUG6,mr-tug5-15,MR-2026-000015,,0920.SPK/BA.202/BA010102/2026,spk-juli-15,Srikandi Baruna 2001,,,Approved,2026-07-01T08:00:00.000Z,,,0920.SPK/BA.202/BA010102/2026,62,sp-juli-241,BAUT,M10X50,100,100,PCS,0,10,Permintaan SPK 0920.SPK/BA.202/BA010102/2026
TUG5_TUG6,mr-tug5-15,MR-2026-000015,,0920.SPK/BA.202/BA010102/2026,spk-juli-15,Srikandi Baruna 2001,,,Approved,2026-07-01T08:00:00.000Z,,,0920.SPK/BA.202/BA010102/2026,63,sp-juli-242,SPIDOL PERMANENT,SNOWAN,2,2,PACK,0,10,Permintaan SPK 0920.SPK/BA.202/BA010102/2026
TUG5_TUG6,mr-tug5-15,MR-2026-000015,,0920.SPK/BA.202/BA010102/2026,spk-juli-15,Srikandi Baruna 2001,,,Approved,2026-07-01T08:00:00.000Z,,,0920.SPK/BA.202/BA010102/2026,64,sp-juli-243,SPIDOL POORMARKER,SNOWAN,2,2,PACK,0,10,Permintaan SPK 0920.SPK/BA.202/BA010102/2026
TUG5_TUG6,mr-tug5-15,MR-2026-000015,,0920.SPK/BA.202/BA010102/2026,spk-juli-15,Srikandi Baruna 2001,,,Approved,2026-07-01T08:00:00.000Z,,,0920.SPK/BA.202/BA010102/2026,65,sp-juli-244,JANGKA SEMAT PETA,KUNINGAN,2,2,PCS,0,10,Permintaan SPK 0920.SPK/BA.202/BA010102/2026
TUG5_TUG6,mr-tug5-15,MR-2026-000015,,0920.SPK/BA.202/BA010102/2026,spk-juli-15,Srikandi Baruna 2001,,,Approved,2026-07-01T08:00:00.000Z,,,0920.SPK/BA.202/BA010102/2026,66,sp-juli-245,PENGGARIS PANJANG DAN PENDEK (1 METER DAN 30 CM),STAINLESS,4,4,PCS,0,10,Permintaan SPK 0920.SPK/BA.202/BA010102/2026
TUG5_TUG6,mr-tug5-15,MR-2026-000015,,0920.SPK/BA.202/BA010102/2026,spk-juli-15,Srikandi Baruna 2001,,,Approved,2026-07-01T08:00:00.000Z,,,0920.SPK/BA.202/BA010102/2026,67,sp-juli-246,MISTAR JAJAR (PETA),PLASTIC,2,2,PCS,0,10,Permintaan SPK 0920.SPK/BA.202/BA010102/2026
TUG5_TUG6,mr-tug5-15,MR-2026-000015,,0920.SPK/BA.202/BA010102/2026,spk-juli-15,Srikandi Baruna 2001,,,Approved,2026-07-01T08:00:00.000Z,,,0920.SPK/BA.202/BA010102/2026,68,sp-juli-36,DISKON,-,1,1,lot,0,10,Permintaan SPK 0920.SPK/BA.202/BA010102/2026
TUG5_TUG6,mr-tug5-16,MR-2026-000016,,0958.SPK/BA.17/BA010102/2026,spk-juli-16,Srikandi Baruna 2004,,,Approved,2026-07-02T08:00:00.000Z,,,0958.SPK/BA.17/BA010102/2026,1,sp-juli-247,TALI PP MONOFILAMENT,CIR 10,1,1,roll,0,10,Permintaan SPK 0958.SPK/BA.17/BA010102/2026
TUG5_TUG6,mr-tug5-16,MR-2026-000016,,0958.SPK/BA.17/BA010102/2026,spk-juli-16,Srikandi Baruna 2004,,,Approved,2026-07-02T08:00:00.000Z,,,0958.SPK/BA.17/BA010102/2026,2,sp-juli-248,TALI PP MONOFILAMENT,CIR 8,1,1,roll,0,10,Permintaan SPK 0958.SPK/BA.17/BA010102/2026
TUG5_TUG6,mr-tug5-17,MR-2026-000017,,0937.SPK/BA.17/BA010102/2026,spk-juli-17,Srikandi Baruna 2001,,,Approved,2026-07-02T08:00:00.000Z,,,0937.SPK/BA.17/BA010102/2026,1,sp-juli-247,TALI PP MONOFILAMENT,CIR 10,1,1,roll,0,10,Permintaan SPK 0937.SPK/BA.17/BA010102/2026
TUG5_TUG6,mr-tug5-17,MR-2026-000017,,0937.SPK/BA.17/BA010102/2026,spk-juli-17,Srikandi Baruna 2001,,,Approved,2026-07-02T08:00:00.000Z,,,0937.SPK/BA.17/BA010102/2026,2,sp-juli-248,TALI PP MONOFILAMENT,CIR 8,2,2,roll,0,10,Permintaan SPK 0937.SPK/BA.17/BA010102/2026
TUG5_TUG6,mr-tug5-17,MR-2026-000017,,0937.SPK/BA.17/BA010102/2026,spk-juli-17,Srikandi Baruna 2001,,,Approved,2026-07-02T08:00:00.000Z,,,0937.SPK/BA.17/BA010102/2026,3,sp-juli-249,TALI PP MONOFILAMENT,CIR 6,1,1,roll,0,10,Permintaan SPK 0937.SPK/BA.17/BA010102/2026
TUG5_TUG6,mr-tug5-18,MR-2026-000018,,0999.SPK/BA.17/BA010102/2026,spk-juli-18,Malahayati Baruna,,,Approved,2026-07-01T08:00:00.000Z,,,0999.SPK/BA.17/BA010102/2026,1,sp-juli-250,AKI KERING,-,8,8,pcs,0,10,Permintaan SPK 0999.SPK/BA.17/BA010102/2026
TUG5_TUG6,mr-tug5-19,MR-2026-000019,,1017.SPK/BA.302/BA010102/2026,spk-juli-19,Rasuna Baruna,,,Approved,2026-07-02T08:00:00.000Z,,,1017.SPK/BA.302/BA010102/2026,1,sp-juli-251,THREEWAY VALVE UNIT,-,1,1,unit,0,10,Permintaan SPK 1017.SPK/BA.302/BA010102/2026
TUG5_TUG6,mr-tug5-19,MR-2026-000019,,1017.SPK/BA.302/BA010102/2026,spk-juli-19,Rasuna Baruna,,,Approved,2026-07-02T08:00:00.000Z,,,1017.SPK/BA.302/BA010102/2026,2,sp-juli-252,KIT FOR VALVE,-,2,2,set,0,10,Permintaan SPK 1017.SPK/BA.302/BA010102/2026
TUG5_TUG6,mr-tug5-20,MR-2026-000020,,0998.SPK/BA.202/BA010102/2026,spk-juli-20,Srikandi Baruna 2206,,,Approved,2026-07-01T08:00:00.000Z,,,0998.SPK/BA.202/BA010102/2026,1,sp-juli-253,GREASE (CASTROL) @15KG,-,1,1,PCS,0,10,Permintaan SPK 0998.SPK/BA.202/BA010102/2026
TUG5_TUG6,mr-tug5-20,MR-2026-000020,,0998.SPK/BA.202/BA010102/2026,spk-juli-20,Srikandi Baruna 2206,,,Approved,2026-07-01T08:00:00.000Z,,,0998.SPK/BA.202/BA010102/2026,2,sp-juli-254,GREASE KYODO YUSHI (454GRAM) HEAVY DUTY,-,4,4,PCS,0,10,Permintaan SPK 0998.SPK/BA.202/BA010102/2026
TUG5_TUG6,mr-tug5-20,MR-2026-000020,,0998.SPK/BA.202/BA010102/2026,spk-juli-20,Srikandi Baruna 2206,,,Approved,2026-07-01T08:00:00.000Z,,,0998.SPK/BA.202/BA010102/2026,3,sp-juli-255,SARUNG TANGAN KATUN,-,25,25,LUSIN,0,10,Permintaan SPK 0998.SPK/BA.202/BA010102/2026
TUG5_TUG6,mr-tug5-20,MR-2026-000020,,0998.SPK/BA.202/BA010102/2026,spk-juli-20,Srikandi Baruna 2206,,,Approved,2026-07-01T08:00:00.000Z,,,0998.SPK/BA.202/BA010102/2026,4,sp-juli-256,BATU GERINDA POTONG 4,-,40,40,PCS,0,10,Permintaan SPK 0998.SPK/BA.202/BA010102/2026
TUG5_TUG6,mr-tug5-20,MR-2026-000020,,0998.SPK/BA.202/BA010102/2026,spk-juli-20,Srikandi Baruna 2206,,,Approved,2026-07-01T08:00:00.000Z,,,0998.SPK/BA.202/BA010102/2026,5,sp-juli-257,MOLYCOTE (1000GRAM),-,2,2,PCS,0,10,Permintaan SPK 0998.SPK/BA.202/BA010102/2026
TUG5_TUG6,mr-tug5-20,MR-2026-000020,,0998.SPK/BA.202/BA010102/2026,spk-juli-20,Srikandi Baruna 2206,,,Approved,2026-07-01T08:00:00.000Z,,,0998.SPK/BA.202/BA010102/2026,6,sp-juli-258,PASTA SKUR ABRASIVE (105GRAM),-,5,5,PCS,0,10,Permintaan SPK 0998.SPK/BA.202/BA010102/2026
TUG5_TUG6,mr-tug5-20,MR-2026-000020,,0998.SPK/BA.202/BA010102/2026,spk-juli-20,Srikandi Baruna 2206,,,Approved,2026-07-01T08:00:00.000Z,,,0998.SPK/BA.202/BA010102/2026,7,sp-juli-259,ORING SET BOX OSTYNN (MM & NBR),-,2,2,SET,0,10,Permintaan SPK 0998.SPK/BA.202/BA010102/2026
TUG5_TUG6,mr-tug5-20,MR-2026-000020,,0998.SPK/BA.202/BA010102/2026,spk-juli-20,Srikandi Baruna 2206,,,Approved,2026-07-01T08:00:00.000Z,,,0998.SPK/BA.202/BA010102/2026,8,sp-juli-260,RING TEMBAGA CONTAIN 30SET (ISI 568PCS),-,1,1,SET,0,10,Permintaan SPK 0998.SPK/BA.202/BA010102/2026
TUG5_TUG6,mr-tug5-20,MR-2026-000020,,0998.SPK/BA.202/BA010102/2026,spk-juli-20,Srikandi Baruna 2206,,,Approved,2026-07-01T08:00:00.000Z,,,0998.SPK/BA.202/BA010102/2026,9,sp-juli-261,AMPLAS ROLL GRIT 40,-,20,20,METER,0,10,Permintaan SPK 0998.SPK/BA.202/BA010102/2026
TUG5_TUG6,mr-tug5-20,MR-2026-000020,,0998.SPK/BA.202/BA010102/2026,spk-juli-20,Srikandi Baruna 2206,,,Approved,2026-07-01T08:00:00.000Z,,,0998.SPK/BA.202/BA010102/2026,10,sp-juli-262,AMPLAS ROLL GRIT 60,-,20,20,METER,0,10,Permintaan SPK 0998.SPK/BA.202/BA010102/2026
TUG5_TUG6,mr-tug5-20,MR-2026-000020,,0998.SPK/BA.202/BA010102/2026,spk-juli-20,Srikandi Baruna 2206,,,Approved,2026-07-01T08:00:00.000Z,,,0998.SPK/BA.202/BA010102/2026,11,sp-juli-263,AMPLAS ROLL GRIT 80,-,20,20,METER,0,10,Permintaan SPK 0998.SPK/BA.202/BA010102/2026
TUG5_TUG6,mr-tug5-20,MR-2026-000020,,0998.SPK/BA.202/BA010102/2026,spk-juli-20,Srikandi Baruna 2206,,,Approved,2026-07-01T08:00:00.000Z,,,0998.SPK/BA.202/BA010102/2026,12,sp-juli-264,AMPLAS ROLL GRIT 100,-,20,20,METER,0,10,Permintaan SPK 0998.SPK/BA.202/BA010102/2026
TUG5_TUG6,mr-tug5-20,MR-2026-000020,,0998.SPK/BA.202/BA010102/2026,spk-juli-20,Srikandi Baruna 2206,,,Approved,2026-07-01T08:00:00.000Z,,,0998.SPK/BA.202/BA010102/2026,13,sp-juli-265,AMPLAS ROLL GRIT 120,-,20,20,METER,0,10,Permintaan SPK 0998.SPK/BA.202/BA010102/2026
TUG5_TUG6,mr-tug5-20,MR-2026-000020,,0998.SPK/BA.202/BA010102/2026,spk-juli-20,Srikandi Baruna 2206,,,Approved,2026-07-01T08:00:00.000Z,,,0998.SPK/BA.202/BA010102/2026,14,sp-juli-266,AMPLAS ROLL GRIT 150,-,20,20,METER,0,10,Permintaan SPK 0998.SPK/BA.202/BA010102/2026
TUG5_TUG6,mr-tug5-20,MR-2026-000020,,0998.SPK/BA.202/BA010102/2026,spk-juli-20,Srikandi Baruna 2206,,,Approved,2026-07-01T08:00:00.000Z,,,0998.SPK/BA.202/BA010102/2026,15,sp-juli-267,AMPLAS ROLL GRIT 180,-,20,20,METER,0,10,Permintaan SPK 0998.SPK/BA.202/BA010102/2026
TUG5_TUG6,mr-tug5-20,MR-2026-000020,,0998.SPK/BA.202/BA010102/2026,spk-juli-20,Srikandi Baruna 2206,,,Approved,2026-07-01T08:00:00.000Z,,,0998.SPK/BA.202/BA010102/2026,16,sp-juli-268,AMPLAS ROLL GRIT 240,-,20,20,METER,0,10,Permintaan SPK 0998.SPK/BA.202/BA010102/2026
TUG5_TUG6,mr-tug5-20,MR-2026-000020,,0998.SPK/BA.202/BA010102/2026,spk-juli-20,Srikandi Baruna 2206,,,Approved,2026-07-01T08:00:00.000Z,,,0998.SPK/BA.202/BA010102/2026,17,sp-juli-269,AMPLAS ROLL GRIT 320,-,20,20,METER,0,10,Permintaan SPK 0998.SPK/BA.202/BA010102/2026
TUG5_TUG6,mr-tug5-20,MR-2026-000020,,0998.SPK/BA.202/BA010102/2026,spk-juli-20,Srikandi Baruna 2206,,,Approved,2026-07-01T08:00:00.000Z,,,0998.SPK/BA.202/BA010102/2026,18,sp-juli-270,AMPLAS ROLL GRIT 400,-,20,20,METER,0,10,Permintaan SPK 0998.SPK/BA.202/BA010102/2026
TUG5_TUG6,mr-tug5-20,MR-2026-000020,,0998.SPK/BA.202/BA010102/2026,spk-juli-20,Srikandi Baruna 2206,,,Approved,2026-07-01T08:00:00.000Z,,,0998.SPK/BA.202/BA010102/2026,19,sp-juli-271,AMPLAS ROLL GRIT 500,-,20,20,METER,0,10,Permintaan SPK 0998.SPK/BA.202/BA010102/2026
TUG5_TUG6,mr-tug5-20,MR-2026-000020,,0998.SPK/BA.202/BA010102/2026,spk-juli-20,Srikandi Baruna 2206,,,Approved,2026-07-01T08:00:00.000Z,,,0998.SPK/BA.202/BA010102/2026,20,sp-juli-272,AMPLAS ROLL GRIT 800,-,20,20,METER,0,10,Permintaan SPK 0998.SPK/BA.202/BA010102/2026
TUG5_TUG6,mr-tug5-20,MR-2026-000020,,0998.SPK/BA.202/BA010102/2026,spk-juli-20,Srikandi Baruna 2206,,,Approved,2026-07-01T08:00:00.000Z,,,0998.SPK/BA.202/BA010102/2026,21,sp-juli-273,AMPLAS ROLL GRIT 1000,-,20,20,METER,0,10,Permintaan SPK 0998.SPK/BA.202/BA010102/2026
TUG5_TUG6,mr-tug5-20,MR-2026-000020,,0998.SPK/BA.202/BA010102/2026,spk-juli-20,Srikandi Baruna 2206,,,Approved,2026-07-01T08:00:00.000Z,,,0998.SPK/BA.202/BA010102/2026,22,sp-juli-274,MATA GERGAJI BESI 12,-,20,20,PCS,0,10,Permintaan SPK 0998.SPK/BA.202/BA010102/2026
TUG5_TUG6,mr-tug5-20,MR-2026-000020,,0998.SPK/BA.202/BA010102/2026,spk-juli-20,Srikandi Baruna 2206,,,Approved,2026-07-01T08:00:00.000Z,,,0998.SPK/BA.202/BA010102/2026,23,sp-juli-275,OIL SPILL DIPERSANT @20L,-,1,1,PCS,0,10,Permintaan SPK 0998.SPK/BA.202/BA010102/2026
TUG5_TUG6,mr-tug5-20,MR-2026-000020,,0998.SPK/BA.202/BA010102/2026,spk-juli-20,Srikandi Baruna 2206,,,Approved,2026-07-01T08:00:00.000Z,,,0998.SPK/BA.202/BA010102/2026,24,sp-juli-276,AVR GENERATOR (DST-100-2FA4),-,2,2,UNIT,0,10,Permintaan SPK 0998.SPK/BA.202/BA010102/2026
TUG5_TUG6,mr-tug5-20,MR-2026-000020,,0998.SPK/BA.202/BA010102/2026,spk-juli-20,Srikandi Baruna 2206,,,Approved,2026-07-01T08:00:00.000Z,,,0998.SPK/BA.202/BA010102/2026,25,sp-juli-277,MCCB 100A 3POLE 415V (SCHNEIDER),-,2,2,PCS,0,10,Permintaan SPK 0998.SPK/BA.202/BA010102/2026
TUG5_TUG6,mr-tug5-20,MR-2026-000020,,0998.SPK/BA.202/BA010102/2026,spk-juli-20,Srikandi Baruna 2206,,,Approved,2026-07-01T08:00:00.000Z,,,0998.SPK/BA.202/BA010102/2026,26,sp-juli-278,WATER JET CLEANER (KARCHER K2 / 1400W / 120BAR),-,1,1,UNIT,0,10,Permintaan SPK 0998.SPK/BA.202/BA010102/2026
TUG5_TUG6,mr-tug5-20,MR-2026-000020,,0998.SPK/BA.202/BA010102/2026,spk-juli-20,Srikandi Baruna 2206,,,Approved,2026-07-01T08:00:00.000Z,,,0998.SPK/BA.202/BA010102/2026,27,sp-juli-279,ELECTRIC BARREL PUMP 220VAC (DYB-60YT-1),-,1,1,UNIT,0,10,Permintaan SPK 0998.SPK/BA.202/BA010102/2026
TUG5_TUG6,mr-tug5-20,MR-2026-000020,,0998.SPK/BA.202/BA010102/2026,spk-juli-20,Srikandi Baruna 2206,,,Approved,2026-07-01T08:00:00.000Z,,,0998.SPK/BA.202/BA010102/2026,28,sp-juli-280,TAP & DIE SET 40PCS (TEKIRO),-,1,1,SET,0,10,Permintaan SPK 0998.SPK/BA.202/BA010102/2026
TUG5_TUG6,mr-tug5-20,MR-2026-000020,,0998.SPK/BA.202/BA010102/2026,spk-juli-20,Srikandi Baruna 2206,,,Approved,2026-07-01T08:00:00.000Z,,,0998.SPK/BA.202/BA010102/2026,29,sp-juli-281,BATTERY HYDROMETER TESTER,-,3,3,PCS,0,10,Permintaan SPK 0998.SPK/BA.202/BA010102/2026
TUG5_TUG6,mr-tug5-20,MR-2026-000020,,0998.SPK/BA.202/BA010102/2026,spk-juli-20,Srikandi Baruna 2206,,,Approved,2026-07-01T08:00:00.000Z,,,0998.SPK/BA.202/BA010102/2026,30,sp-juli-282,MESIN GENSET/LAS (FIRMAN FGW 160C) GASOLINE,-,1,1,UNIT,0,10,Permintaan SPK 0998.SPK/BA.202/BA010102/2026
TUG5_TUG6,mr-tug5-20,MR-2026-000020,,0998.SPK/BA.202/BA010102/2026,spk-juli-20,Srikandi Baruna 2206,,,Approved,2026-07-01T08:00:00.000Z,,,0998.SPK/BA.202/BA010102/2026,31,sp-juli-283,EAR MUFF GOSAVE,-,6,6,PCS,0,10,Permintaan SPK 0998.SPK/BA.202/BA010102/2026
TUG5_TUG6,mr-tug5-20,MR-2026-000020,,0998.SPK/BA.202/BA010102/2026,spk-juli-20,Srikandi Baruna 2206,,,Approved,2026-07-01T08:00:00.000Z,,,0998.SPK/BA.202/BA010102/2026,32,sp-juli-284,BOSCH IMPACT WRENCH CORDLESS SET (560NM),-,1,1,SET,0,10,Permintaan SPK 0998.SPK/BA.202/BA010102/2026
TUG5_TUG6,mr-tug5-21,MR-2026-000021,,0997.SPK/BA.202/BA010102/2026,spk-juli-21,Srikandi Baruna 2206,,,Approved,2026-07-01T08:00:00.000Z,,,0997.SPK/BA.202/BA010102/2026,1,sp-juli-285,RINSO DETERGENT BUBUK (1KG) @12PCS PER BOX,-,15,15,BOX,0,10,Permintaan SPK 0997.SPK/BA.202/BA010102/2026
TUG5_TUG6,mr-tug5-21,MR-2026-000021,,0997.SPK/BA.202/BA010102/2026,spk-juli-21,Srikandi Baruna 2206,,,Approved,2026-07-01T08:00:00.000Z,,,0997.SPK/BA.202/BA010102/2026,2,sp-juli-286,SUNLIGHT SABUN CUCI PIRING (1L) @6PCS PER BOX,-,10,10,BOX,0,10,Permintaan SPK 0997.SPK/BA.202/BA010102/2026
TUG5_TUG6,mr-tug5-21,MR-2026-000021,,0997.SPK/BA.202/BA010102/2026,spk-juli-21,Srikandi Baruna 2206,,,Approved,2026-07-01T08:00:00.000Z,,,0997.SPK/BA.202/BA010102/2026,3,sp-juli-287,PORSTEX PEMBERSIH LANTAI (1L) @12PCS PER BOX,-,5,5,BOX,0,10,Permintaan SPK 0997.SPK/BA.202/BA010102/2026
TUG5_TUG6,mr-tug5-21,MR-2026-000021,,0997.SPK/BA.202/BA010102/2026,spk-juli-21,Srikandi Baruna 2206,,,Approved,2026-07-01T08:00:00.000Z,,,0997.SPK/BA.202/BA010102/2026,4,sp-juli-288,REFILL CLING PEMBERSIH KACA (500ML) @12PCS PER BOX,-,4,4,BOX,0,10,Permintaan SPK 0997.SPK/BA.202/BA010102/2026
TUG5_TUG6,mr-tug5-21,MR-2026-000021,,0997.SPK/BA.202/BA010102/2026,spk-juli-21,Srikandi Baruna 2206,,,Approved,2026-07-01T08:00:00.000Z,,,0997.SPK/BA.202/BA010102/2026,5,sp-juli-289,LAKBAN KERTAS 1,-,20,20,LUSIN,0,10,Permintaan SPK 0997.SPK/BA.202/BA010102/2026
TUG5_TUG6,mr-tug5-21,MR-2026-000021,,0997.SPK/BA.202/BA010102/2026,spk-juli-21,Srikandi Baruna 2206,,,Approved,2026-07-01T08:00:00.000Z,,,0997.SPK/BA.202/BA010102/2026,6,sp-juli-290,PEL LANTAI + GAGANG (MODEL: SUMBU),-,15,15,PCS,0,10,Permintaan SPK 0997.SPK/BA.202/BA010102/2026
TUG5_TUG6,mr-tug5-21,MR-2026-000021,,0997.SPK/BA.202/BA010102/2026,spk-juli-21,Srikandi Baruna 2206,,,Approved,2026-07-01T08:00:00.000Z,,,0997.SPK/BA.202/BA010102/2026,7,sp-juli-291,SIKAT LANTAI + GAGANG (BAHAN: PLASTIK),-,15,15,PCS,0,10,Permintaan SPK 0997.SPK/BA.202/BA010102/2026
TUG5_TUG6,mr-tug5-21,MR-2026-000021,,0997.SPK/BA.202/BA010102/2026,spk-juli-21,Srikandi Baruna 2206,,,Approved,2026-07-01T08:00:00.000Z,,,0997.SPK/BA.202/BA010102/2026,8,sp-juli-292,SAPU LANTAI + GAGANG (BAHAN: PLASTIK),-,15,15,PCS,0,10,Permintaan SPK 0997.SPK/BA.202/BA010102/2026
TUG5_TUG6,mr-tug5-21,MR-2026-000021,,0997.SPK/BA.202/BA010102/2026,spk-juli-21,Srikandi Baruna 2206,,,Approved,2026-07-01T08:00:00.000Z,,,0997.SPK/BA.202/BA010102/2026,9,sp-juli-293,"BATTERY ALKALINE AA 1,5V @ 72PCS PER BOX",-,2,2,BOX,0,10,Permintaan SPK 0997.SPK/BA.202/BA010102/2026
TUG5_TUG6,mr-tug5-21,MR-2026-000021,,0997.SPK/BA.202/BA010102/2026,spk-juli-21,Srikandi Baruna 2206,,,Approved,2026-07-01T08:00:00.000Z,,,0997.SPK/BA.202/BA010102/2026,10,sp-juli-294,"BATTERY ALKALINE AAA 1,5V @72 PCS PER BOX",-,2,2,BOX,0,10,Permintaan SPK 0997.SPK/BA.202/BA010102/2026
TUG5_TUG6,mr-tug5-21,MR-2026-000021,,0997.SPK/BA.202/BA010102/2026,spk-juli-21,Srikandi Baruna 2206,,,Approved,2026-07-01T08:00:00.000Z,,,0997.SPK/BA.202/BA010102/2026,11,sp-juli-295,BATTERY ALKALINE D/LR20 @24PCS PER BOX,-,2,2,BOX,0,10,Permintaan SPK 0997.SPK/BA.202/BA010102/2026
TUG5_TUG6,mr-tug5-21,MR-2026-000021,,0997.SPK/BA.202/BA010102/2026,spk-juli-21,Srikandi Baruna 2206,,,Approved,2026-07-01T08:00:00.000Z,,,0997.SPK/BA.202/BA010102/2026,12,sp-juli-296,REGULATOR KOMPOR GAS MODEL JEPIT (MERK DESTEC),-,5,5,PCS,0,10,Permintaan SPK 0997.SPK/BA.202/BA010102/2026
TUG5_TUG6,mr-tug5-21,MR-2026-000021,,0997.SPK/BA.202/BA010102/2026,spk-juli-21,Srikandi Baruna 2206,,,Approved,2026-07-01T08:00:00.000Z,,,0997.SPK/BA.202/BA010102/2026,13,sp-juli-297,SENTER RECHARGERABLE (DONY MS-309 50WATT),-,10,10,PCS,0,10,Permintaan SPK 0997.SPK/BA.202/BA010102/2026
TUG5_TUG6,mr-tug5-21,MR-2026-000021,,0997.SPK/BA.202/BA010102/2026,spk-juli-21,Srikandi Baruna 2206,,,Approved,2026-07-01T08:00:00.000Z,,,0997.SPK/BA.202/BA010102/2026,14,sp-juli-298,BAN DAPRA UK1000/R20 (BEKAS TRUCK),-,10,10,PCS,0,10,Permintaan SPK 0997.SPK/BA.202/BA010102/2026
TUG5_TUG6,mr-tug5-21,MR-2026-000021,,0997.SPK/BA.202/BA010102/2026,spk-juli-21,Srikandi Baruna 2206,,,Approved,2026-07-01T08:00:00.000Z,,,0997.SPK/BA.202/BA010102/2026,15,sp-juli-299,DEE SHACKLE 5/8 (GALVANIS),-,50,50,PCS,0,10,Permintaan SPK 0997.SPK/BA.202/BA010102/2026
TUG5_TUG6,mr-tug5-21,MR-2026-000021,,0997.SPK/BA.202/BA010102/2026,spk-juli-21,Srikandi Baruna 2206,,,Approved,2026-07-01T08:00:00.000Z,,,0997.SPK/BA.202/BA010102/2026,16,sp-juli-300,REFLECTIVE TAPE PUTIH (2 x 45MTR),-,2,2,PCS,0,10,Permintaan SPK 0997.SPK/BA.202/BA010102/2026
TUG5_TUG6,mr-tug5-21,MR-2026-000021,,0997.SPK/BA.202/BA010102/2026,spk-juli-21,Srikandi Baruna 2206,,,Approved,2026-07-01T08:00:00.000Z,,,0997.SPK/BA.202/BA010102/2026,17,sp-juli-301,BAYGON SPRAY 750ML,-,20,20,PCS,0,10,Permintaan SPK 0997.SPK/BA.202/BA010102/2026
TUG5_TUG6,mr-tug5-21,MR-2026-000021,,0997.SPK/BA.202/BA010102/2026,spk-juli-21,Srikandi Baruna 2206,,,Approved,2026-07-01T08:00:00.000Z,,,0997.SPK/BA.202/BA010102/2026,18,sp-juli-302,STELLA SPRAY 175ML,-,20,20,PCS,0,10,Permintaan SPK 0997.SPK/BA.202/BA010102/2026
TUG5_TUG6,mr-tug5-21,MR-2026-000021,,0997.SPK/BA.202/BA010102/2026,spk-juli-21,Srikandi Baruna 2206,,,Approved,2026-07-01T08:00:00.000Z,,,0997.SPK/BA.202/BA010102/2026,19,sp-juli-303,KESET KAKI,-,20,20,PCS,0,10,Permintaan SPK 0997.SPK/BA.202/BA010102/2026
TUG5_TUG6,mr-tug5-21,MR-2026-000021,,0997.SPK/BA.202/BA010102/2026,spk-juli-21,Srikandi Baruna 2206,,,Approved,2026-07-01T08:00:00.000Z,,,0997.SPK/BA.202/BA010102/2026,20,sp-juli-304,LAMPU SINYAL LED TENAGA SURYA (KUNING/MERAH),-,4,4,PCS,0,10,Permintaan SPK 0997.SPK/BA.202/BA010102/2026
TUG5_TUG6,mr-tug5-21,MR-2026-000021,,0997.SPK/BA.202/BA010102/2026,spk-juli-21,Srikandi Baruna 2206,,,Approved,2026-07-01T08:00:00.000Z,,,0997.SPK/BA.202/BA010102/2026,21,sp-juli-305,PILOT LADDER 6MTR SOLAS (CCS CERTIFICATE),-,1,1,PCS,0,10,Permintaan SPK 0997.SPK/BA.202/BA010102/2026
TUG5_TUG6,mr-tug5-21,MR-2026-000021,,0997.SPK/BA.202/BA010102/2026,spk-juli-21,Srikandi Baruna 2206,,,Approved,2026-07-01T08:00:00.000Z,,,0997.SPK/BA.202/BA010102/2026,22,sp-juli-306,SARUNG TANGAN BINTIK KUNING,-,25,25,LUSIN,0,10,Permintaan SPK 0997.SPK/BA.202/BA010102/2026
TUG5_TUG6,mr-tug5-22,MR-2026-000022,,1018.SPK/BA.202/BA010102/2026,spk-juli-22,Kartini Baruna,,,Approved,2026-07-02T08:00:00.000Z,,,1018.SPK/BA.202/BA010102/2026,1,sp-juli-307,Hydraulic Filter (JIMCO) JHC-88004,-,6,6,Pcs,0,10,Permintaan SPK 1018.SPK/BA.202/BA010102/2026
TUG5_TUG6,mr-tug5-22,MR-2026-000022,,1018.SPK/BA.202/BA010102/2026,spk-juli-22,Kartini Baruna,,,Approved,2026-07-02T08:00:00.000Z,,,1018.SPK/BA.202/BA010102/2026,2,sp-juli-308,Fuel Filter (JIMCO) JFC-88030,-,24,24,Pcs,0,10,Permintaan SPK 1018.SPK/BA.202/BA010102/2026
TUG5_TUG6,mr-tug5-22,MR-2026-000022,,1018.SPK/BA.202/BA010102/2026,spk-juli-22,Kartini Baruna,,,Approved,2026-07-02T08:00:00.000Z,,,1018.SPK/BA.202/BA010102/2026,3,sp-juli-309,V Belt (Mitsuboshi REMF-6310),-,4,4,Pcs,0,10,Permintaan SPK 1018.SPK/BA.202/BA010102/2026
TUG5_TUG6,mr-tug5-22,MR-2026-000022,,1018.SPK/BA.202/BA010102/2026,spk-juli-22,Kartini Baruna,,,Approved,2026-07-02T08:00:00.000Z,,,1018.SPK/BA.202/BA010102/2026,4,sp-juli-310,V Belt (Mitsuboshi RECMF-8460),-,2,2,Pcs,0,10,Permintaan SPK 1018.SPK/BA.202/BA010102/2026
TUG5_TUG6,mr-tug5-22,MR-2026-000022,,1018.SPK/BA.202/BA010102/2026,spk-juli-22,Kartini Baruna,,,Approved,2026-07-02T08:00:00.000Z,,,1018.SPK/BA.202/BA010102/2026,5,sp-juli-311,V Belt (Bando B-46),-,4,4,Pcs,0,10,Permintaan SPK 1018.SPK/BA.202/BA010102/2026
TUG5_TUG6,mr-tug5-22,MR-2026-000022,,1018.SPK/BA.202/BA010102/2026,spk-juli-22,Kartini Baruna,,,Approved,2026-07-02T08:00:00.000Z,,,1018.SPK/BA.202/BA010102/2026,6,sp-juli-312,Kunci Filter Sabuk 9 (Tekiro),-,2,2,Pcs,0,10,Permintaan SPK 1018.SPK/BA.202/BA010102/2026
TUG5_TUG6,mr-tug5-22,MR-2026-000022,,1018.SPK/BA.202/BA010102/2026,spk-juli-22,Kartini Baruna,,,Approved,2026-07-02T08:00:00.000Z,,,1018.SPK/BA.202/BA010102/2026,7,sp-juli-313,Oring Repair Kit NBR70 @Ostynn FKM75 JIS B2410 (Metric),-,1,1,Set,0,10,Permintaan SPK 1018.SPK/BA.202/BA010102/2026
TUG5_TUG6,mr-tug5-22,MR-2026-000022,,1018.SPK/BA.202/BA010102/2026,spk-juli-22,Kartini Baruna,,,Approved,2026-07-02T08:00:00.000Z,,,1018.SPK/BA.202/BA010102/2026,8,sp-juli-314,Oring Repair Kit NBR70 @Ostynn FKM75 AS568 (Inch),-,1,1,Set,0,10,Permintaan SPK 1018.SPK/BA.202/BA010102/2026
TUG5_TUG6,mr-tug5-22,MR-2026-000022,,1018.SPK/BA.202/BA010102/2026,spk-juli-22,Kartini Baruna,,,Approved,2026-07-02T08:00:00.000Z,,,1018.SPK/BA.202/BA010102/2026,9,sp-juli-315,Stop Kontak Kabel Roll 50Meter 220V,-,1,1,Pcs,0,10,Permintaan SPK 1018.SPK/BA.202/BA010102/2026
TUG5_TUG6,mr-tug5-22,MR-2026-000022,,1018.SPK/BA.202/BA010102/2026,spk-juli-22,Kartini Baruna,,,Approved,2026-07-02T08:00:00.000Z,,,1018.SPK/BA.202/BA010102/2026,10,sp-juli-316,Injector Diesel Tester 60MPa (Bosch Zexel S60H)  / Equivalent,-,1,1,Unit,0,10,Permintaan SPK 1018.SPK/BA.202/BA010102/2026
TUG5_TUG6,mr-tug5-22,MR-2026-000022,,1018.SPK/BA.202/BA010102/2026,spk-juli-22,Kartini Baruna,,,Approved,2026-07-02T08:00:00.000Z,,,1018.SPK/BA.202/BA010102/2026,11,sp-juli-307,Hydraulic Filter (JIMCO) JHC-88004,-,6,6,Pcs,0,10,Permintaan SPK 1018.SPK/BA.202/BA010102/2026
TUG5_TUG6,mr-tug5-22,MR-2026-000022,,1018.SPK/BA.202/BA010102/2026,spk-juli-22,Kartini Baruna,,,Approved,2026-07-02T08:00:00.000Z,,,1018.SPK/BA.202/BA010102/2026,12,sp-juli-308,Fuel Filter (JIMCO) JFC-88030,-,24,24,Pcs,0,10,Permintaan SPK 1018.SPK/BA.202/BA010102/2026
TUG5_TUG6,mr-tug5-22,MR-2026-000022,,1018.SPK/BA.202/BA010102/2026,spk-juli-22,Kartini Baruna,,,Approved,2026-07-02T08:00:00.000Z,,,1018.SPK/BA.202/BA010102/2026,13,sp-juli-309,V Belt (Mitsuboshi REMF-6310),-,4,4,Pcs,0,10,Permintaan SPK 1018.SPK/BA.202/BA010102/2026
TUG5_TUG6,mr-tug5-22,MR-2026-000022,,1018.SPK/BA.202/BA010102/2026,spk-juli-22,Kartini Baruna,,,Approved,2026-07-02T08:00:00.000Z,,,1018.SPK/BA.202/BA010102/2026,14,sp-juli-310,V Belt (Mitsuboshi RECMF-8460),-,2,2,Pcs,0,10,Permintaan SPK 1018.SPK/BA.202/BA010102/2026
TUG5_TUG6,mr-tug5-22,MR-2026-000022,,1018.SPK/BA.202/BA010102/2026,spk-juli-22,Kartini Baruna,,,Approved,2026-07-02T08:00:00.000Z,,,1018.SPK/BA.202/BA010102/2026,15,sp-juli-311,V Belt (Bando B-46),-,4,4,Pcs,0,10,Permintaan SPK 1018.SPK/BA.202/BA010102/2026
TUG5_TUG6,mr-tug5-22,MR-2026-000022,,1018.SPK/BA.202/BA010102/2026,spk-juli-22,Kartini Baruna,,,Approved,2026-07-02T08:00:00.000Z,,,1018.SPK/BA.202/BA010102/2026,16,sp-juli-317,Ring Tembaga Contain 30Set (568Pcs),-,1,1,Set,0,10,Permintaan SPK 1018.SPK/BA.202/BA010102/2026
TUG5_TUG6,mr-tug5-22,MR-2026-000022,,1018.SPK/BA.202/BA010102/2026,spk-juli-22,Kartini Baruna,,,Approved,2026-07-02T08:00:00.000Z,,,1018.SPK/BA.202/BA010102/2026,17,sp-juli-313,Oring Repair Kit NBR70 @Ostynn FKM75 JIS B2410 (Metric),-,1,1,Set,0,10,Permintaan SPK 1018.SPK/BA.202/BA010102/2026
TUG5_TUG6,mr-tug5-22,MR-2026-000022,,1018.SPK/BA.202/BA010102/2026,spk-juli-22,Kartini Baruna,,,Approved,2026-07-02T08:00:00.000Z,,,1018.SPK/BA.202/BA010102/2026,18,sp-juli-314,Oring Repair Kit NBR70 @Ostynn FKM75 AS568 (Inch),-,1,1,Set,0,10,Permintaan SPK 1018.SPK/BA.202/BA010102/2026
TUG5_TUG6,mr-tug5-23,MR-2026-000023,,0675.SPK/TU.006/BA010102/2026,spk-juli-23,Kartini Baruna,,,Approved,2026-07-02T08:00:00.000Z,,,0675.SPK/TU.006/BA010102/2026,1,sp-juli-318,MERAK (PICK UP),-,2,2,lot,0,10,Permintaan SPK 0675.SPK/TU.006/BA010102/2026
TUG5_TUG6,mr-tug5-23,MR-2026-000023,,0675.SPK/TU.006/BA010102/2026,spk-juli-23,Kartini Baruna,,,Approved,2026-07-02T08:00:00.000Z,,,0675.SPK/TU.006/BA010102/2026,2,sp-juli-319,MERAK (CDE),-,2,2,lot,0,10,Permintaan SPK 0675.SPK/TU.006/BA010102/2026
TUG5_TUG6,mr-tug5-23,MR-2026-000023,,0675.SPK/TU.006/BA010102/2026,spk-juli-23,Kartini Baruna,,,Approved,2026-07-02T08:00:00.000Z,,,0675.SPK/TU.006/BA010102/2026,3,sp-juli-320,MERAK (CDD),-,3,3,lot,0,10,Permintaan SPK 0675.SPK/TU.006/BA010102/2026
TUG5_TUG6,mr-tug5-23,MR-2026-000023,,0675.SPK/TU.006/BA010102/2026,spk-juli-23,Kartini Baruna,,,Approved,2026-07-02T08:00:00.000Z,,,0675.SPK/TU.006/BA010102/2026,4,sp-juli-321,JEPARA (PICK UP),-,2,2,lot,0,10,Permintaan SPK 0675.SPK/TU.006/BA010102/2026
TUG5_TUG6,mr-tug5-23,MR-2026-000023,,0675.SPK/TU.006/BA010102/2026,spk-juli-23,Kartini Baruna,,,Approved,2026-07-02T08:00:00.000Z,,,0675.SPK/TU.006/BA010102/2026,5,sp-juli-322,JEPARA (CDE),-,1,1,lot,0,10,Permintaan SPK 0675.SPK/TU.006/BA010102/2026
TUG5_TUG6,mr-tug5-23,MR-2026-000023,,0675.SPK/TU.006/BA010102/2026,spk-juli-23,Kartini Baruna,,,Approved,2026-07-02T08:00:00.000Z,,,0675.SPK/TU.006/BA010102/2026,6,sp-juli-323,PAITON (PICK UP),-,2,2,lot,0,10,Permintaan SPK 0675.SPK/TU.006/BA010102/2026
TUG5_TUG6,mr-tug5-23,MR-2026-000023,,0675.SPK/TU.006/BA010102/2026,spk-juli-23,Kartini Baruna,,,Approved,2026-07-02T08:00:00.000Z,,,0675.SPK/TU.006/BA010102/2026,7,sp-juli-324,PAITON (CDD),-,6,6,lot,0,10,Permintaan SPK 0675.SPK/TU.006/BA010102/2026
TUG5_TUG6,mr-tug5-23,MR-2026-000023,,0675.SPK/TU.006/BA010102/2026,spk-juli-23,Kartini Baruna,,,Approved,2026-07-02T08:00:00.000Z,,,0675.SPK/TU.006/BA010102/2026,8,sp-juli-325,LAMPUNG (PICK UP),-,2,2,lot,0,10,Permintaan SPK 0675.SPK/TU.006/BA010102/2026
TUG5_TUG6,mr-tug5-23,MR-2026-000023,,0675.SPK/TU.006/BA010102/2026,spk-juli-23,Kartini Baruna,,,Approved,2026-07-02T08:00:00.000Z,,,0675.SPK/TU.006/BA010102/2026,9,sp-juli-326,LAMPUNG (CDE),-,3,3,lot,0,10,Permintaan SPK 0675.SPK/TU.006/BA010102/2026
TUG5_TUG6,mr-tug5-23,MR-2026-000023,,0675.SPK/TU.006/BA010102/2026,spk-juli-23,Kartini Baruna,,,Approved,2026-07-02T08:00:00.000Z,,,0675.SPK/TU.006/BA010102/2026,10,sp-juli-327,LAMPUNG (CDD),-,1,1,lot,0,10,Permintaan SPK 0675.SPK/TU.006/BA010102/2026
TUG5_TUG6,mr-tug5-23,MR-2026-000023,,0675.SPK/TU.006/BA010102/2026,spk-juli-23,Kartini Baruna,,,Approved,2026-07-02T08:00:00.000Z,,,0675.SPK/TU.006/BA010102/2026,11,sp-juli-328,TUBAN (PICK UP),-,1,1,lot,0,10,Permintaan SPK 0675.SPK/TU.006/BA010102/2026
TUG5_TUG6,mr-tug5-23,MR-2026-000023,,0675.SPK/TU.006/BA010102/2026,spk-juli-23,Kartini Baruna,,,Approved,2026-07-02T08:00:00.000Z,,,0675.SPK/TU.006/BA010102/2026,12,sp-juli-329,CILACAP (PICK UP),-,1,1,lot,0,10,Permintaan SPK 0675.SPK/TU.006/BA010102/2026
TUG5_TUG6,mr-tug5-23,MR-2026-000023,,0675.SPK/TU.006/BA010102/2026,spk-juli-23,Kartini Baruna,,,Approved,2026-07-02T08:00:00.000Z,,,0675.SPK/TU.006/BA010102/2026,13,sp-juli-330,PAITON - JEPARA,-,1,1,lot,0,10,Permintaan SPK 0675.SPK/TU.006/BA010102/2026
TUG5_TUG6,mr-tug5-23,MR-2026-000023,,0675.SPK/TU.006/BA010102/2026,spk-juli-23,Kartini Baruna,,,Approved,2026-07-02T08:00:00.000Z,,,0675.SPK/TU.006/BA010102/2026,14,sp-juli-331,JABODETABEK,-,53,53,lot,0,10,Permintaan SPK 0675.SPK/TU.006/BA010102/2026
TUG5_TUG6,mr-tug5-24,MR-2026-000024,,1003.SPK/BA.302/BA010102/2026,spk-juli-24,Meutia Baruna,,,Approved,2026-07-06T08:00:00.000Z,,,1003.SPK/BA.302/BA010102/2026,1,sp-juli-332,CONCENTRIC VALVE ASSEMBLY (LP),0710-7100-01,1,1,set,0,10,Permintaan SPK 1003.SPK/BA.302/BA010102/2026
TUG5_TUG6,mr-tug5-25,MR-2026-000025,,1031.SPK/BA.17/BA010102/2026,spk-juli-25,Meutia Baruna,,,Approved,2026-07-06T08:00:00.000Z,,,1031.SPK/BA.17/BA010102/2026,1,sp-juli-333,JASA NORMALISASI & REWINDING ELMOT FEED PUMP BOILER NO. 1,-,1,1,lot,0,10,Permintaan SPK 1031.SPK/BA.17/BA010102/2026
TUG5_TUG6,mr-tug5-26,MR-2026-000026,,1033.SPK/BA.17/BA010102/2026,spk-juli-26,Arimbi Baruna,,,Approved,2026-07-03T08:00:00.000Z,,,1033.SPK/BA.17/BA010102/2026,1,sp-juli-334,TALI PP MULTIFILAMENT,CIR 10,4,4,roll,0,10,Permintaan SPK 1033.SPK/BA.17/BA010102/2026
TUG5_TUG6,mr-tug5-27,MR-2026-000027,,1001..SPK/BA.202/BA010102/2026,spk-juli-27,Jayanti Baruna,,,Approved,2026-07-01T08:00:00.000Z,,,1001..SPK/BA.202/BA010102/2026,1,sp-juli-335,BALLAST FOR FL-LAMP,79155,20,20,pcs,0,10,Permintaan SPK 1001..SPK/BA.202/BA010102/2026
TUG5_TUG6,mr-tug5-28,MR-2026-000028,,1032.SPK/BA.17/BA010102/2026,spk-juli-28,Zalecha Baruna,,,Approved,2026-07-06T08:00:00.000Z,,,1032.SPK/BA.17/BA010102/2026,1,sp-juli-336,UNTUK PIPA 2INCH ATAU DN50,SOUNDING CAP TST,15,15,pcs,0,10,Permintaan SPK 1032.SPK/BA.17/BA010102/2026
TUG5_TUG6,mr-tug5-28,MR-2026-000028,,1032.SPK/BA.17/BA010102/2026,spk-juli-28,Zalecha Baruna,,,Approved,2026-07-06T08:00:00.000Z,,,1032.SPK/BA.17/BA010102/2026,2,sp-juli-337,SOUNDING CAP WTB,-,15,15,pcs,0,10,Permintaan SPK 1032.SPK/BA.17/BA010102/2026
TUG5_TUG6,mr-tug5-29,MR-2026-000029,,1048.SPK/BA.7/BA010102/2026,spk-juli-29,Zalecha Baruna,,,Approved,2026-07-07T08:00:00.000Z,,,1048.SPK/BA.7/BA010102/2026,1,sp-juli-338,SERVICE ENGINEER 2,-,2,2,lot,0,10,Permintaan SPK 1048.SPK/BA.7/BA010102/2026
TUG5_TUG6,mr-tug5-29,MR-2026-000029,,1048.SPK/BA.7/BA010102/2026,spk-juli-29,Zalecha Baruna,,,Approved,2026-07-07T08:00:00.000Z,,,1048.SPK/BA.7/BA010102/2026,2,sp-juli-339,TRANSPORTASI DAN AKOMODASI,-,1,1,lot,0,10,Permintaan SPK 1048.SPK/BA.7/BA010102/2026
TUG5_TUG6,mr-tug5-30,MR-2026-000030,,1042.SPK/BA.17/BA010102/2026,spk-juli-30,Meutia Baruna,,,Approved,2026-07-07T08:00:00.000Z,,,1042.SPK/BA.17/BA010102/2026,1,sp-juli-334,TALI PP MULTIFILAMENT,CIR 10,6,6,roll,0,10,Permintaan SPK 1042.SPK/BA.17/BA010102/2026
TUG5_TUG6,mr-tug5-31,MR-2026-000031,,1055.SPK/BA.202/BA010102/2026,spk-juli-31,Meutia Baruna,,,Approved,2026-07-08T08:00:00.000Z,,,1055.SPK/BA.202/BA010102/2026,1,sp-juli-340,Buku Tulis Hard Cover Folio 100 Lbr,-,20,20,Pcs,0,10,Permintaan SPK 1055.SPK/BA.202/BA010102/2026
TUG5_TUG6,mr-tug5-31,MR-2026-000031,,1055.SPK/BA.202/BA010102/2026,spk-juli-31,Meutia Baruna,,,Approved,2026-07-08T08:00:00.000Z,,,1055.SPK/BA.202/BA010102/2026,2,sp-juli-341,Buku Tulis Hard Cover Kwarto 100 Lbr,-,20,20,Pcs,0,10,Permintaan SPK 1055.SPK/BA.202/BA010102/2026
TUG5_TUG6,mr-tug5-31,MR-2026-000031,,1055.SPK/BA.202/BA010102/2026,spk-juli-31,Meutia Baruna,,,Approved,2026-07-08T08:00:00.000Z,,,1055.SPK/BA.202/BA010102/2026,3,sp-juli-342,Ballpoint Standard AE 7 0.5 mm (Hitam),-,20,20,Pack,0,10,Permintaan SPK 1055.SPK/BA.202/BA010102/2026
TUG5_TUG6,mr-tug5-31,MR-2026-000031,,1055.SPK/BA.202/BA010102/2026,spk-juli-31,Meutia Baruna,,,Approved,2026-07-08T08:00:00.000Z,,,1055.SPK/BA.202/BA010102/2026,4,sp-juli-343,Ballpoint Standard AE 7 0.5 mm (Biru),-,10,10,Pack,0,10,Permintaan SPK 1055.SPK/BA.202/BA010102/2026
TUG5_TUG6,mr-tug5-31,MR-2026-000031,,1055.SPK/BA.202/BA010102/2026,spk-juli-31,Meutia Baruna,,,Approved,2026-07-08T08:00:00.000Z,,,1055.SPK/BA.202/BA010102/2026,5,sp-juli-344,Pisau Cutter Kenko L-500 Besar,-,20,20,Pcs,0,10,Permintaan SPK 1055.SPK/BA.202/BA010102/2026
TUG5_TUG6,mr-tug5-31,MR-2026-000031,,1055.SPK/BA.202/BA010102/2026,spk-juli-31,Meutia Baruna,,,Approved,2026-07-08T08:00:00.000Z,,,1055.SPK/BA.202/BA010102/2026,6,sp-juli-345,Isi Pisau Cutter Kenko L-500 Besar,-,10,10,Box,0,10,Permintaan SPK 1055.SPK/BA.202/BA010102/2026
TUG5_TUG6,mr-tug5-31,MR-2026-000031,,1055.SPK/BA.202/BA010102/2026,spk-juli-31,Meutia Baruna,,,Approved,2026-07-08T08:00:00.000Z,,,1055.SPK/BA.202/BA010102/2026,7,sp-juli-346,"Label Tape TZE-211 (6 mm) For P-Touch D610BT, Brother",-,10,10,Pcs,0,10,Permintaan SPK 1055.SPK/BA.202/BA010102/2026
TUG5_TUG6,mr-tug5-31,MR-2026-000031,,1055.SPK/BA.202/BA010102/2026,spk-juli-31,Meutia Baruna,,,Approved,2026-07-08T08:00:00.000Z,,,1055.SPK/BA.202/BA010102/2026,8,sp-juli-347,"Label Tape TZE-231 (12 mm) For P-Touch D610BT, Brother",-,10,10,Pcs,0,10,Permintaan SPK 1055.SPK/BA.202/BA010102/2026
TUG5_TUG6,mr-tug5-31,MR-2026-000031,,1055.SPK/BA.202/BA010102/2026,spk-juli-31,Meutia Baruna,,,Approved,2026-07-08T08:00:00.000Z,,,1055.SPK/BA.202/BA010102/2026,9,sp-juli-348,"Label Tape TZE-241 (18 mm) For P-Touch D610Bt, Brother",-,10,10,Pcs,0,10,Permintaan SPK 1055.SPK/BA.202/BA010102/2026
TUG5_TUG6,mr-tug5-31,MR-2026-000031,,1055.SPK/BA.202/BA010102/2026,spk-juli-31,Meutia Baruna,,,Approved,2026-07-08T08:00:00.000Z,,,1055.SPK/BA.202/BA010102/2026,10,sp-juli-349,Kertas HVS Paper One A4 75 GSM,-,25,25,Rim,0,10,Permintaan SPK 1055.SPK/BA.202/BA010102/2026
TUG5_TUG6,mr-tug5-31,MR-2026-000031,,1055.SPK/BA.202/BA010102/2026,spk-juli-31,Meutia Baruna,,,Approved,2026-07-08T08:00:00.000Z,,,1055.SPK/BA.202/BA010102/2026,11,sp-juli-350,Ribbon Cartridge For Printer Epson LQ310,-,10,10,Pcs,0,10,Permintaan SPK 1055.SPK/BA.202/BA010102/2026
TUG5_TUG6,mr-tug5-31,MR-2026-000031,,1055.SPK/BA.202/BA010102/2026,spk-juli-31,Meutia Baruna,,,Approved,2026-07-08T08:00:00.000Z,,,1055.SPK/BA.202/BA010102/2026,12,sp-juli-351,Battery ABC 1.5V Uk. AAA,-,50,50,Pcs,0,10,Permintaan SPK 1055.SPK/BA.202/BA010102/2026
TUG5_TUG6,mr-tug5-31,MR-2026-000031,,1055.SPK/BA.202/BA010102/2026,spk-juli-31,Meutia Baruna,,,Approved,2026-07-08T08:00:00.000Z,,,1055.SPK/BA.202/BA010102/2026,13,sp-juli-352,Battery ABC Uk. AA,-,50,50,Pcs,0,10,Permintaan SPK 1055.SPK/BA.202/BA010102/2026
TUG5_TUG6,mr-tug5-31,MR-2026-000031,,1055.SPK/BA.202/BA010102/2026,spk-juli-31,Meutia Baruna,,,Approved,2026-07-08T08:00:00.000Z,,,1055.SPK/BA.202/BA010102/2026,14,sp-juli-353,Correction Fluid Joyko CF-S209,-,20,20,Pcs,0,10,Permintaan SPK 1055.SPK/BA.202/BA010102/2026
TUG5_TUG6,mr-tug5-31,MR-2026-000031,,1055.SPK/BA.202/BA010102/2026,spk-juli-31,Meutia Baruna,,,Approved,2026-07-08T08:00:00.000Z,,,1055.SPK/BA.202/BA010102/2026,15,sp-juli-354,Correction Tape Joyko CT-522 (Tape Roll),-,20,20,Pcs,0,10,Permintaan SPK 1055.SPK/BA.202/BA010102/2026
TUG5_TUG6,mr-tug5-31,MR-2026-000031,,1055.SPK/BA.202/BA010102/2026,spk-juli-31,Meutia Baruna,,,Approved,2026-07-08T08:00:00.000Z,,,1055.SPK/BA.202/BA010102/2026,16,sp-juli-355,Amplop Coklat Tali Folio 310,-,10,10,Pack,0,10,Permintaan SPK 1055.SPK/BA.202/BA010102/2026
TUG5_TUG6,mr-tug5-31,MR-2026-000031,,1055.SPK/BA.202/BA010102/2026,spk-juli-31,Meutia Baruna,,,Approved,2026-07-08T08:00:00.000Z,,,1055.SPK/BA.202/BA010102/2026,17,sp-juli-356,Amplop Coklat Kabinet ( Uk. 10x24 cm),-,10,10,Pack,0,10,Permintaan SPK 1055.SPK/BA.202/BA010102/2026
TUG5_TUG6,mr-tug5-31,MR-2026-000031,,1055.SPK/BA.202/BA010102/2026,spk-juli-31,Meutia Baruna,,,Approved,2026-07-08T08:00:00.000Z,,,1055.SPK/BA.202/BA010102/2026,18,sp-juli-357,Amplop Putih Paperline 104 PPS,-,10,10,Pack,0,10,Permintaan SPK 1055.SPK/BA.202/BA010102/2026
TUG5_TUG6,mr-tug5-31,MR-2026-000031,,1055.SPK/BA.202/BA010102/2026,spk-juli-31,Meutia Baruna,,,Approved,2026-07-08T08:00:00.000Z,,,1055.SPK/BA.202/BA010102/2026,19,sp-juli-358,Lakban Bening Lebar 45 mm,-,50,50,Roll,0,10,Permintaan SPK 1055.SPK/BA.202/BA010102/2026
TUG5_TUG6,mr-tug5-31,MR-2026-000031,,1055.SPK/BA.202/BA010102/2026,spk-juli-31,Meutia Baruna,,,Approved,2026-07-08T08:00:00.000Z,,,1055.SPK/BA.202/BA010102/2026,20,sp-juli-359,Lakban Coklat Lebar 45 mm,-,50,50,Roll,0,10,Permintaan SPK 1055.SPK/BA.202/BA010102/2026
TUG5_TUG6,mr-tug5-31,MR-2026-000031,,1055.SPK/BA.202/BA010102/2026,spk-juli-31,Meutia Baruna,,,Approved,2026-07-08T08:00:00.000Z,,,1055.SPK/BA.202/BA010102/2026,21,sp-juli-360,Tinta Stempel Flash 10 ml (Biru),-,10,10,Botol,0,10,Permintaan SPK 1055.SPK/BA.202/BA010102/2026
TUG5_TUG6,mr-tug5-31,MR-2026-000031,,1055.SPK/BA.202/BA010102/2026,spk-juli-31,Meutia Baruna,,,Approved,2026-07-08T08:00:00.000Z,,,1055.SPK/BA.202/BA010102/2026,22,sp-juli-361,Tinta Stempel Flash 10 ml (Ungu),-,10,10,Botol,0,10,Permintaan SPK 1055.SPK/BA.202/BA010102/2026
TUG5_TUG6,mr-tug5-31,MR-2026-000031,,1055.SPK/BA.202/BA010102/2026,spk-juli-31,Meutia Baruna,,,Approved,2026-07-08T08:00:00.000Z,,,1055.SPK/BA.202/BA010102/2026,23,sp-juli-362,Spidol Whiteboard Marker Hitam Joyko WM-65,-,10,10,Pack,0,10,Permintaan SPK 1055.SPK/BA.202/BA010102/2026
TUG5_TUG6,mr-tug5-31,MR-2026-000031,,1055.SPK/BA.202/BA010102/2026,spk-juli-31,Meutia Baruna,,,Approved,2026-07-08T08:00:00.000Z,,,1055.SPK/BA.202/BA010102/2026,24,sp-juli-363,Spidol Putih Permanen Paint Marker Joyko PTM-37,-,10,10,Pack,0,10,Permintaan SPK 1055.SPK/BA.202/BA010102/2026
TUG5_TUG6,mr-tug5-31,MR-2026-000031,,1055.SPK/BA.202/BA010102/2026,spk-juli-31,Meutia Baruna,,,Approved,2026-07-08T08:00:00.000Z,,,1055.SPK/BA.202/BA010102/2026,25,sp-juli-364,Sheet Protector Folio A4 Bening,-,10,10,Pack,0,10,Permintaan SPK 1055.SPK/BA.202/BA010102/2026
TUG5_TUG6,mr-tug5-32,MR-2026-000032,,1057.SPK/BA.202/BA010102/2026,spk-juli-32,Srikandi Baruna 2201,,,Approved,2026-07-08T08:00:00.000Z,,,1057.SPK/BA.202/BA010102/2026,1,sp-juli-365,FO Racor filter,2040 MP,60,60,Pcs,0,10,Permintaan SPK 1057.SPK/BA.202/BA010102/2026
TUG5_TUG6,mr-tug5-32,MR-2026-000032,,1057.SPK/BA.202/BA010102/2026,spk-juli-32,Srikandi Baruna 2201,,,Approved,2026-07-08T08:00:00.000Z,,,1057.SPK/BA.202/BA010102/2026,2,sp-juli-366,Rellay schneider 24 V DC,-,15,15,pcs,0,10,Permintaan SPK 1057.SPK/BA.202/BA010102/2026
TUG5_TUG6,mr-tug5-32,MR-2026-000032,,1057.SPK/BA.202/BA010102/2026,spk-juli-32,Srikandi Baruna 2201,,,Approved,2026-07-08T08:00:00.000Z,,,1057.SPK/BA.202/BA010102/2026,3,sp-juli-367,Rellay schneider 230 V AC 50/60 HZ,-,15,15,pcs,0,10,Permintaan SPK 1057.SPK/BA.202/BA010102/2026
TUG5_TUG6,mr-tug5-32,MR-2026-000032,,1057.SPK/BA.202/BA010102/2026,spk-juli-32,Srikandi Baruna 2201,,,Approved,2026-07-08T08:00:00.000Z,,,1057.SPK/BA.202/BA010102/2026,4,sp-juli-368,AVR TAIYO DST-100-2FA4,-,4,4,pcs,0,10,Permintaan SPK 1057.SPK/BA.202/BA010102/2026
TUG5_TUG6,mr-tug5-32,MR-2026-000032,,1057.SPK/BA.202/BA010102/2026,spk-juli-32,Srikandi Baruna 2201,,,Approved,2026-07-08T08:00:00.000Z,,,1057.SPK/BA.202/BA010102/2026,5,sp-juli-369,Lampu sorot LED PHILIPS 300 watt (putih),BVP151,4,4,pcs,0,10,Permintaan SPK 1057.SPK/BA.202/BA010102/2026
TUG5_TUG6,mr-tug5-32,MR-2026-000032,,1057.SPK/BA.202/BA010102/2026,spk-juli-32,Srikandi Baruna 2201,,,Approved,2026-07-08T08:00:00.000Z,,,1057.SPK/BA.202/BA010102/2026,6,sp-juli-370,Down light PHILIPS 24 watt,-,20,20,pcs,0,10,Permintaan SPK 1057.SPK/BA.202/BA010102/2026
TUG5_TUG6,mr-tug5-32,MR-2026-000032,,1057.SPK/BA.202/BA010102/2026,spk-juli-32,Srikandi Baruna 2201,,,Approved,2026-07-08T08:00:00.000Z,,,1057.SPK/BA.202/BA010102/2026,7,sp-juli-371,Selenoid valve PALMARINE 24V DC PEH 400 2-1P,-,1,1,pcs,0,10,Permintaan SPK 1057.SPK/BA.202/BA010102/2026
TUG5_TUG6,mr-tug5-32,MR-2026-000032,,1057.SPK/BA.202/BA010102/2026,spk-juli-32,Srikandi Baruna 2201,,,Approved,2026-07-08T08:00:00.000Z,,,1057.SPK/BA.202/BA010102/2026,8,sp-juli-372,PHILIPS ballast TL EB-CI 1-4 18 watt,-,10,10,pcs,0,10,Permintaan SPK 1057.SPK/BA.202/BA010102/2026
TUG5_TUG6,mr-tug5-32,MR-2026-000032,,1057.SPK/BA.202/BA010102/2026,spk-juli-32,Srikandi Baruna 2201,,,Approved,2026-07-08T08:00:00.000Z,,,1057.SPK/BA.202/BA010102/2026,9,sp-juli-373,Push button switch mushroom (22MM AVW411 NO/NC),-,4,4,pcs,0,10,Permintaan SPK 1057.SPK/BA.202/BA010102/2026
TUG5_TUG6,mr-tug5-32,MR-2026-000032,,1057.SPK/BA.202/BA010102/2026,spk-juli-32,Srikandi Baruna 2201,,,Approved,2026-07-08T08:00:00.000Z,,,1057.SPK/BA.202/BA010102/2026,10,sp-juli-374,Philips master HPI-T plus,400W/645 E40,4,4,pcs,0,10,Permintaan SPK 1057.SPK/BA.202/BA010102/2026
TUG5_TUG6,mr-tug5-32,MR-2026-000032,,1057.SPK/BA.202/BA010102/2026,spk-juli-32,Srikandi Baruna 2201,,,Approved,2026-07-08T08:00:00.000Z,,,1057.SPK/BA.202/BA010102/2026,11,sp-juli-375,"Waterproof switch K-2MR 250V 10A (SWITCH ROTARY SMALL WATERTIGHT, TYPE 2MR SYNTHETIC RESIN)",IMPA 793017,4,4,pcs,0,10,Permintaan SPK 1057.SPK/BA.202/BA010102/2026
TUG5_TUG6,mr-tug5-32,MR-2026-000032,,1057.SPK/BA.202/BA010102/2026,spk-juli-32,Srikandi Baruna 2201,,,Approved,2026-07-08T08:00:00.000Z,,,1057.SPK/BA.202/BA010102/2026,12,sp-juli-376,Elbow B/S 2.5 inch,-,8,8,pcs,0,10,Permintaan SPK 1057.SPK/BA.202/BA010102/2026
TUG5_TUG6,mr-tug5-32,MR-2026-000032,,1057.SPK/BA.202/BA010102/2026,spk-juli-32,Srikandi Baruna 2201,,,Approved,2026-07-08T08:00:00.000Z,,,1057.SPK/BA.202/BA010102/2026,13,sp-juli-377,"Selang Karet/Hose Radiator Bentuk L 1,5 Inch Selang Air Udara Hawa L",-,6,6,pcs,0,10,Permintaan SPK 1057.SPK/BA.202/BA010102/2026
TUG5_TUG6,mr-tug5-32,MR-2026-000032,,1057.SPK/BA.202/BA010102/2026,spk-juli-32,Srikandi Baruna 2201,,,Approved,2026-07-08T08:00:00.000Z,,,1057.SPK/BA.202/BA010102/2026,14,sp-juli-378,Selang Karet/Hose Radiator Bentuk L 2 Inch Selang Air Udara Hawa L,-,6,6,pcs,0,10,Permintaan SPK 1057.SPK/BA.202/BA010102/2026
TUG5_TUG6,mr-tug5-32,MR-2026-000032,,1057.SPK/BA.202/BA010102/2026,spk-juli-32,Srikandi Baruna 2201,,,Approved,2026-07-08T08:00:00.000Z,,,1057.SPK/BA.202/BA010102/2026,15,sp-juli-379,Selang Karet/Hose Radiator Bentuk L 2.5 Inch Selang Air Udara Hawa L,-,6,6,pcs,0,10,Permintaan SPK 1057.SPK/BA.202/BA010102/2026
TUG5_TUG6,mr-tug5-32,MR-2026-000032,,1057.SPK/BA.202/BA010102/2026,spk-juli-32,Srikandi Baruna 2201,,,Approved,2026-07-08T08:00:00.000Z,,,1057.SPK/BA.202/BA010102/2026,16,sp-juli-380,ALDO Selang Kawat 3/4 inch 1roll (50 m),-,1,1,Pcs,0,10,Permintaan SPK 1057.SPK/BA.202/BA010102/2026
TUG5_TUG6,mr-tug5-32,MR-2026-000032,,1057.SPK/BA.202/BA010102/2026,spk-juli-32,Srikandi Baruna 2201,,,Approved,2026-07-08T08:00:00.000Z,,,1057.SPK/BA.202/BA010102/2026,17,sp-juli-381,Meteran Minyak Oil Depth Meter SIZE 15 m (SOUNDING TAPE - 10 M seapro),-,1,1,pcs,0,10,Permintaan SPK 1057.SPK/BA.202/BA010102/2026
TUG5_TUG6,mr-tug5-32,MR-2026-000032,,1057.SPK/BA.202/BA010102/2026,spk-juli-32,Srikandi Baruna 2201,,,Approved,2026-07-08T08:00:00.000Z,,,1057.SPK/BA.202/BA010102/2026,18,sp-juli-382,Dextone Red Silicone SRK 30g,-,10,10,pcs,0,10,Permintaan SPK 1057.SPK/BA.202/BA010102/2026
TUG5_TUG6,mr-tug5-32,MR-2026-000032,,1057.SPK/BA.202/BA010102/2026,spk-juli-32,Srikandi Baruna 2201,,,Approved,2026-07-08T08:00:00.000Z,,,1057.SPK/BA.202/BA010102/2026,19,sp-juli-383,LEM THREEBOND HI TEMP 1DUS isi 20PCS LEM THREEBOND HI TEMP 30Gram,-,10,10,pcs,0,10,Permintaan SPK 1057.SPK/BA.202/BA010102/2026
TUG5_TUG6,mr-tug5-32,MR-2026-000032,,1057.SPK/BA.202/BA010102/2026,spk-juli-32,Srikandi Baruna 2201,,,Approved,2026-07-08T08:00:00.000Z,,,1057.SPK/BA.202/BA010102/2026,20,sp-juli-384,paket manifold single + slang analiser + konektor r32,-,1,1,set,0,10,Permintaan SPK 1057.SPK/BA.202/BA010102/2026
TUG5_TUG6,mr-tug5-32,MR-2026-000032,,1057.SPK/BA.202/BA010102/2026,spk-juli-32,Srikandi Baruna 2201,,,Approved,2026-07-08T08:00:00.000Z,,,1057.SPK/BA.202/BA010102/2026,21,sp-juli-385,Ball valve 1/2,-,10,10,pcs,0,10,Permintaan SPK 1057.SPK/BA.202/BA010102/2026
TUG5_TUG6,mr-tug5-32,MR-2026-000032,,1057.SPK/BA.202/BA010102/2026,spk-juli-32,Srikandi Baruna 2201,,,Approved,2026-07-08T08:00:00.000Z,,,1057.SPK/BA.202/BA010102/2026,22,sp-juli-386,Kran air 1 1/2 (Material : SS),-,10,10,pcs,0,10,Permintaan SPK 1057.SPK/BA.202/BA010102/2026
TUG5_TUG6,mr-tug5-32,MR-2026-000032,,1057.SPK/BA.202/BA010102/2026,spk-juli-32,Srikandi Baruna 2201,,,Approved,2026-07-08T08:00:00.000Z,,,1057.SPK/BA.202/BA010102/2026,23,sp-juli-387,Plong Kulit/Packing Set /Hollow Punch Set 1/8(3mm) - 3/4(19mm) 12 pc merek Carrson or Equivalen,-,1,1,set,0,10,Permintaan SPK 1057.SPK/BA.202/BA010102/2026
TUG5_TUG6,mr-tug5-32,MR-2026-000032,,1057.SPK/BA.202/BA010102/2026,spk-juli-32,Srikandi Baruna 2201,,,Approved,2026-07-08T08:00:00.000Z,,,1057.SPK/BA.202/BA010102/2026,24,sp-juli-388,Sanwa Multimeter Digital CD800A,-,1,1,pcs,0,10,Permintaan SPK 1057.SPK/BA.202/BA010102/2026
TUG5_TUG6,mr-tug5-32,MR-2026-000032,,1057.SPK/BA.202/BA010102/2026,spk-juli-32,Srikandi Baruna 2201,,,Approved,2026-07-08T08:00:00.000Z,,,1057.SPK/BA.202/BA010102/2026,25,sp-juli-389,BOR TEMBOK SET RYU RID 13-1 REB RID13 BOR BETON/ BOR SET 13 MM SET 27 PC (RID13 -1REB),-,1,1,pcs,0,10,Permintaan SPK 1057.SPK/BA.202/BA010102/2026
TUG5_TUG6,mr-tug5-32,MR-2026-000032,,1057.SPK/BA.202/BA010102/2026,spk-juli-32,Srikandi Baruna 2201,,,Approved,2026-07-08T08:00:00.000Z,,,1057.SPK/BA.202/BA010102/2026,26,sp-juli-390,RYU RPW 100 JET CLEANER CUCI MOBIL MOTOR AC STEAM PRESSURE WASHER CLEANER (INCLUDE HOSE) (RPW100-400watt),-,1,1,pcs,0,10,Permintaan SPK 1057.SPK/BA.202/BA010102/2026
TUG5_TUG6,mr-tug5-33,MR-2026-000033,,1056.SPK/BA.202/BA010102/2026,spk-juli-33,Srikandi Baruna 2201,,,Approved,2026-07-07T08:00:00.000Z,,,1056.SPK/BA.202/BA010102/2026,1,sp-juli-391,"FILTER, LUB.OIL",148620-35450,24,24,Pcs,0,10,Permintaan SPK 1056.SPK/BA.202/BA010102/2026
TUG5_TUG6,mr-tug5-33,MR-2026-000033,,1056.SPK/BA.202/BA010102/2026,spk-juli-33,Srikandi Baruna 2201,,,Approved,2026-07-07T08:00:00.000Z,,,1056.SPK/BA.202/BA010102/2026,2,sp-juli-392,FO lement strainer,JOE-88004-1,20,20,Pcs,0,10,Permintaan SPK 1056.SPK/BA.202/BA010102/2026
TUG5_TUG6,mr-tug5-33,MR-2026-000033,,1056.SPK/BA.202/BA010102/2026,spk-juli-33,Srikandi Baruna 2201,,,Approved,2026-07-07T08:00:00.000Z,,,1056.SPK/BA.202/BA010102/2026,3,sp-juli-393,Mcb LS 1 phase BKN C16,-,10,10,set,0,10,Permintaan SPK 1056.SPK/BA.202/BA010102/2026
TUG5_TUG6,mr-tug5-33,MR-2026-000033,,1056.SPK/BA.202/BA010102/2026,spk-juli-33,Srikandi Baruna 2201,,,Approved,2026-07-07T08:00:00.000Z,,,1056.SPK/BA.202/BA010102/2026,4,sp-juli-394,Mcb LS 2 phase 400V BKN C16,-,4,4,pcs,0,10,Permintaan SPK 1056.SPK/BA.202/BA010102/2026
TUG5_TUG6,mr-tug5-33,MR-2026-000033,,1056.SPK/BA.202/BA010102/2026,spk-juli-33,Srikandi Baruna 2201,,,Approved,2026-07-07T08:00:00.000Z,,,1056.SPK/BA.202/BA010102/2026,5,sp-juli-395,Mcb LS 3 phase 400V BKN C32,-,4,4,pcs,0,10,Permintaan SPK 1056.SPK/BA.202/BA010102/2026
TUG5_TUG6,mr-tug5-33,MR-2026-000033,,1056.SPK/BA.202/BA010102/2026,spk-juli-33,Srikandi Baruna 2201,,,Approved,2026-07-07T08:00:00.000Z,,,1056.SPK/BA.202/BA010102/2026,6,sp-juli-396,Joy stick controler PALMARINE JC-01,-,2,2,pcs,0,10,Permintaan SPK 1056.SPK/BA.202/BA010102/2026
TUG5_TUG6,mr-tug5-33,MR-2026-000033,,1056.SPK/BA.202/BA010102/2026,spk-juli-33,Srikandi Baruna 2201,,,Approved,2026-07-07T08:00:00.000Z,,,1056.SPK/BA.202/BA010102/2026,7,sp-juli-397,Toggle switch 15A-250V AC ( 4 pin ),-,10,10,pcs,0,10,Permintaan SPK 1056.SPK/BA.202/BA010102/2026
TUG5_TUG6,mr-tug5-33,MR-2026-000033,,1056.SPK/BA.202/BA010102/2026,spk-juli-33,Srikandi Baruna 2201,,,Approved,2026-07-07T08:00:00.000Z,,,1056.SPK/BA.202/BA010102/2026,8,sp-juli-398,Pitting lampu TL marine base (G13 IMPA 791533),-,20,20,pcs,0,10,Permintaan SPK 1056.SPK/BA.202/BA010102/2026
TUG5_TUG6,mr-tug5-33,MR-2026-000033,,1056.SPK/BA.202/BA010102/2026,spk-juli-33,Srikandi Baruna 2201,,,Approved,2026-07-07T08:00:00.000Z,,,1056.SPK/BA.202/BA010102/2026,9,sp-juli-399,Starter lampu TL-D S10-P (PHILIPS STARTER S10-P / STATER LAMPU TL-D NEON PERFORMANCE S-10 4-65 WATT),-,20,20,pcs,0,10,Permintaan SPK 1056.SPK/BA.202/BA010102/2026
TUG5_TUG6,mr-tug5-33,MR-2026-000033,,1056.SPK/BA.202/BA010102/2026,spk-juli-33,Srikandi Baruna 2201,,,Approved,2026-07-07T08:00:00.000Z,,,1056.SPK/BA.202/BA010102/2026,10,sp-juli-400,Plat Bordes Besi 5mm / Checkered Plate 5 mm x 1200 x 2400,-,2,2,sheet,0,10,Permintaan SPK 1056.SPK/BA.202/BA010102/2026
TUG5_TUG6,mr-tug5-33,MR-2026-000033,,1056.SPK/BA.202/BA010102/2026,spk-juli-33,Srikandi Baruna 2201,,,Approved,2026-07-07T08:00:00.000Z,,,1056.SPK/BA.202/BA010102/2026,11,sp-juli-401,Elbow B/S Galvanis 2.5 inch ( 45 ),-,6,6,pcs,0,10,Permintaan SPK 1056.SPK/BA.202/BA010102/2026
TUG5_TUG6,mr-tug5-33,MR-2026-000033,,1056.SPK/BA.202/BA010102/2026,spk-juli-33,Srikandi Baruna 2201,,,Approved,2026-07-07T08:00:00.000Z,,,1056.SPK/BA.202/BA010102/2026,12,sp-juli-402,Fuel oil hose SAE J30 R6 1/4,WP 300 psi,10,10,meter,0,10,Permintaan SPK 1056.SPK/BA.202/BA010102/2026
TUG5_TUG6,mr-tug5-33,MR-2026-000033,,1056.SPK/BA.202/BA010102/2026,spk-juli-33,Srikandi Baruna 2201,,,Approved,2026-07-07T08:00:00.000Z,,,1056.SPK/BA.202/BA010102/2026,13,sp-juli-403,Fuel oil hose SAE J30 R6 5/16,WP 300 psi,10,10,meter,0,10,Permintaan SPK 1056.SPK/BA.202/BA010102/2026
TUG5_TUG6,mr-tug5-33,MR-2026-000033,,1056.SPK/BA.202/BA010102/2026,spk-juli-33,Srikandi Baruna 2201,,,Approved,2026-07-07T08:00:00.000Z,,,1056.SPK/BA.202/BA010102/2026,14,sp-juli-404,Kolor Kut Gasoline Gauging Paste ASLI ORIGINAL MADE IN USA ORI,-,5,5,pcs,0,10,Permintaan SPK 1056.SPK/BA.202/BA010102/2026
TUG5_TUG6,mr-tug5-33,MR-2026-000033,,1056.SPK/BA.202/BA010102/2026,spk-juli-33,Srikandi Baruna 2201,,,Approved,2026-07-07T08:00:00.000Z,,,1056.SPK/BA.202/BA010102/2026,15,sp-juli-405,RISBOW Kepala Aki Kuningan Tipe Jepang Kw21-495,-,12,12,set,0,10,Permintaan SPK 1056.SPK/BA.202/BA010102/2026
TUG5_TUG6,mr-tug5-33,MR-2026-000033,,1056.SPK/BA.202/BA010102/2026,spk-juli-33,Srikandi Baruna 2201,,,Approved,2026-07-07T08:00:00.000Z,,,1056.SPK/BA.202/BA010102/2026,16,sp-juli-406,Mur+baut+ring M5 panjang 5 cm (Galvanis),-,50,50,set,0,10,Permintaan SPK 1056.SPK/BA.202/BA010102/2026
TUG5_TUG6,mr-tug5-33,MR-2026-000033,,1056.SPK/BA.202/BA010102/2026,spk-juli-33,Srikandi Baruna 2201,,,Approved,2026-07-07T08:00:00.000Z,,,1056.SPK/BA.202/BA010102/2026,17,sp-juli-407,Mur+baut+ring M6 panjang 5 cm (Galvanis),-,50,50,set,0,10,Permintaan SPK 1056.SPK/BA.202/BA010102/2026
TUG5_TUG6,mr-tug5-33,MR-2026-000033,,1056.SPK/BA.202/BA010102/2026,spk-juli-33,Srikandi Baruna 2201,,,Approved,2026-07-07T08:00:00.000Z,,,1056.SPK/BA.202/BA010102/2026,18,sp-juli-408,Mur+baut+ring M8 panjang 10 cm (Galvanis),-,50,50,set,0,10,Permintaan SPK 1056.SPK/BA.202/BA010102/2026
TUG5_TUG6,mr-tug5-33,MR-2026-000033,,1056.SPK/BA.202/BA010102/2026,spk-juli-33,Srikandi Baruna 2201,,,Approved,2026-07-07T08:00:00.000Z,,,1056.SPK/BA.202/BA010102/2026,19,sp-juli-409,Mur+baut+ring M10 panjang 10 cm (Galvanis),-,50,50,set,0,10,Permintaan SPK 1056.SPK/BA.202/BA010102/2026
TUG5_TUG6,mr-tug5-33,MR-2026-000033,,1056.SPK/BA.202/BA010102/2026,spk-juli-33,Srikandi Baruna 2201,,,Approved,2026-07-07T08:00:00.000Z,,,1056.SPK/BA.202/BA010102/2026,20,sp-juli-410,REXCO 18 CONTACT CLEANER 500ml Rexco 18 500 ml,-,20,20,pcs,0,10,Permintaan SPK 1056.SPK/BA.202/BA010102/2026
TUG5_TUG6,mr-tug5-33,MR-2026-000033,,1056.SPK/BA.202/BA010102/2026,spk-juli-33,Srikandi Baruna 2201,,,Approved,2026-07-07T08:00:00.000Z,,,1056.SPK/BA.202/BA010102/2026,21,sp-juli-411,Packing karet 1 mm,-,5,5,meter,0,10,Permintaan SPK 1056.SPK/BA.202/BA010102/2026
TUG5_TUG6,mr-tug5-33,MR-2026-000033,,1056.SPK/BA.202/BA010102/2026,spk-juli-33,Srikandi Baruna 2201,,,Approved,2026-07-07T08:00:00.000Z,,,1056.SPK/BA.202/BA010102/2026,22,sp-juli-412,Packing karet 3 mm,-,5,5,meter,0,10,Permintaan SPK 1056.SPK/BA.202/BA010102/2026
TUG5_TUG6,mr-tug5-33,MR-2026-000033,,1056.SPK/BA.202/BA010102/2026,spk-juli-33,Srikandi Baruna 2201,,,Approved,2026-07-07T08:00:00.000Z,,,1056.SPK/BA.202/BA010102/2026,23,sp-juli-413,Packing karet 5 mm,-,10,10,meter,0,10,Permintaan SPK 1056.SPK/BA.202/BA010102/2026
TUG5_TUG6,mr-tug5-33,MR-2026-000033,,1056.SPK/BA.202/BA010102/2026,spk-juli-33,Srikandi Baruna 2201,,,Approved,2026-07-07T08:00:00.000Z,,,1056.SPK/BA.202/BA010102/2026,24,sp-juli-414,"Paking TBA 0,5 mm",-,5,5,meter,0,10,Permintaan SPK 1056.SPK/BA.202/BA010102/2026
TUG5_TUG6,mr-tug5-33,MR-2026-000033,,1056.SPK/BA.202/BA010102/2026,spk-juli-33,Srikandi Baruna 2201,,,Approved,2026-07-07T08:00:00.000Z,,,1056.SPK/BA.202/BA010102/2026,25,sp-juli-415,Packing TBA 2 mm,-,5,5,meter,0,10,Permintaan SPK 1056.SPK/BA.202/BA010102/2026
TUG5_TUG6,mr-tug5-33,MR-2026-000033,,1056.SPK/BA.202/BA010102/2026,spk-juli-33,Srikandi Baruna 2201,,,Approved,2026-07-07T08:00:00.000Z,,,1056.SPK/BA.202/BA010102/2026,26,sp-juli-416,Packing TBA 3 mm,-,5,5,meter,0,10,Permintaan SPK 1056.SPK/BA.202/BA010102/2026
TUG5_TUG6,mr-tug5-33,MR-2026-000033,,1056.SPK/BA.202/BA010102/2026,spk-juli-33,Srikandi Baruna 2201,,,Approved,2026-07-07T08:00:00.000Z,,,1056.SPK/BA.202/BA010102/2026,27,sp-juli-417,Packing klingerit 3 mm,-,5,5,meter,0,10,Permintaan SPK 1056.SPK/BA.202/BA010102/2026
TUG5_TUG6,mr-tug5-33,MR-2026-000033,,1056.SPK/BA.202/BA010102/2026,spk-juli-33,Srikandi Baruna 2201,,,Approved,2026-07-07T08:00:00.000Z,,,1056.SPK/BA.202/BA010102/2026,28,sp-juli-418,Sealtape Onda1/2 Inch 10 meter Seal Tape,-,10,10,pcs,0,10,Permintaan SPK 1056.SPK/BA.202/BA010102/2026
TUG5_TUG6,mr-tug5-33,MR-2026-000033,,1056.SPK/BA.202/BA010102/2026,spk-juli-33,Srikandi Baruna 2201,,,Approved,2026-07-07T08:00:00.000Z,,,1056.SPK/BA.202/BA010102/2026,29,sp-juli-419,Carbon Remover Coolercare Kaeser Compressor Cleaner Chemical,-,1,1,Jreken,0,10,Permintaan SPK 1056.SPK/BA.202/BA010102/2026
TUG5_TUG6,mr-tug5-33,MR-2026-000033,,1056.SPK/BA.202/BA010102/2026,spk-juli-33,Srikandi Baruna 2201,,,Approved,2026-07-07T08:00:00.000Z,,,1056.SPK/BA.202/BA010102/2026,30,sp-juli-420,Refrigerant R32 - 9.5 KG,-,2,2,Pcs,0,10,Permintaan SPK 1056.SPK/BA.202/BA010102/2026
TUG5_TUG6,mr-tug5-33,MR-2026-000033,,1056.SPK/BA.202/BA010102/2026,spk-juli-33,Srikandi Baruna 2201,,,Approved,2026-07-07T08:00:00.000Z,,,1056.SPK/BA.202/BA010102/2026,31,sp-juli-421,Non Brand O-Ring Set Viton KBOSSV75 Black,-,1,1,set,0,10,Permintaan SPK 1056.SPK/BA.202/BA010102/2026
TUG5_TUG6,mr-tug5-33,MR-2026-000033,,1056.SPK/BA.202/BA010102/2026,spk-juli-33,Srikandi Baruna 2201,,,Approved,2026-07-07T08:00:00.000Z,,,1056.SPK/BA.202/BA010102/2026,32,sp-juli-422,Gate valve 5K 80 (Cast Iron) (Flange to flange = 200 mm),-,1,1,pcs,0,10,Permintaan SPK 1056.SPK/BA.202/BA010102/2026
TUG5_TUG6,mr-tug5-33,MR-2026-000033,,1056.SPK/BA.202/BA010102/2026,spk-juli-33,Srikandi Baruna 2201,,,Approved,2026-07-07T08:00:00.000Z,,,1056.SPK/BA.202/BA010102/2026,33,sp-juli-423,WD-40 412 ml,-,10,10,pcs,0,10,Permintaan SPK 1056.SPK/BA.202/BA010102/2026
TUG5_TUG6,mr-tug5-33,MR-2026-000033,,1056.SPK/BA.202/BA010102/2026,spk-juli-33,Srikandi Baruna 2201,,,Approved,2026-07-07T08:00:00.000Z,,,1056.SPK/BA.202/BA010102/2026,34,sp-juli-424,Kain Asbes 3 mm Tahan Panas/ Asbestos Cloth,-,10,10,meter,0,10,Permintaan SPK 1056.SPK/BA.202/BA010102/2026
TUG5_TUG6,mr-tug5-33,MR-2026-000033,,1056.SPK/BA.202/BA010102/2026,spk-juli-33,Srikandi Baruna 2201,,,Approved,2026-07-07T08:00:00.000Z,,,1056.SPK/BA.202/BA010102/2026,35,sp-juli-425,Fire blanket HT800,-,20,20,meter,0,10,Permintaan SPK 1056.SPK/BA.202/BA010102/2026
TUG5_TUG6,mr-tug5-33,MR-2026-000033,,1056.SPK/BA.202/BA010102/2026,spk-juli-33,Srikandi Baruna 2201,,,Approved,2026-07-07T08:00:00.000Z,,,1056.SPK/BA.202/BA010102/2026,36,sp-juli-426,Kabel Handle Gas Kapal 25 Meter/ Kabel Remote Kapal / Cable Remote or Equivalen,-,2,2,pcs,0,10,Permintaan SPK 1056.SPK/BA.202/BA010102/2026
TUG5_TUG6,mr-tug5-33,MR-2026-000033,,1056.SPK/BA.202/BA010102/2026,spk-juli-33,Srikandi Baruna 2201,,,Approved,2026-07-07T08:00:00.000Z,,,1056.SPK/BA.202/BA010102/2026,37,sp-juli-427,Presure gauge 25 inHg-15 psi (Without oil Filled),-,4,4,pcs,0,10,Permintaan SPK 1056.SPK/BA.202/BA010102/2026
TUG5_TUG6,mr-tug5-33,MR-2026-000033,,1056.SPK/BA.202/BA010102/2026,spk-juli-33,Srikandi Baruna 2201,,,Approved,2026-07-07T08:00:00.000Z,,,1056.SPK/BA.202/BA010102/2026,38,sp-juli-428,Water pump PS 8000 2 L,-,1,1,pcs,0,10,Permintaan SPK 1056.SPK/BA.202/BA010102/2026
TUG5_TUG6,mr-tug5-33,MR-2026-000033,,1056.SPK/BA.202/BA010102/2026,spk-juli-33,Srikandi Baruna 2201,,,Approved,2026-07-07T08:00:00.000Z,,,1056.SPK/BA.202/BA010102/2026,39,sp-juli-429,HELL AIR RADIATOR COOLANT/COOLEN LONGLIFE PLUS GREEN/HIJAU (4L/4 L),-,12,12,Jreken,0,10,Permintaan SPK 1056.SPK/BA.202/BA010102/2026
TUG5_TUG6,mr-tug5-33,MR-2026-000033,,1056.SPK/BA.202/BA010102/2026,spk-juli-33,Srikandi Baruna 2201,,,Approved,2026-07-07T08:00:00.000Z,,,1056.SPK/BA.202/BA010102/2026,40,sp-juli-430,TEKIRO Impact Driver Set (Obeng Ketok) SD-IM0921 (11pcs),-,1,1,set,0,10,Permintaan SPK 1056.SPK/BA.202/BA010102/2026
TUG5_TUG6,mr-tug5-33,MR-2026-000033,,1056.SPK/BA.202/BA010102/2026,spk-juli-33,Srikandi Baruna 2201,,,Approved,2026-07-07T08:00:00.000Z,,,1056.SPK/BA.202/BA010102/2026,41,sp-juli-431,TEKIRO KUNCI RING PUKUL 46 MM,-,2,2,pcs,0,10,Permintaan SPK 1056.SPK/BA.202/BA010102/2026
TUG5_TUG6,mr-tug5-33,MR-2026-000033,,1056.SPK/BA.202/BA010102/2026,spk-juli-33,Srikandi Baruna 2201,,,Approved,2026-07-07T08:00:00.000Z,,,1056.SPK/BA.202/BA010102/2026,42,sp-juli-432,Tekiro EX0926 screw extractor set 6 pcs tap balik set 6 pcs,-,2,2,set,0,10,Permintaan SPK 1056.SPK/BA.202/BA010102/2026
TUG5_TUG6,mr-tug5-33,MR-2026-000033,,1056.SPK/BA.202/BA010102/2026,spk-juli-33,Srikandi Baruna 2201,,,Approved,2026-07-07T08:00:00.000Z,,,1056.SPK/BA.202/BA010102/2026,43,sp-juli-433,TEKIRO Hex Key Ball Point Short Arm Set (Kunci L) HK-BP1203 1.5-10mm set (9pcs),-,1,1,set,0,10,Permintaan SPK 1056.SPK/BA.202/BA010102/2026
TUG5_TUG6,mr-tug5-33,MR-2026-000033,,1056.SPK/BA.202/BA010102/2026,spk-juli-33,Srikandi Baruna 2201,,,Approved,2026-07-07T08:00:00.000Z,,,1056.SPK/BA.202/BA010102/2026,44,sp-juli-434,"TEKIRO FEELER GAUGE 13 BLADES 0,2026-05-01 00:00:00,00 mm SETEL KLEP FULLER AU-FG1292 PULER GAUGE ALAT UKUR CELAH",-,1,1,set,0,10,Permintaan SPK 1056.SPK/BA.202/BA010102/2026
TUG5_TUG6,mr-tug5-33,MR-2026-000033,,1056.SPK/BA.202/BA010102/2026,spk-juli-33,Srikandi Baruna 2201,,,Approved,2026-07-07T08:00:00.000Z,,,1056.SPK/BA.202/BA010102/2026,45,sp-juli-435,Tang Ampere Digital Tekiro MS-DC1905 - Digital Clamp Meter Tekiro,-,1,1,pcs,0,10,Permintaan SPK 1056.SPK/BA.202/BA010102/2026
TUG5_TUG6,mr-tug5-33,MR-2026-000033,,1056.SPK/BA.202/BA010102/2026,spk-juli-33,Srikandi Baruna 2201,,,Approved,2026-07-07T08:00:00.000Z,,,1056.SPK/BA.202/BA010102/2026,46,sp-juli-436,TEKIRO kunci ring BULAN 10 - 22 mm,-,1,1,set,0,10,Permintaan SPK 1056.SPK/BA.202/BA010102/2026
TUG5_TUG6,mr-tug5-33,MR-2026-000033,,1056.SPK/BA.202/BA010102/2026,spk-juli-33,Srikandi Baruna 2201,,,Approved,2026-07-07T08:00:00.000Z,,,1056.SPK/BA.202/BA010102/2026,47,sp-juli-437,Kunci L bintang set TEKIRO 9pcs berlubang,-,1,1,set,0,10,Permintaan SPK 1056.SPK/BA.202/BA010102/2026
TUG5_TUG6,mr-tug5-33,MR-2026-000033,,1056.SPK/BA.202/BA010102/2026,spk-juli-33,Srikandi Baruna 2201,,,Approved,2026-07-07T08:00:00.000Z,,,1056.SPK/BA.202/BA010102/2026,48,sp-juli-438,TEKIRO Kunci 8-32 mm Kunci Ring Pas Combination Wrench,-,1,1,set,0,10,Permintaan SPK 1056.SPK/BA.202/BA010102/2026
TUG5_TUG6,mr-tug5-33,MR-2026-000033,,1056.SPK/BA.202/BA010102/2026,spk-juli-33,Srikandi Baruna 2201,,,Approved,2026-07-07T08:00:00.000Z,,,1056.SPK/BA.202/BA010102/2026,49,sp-juli-439,Kunci Inggris Chrome 12 inch 300 mm / Adjustable Wrench 12 Tekiro,-,1,1,pcs,0,10,Permintaan SPK 1056.SPK/BA.202/BA010102/2026
TUG5_TUG6,mr-tug5-33,MR-2026-000033,,1056.SPK/BA.202/BA010102/2026,spk-juli-33,Srikandi Baruna 2201,,,Approved,2026-07-07T08:00:00.000Z,,,1056.SPK/BA.202/BA010102/2026,50,sp-juli-440,TEKIRO KUNCI INGGRIS 8 200MM - ADJUSTABLE WRENCH 8 INCHI 200 MM - KONCI INCIGRIS 8 IN,-,1,1,pcs,0,10,Permintaan SPK 1056.SPK/BA.202/BA010102/2026
TUG5_TUG6,mr-tug5-33,MR-2026-000033,,1056.SPK/BA.202/BA010102/2026,spk-juli-33,Srikandi Baruna 2201,,,Approved,2026-07-07T08:00:00.000Z,,,1056.SPK/BA.202/BA010102/2026,51,sp-juli-441,SANFIX WT380 Infrared Thermogun WT 380 Thermometer Laser,WT550C,1,1,pcs,0,10,Permintaan SPK 1056.SPK/BA.202/BA010102/2026
TUG5_TUG6,mr-tug5-33,MR-2026-000033,,1056.SPK/BA.202/BA010102/2026,spk-juli-33,Srikandi Baruna 2201,,,Approved,2026-07-07T08:00:00.000Z,,,1056.SPK/BA.202/BA010102/2026,52,sp-juli-442,Mata Bor Nachi Set 25 Pcs Uk 1 mm s/d 13 mm,-,1,1,set,0,10,Permintaan SPK 1056.SPK/BA.202/BA010102/2026
TUG5_TUG6,mr-tug5-33,MR-2026-000033,,1056.SPK/BA.202/BA010102/2026,spk-juli-33,Srikandi Baruna 2201,,,Approved,2026-07-07T08:00:00.000Z,,,1056.SPK/BA.202/BA010102/2026,53,sp-juli-443,Mesin Bor Ryu Bench Drill 13mm RBD13,RDB 13,1,1,pcs,0,10,Permintaan SPK 1056.SPK/BA.202/BA010102/2026
TUG5_TUG6,mr-tug5-34,MR-2026-000034,,1047.SPK/BA.17/BA010102/2026,spk-juli-34,Srikandi Baruna 2402,,,Approved,2026-07-09T08:00:00.000Z,,,1047.SPK/BA.17/BA010102/2026,1,sp-juli-444,TALI PP MONOFILAMENT CIR 10,-,1,1,roll,0,10,Permintaan SPK 1047.SPK/BA.17/BA010102/2026
TUG5_TUG6,mr-tug5-34,MR-2026-000034,,1047.SPK/BA.17/BA010102/2026,spk-juli-34,Srikandi Baruna 2402,,,Approved,2026-07-09T08:00:00.000Z,,,1047.SPK/BA.17/BA010102/2026,2,sp-juli-445,TALI PP MONOFILAMENT CIR 8,-,1,1,roll,0,10,Permintaan SPK 1047.SPK/BA.17/BA010102/2026
TUG5_TUG6,mr-tug5-35,MR-2026-000035,,1044.SPK/BA.302/BA010102/2026,spk-juli-35,Malahayati Baruna,,,Approved,2026-07-07T08:00:00.000Z,,,1044.SPK/BA.302/BA010102/2026,1,sp-juli-446,FLEXIBLE EXHAUST MANIFOLD,-,12,12,pcs,0,10,Permintaan SPK 1044.SPK/BA.302/BA010102/2026
TUG5_TUG6,mr-tug5-36,MR-2026-000036,,1029.SPK/BA.17/BA010102/2026,spk-juli-36,Adhiguna Tarahan,,,Approved,2026-07-03T08:00:00.000Z,,,1029.SPK/BA.17/BA010102/2026,1,sp-juli-334,TALI PP MULTIFILAMENT,CIR 10,3,3,roll,0,10,Permintaan SPK 1029.SPK/BA.17/BA010102/2026
TUG5_TUG6,mr-tug5-37,MR-2026-000037,,1046.SPK/BA.302/BA010102/2026,spk-juli-37,Sartika Baruna,,,Approved,2026-07-07T08:00:00.000Z,,,1046.SPK/BA.302/BA010102/2026,1,sp-juli-447,INTERMEDIATE SERVICE KIT,546669-10,4,4,set,0,10,Permintaan SPK 1046.SPK/BA.302/BA010102/2026
TUG5_TUG6,mr-tug5-37,MR-2026-000037,,1046.SPK/BA.302/BA010102/2026,spk-juli-37,Sartika Baruna,,,Approved,2026-07-07T08:00:00.000Z,,,1046.SPK/BA.302/BA010102/2026,2,sp-juli-448,MAJOR SERVICE KIT 60HZ,546670-08,4,4,set,0,10,Permintaan SPK 1046.SPK/BA.302/BA010102/2026
TUG5_TUG6,mr-tug5-38,MR-2026-000038,,1049.SPK/BA.202/BA010102/2026,spk-juli-38,Adhiguna Tarahan,,,Approved,2026-07-07T08:00:00.000Z,,,1049.SPK/BA.202/BA010102/2026,1,sp-juli-449,RUBBER REPAIR STRIP CONVEYOR,-,2,2,roll,0,10,Permintaan SPK 1049.SPK/BA.202/BA010102/2026
TUG5_TUG6,mr-tug5-38,MR-2026-000038,,1049.SPK/BA.202/BA010102/2026,spk-juli-38,Adhiguna Tarahan,,,Approved,2026-07-07T08:00:00.000Z,,,1049.SPK/BA.202/BA010102/2026,2,sp-juli-450,LEM DINGIN,-,10,10,pcs,0,10,Permintaan SPK 1049.SPK/BA.202/BA010102/2026
TUG5_TUG6,mr-tug5-38,MR-2026-000038,,1049.SPK/BA.202/BA010102/2026,spk-juli-38,Adhiguna Tarahan,,,Approved,2026-07-07T08:00:00.000Z,,,1049.SPK/BA.202/BA010102/2026,3,sp-juli-451,HARDENER LEM,-,10,10,pcs,0,10,Permintaan SPK 1049.SPK/BA.202/BA010102/2026
TUG5_TUG6,mr-tug5-38,MR-2026-000038,,1049.SPK/BA.202/BA010102/2026,spk-juli-38,Adhiguna Tarahan,,,Approved,2026-07-07T08:00:00.000Z,,,1049.SPK/BA.202/BA010102/2026,4,sp-juli-452,SOLVENT LEM,-,5,5,pcs,0,10,Permintaan SPK 1049.SPK/BA.202/BA010102/2026
TUG5_TUG6,mr-tug5-39,MR-2026-000039,,1058.SPK/BA.17/BA010102/2026,spk-juli-39,Intan Baruna,,,Approved,2026-07-13T08:00:00.000Z,,,1058.SPK/BA.17/BA010102/2026,1,sp-juli-453,LAMP LED PHILIPS,-,50,50,pcs,0,10,Permintaan SPK 1058.SPK/BA.17/BA010102/2026
TUG5_TUG6,mr-tug5-39,MR-2026-000039,,1058.SPK/BA.17/BA010102/2026,spk-juli-39,Intan Baruna,,,Approved,2026-07-13T08:00:00.000Z,,,1058.SPK/BA.17/BA010102/2026,2,sp-juli-454,MERCURY LAMP,-,5,5,pcs,0,10,Permintaan SPK 1058.SPK/BA.17/BA010102/2026
TUG5_TUG6,mr-tug5-39,MR-2026-000039,,1058.SPK/BA.17/BA010102/2026,spk-juli-39,Intan Baruna,,,Approved,2026-07-13T08:00:00.000Z,,,1058.SPK/BA.17/BA010102/2026,3,sp-juli-455,STARTER FOR FLUORESCENT LAMP,-,60,60,pcs,0,10,Permintaan SPK 1058.SPK/BA.17/BA010102/2026
TUG5_TUG6,mr-tug5-39,MR-2026-000039,,1058.SPK/BA.17/BA010102/2026,spk-juli-39,Intan Baruna,,,Approved,2026-07-13T08:00:00.000Z,,,1058.SPK/BA.17/BA010102/2026,4,sp-juli-456,BATTERY ACCU GMDSS,-,12,12,pcs,0,10,Permintaan SPK 1058.SPK/BA.17/BA010102/2026
TUG5_TUG6,mr-tug5-39,MR-2026-000039,,1058.SPK/BA.17/BA010102/2026,spk-juli-39,Intan Baruna,,,Approved,2026-07-13T08:00:00.000Z,,,1058.SPK/BA.17/BA010102/2026,5,sp-juli-457,NAVIGATION LAMP SCREW,-,30,30,pcs,0,10,Permintaan SPK 1058.SPK/BA.17/BA010102/2026
TUG5_TUG6,mr-tug5-39,MR-2026-000039,,1058.SPK/BA.17/BA010102/2026,spk-juli-39,Intan Baruna,,,Approved,2026-07-13T08:00:00.000Z,,,1058.SPK/BA.17/BA010102/2026,6,sp-juli-36,DISKON,-,1,1,lot,0,10,Permintaan SPK 1058.SPK/BA.17/BA010102/2026
TUG5_TUG6,mr-tug5-40,MR-2026-000040,,1028.SPK/BA.17/BA010102/2026,spk-juli-40,Sartika Baruna,,,Approved,2026-07-03T08:00:00.000Z,,,1028.SPK/BA.17/BA010102/2026,1,sp-juli-334,TALI PP MULTIFILAMENT,CIR 10,4,4,roll,0,10,Permintaan SPK 1028.SPK/BA.17/BA010102/2026
TUG5_TUG6,mr-tug5-41,MR-2026-000041,,1027.SPK/BA.17/BA010102/2026,spk-juli-41,Kencana Baruna,,,Approved,2026-07-03T08:00:00.000Z,,,1027.SPK/BA.17/BA010102/2026,1,sp-juli-334,TALI PP MULTIFILAMENT,CIR 10,4,4,roll,0,10,Permintaan SPK 1027.SPK/BA.17/BA010102/2026
TUG5_TUG6,mr-tug5-42,MR-2026-000042,,1067.SPK/BA.202/BA010102/2026,spk-juli-42,Arimbi Baruna,,,Approved,2026-07-13T08:00:00.000Z,,,1067.SPK/BA.202/BA010102/2026,1,sp-juli-458,Pipe 1.1/2 Inc Galvanis,-,10,10,Btg,0,10,Permintaan SPK 1067.SPK/BA.202/BA010102/2026
TUG5_TUG6,mr-tug5-42,MR-2026-000042,,1067.SPK/BA.202/BA010102/2026,spk-juli-42,Arimbi Baruna,,,Approved,2026-07-13T08:00:00.000Z,,,1067.SPK/BA.202/BA010102/2026,2,sp-juli-459,Elbow 1. 1/2 Inc,-,25,25,Pcs,0,10,Permintaan SPK 1067.SPK/BA.202/BA010102/2026
TUG5_TUG6,mr-tug5-42,MR-2026-000042,,1067.SPK/BA.202/BA010102/2026,spk-juli-42,Arimbi Baruna,,,Approved,2026-07-13T08:00:00.000Z,,,1067.SPK/BA.202/BA010102/2026,3,sp-juli-460,Elbow 1 Inc,-,25,25,Pcs,0,10,Permintaan SPK 1067.SPK/BA.202/BA010102/2026
TUG5_TUG6,mr-tug5-42,MR-2026-000042,,1067.SPK/BA.202/BA010102/2026,spk-juli-42,Arimbi Baruna,,,Approved,2026-07-13T08:00:00.000Z,,,1067.SPK/BA.202/BA010102/2026,4,sp-juli-461,U Bolt 1/2 Inc,-,100,100,Pcs,0,10,Permintaan SPK 1067.SPK/BA.202/BA010102/2026
TUG5_TUG6,mr-tug5-42,MR-2026-000042,,1067.SPK/BA.202/BA010102/2026,spk-juli-42,Arimbi Baruna,,,Approved,2026-07-13T08:00:00.000Z,,,1067.SPK/BA.202/BA010102/2026,5,sp-juli-462,U Bolt 1 Inc,-,100,100,Pcs,0,10,Permintaan SPK 1067.SPK/BA.202/BA010102/2026
TUG5_TUG6,mr-tug5-42,MR-2026-000042,,1067.SPK/BA.202/BA010102/2026,spk-juli-42,Arimbi Baruna,,,Approved,2026-07-13T08:00:00.000Z,,,1067.SPK/BA.202/BA010102/2026,6,sp-juli-463,U Bolt 1. 1/2 Inc,-,100,100,Pcs,0,10,Permintaan SPK 1067.SPK/BA.202/BA010102/2026
TUG5_TUG6,mr-tug5-42,MR-2026-000042,,1067.SPK/BA.202/BA010102/2026,spk-juli-42,Arimbi Baruna,,,Approved,2026-07-13T08:00:00.000Z,,,1067.SPK/BA.202/BA010102/2026,7,sp-juli-464,U Bolt 2 Inc,-,100,100,Pcs,0,10,Permintaan SPK 1067.SPK/BA.202/BA010102/2026
TUG5_TUG6,mr-tug5-42,MR-2026-000042,,1067.SPK/BA.202/BA010102/2026,spk-juli-42,Arimbi Baruna,,,Approved,2026-07-13T08:00:00.000Z,,,1067.SPK/BA.202/BA010102/2026,8,sp-juli-465,U Bolt 2.1/2 Inc,-,100,100,Pcs,0,10,Permintaan SPK 1067.SPK/BA.202/BA010102/2026
TUG5_TUG6,mr-tug5-42,MR-2026-000042,,1067.SPK/BA.202/BA010102/2026,spk-juli-42,Arimbi Baruna,,,Approved,2026-07-13T08:00:00.000Z,,,1067.SPK/BA.202/BA010102/2026,9,sp-juli-466,Mini Roll 100 Mm,-,20,20,Lsn,0,10,Permintaan SPK 1067.SPK/BA.202/BA010102/2026
TUG5_TUG6,mr-tug5-42,MR-2026-000042,,1067.SPK/BA.202/BA010102/2026,spk-juli-42,Arimbi Baruna,,,Approved,2026-07-13T08:00:00.000Z,,,1067.SPK/BA.202/BA010102/2026,10,sp-juli-467,Sarung Tangan,-,50,50,Lsn,0,10,Permintaan SPK 1067.SPK/BA.202/BA010102/2026
TUG5_TUG6,mr-tug5-42,MR-2026-000042,,1067.SPK/BA.202/BA010102/2026,spk-juli-42,Arimbi Baruna,,,Approved,2026-07-13T08:00:00.000Z,,,1067.SPK/BA.202/BA010102/2026,11,sp-juli-468,Kuku Macan / Wire Clip,23 08 83,25,25,Pcs,0,10,Permintaan SPK 1067.SPK/BA.202/BA010102/2026
TUG5_TUG6,mr-tug5-42,MR-2026-000042,,1067.SPK/BA.202/BA010102/2026,spk-juli-42,Arimbi Baruna,,,Approved,2026-07-13T08:00:00.000Z,,,1067.SPK/BA.202/BA010102/2026,12,sp-juli-469,Smart Tv 40 Inc,-,2,2,Pcs,0,10,Permintaan SPK 1067.SPK/BA.202/BA010102/2026
TUG5_TUG6,mr-tug5-42,MR-2026-000042,,1067.SPK/BA.202/BA010102/2026,spk-juli-42,Arimbi Baruna,,,Approved,2026-07-13T08:00:00.000Z,,,1067.SPK/BA.202/BA010102/2026,13,sp-juli-470,Kulkas Mini 1 Pintu,-,2,2,Pcs,0,10,Permintaan SPK 1067.SPK/BA.202/BA010102/2026
TUG5_TUG6,mr-tug5-42,MR-2026-000042,,1067.SPK/BA.202/BA010102/2026,spk-juli-42,Arimbi Baruna,,,Approved,2026-07-13T08:00:00.000Z,,,1067.SPK/BA.202/BA010102/2026,14,sp-juli-471,Kulkas 2 Pintu Sharp Sj-14M,-,1,1,Pcs,0,10,Permintaan SPK 1067.SPK/BA.202/BA010102/2026
TUG5_TUG6,mr-tug5-42,MR-2026-000042,,1067.SPK/BA.202/BA010102/2026,spk-juli-42,Arimbi Baruna,,,Approved,2026-07-13T08:00:00.000Z,,,1067.SPK/BA.202/BA010102/2026,15,sp-juli-472,Battery Panasonic (Cr2032),-,10,10,Pcs,0,10,Permintaan SPK 1067.SPK/BA.202/BA010102/2026
TUG5_TUG6,mr-tug5-42,MR-2026-000042,,1067.SPK/BA.202/BA010102/2026,spk-juli-42,Arimbi Baruna,,,Approved,2026-07-13T08:00:00.000Z,,,1067.SPK/BA.202/BA010102/2026,16,sp-juli-473,Buku Tulis Gelatik A5/100 L,-,10,10,Pcs,0,10,Permintaan SPK 1067.SPK/BA.202/BA010102/2026
TUG5_TUG6,mr-tug5-42,MR-2026-000042,,1067.SPK/BA.202/BA010102/2026,spk-juli-42,Arimbi Baruna,,,Approved,2026-07-13T08:00:00.000Z,,,1067.SPK/BA.202/BA010102/2026,17,sp-juli-474,Calculator Citizen Ct-8614,-,2,2,Pcs,0,10,Permintaan SPK 1067.SPK/BA.202/BA010102/2026
TUG5_TUG6,mr-tug5-42,MR-2026-000042,,1067.SPK/BA.202/BA010102/2026,spk-juli-42,Arimbi Baruna,,,Approved,2026-07-13T08:00:00.000Z,,,1067.SPK/BA.202/BA010102/2026,18,sp-juli-475,Lakban Hitam 48Mm,-,15,15,Pcs,0,10,Permintaan SPK 1067.SPK/BA.202/BA010102/2026
TUG5_TUG6,mr-tug5-42,MR-2026-000042,,1067.SPK/BA.202/BA010102/2026,spk-juli-42,Arimbi Baruna,,,Approved,2026-07-13T08:00:00.000Z,,,1067.SPK/BA.202/BA010102/2026,19,sp-juli-476,Lakban Hitam 24Mm,-,15,15,Pcs,0,10,Permintaan SPK 1067.SPK/BA.202/BA010102/2026
TUG5_TUG6,mr-tug5-42,MR-2026-000042,,1067.SPK/BA.202/BA010102/2026,spk-juli-42,Arimbi Baruna,,,Approved,2026-07-13T08:00:00.000Z,,,1067.SPK/BA.202/BA010102/2026,20,sp-juli-477,Plastic Laminating A4,-,3,3,Pack,0,10,Permintaan SPK 1067.SPK/BA.202/BA010102/2026
TUG5_TUG6,mr-tug5-42,MR-2026-000042,,1067.SPK/BA.202/BA010102/2026,spk-juli-42,Arimbi Baruna,,,Approved,2026-07-13T08:00:00.000Z,,,1067.SPK/BA.202/BA010102/2026,21,sp-juli-478,Stabilo Boss Original,-,5,5,Pcs,0,10,Permintaan SPK 1067.SPK/BA.202/BA010102/2026
TUG5_TUG6,mr-tug5-42,MR-2026-000042,,1067.SPK/BA.202/BA010102/2026,spk-juli-42,Arimbi Baruna,,,Approved,2026-07-13T08:00:00.000Z,,,1067.SPK/BA.202/BA010102/2026,22,sp-juli-479,Refill Spidol Hitam,-,2,2,Pcs,0,10,Permintaan SPK 1067.SPK/BA.202/BA010102/2026
TUG5_TUG6,mr-tug5-42,MR-2026-000042,,1067.SPK/BA.202/BA010102/2026,spk-juli-42,Arimbi Baruna,,,Approved,2026-07-13T08:00:00.000Z,,,1067.SPK/BA.202/BA010102/2026,23,sp-juli-480,Refill Spidol Biru,-,2,2,Pcs,0,10,Permintaan SPK 1067.SPK/BA.202/BA010102/2026
TUG5_TUG6,mr-tug5-42,MR-2026-000042,,1067.SPK/BA.202/BA010102/2026,spk-juli-42,Arimbi Baruna,,,Approved,2026-07-13T08:00:00.000Z,,,1067.SPK/BA.202/BA010102/2026,24,sp-juli-481,Strapless No.10,-,5,5,Pcs,0,10,Permintaan SPK 1067.SPK/BA.202/BA010102/2026
TUG5_TUG6,mr-tug5-42,MR-2026-000042,,1067.SPK/BA.202/BA010102/2026,spk-juli-42,Arimbi Baruna,,,Approved,2026-07-13T08:00:00.000Z,,,1067.SPK/BA.202/BA010102/2026,25,sp-juli-482,Straples No.3-1M,-,5,5,Pcs,0,10,Permintaan SPK 1067.SPK/BA.202/BA010102/2026
TUG5_TUG6,mr-tug5-42,MR-2026-000042,,1067.SPK/BA.202/BA010102/2026,spk-juli-42,Arimbi Baruna,,,Approved,2026-07-13T08:00:00.000Z,,,1067.SPK/BA.202/BA010102/2026,26,sp-juli-483,Tinta Printer Epson 664,-,10,10,Pcs,0,10,Permintaan SPK 1067.SPK/BA.202/BA010102/2026
TUG5_TUG6,mr-tug5-42,MR-2026-000042,,1067.SPK/BA.202/BA010102/2026,spk-juli-42,Arimbi Baruna,,,Approved,2026-07-13T08:00:00.000Z,,,1067.SPK/BA.202/BA010102/2026,27,sp-juli-484,Tinta Printer Epson 003,-,10,10,Pcs,0,10,Permintaan SPK 1067.SPK/BA.202/BA010102/2026
TUG5_TUG6,mr-tug5-42,MR-2026-000042,,1067.SPK/BA.202/BA010102/2026,spk-juli-42,Arimbi Baruna,,,Approved,2026-07-13T08:00:00.000Z,,,1067.SPK/BA.202/BA010102/2026,28,sp-juli-485,Sticky Notes 3M,Ukuran : 76X76 (5 Warna),7,7,Pcs,0,10,Permintaan SPK 1067.SPK/BA.202/BA010102/2026
TUG5_TUG6,mr-tug5-42,MR-2026-000042,,1067.SPK/BA.202/BA010102/2026,spk-juli-42,Arimbi Baruna,,,Approved,2026-07-13T08:00:00.000Z,,,1067.SPK/BA.202/BA010102/2026,29,sp-juli-486,Correction Tape / Tipe Ex,-,10,10,Pcs,0,10,Permintaan SPK 1067.SPK/BA.202/BA010102/2026
TUG5_TUG6,mr-tug5-42,MR-2026-000042,,1067.SPK/BA.202/BA010102/2026,spk-juli-42,Arimbi Baruna,,,Approved,2026-07-13T08:00:00.000Z,,,1067.SPK/BA.202/BA010102/2026,30,sp-juli-487,Joyko Index & Memo,Ukuran : 4.4Cm X 1.2Cm,7,7,Pcs,0,10,Permintaan SPK 1067.SPK/BA.202/BA010102/2026
TUG5_TUG6,mr-tug5-43,MR-2026-000043,,1066.SPK/BA.202/BA010102/2026,spk-juli-43,Arimbi Baruna,,,Approved,2026-07-13T08:00:00.000Z,,,1066.SPK/BA.202/BA010102/2026,1,sp-juli-488,U Bolt Pipa Hydrant 4 Inc,-,20,20,Btg,0,10,Permintaan SPK 1066.SPK/BA.202/BA010102/2026
TUG5_TUG6,mr-tug5-43,MR-2026-000043,,1066.SPK/BA.202/BA010102/2026,spk-juli-43,Arimbi Baruna,,,Approved,2026-07-13T08:00:00.000Z,,,1066.SPK/BA.202/BA010102/2026,2,sp-juli-489,U Bolt Pipa Hydrant 5 Inc,-,50,50,Btg,0,10,Permintaan SPK 1066.SPK/BA.202/BA010102/2026
TUG5_TUG6,mr-tug5-43,MR-2026-000043,,1066.SPK/BA.202/BA010102/2026,spk-juli-43,Arimbi Baruna,,,Approved,2026-07-13T08:00:00.000Z,,,1066.SPK/BA.202/BA010102/2026,3,sp-juli-490,U Bolt Pipa Kabel 8 Inc,-,50,50,Btg,0,10,Permintaan SPK 1066.SPK/BA.202/BA010102/2026
TUG5_TUG6,mr-tug5-43,MR-2026-000043,,1066.SPK/BA.202/BA010102/2026,spk-juli-43,Arimbi Baruna,,,Approved,2026-07-13T08:00:00.000Z,,,1066.SPK/BA.202/BA010102/2026,4,sp-juli-491,Plat Siku 5 X 5,-,10,10,Pcs,0,10,Permintaan SPK 1066.SPK/BA.202/BA010102/2026
TUG5_TUG6,mr-tug5-43,MR-2026-000043,,1066.SPK/BA.202/BA010102/2026,spk-juli-43,Arimbi Baruna,,,Approved,2026-07-13T08:00:00.000Z,,,1066.SPK/BA.202/BA010102/2026,5,sp-juli-492,Plat Siku 8 X 8,-,10,10,Pcs,0,10,Permintaan SPK 1066.SPK/BA.202/BA010102/2026
TUG5_TUG6,mr-tug5-43,MR-2026-000043,,1066.SPK/BA.202/BA010102/2026,spk-juli-43,Arimbi Baruna,,,Approved,2026-07-13T08:00:00.000Z,,,1066.SPK/BA.202/BA010102/2026,6,sp-juli-493,Stainless Steel Wire Diam 1.8 Mm,-,2,2,Roll,0,10,Permintaan SPK 1066.SPK/BA.202/BA010102/2026
TUG5_TUG6,mr-tug5-43,MR-2026-000043,,1066.SPK/BA.202/BA010102/2026,spk-juli-43,Arimbi Baruna,,,Approved,2026-07-13T08:00:00.000Z,,,1066.SPK/BA.202/BA010102/2026,7,sp-juli-494,Wire Rope Thimble,23 36 81,25,25,Pcs,0,10,Permintaan SPK 1066.SPK/BA.202/BA010102/2026
TUG5_TUG6,mr-tug5-43,MR-2026-000043,,1066.SPK/BA.202/BA010102/2026,spk-juli-43,Arimbi Baruna,,,Approved,2026-07-13T08:00:00.000Z,,,1066.SPK/BA.202/BA010102/2026,8,sp-juli-495,Grease Kuning 20 L,-,4,4,Pcs,0,10,Permintaan SPK 1066.SPK/BA.202/BA010102/2026
TUG5_TUG6,mr-tug5-43,MR-2026-000043,,1066.SPK/BA.202/BA010102/2026,spk-juli-43,Arimbi Baruna,,,Approved,2026-07-13T08:00:00.000Z,,,1066.SPK/BA.202/BA010102/2026,9,sp-juli-496,Tali Uk 1.1/2 Inc 200 M Plastik,-,200,200,Mtr,0,10,Permintaan SPK 1066.SPK/BA.202/BA010102/2026
TUG5_TUG6,mr-tug5-43,MR-2026-000043,,1066.SPK/BA.202/BA010102/2026,spk-juli-43,Arimbi Baruna,,,Approved,2026-07-13T08:00:00.000Z,,,1066.SPK/BA.202/BA010102/2026,10,sp-juli-497,Majun Jait,-,200,200,Kg,0,10,Permintaan SPK 1066.SPK/BA.202/BA010102/2026
TUG5_TUG6,mr-tug5-43,MR-2026-000043,,1066.SPK/BA.202/BA010102/2026,spk-juli-43,Arimbi Baruna,,,Approved,2026-07-13T08:00:00.000Z,,,1066.SPK/BA.202/BA010102/2026,11,sp-juli-498,Selang Uk 1.1/2 Inc,-,4,4,Roll,0,10,Permintaan SPK 1066.SPK/BA.202/BA010102/2026
TUG5_TUG6,mr-tug5-43,MR-2026-000043,,1066.SPK/BA.202/BA010102/2026,spk-juli-43,Arimbi Baruna,,,Approved,2026-07-13T08:00:00.000Z,,,1066.SPK/BA.202/BA010102/2026,12,sp-juli-499,Selang Uk 3/4 Inc,-,2,2,Roll,0,10,Permintaan SPK 1066.SPK/BA.202/BA010102/2026
TUG5_TUG6,mr-tug5-43,MR-2026-000043,,1066.SPK/BA.202/BA010102/2026,spk-juli-43,Arimbi Baruna,,,Approved,2026-07-13T08:00:00.000Z,,,1066.SPK/BA.202/BA010102/2026,13,sp-juli-500,Wd 40 412 Ml,-,20,20,Pcs,0,10,Permintaan SPK 1066.SPK/BA.202/BA010102/2026
TUG5_TUG6,mr-tug5-43,MR-2026-000043,,1066.SPK/BA.202/BA010102/2026,spk-juli-43,Arimbi Baruna,,,Approved,2026-07-13T08:00:00.000Z,,,1066.SPK/BA.202/BA010102/2026,14,sp-juli-501,Mesin Cuci Otomatis Kapasitas 12 Kg,-,3,3,Pcs,0,10,Permintaan SPK 1066.SPK/BA.202/BA010102/2026
TUG5_TUG6,mr-tug5-43,MR-2026-000043,,1066.SPK/BA.202/BA010102/2026,spk-juli-43,Arimbi Baruna,,,Approved,2026-07-13T08:00:00.000Z,,,1066.SPK/BA.202/BA010102/2026,15,sp-juli-502,Dispenser Arashi Multifunction / Dispenser Amd 02 Bc,-,4,4,Pcs,0,10,Permintaan SPK 1066.SPK/BA.202/BA010102/2026
TUG5_TUG6,mr-tug5-43,MR-2026-000043,,1066.SPK/BA.202/BA010102/2026,spk-juli-43,Arimbi Baruna,,,Approved,2026-07-13T08:00:00.000Z,,,1066.SPK/BA.202/BA010102/2026,16,sp-juli-503,Kulkas 2 Pintu Sharp Sj-420G,-,1,1,Pcs,0,10,Permintaan SPK 1066.SPK/BA.202/BA010102/2026
TUG5_TUG6,mr-tug5-43,MR-2026-000043,,1066.SPK/BA.202/BA010102/2026,spk-juli-43,Arimbi Baruna,,,Approved,2026-07-13T08:00:00.000Z,,,1066.SPK/BA.202/BA010102/2026,17,sp-juli-504,Battery Alkalin AAA,( 1 Box Isi 12 Card ),2,2,Box,0,10,Permintaan SPK 1066.SPK/BA.202/BA010102/2026
TUG5_TUG6,mr-tug5-43,MR-2026-000043,,1066.SPK/BA.202/BA010102/2026,spk-juli-43,Arimbi Baruna,,,Approved,2026-07-13T08:00:00.000Z,,,1066.SPK/BA.202/BA010102/2026,18,sp-juli-505,Battery Alkalin AA,( 1 Box Isi 12 Card ),2,2,Box,0,10,Permintaan SPK 1066.SPK/BA.202/BA010102/2026
TUG5_TUG6,mr-tug5-43,MR-2026-000043,,1066.SPK/BA.202/BA010102/2026,spk-juli-43,Arimbi Baruna,,,Approved,2026-07-13T08:00:00.000Z,,,1066.SPK/BA.202/BA010102/2026,19,sp-juli-506,Battery Alkalin D 1.5 (Besar),-,10,10,Pack,0,10,Permintaan SPK 1066.SPK/BA.202/BA010102/2026
TUG5_TUG6,mr-tug5-43,MR-2026-000043,,1066.SPK/BA.202/BA010102/2026,spk-juli-43,Arimbi Baruna,,,Approved,2026-07-13T08:00:00.000Z,,,1066.SPK/BA.202/BA010102/2026,20,sp-juli-507,Plastic Laminating F4,-,5,5,Pack,0,10,Permintaan SPK 1066.SPK/BA.202/BA010102/2026
TUG5_TUG6,mr-tug5-43,MR-2026-000043,,1066.SPK/BA.202/BA010102/2026,spk-juli-43,Arimbi Baruna,,,Approved,2026-07-13T08:00:00.000Z,,,1066.SPK/BA.202/BA010102/2026,21,sp-juli-508,Pullpen Pilot Balliner 0.8,Pulpen (Zebra) Untuk Tanda Tangan,1,1,Pack,0,10,Permintaan SPK 1066.SPK/BA.202/BA010102/2026
TUG5_TUG6,mr-tug5-43,MR-2026-000043,,1066.SPK/BA.202/BA010102/2026,spk-juli-43,Arimbi Baruna,,,Approved,2026-07-13T08:00:00.000Z,,,1066.SPK/BA.202/BA010102/2026,22,sp-juli-508,Pullpen Pilot Balliner 0.8,Pulpen (Zebra) Untuk Tanda Tangan,1,1,Pack,0,10,Permintaan SPK 1066.SPK/BA.202/BA010102/2026
TUG5_TUG6,mr-tug5-43,MR-2026-000043,,1066.SPK/BA.202/BA010102/2026,spk-juli-43,Arimbi Baruna,,,Approved,2026-07-13T08:00:00.000Z,,,1066.SPK/BA.202/BA010102/2026,23,sp-juli-509,Spidol Snowman (Besar),Water-Based Marker,1,1,Pack,0,10,Permintaan SPK 1066.SPK/BA.202/BA010102/2026
TUG5_TUG6,mr-tug5-43,MR-2026-000043,,1066.SPK/BA.202/BA010102/2026,spk-juli-43,Arimbi Baruna,,,Approved,2026-07-13T08:00:00.000Z,,,1066.SPK/BA.202/BA010102/2026,24,sp-juli-510,Lampu(Senter) Led Portable,"10000Mah/3000Lm, 500W",2,2,Pcs,0,10,Permintaan SPK 1066.SPK/BA.202/BA010102/2026
TUG5_TUG6,mr-tug5-44,MR-2026-000044,,1102.SPK/BA.7/BA010102/2026,spk-juli-44,Jayanti Baruna,,,Approved,2026-07-13T08:00:00.000Z,,,1102.SPK/BA.7/BA010102/2026,1,sp-juli-511,JASA INSPEKSI CAMSHAFT AE 1,-,1,1,lot,0,10,Permintaan SPK 1102.SPK/BA.7/BA010102/2026
TUG5_TUG6,mr-tug5-45,MR-2026-000045,,1114.SPK/BA.202/BA010102/2026,spk-juli-45,Walidah Baruna,,,Approved,2026-07-13T08:00:00.000Z,,,1114.SPK/BA.202/BA010102/2026,1,sp-juli-512,JOTAMASTIC SMART PACK HB RED,-,200,200,liter,0,10,Permintaan SPK 1114.SPK/BA.202/BA010102/2026
TUG5_TUG6,mr-tug5-45,MR-2026-000045,,1114.SPK/BA.202/BA010102/2026,spk-juli-45,Walidah Baruna,,,Approved,2026-07-13T08:00:00.000Z,,,1114.SPK/BA.202/BA010102/2026,2,sp-juli-513,PILOT II BLACK,-,25,25,liter,0,10,Permintaan SPK 1114.SPK/BA.202/BA010102/2026
TUG5_TUG6,mr-tug5-45,MR-2026-000045,,1114.SPK/BA.202/BA010102/2026,spk-juli-45,Walidah Baruna,,,Approved,2026-07-13T08:00:00.000Z,,,1114.SPK/BA.202/BA010102/2026,3,sp-juli-514,PILOT II STBD 138 BLUE,-,25,25,liter,0,10,Permintaan SPK 1114.SPK/BA.202/BA010102/2026
TUG5_TUG6,mr-tug5-45,MR-2026-000045,,1114.SPK/BA.202/BA010102/2026,spk-juli-45,Walidah Baruna,,,Approved,2026-07-13T08:00:00.000Z,,,1114.SPK/BA.202/BA010102/2026,4,sp-juli-515,PILOT II STBD 436 ORANGE,-,50,50,liter,0,10,Permintaan SPK 1114.SPK/BA.202/BA010102/2026
TUG5_TUG6,mr-tug5-45,MR-2026-000045,,1114.SPK/BA.202/BA010102/2026,spk-juli-45,Walidah Baruna,,,Approved,2026-07-13T08:00:00.000Z,,,1114.SPK/BA.202/BA010102/2026,5,sp-juli-516,PILOT II BLACK SIGNAL RED STD 256,-,100,100,liter,0,10,Permintaan SPK 1114.SPK/BA.202/BA010102/2026
TUG5_TUG6,mr-tug5-45,MR-2026-000045,,1114.SPK/BA.202/BA010102/2026,spk-juli-45,Walidah Baruna,,,Approved,2026-07-13T08:00:00.000Z,,,1114.SPK/BA.202/BA010102/2026,6,sp-juli-517,PILOT II BLACK CREAM STD 002,-,300,300,liter,0,10,Permintaan SPK 1114.SPK/BA.202/BA010102/2026
TUG5_TUG6,mr-tug5-46,MR-2026-000046,,1093.SPK/BA.17/BA010102/2026,spk-juli-46,Walidah Baruna,,,Approved,2026-07-13T08:00:00.000Z,,,1093.SPK/BA.17/BA010102/2026,1,sp-juli-518,"AC 1,5 PK",AQUA,2,2,pcs,0,10,Permintaan SPK 1093.SPK/BA.17/BA010102/2026
TUG5_TUG6,mr-tug5-46,MR-2026-000046,,1093.SPK/BA.17/BA010102/2026,spk-juli-46,Walidah Baruna,,,Approved,2026-07-13T08:00:00.000Z,,,1093.SPK/BA.17/BA010102/2026,2,sp-juli-519,DISPENSER GALON,ARASHI,6,6,pcs,0,10,Permintaan SPK 1093.SPK/BA.17/BA010102/2026
TUG5_TUG6,mr-tug5-46,MR-2026-000046,,1093.SPK/BA.17/BA010102/2026,spk-juli-46,Walidah Baruna,,,Approved,2026-07-13T08:00:00.000Z,,,1093.SPK/BA.17/BA010102/2026,3,sp-juli-520,STEP UP/DOWN 110,DAICHI,10,10,pcs,0,10,Permintaan SPK 1093.SPK/BA.17/BA010102/2026
TUG5_TUG6,mr-tug5-46,MR-2026-000046,,1093.SPK/BA.17/BA010102/2026,spk-juli-46,Walidah Baruna,,,Approved,2026-07-13T08:00:00.000Z,,,1093.SPK/BA.17/BA010102/2026,4,sp-juli-521,TV 55 INC,HISENSE,1,1,pcs,0,10,Permintaan SPK 1093.SPK/BA.17/BA010102/2026
TUG5_TUG6,mr-tug5-46,MR-2026-000046,,1093.SPK/BA.17/BA010102/2026,spk-juli-46,Walidah Baruna,,,Approved,2026-07-13T08:00:00.000Z,,,1093.SPK/BA.17/BA010102/2026,5,sp-juli-522,TV SPEAKER,JBL,1,1,pcs,0,10,Permintaan SPK 1093.SPK/BA.17/BA010102/2026
TUG5_TUG6,mr-tug5-46,MR-2026-000046,,1093.SPK/BA.17/BA010102/2026,spk-juli-46,Walidah Baruna,,,Approved,2026-07-13T08:00:00.000Z,,,1093.SPK/BA.17/BA010102/2026,6,sp-juli-523,ICE CUBE MAKER,-,1,1,pcs,0,10,Permintaan SPK 1093.SPK/BA.17/BA010102/2026
TUG5_TUG6,mr-tug5-47,MR-2026-000047,,1070.SPK/BA.302/BA010102/2026,spk-juli-47,Latifah Baruna,,,Approved,2026-07-13T08:00:00.000Z,,,1070.SPK/BA.302/BA010102/2026,1,sp-juli-524,OIL NOZZLE NO 1,612225,3,3,pcs,0,10,Permintaan SPK 1070.SPK/BA.302/BA010102/2026
TUG5_TUG6,mr-tug5-47,MR-2026-000047,,1070.SPK/BA.302/BA010102/2026,spk-juli-47,Latifah Baruna,,,Approved,2026-07-13T08:00:00.000Z,,,1070.SPK/BA.302/BA010102/2026,2,sp-juli-525,OIL NOZZLE NO 2,612233,3,3,pcs,0,10,Permintaan SPK 1070.SPK/BA.302/BA010102/2026
TUG5_TUG6,mr-tug5-47,MR-2026-000047,,1070.SPK/BA.302/BA010102/2026,spk-juli-47,Latifah Baruna,,,Approved,2026-07-13T08:00:00.000Z,,,1070.SPK/BA.302/BA010102/2026,3,sp-juli-526,FUEL PUMP ASSY,601050,1,1,pcs,0,10,Permintaan SPK 1070.SPK/BA.302/BA010102/2026
TUG5_TUG6,mr-tug5-47,MR-2026-000047,,1070.SPK/BA.302/BA010102/2026,spk-juli-47,Latifah Baruna,,,Approved,2026-07-13T08:00:00.000Z,,,1070.SPK/BA.302/BA010102/2026,4,sp-juli-527,FLAME FEELER,1119741201/2,4,4,pcs,0,10,Permintaan SPK 1070.SPK/BA.302/BA010102/2026
TUG5_TUG6,mr-tug5-47,MR-2026-000047,,1070.SPK/BA.302/BA010102/2026,spk-juli-47,Latifah Baruna,,,Approved,2026-07-13T08:00:00.000Z,,,1070.SPK/BA.302/BA010102/2026,5,sp-juli-528,FLAME SAFEGUARD,600118,2,2,pcs,0,10,Permintaan SPK 1070.SPK/BA.302/BA010102/2026
TUG5_TUG6,mr-tug5-48,MR-2026-000048,,1107.SPK/BA.202/BA010102/2026,spk-juli-48,Walidah Baruna,,,Approved,2026-07-13T08:00:00.000Z,,,1107.SPK/BA.202/BA010102/2026,1,sp-juli-529,"FRENCH KNIFE STEEL BLADE, 250MM RED PLASTIC HANDLE",172290,1,1,PCS,0,10,Permintaan SPK 1107.SPK/BA.202/BA010102/2026
TUG5_TUG6,mr-tug5-48,MR-2026-000048,,1107.SPK/BA.202/BA010102/2026,spk-juli-48,Walidah Baruna,,,Approved,2026-07-13T08:00:00.000Z,,,1107.SPK/BA.202/BA010102/2026,2,sp-juli-530,"FRENCH KNIFE STEEL BLADE, 250MM BLUE PLASTIC HANDLE",172298,1,1,PCS,0,10,Permintaan SPK 1107.SPK/BA.202/BA010102/2026
TUG5_TUG6,mr-tug5-48,MR-2026-000048,,1107.SPK/BA.202/BA010102/2026,spk-juli-48,Walidah Baruna,,,Approved,2026-07-13T08:00:00.000Z,,,1107.SPK/BA.202/BA010102/2026,3,sp-juli-531,"FRENCH KNIFE STEEL BLADE, 250MM YELLOW PLASTIC HANDLE",172308,1,1,PCS,0,10,Permintaan SPK 1107.SPK/BA.202/BA010102/2026
TUG5_TUG6,mr-tug5-48,MR-2026-000048,,1107.SPK/BA.202/BA010102/2026,spk-juli-48,Walidah Baruna,,,Approved,2026-07-13T08:00:00.000Z,,,1107.SPK/BA.202/BA010102/2026,4,sp-juli-532,"FRENCH KNIFE STEEL BLADE, 250MM BROWN PLASTIC HANDLE",172309,1,1,PCS,0,10,Permintaan SPK 1107.SPK/BA.202/BA010102/2026
TUG5_TUG6,mr-tug5-48,MR-2026-000048,,1107.SPK/BA.202/BA010102/2026,spk-juli-48,Walidah Baruna,,,Approved,2026-07-13T08:00:00.000Z,,,1107.SPK/BA.202/BA010102/2026,5,sp-juli-533,"FRENCH KNIFE STEEL BLADE, 250MM GREEN PLASTIC HANDLE",172310,1,1,PCS,0,10,Permintaan SPK 1107.SPK/BA.202/BA010102/2026
TUG5_TUG6,mr-tug5-48,MR-2026-000048,,1107.SPK/BA.202/BA010102/2026,spk-juli-48,Walidah Baruna,,,Approved,2026-07-13T08:00:00.000Z,,,1107.SPK/BA.202/BA010102/2026,6,sp-juli-534,"FRENCH KNIFE STEEL BLADE, 250MM WHITE PLASTIC HANDLE",172320,1,1,PCS,0,10,Permintaan SPK 1107.SPK/BA.202/BA010102/2026
TUG5_TUG6,mr-tug5-48,MR-2026-000048,,1107.SPK/BA.202/BA010102/2026,spk-juli-48,Walidah Baruna,,,Approved,2026-07-13T08:00:00.000Z,,,1107.SPK/BA.202/BA010102/2026,7,sp-juli-535,"CUTTING BOARD PLASTIC COLORED, RED 530X325X20MM",172446,1,1,PCS,0,10,Permintaan SPK 1107.SPK/BA.202/BA010102/2026
TUG5_TUG6,mr-tug5-48,MR-2026-000048,,1107.SPK/BA.202/BA010102/2026,spk-juli-48,Walidah Baruna,,,Approved,2026-07-13T08:00:00.000Z,,,1107.SPK/BA.202/BA010102/2026,8,sp-juli-536,"CUTTING BOARD PLASTIC COLORED, BLUE 530X325X20MM",172447,1,1,PCS,0,10,Permintaan SPK 1107.SPK/BA.202/BA010102/2026
TUG5_TUG6,mr-tug5-48,MR-2026-000048,,1107.SPK/BA.202/BA010102/2026,spk-juli-48,Walidah Baruna,,,Approved,2026-07-13T08:00:00.000Z,,,1107.SPK/BA.202/BA010102/2026,9,sp-juli-537,"CUTTING BOARD PLASTIC COLORED, YELLOW 530X325X20MM",172448,1,1,PCS,0,10,Permintaan SPK 1107.SPK/BA.202/BA010102/2026
TUG5_TUG6,mr-tug5-48,MR-2026-000048,,1107.SPK/BA.202/BA010102/2026,spk-juli-48,Walidah Baruna,,,Approved,2026-07-13T08:00:00.000Z,,,1107.SPK/BA.202/BA010102/2026,10,sp-juli-538,"CUTTING BOARD PLASTIC COLORED, BROWN 530X325X20MM",172449,1,1,PCS,0,10,Permintaan SPK 1107.SPK/BA.202/BA010102/2026
TUG5_TUG6,mr-tug5-48,MR-2026-000048,,1107.SPK/BA.202/BA010102/2026,spk-juli-48,Walidah Baruna,,,Approved,2026-07-13T08:00:00.000Z,,,1107.SPK/BA.202/BA010102/2026,11,sp-juli-539,"CUTTING BOARD PLASTIC COLORED, GREEN 530X325X20MM",172450,1,1,PCS,0,10,Permintaan SPK 1107.SPK/BA.202/BA010102/2026
TUG5_TUG6,mr-tug5-48,MR-2026-000048,,1107.SPK/BA.202/BA010102/2026,spk-juli-48,Walidah Baruna,,,Approved,2026-07-13T08:00:00.000Z,,,1107.SPK/BA.202/BA010102/2026,12,sp-juli-540,SCUPPER PLUG FOR ACCOMODATION DECK MODEL 50N-100,23.24.85,5,5,PCS,0,10,Permintaan SPK 1107.SPK/BA.202/BA010102/2026
TUG5_TUG6,mr-tug5-48,MR-2026-000048,,1107.SPK/BA.202/BA010102/2026,spk-juli-48,Walidah Baruna,,,Approved,2026-07-13T08:00:00.000Z,,,1107.SPK/BA.202/BA010102/2026,13,sp-juli-541,SCUPPER PLUG FOR MAINDECK MODEL 50N-125,23.24.86,10,10,PCS,0,10,Permintaan SPK 1107.SPK/BA.202/BA010102/2026
TUG5_TUG6,mr-tug5-48,MR-2026-000048,,1107.SPK/BA.202/BA010102/2026,spk-juli-48,Walidah Baruna,,,Approved,2026-07-13T08:00:00.000Z,,,1107.SPK/BA.202/BA010102/2026,14,sp-juli-542,TEST KIT WATER MARINE PORTABLE,65.28.25,1,1,SET,0,10,Permintaan SPK 1107.SPK/BA.202/BA010102/2026
TUG5_TUG6,mr-tug5-48,MR-2026-000048,,1107.SPK/BA.202/BA010102/2026,spk-juli-48,Walidah Baruna,,,Approved,2026-07-13T08:00:00.000Z,,,1107.SPK/BA.202/BA010102/2026,15,sp-juli-543,"PILOT LADDER, FULL SET UK 15 M",-,2,2,SET,0,10,Permintaan SPK 1107.SPK/BA.202/BA010102/2026
TUG5_TUG6,mr-tug5-49,MR-2026-000049,,1052.SPK/BA.202/BA010102/2026,spk-juli-49,Srikandi Baruna 2003,,,Approved,2026-07-08T08:00:00.000Z,,,1052.SPK/BA.202/BA010102/2026,1,sp-juli-544,Element LO Catridge,37540 - 21100,24,24,Pcs,0,10,Permintaan SPK 1052.SPK/BA.202/BA010102/2026
TUG5_TUG6,mr-tug5-49,MR-2026-000049,,1052.SPK/BA.202/BA010102/2026,spk-juli-49,Srikandi Baruna 2003,,,Approved,2026-07-08T08:00:00.000Z,,,1052.SPK/BA.202/BA010102/2026,2,sp-juli-545,"Cartridge, By - Pass Filter",37540 - 12100,12,12,Pcs,0,10,Permintaan SPK 1052.SPK/BA.202/BA010102/2026
TUG5_TUG6,mr-tug5-49,MR-2026-000049,,1052.SPK/BA.202/BA010102/2026,spk-juli-49,Srikandi Baruna 2003,,,Approved,2026-07-08T08:00:00.000Z,,,1052.SPK/BA.202/BA010102/2026,3,sp-juli-546,"Element Assy, Governor",34A40 - 12130,12,12,Pcs,0,10,Permintaan SPK 1052.SPK/BA.202/BA010102/2026
TUG5_TUG6,mr-tug5-49,MR-2026-000049,,1052.SPK/BA.202/BA010102/2026,spk-juli-49,Srikandi Baruna 2003,,,Approved,2026-07-08T08:00:00.000Z,,,1052.SPK/BA.202/BA010102/2026,4,sp-juli-547,"Element, Fuel Filter",32562 - 70300,24,24,Pcs,0,10,Permintaan SPK 1052.SPK/BA.202/BA010102/2026
TUG5_TUG6,mr-tug5-49,MR-2026-000049,,1052.SPK/BA.202/BA010102/2026,spk-juli-49,Srikandi Baruna 2003,,,Approved,2026-07-08T08:00:00.000Z,,,1052.SPK/BA.202/BA010102/2026,5,sp-juli-548,Impeller,45B53 - 10201,6,6,Pcs,0,10,Permintaan SPK 1052.SPK/BA.202/BA010102/2026
TUG5_TUG6,mr-tug5-49,MR-2026-000049,,1052.SPK/BA.202/BA010102/2026,spk-juli-49,Srikandi Baruna 2003,,,Approved,2026-07-08T08:00:00.000Z,,,1052.SPK/BA.202/BA010102/2026,6,sp-juli-549,"V-Belt,Raw Edge ( Alternator )",37549 - 06520,4,4,Pcs,0,10,Permintaan SPK 1052.SPK/BA.202/BA010102/2026
TUG5_TUG6,mr-tug5-49,MR-2026-000049,,1052.SPK/BA.202/BA010102/2026,spk-juli-49,Srikandi Baruna 2003,,,Approved,2026-07-08T08:00:00.000Z,,,1052.SPK/BA.202/BA010102/2026,7,sp-juli-550,"V - Belt, 48 Inch",25163 - 004801,6,6,Pcs,0,10,Permintaan SPK 1052.SPK/BA.202/BA010102/2026
TUG5_TUG6,mr-tug5-49,MR-2026-000049,,1052.SPK/BA.202/BA010102/2026,spk-juli-49,Srikandi Baruna 2003,,,Approved,2026-07-08T08:00:00.000Z,,,1052.SPK/BA.202/BA010102/2026,8,sp-juli-551,Racord Filter 30 Micron,2010 PM - OR,12,12,Pcs,0,10,Permintaan SPK 1052.SPK/BA.202/BA010102/2026
TUG5_TUG6,mr-tug5-49,MR-2026-000049,,1052.SPK/BA.202/BA010102/2026,spk-juli-49,Srikandi Baruna 2003,,,Approved,2026-07-08T08:00:00.000Z,,,1052.SPK/BA.202/BA010102/2026,9,sp-juli-552,Oil Filter,119005 - 35170,14,14,Pcs,0,10,Permintaan SPK 1052.SPK/BA.202/BA010102/2026
TUG5_TUG6,mr-tug5-49,MR-2026-000049,,1052.SPK/BA.202/BA010102/2026,spk-juli-49,Srikandi Baruna 2003,,,Approved,2026-07-08T08:00:00.000Z,,,1052.SPK/BA.202/BA010102/2026,10,sp-juli-553,Fuel Filter,129907 - 55801,14,14,Pcs,0,10,Permintaan SPK 1052.SPK/BA.202/BA010102/2026
TUG5_TUG6,mr-tug5-49,MR-2026-000049,,1052.SPK/BA.202/BA010102/2026,spk-juli-49,Srikandi Baruna 2003,,,Approved,2026-07-08T08:00:00.000Z,,,1052.SPK/BA.202/BA010102/2026,11,sp-juli-554,Element ( Fuel Filter ) Jimco,JFE 16002,24,24,Pcs,0,10,Permintaan SPK 1052.SPK/BA.202/BA010102/2026
TUG5_TUG6,mr-tug5-49,MR-2026-000049,,1052.SPK/BA.202/BA010102/2026,spk-juli-49,Srikandi Baruna 2003,,,Approved,2026-07-08T08:00:00.000Z,,,1052.SPK/BA.202/BA010102/2026,12,sp-juli-555,Pump Assy S.W Rubber Impeller ( KOSHIN ),MF - 40 S/40 mm,2,2,Pcs,0,10,Permintaan SPK 1052.SPK/BA.202/BA010102/2026
TUG5_TUG6,mr-tug5-49,MR-2026-000049,,1052.SPK/BA.202/BA010102/2026,spk-juli-49,Srikandi Baruna 2003,,,Approved,2026-07-08T08:00:00.000Z,,,1052.SPK/BA.202/BA010102/2026,13,sp-juli-556,"Pump Assy, Fuel Feed",119225 - 52102,4,4,Pcs,0,10,Permintaan SPK 1052.SPK/BA.202/BA010102/2026
TUG5_TUG6,mr-tug5-49,MR-2026-000049,,1052.SPK/BA.202/BA010102/2026,spk-juli-49,Srikandi Baruna 2003,,,Approved,2026-07-08T08:00:00.000Z,,,1052.SPK/BA.202/BA010102/2026,14,sp-juli-557,Rubber Impeller ( PUMP KONSIN ),MF - 40 S,8,8,Pcs,0,10,Permintaan SPK 1052.SPK/BA.202/BA010102/2026
TUG5_TUG6,mr-tug5-49,MR-2026-000049,,1052.SPK/BA.202/BA010102/2026,spk-juli-49,Srikandi Baruna 2003,,,Approved,2026-07-08T08:00:00.000Z,,,1052.SPK/BA.202/BA010102/2026,15,sp-juli-558,Oil Filter,JX 0810B,12,12,Pcs,0,10,Permintaan SPK 1052.SPK/BA.202/BA010102/2026
TUG5_TUG6,mr-tug5-49,MR-2026-000049,,1052.SPK/BA.202/BA010102/2026,spk-juli-49,Srikandi Baruna 2003,,,Approved,2026-07-08T08:00:00.000Z,,,1052.SPK/BA.202/BA010102/2026,16,sp-juli-559,Fuel Filter,CX0708,12,12,Pcs,0,10,Permintaan SPK 1052.SPK/BA.202/BA010102/2026
TUG5_TUG6,mr-tug5-49,MR-2026-000049,,1052.SPK/BA.202/BA010102/2026,spk-juli-49,Srikandi Baruna 2003,,,Approved,2026-07-08T08:00:00.000Z,,,1052.SPK/BA.202/BA010102/2026,17,sp-juli-560,V - Belt,AV 17 x 1215Li,6,6,Pcs,0,10,Permintaan SPK 1052.SPK/BA.202/BA010102/2026
TUG5_TUG6,mr-tug5-50,MR-2026-000050,,1112.SPK/BA.302/BA010102/2026,spk-juli-50,Srikandi Baruna 2206,,,Approved,2026-07-13T08:00:00.000Z,,,1112.SPK/BA.302/BA010102/2026,1,sp-juli-561,LUB OIL FILTER,148633-35400,36,36,pcs,0,10,Permintaan SPK 1112.SPK/BA.302/BA010102/2026
TUG5_TUG6,mr-tug5-51,MR-2026-000051,,1094.SPK/BA.17/BA010102/2026,spk-juli-51,Latifah Baruna,,,Approved,2026-07-13T08:00:00.000Z,,,1094.SPK/BA.17/BA010102/2026,1,sp-juli-562,REFILL OKSIGEN,-,7,7,botol,0,10,Permintaan SPK 1094.SPK/BA.17/BA010102/2026
TUG5_TUG6,mr-tug5-51,MR-2026-000051,,1094.SPK/BA.17/BA010102/2026,spk-juli-51,Latifah Baruna,,,Approved,2026-07-13T08:00:00.000Z,,,1094.SPK/BA.17/BA010102/2026,2,sp-juli-563,"REFILL LPG 12,5KG",-,1,1,botol,0,10,Permintaan SPK 1094.SPK/BA.17/BA010102/2026
TUG5_TUG6,mr-tug5-51,MR-2026-000051,,1094.SPK/BA.17/BA010102/2026,spk-juli-51,Latifah Baruna,,,Approved,2026-07-13T08:00:00.000Z,,,1094.SPK/BA.17/BA010102/2026,3,sp-juli-564,PERIZINAN,-,1,1,lot,0,10,Permintaan SPK 1094.SPK/BA.17/BA010102/2026
TUG5_TUG6,mr-tug5-51,MR-2026-000051,,1094.SPK/BA.17/BA010102/2026,spk-juli-51,Latifah Baruna,,,Approved,2026-07-13T08:00:00.000Z,,,1094.SPK/BA.17/BA010102/2026,4,sp-juli-565,PENDAMPINGAN AGEN,-,1,1,lot,0,10,Permintaan SPK 1094.SPK/BA.17/BA010102/2026
TUG5_TUG6,mr-tug5-51,MR-2026-000051,,1094.SPK/BA.17/BA010102/2026,spk-juli-51,Latifah Baruna,,,Approved,2026-07-13T08:00:00.000Z,,,1094.SPK/BA.17/BA010102/2026,5,sp-juli-339,TRANSPORTASI DAN AKOMODASI,-,1,1,lot,0,10,Permintaan SPK 1094.SPK/BA.17/BA010102/2026
TUG5_TUG6,mr-tug5-52,MR-2026-000052,,1120.SPK/BA.302/BA010102/2026,spk-juli-52,Intan Baruna,,,Approved,2026-07-14T08:00:00.000Z,,,1120.SPK/BA.302/BA010102/2026,1,sp-juli-566,Shroud With Buffle Plate聽,A524-327-0004-4,2,2,Pcs,0,10,Permintaan SPK 1120.SPK/BA.302/BA010102/2026
TUG5_TUG6,mr-tug5-52,MR-2026-000052,,1120.SPK/BA.302/BA010102/2026,spk-juli-52,Intan Baruna,,,Approved,2026-07-14T08:00:00.000Z,,,1120.SPK/BA.302/BA010102/2026,2,sp-juli-567,Nozzle Tip聽With Cut-Off Valve聽聽,0509-400-0700-0,6,6,Pcs,0,10,Permintaan SPK 1120.SPK/BA.302/BA010102/2026
TUG5_TUG6,mr-tug5-52,MR-2026-000052,,1120.SPK/BA.302/BA010102/2026,spk-juli-52,Intan Baruna,,,Approved,2026-07-14T08:00:00.000Z,,,1120.SPK/BA.302/BA010102/2026,3,sp-juli-568,Nozzle Tip聽With Cut-Off Valve聽,0509-600-0200-0,3,3,Pcs,0,10,Permintaan SPK 1120.SPK/BA.302/BA010102/2026
TUG5_TUG6,mr-tug5-52,MR-2026-000052,,1120.SPK/BA.302/BA010102/2026,spk-juli-52,Intan Baruna,,,Approved,2026-07-14T08:00:00.000Z,,,1120.SPK/BA.302/BA010102/2026,4,sp-juli-569,Complete Of F.O Pump GD (NK),0000-AA6-4429-4,1,1,Pcs,0,10,Permintaan SPK 1120.SPK/BA.302/BA010102/2026
TUG5_TUG6,mr-tug5-52,MR-2026-000052,,1120.SPK/BA.302/BA010102/2026,spk-juli-52,Intan Baruna,,,Approved,2026-07-14T08:00:00.000Z,,,1120.SPK/BA.302/BA010102/2026,5,sp-juli-570,Spark Rod,A524-318-4000-0,3,3,Pcs,0,10,Permintaan SPK 1120.SPK/BA.302/BA010102/2026
TUG5_TUG6,mr-tug5-52,MR-2026-000052,,1120.SPK/BA.302/BA010102/2026,spk-juli-52,Intan Baruna,,,Approved,2026-07-14T08:00:00.000Z,,,1120.SPK/BA.302/BA010102/2026,6,sp-juli-571,Lead Insulator聽,0881-102-000-0,6,6,Pcs,0,10,Permintaan SPK 1120.SPK/BA.302/BA010102/2026
TUG5_TUG6,mr-tug5-52,MR-2026-000052,,1120.SPK/BA.302/BA010102/2026,spk-juli-52,Intan Baruna,,,Approved,2026-07-14T08:00:00.000Z,,,1120.SPK/BA.302/BA010102/2026,7,sp-juli-572,Flame Eye聽,0807-230-0040-0,2,2,Pcs,0,10,Permintaan SPK 1120.SPK/BA.302/BA010102/2026
TUG5_TUG6,mr-tug5-52,MR-2026-000052,,1120.SPK/BA.302/BA010102/2026,spk-juli-52,Intan Baruna,,,Approved,2026-07-14T08:00:00.000Z,,,1120.SPK/BA.302/BA010102/2026,8,sp-juli-573,Insulator Cap,0085-000-0000-0,2,2,Pcs,0,10,Permintaan SPK 1120.SPK/BA.302/BA010102/2026
TUG5_TUG6,mr-tug5-52,MR-2026-000052,,1120.SPK/BA.302/BA010102/2026,spk-juli-52,Intan Baruna,,,Approved,2026-07-14T08:00:00.000Z,,,1120.SPK/BA.302/BA010102/2026,9,sp-juli-574,Selenoid Valve聽,0000-AA7-1510-0,2,2,Pcs,0,10,Permintaan SPK 1120.SPK/BA.302/BA010102/2026
TUG5_TUG6,mr-tug5-52,MR-2026-000052,,1120.SPK/BA.302/BA010102/2026,spk-juli-52,Intan Baruna,,,Approved,2026-07-14T08:00:00.000Z,,,1120.SPK/BA.302/BA010102/2026,10,sp-juli-575,Electrode Holder聽,0840-200-0013-0,2,2,Pcs,0,10,Permintaan SPK 1120.SPK/BA.302/BA010102/2026
TUG5_TUG6,mr-tug5-53,MR-2026-000053,,1002.SPK/BA.302/BA010102/2026,spk-juli-53,Meutia Baruna,,,Approved,2026-07-13T08:00:00.000Z,,,1002.SPK/BA.302/BA010102/2026,1,sp-juli-576,CONCENTRIC VALVE ASSEMBLY (HP),0710-7200-00,1,1,set,0,10,Permintaan SPK 1002.SPK/BA.302/BA010102/2026
TUG5_TUG6,mr-tug5-54,MR-2026-000054,,1069.SPK/BA.17/BA010102/2026,spk-juli-54,Srikandi Baruna 2402,,,Approved,2026-07-13T08:00:00.000Z,,,1069.SPK/BA.17/BA010102/2026,1,sp-juli-577,"AC 0,5 PK",-,1,1,unit,0,10,Permintaan SPK 1069.SPK/BA.17/BA010102/2026
TUG5_TUG6,mr-tug5-54,MR-2026-000054,,1069.SPK/BA.17/BA010102/2026,spk-juli-54,Srikandi Baruna 2402,,,Approved,2026-07-13T08:00:00.000Z,,,1069.SPK/BA.17/BA010102/2026,2,sp-juli-578,PIPA AC,-,1,1,pcs,0,10,Permintaan SPK 1069.SPK/BA.17/BA010102/2026
TUG5_TUG6,mr-tug5-54,MR-2026-000054,,1069.SPK/BA.17/BA010102/2026,spk-juli-54,Srikandi Baruna 2402,,,Approved,2026-07-13T08:00:00.000Z,,,1069.SPK/BA.17/BA010102/2026,3,sp-juli-579,JASA BONGKAR,-,1,1,lot,0,10,Permintaan SPK 1069.SPK/BA.17/BA010102/2026
TUG5_TUG6,mr-tug5-54,MR-2026-000054,,1069.SPK/BA.17/BA010102/2026,spk-juli-54,Srikandi Baruna 2402,,,Approved,2026-07-13T08:00:00.000Z,,,1069.SPK/BA.17/BA010102/2026,4,sp-juli-339,TRANSPORTASI DAN AKOMODASI,-,1,1,lot,0,10,Permintaan SPK 1069.SPK/BA.17/BA010102/2026
TUG5_TUG6,mr-tug5-55,MR-2026-000055,,1051.SPK/BA.302/BA010102/2026,spk-juli-55,Kartini Baruna,,,Approved,2026-07-08T08:00:00.000Z,,,1051.SPK/BA.302/BA010102/2026,1,sp-juli-580,PISTON RING RIGHT,332B - 5,4,4,PCS,0,10,Permintaan SPK 1051.SPK/BA.302/BA010102/2026
TUG5_TUG6,mr-tug5-55,MR-2026-000055,,1051.SPK/BA.302/BA010102/2026,spk-juli-55,Kartini Baruna,,,Approved,2026-07-08T08:00:00.000Z,,,1051.SPK/BA.302/BA010102/2026,2,sp-juli-581,PISTON RING OPPOSITE,332B - 6,8,8,PCS,0,10,Permintaan SPK 1051.SPK/BA.302/BA010102/2026
TUG5_TUG6,mr-tug5-55,MR-2026-000055,,1051.SPK/BA.302/BA010102/2026,spk-juli-55,Kartini Baruna,,,Approved,2026-07-08T08:00:00.000Z,,,1051.SPK/BA.302/BA010102/2026,3,sp-juli-582,PISTON RING,332B - 7,4,4,PCS,0,10,Permintaan SPK 1051.SPK/BA.302/BA010102/2026
TUG5_TUG6,mr-tug5-55,MR-2026-000055,,1051.SPK/BA.302/BA010102/2026,spk-juli-55,Kartini Baruna,,,Approved,2026-07-08T08:00:00.000Z,,,1051.SPK/BA.302/BA010102/2026,4,sp-juli-583,COOLING JACKET,341A - 12,2,2,PCS,0,10,Permintaan SPK 1051.SPK/BA.302/BA010102/2026
TUG5_TUG6,mr-tug5-55,MR-2026-000055,,1051.SPK/BA.302/BA010102/2026,spk-juli-55,Kartini Baruna,,,Approved,2026-07-08T08:00:00.000Z,,,1051.SPK/BA.302/BA010102/2026,5,sp-juli-584,SPINDLE GUIDE COMPLETE,344A - A,8,8,PCS,0,10,Permintaan SPK 1051.SPK/BA.302/BA010102/2026
TUG5_TUG6,mr-tug5-55,MR-2026-000055,,1051.SPK/BA.302/BA010102/2026,spk-juli-55,Kartini Baruna,,,Approved,2026-07-08T08:00:00.000Z,,,1051.SPK/BA.302/BA010102/2026,6,sp-juli-585,NON RETURN V/V ASSY,344A - C,8,8,PCS,0,10,Permintaan SPK 1051.SPK/BA.302/BA010102/2026
TUG5_TUG6,mr-tug5-55,MR-2026-000055,,1051.SPK/BA.302/BA010102/2026,spk-juli-55,Kartini Baruna,,,Approved,2026-07-08T08:00:00.000Z,,,1051.SPK/BA.302/BA010102/2026,7,sp-juli-586,FOOT PIECE,344A - 4,10,10,PCS,0,10,Permintaan SPK 1051.SPK/BA.302/BA010102/2026
TUG5_TUG6,mr-tug5-55,MR-2026-000055,,1051.SPK/BA.302/BA010102/2026,spk-juli-55,Kartini Baruna,,,Approved,2026-07-08T08:00:00.000Z,,,1051.SPK/BA.302/BA010102/2026,8,sp-juli-587,THRUST SPINDLE,344A - 5,10,10,PCS,0,10,Permintaan SPK 1051.SPK/BA.302/BA010102/2026
TUG5_TUG6,mr-tug5-56,MR-2026-000056,,1110.SPK/BA.17/BA010102/2026,spk-juli-56,Malahayati Baruna,,,Approved,2026-07-13T08:00:00.000Z,,,1110.SPK/BA.17/BA010102/2026,1,sp-juli-588,KERTAS HVS A4 (MERK SIDU) 70GSM,-,100,100,RIM,0,10,Permintaan SPK 1110.SPK/BA.17/BA010102/2026
TUG5_TUG6,mr-tug5-56,MR-2026-000056,,1110.SPK/BA.17/BA010102/2026,spk-juli-56,Malahayati Baruna,,,Approved,2026-07-13T08:00:00.000Z,,,1110.SPK/BA.17/BA010102/2026,2,sp-juli-589,KERTAS HVS A4 (MERK SIDU) 80GSM,-,10,10,RIM,0,10,Permintaan SPK 1110.SPK/BA.17/BA010102/2026
TUG5_TUG6,mr-tug5-56,MR-2026-000056,,1110.SPK/BA.17/BA010102/2026,spk-juli-56,Malahayati Baruna,,,Approved,2026-07-13T08:00:00.000Z,,,1110.SPK/BA.17/BA010102/2026,3,sp-juli-590,GUNTING KERTAS SEDANG JOYKO SC-838,-,5,5,PCS,0,10,Permintaan SPK 1110.SPK/BA.17/BA010102/2026
TUG5_TUG6,mr-tug5-56,MR-2026-000056,,1110.SPK/BA.17/BA010102/2026,spk-juli-56,Malahayati Baruna,,,Approved,2026-07-13T08:00:00.000Z,,,1110.SPK/BA.17/BA010102/2026,4,sp-juli-591,GUNTING KERTAS BESAR JOYKO SC-848,-,5,5,PCS,0,10,Permintaan SPK 1110.SPK/BA.17/BA010102/2026
TUG5_TUG6,mr-tug5-56,MR-2026-000056,,1110.SPK/BA.17/BA010102/2026,spk-juli-56,Malahayati Baruna,,,Approved,2026-07-13T08:00:00.000Z,,,1110.SPK/BA.17/BA010102/2026,5,sp-juli-592,SPIDOL PERMANEN HITAM SNOWMAN,-,5,5,LUSIN,0,10,Permintaan SPK 1110.SPK/BA.17/BA010102/2026
TUG5_TUG6,mr-tug5-56,MR-2026-000056,,1110.SPK/BA.17/BA010102/2026,spk-juli-56,Malahayati Baruna,,,Approved,2026-07-13T08:00:00.000Z,,,1110.SPK/BA.17/BA010102/2026,6,sp-juli-593,SPIDOL PERMANEN BIRU SNOWMAN,-,5,5,LUSIN,0,10,Permintaan SPK 1110.SPK/BA.17/BA010102/2026
TUG5_TUG6,mr-tug5-56,MR-2026-000056,,1110.SPK/BA.17/BA010102/2026,spk-juli-56,Malahayati Baruna,,,Approved,2026-07-13T08:00:00.000Z,,,1110.SPK/BA.17/BA010102/2026,7,sp-juli-594,SPIDOL PERMANEN MERAH SNOWMAN,-,5,5,LUSIN,0,10,Permintaan SPK 1110.SPK/BA.17/BA010102/2026
TUG5_TUG6,mr-tug5-56,MR-2026-000056,,1110.SPK/BA.17/BA010102/2026,spk-juli-56,Malahayati Baruna,,,Approved,2026-07-13T08:00:00.000Z,,,1110.SPK/BA.17/BA010102/2026,8,sp-juli-595,SPIDOL PERMANEN HIJAU SNOWMAN,-,5,5,LUSIN,0,10,Permintaan SPK 1110.SPK/BA.17/BA010102/2026
TUG5_TUG6,mr-tug5-56,MR-2026-000056,,1110.SPK/BA.17/BA010102/2026,spk-juli-56,Malahayati Baruna,,,Approved,2026-07-13T08:00:00.000Z,,,1110.SPK/BA.17/BA010102/2026,9,sp-juli-596,SPIDOL WHITE BOARD (MERAH) SNOWMAN,-,5,5,LUSIN,0,10,Permintaan SPK 1110.SPK/BA.17/BA010102/2026
TUG5_TUG6,mr-tug5-56,MR-2026-000056,,1110.SPK/BA.17/BA010102/2026,spk-juli-56,Malahayati Baruna,,,Approved,2026-07-13T08:00:00.000Z,,,1110.SPK/BA.17/BA010102/2026,10,sp-juli-597,SPIDOL WHITE BOARD (HITAM) SNOWMAN,-,5,5,LUSIN,0,10,Permintaan SPK 1110.SPK/BA.17/BA010102/2026
TUG5_TUG6,mr-tug5-56,MR-2026-000056,,1110.SPK/BA.17/BA010102/2026,spk-juli-56,Malahayati Baruna,,,Approved,2026-07-13T08:00:00.000Z,,,1110.SPK/BA.17/BA010102/2026,11,sp-juli-598,SPIDOL WHITE BOARD (BIRU) SNOWMAN,-,5,5,LUSIN,0,10,Permintaan SPK 1110.SPK/BA.17/BA010102/2026
TUG5_TUG6,mr-tug5-56,MR-2026-000056,,1110.SPK/BA.17/BA010102/2026,spk-juli-56,Malahayati Baruna,,,Approved,2026-07-13T08:00:00.000Z,,,1110.SPK/BA.17/BA010102/2026,12,sp-juli-599,SPIDOL WHITE BOARD (HIJAU) SNOWMAN,-,5,5,LUSIN,0,10,Permintaan SPK 1110.SPK/BA.17/BA010102/2026
TUG5_TUG6,mr-tug5-56,MR-2026-000056,,1110.SPK/BA.17/BA010102/2026,spk-juli-56,Malahayati Baruna,,,Approved,2026-07-13T08:00:00.000Z,,,1110.SPK/BA.17/BA010102/2026,13,sp-juli-600,PERMANENT MARKER PUTIH SNOWMAN,-,10,10,LUSIN,0,10,Permintaan SPK 1110.SPK/BA.17/BA010102/2026
TUG5_TUG6,mr-tug5-56,MR-2026-000056,,1110.SPK/BA.17/BA010102/2026,spk-juli-56,Malahayati Baruna,,,Approved,2026-07-13T08:00:00.000Z,,,1110.SPK/BA.17/BA010102/2026,14,sp-juli-601,SPIDOL KECIL (1 PACK = 12WARNA) SNOWMAN,-,10,10,SET,0,10,Permintaan SPK 1110.SPK/BA.17/BA010102/2026
TUG5_TUG6,mr-tug5-56,MR-2026-000056,,1110.SPK/BA.17/BA010102/2026,spk-juli-56,Malahayati Baruna,,,Approved,2026-07-13T08:00:00.000Z,,,1110.SPK/BA.17/BA010102/2026,15,sp-juli-602,HIGHLIGHTER STABILO (MIX COLOUR),-,20,20,PCS,0,10,Permintaan SPK 1110.SPK/BA.17/BA010102/2026
TUG5_TUG6,mr-tug5-56,MR-2026-000056,,1110.SPK/BA.17/BA010102/2026,spk-juli-56,Malahayati Baruna,,,Approved,2026-07-13T08:00:00.000Z,,,1110.SPK/BA.17/BA010102/2026,16,sp-juli-603,LAMINATING FILM A4 (ISI 100 PCS PER PACK),-,2,2,PACK,0,10,Permintaan SPK 1110.SPK/BA.17/BA010102/2026
TUG5_TUG6,mr-tug5-56,MR-2026-000056,,1110.SPK/BA.17/BA010102/2026,spk-juli-56,Malahayati Baruna,,,Approved,2026-07-13T08:00:00.000Z,,,1110.SPK/BA.17/BA010102/2026,17,sp-juli-604,KENKO L-500 WORKING CUTTER,-,20,20,PCS,0,10,Permintaan SPK 1110.SPK/BA.17/BA010102/2026
TUG5_TUG6,mr-tug5-56,MR-2026-000056,,1110.SPK/BA.17/BA010102/2026,spk-juli-56,Malahayati Baruna,,,Approved,2026-07-13T08:00:00.000Z,,,1110.SPK/BA.17/BA010102/2026,18,sp-juli-605,KENKO L-150 REFILL MATA CUTTER,-,5,5,LUSIN,0,10,Permintaan SPK 1110.SPK/BA.17/BA010102/2026
TUG5_TUG6,mr-tug5-56,MR-2026-000056,,1110.SPK/BA.17/BA010102/2026,spk-juli-56,Malahayati Baruna,,,Approved,2026-07-13T08:00:00.000Z,,,1110.SPK/BA.17/BA010102/2026,19,sp-juli-606,KENKO A-300 WORKING CUTTER KECIL,-,20,20,PCS,0,10,Permintaan SPK 1110.SPK/BA.17/BA010102/2026
TUG5_TUG6,mr-tug5-56,MR-2026-000056,,1110.SPK/BA.17/BA010102/2026,spk-juli-56,Malahayati Baruna,,,Approved,2026-07-13T08:00:00.000Z,,,1110.SPK/BA.17/BA010102/2026,20,sp-juli-607,KENKO A-100 REFILL MATA CUTTER,-,10,10,LUSIN,0,10,Permintaan SPK 1110.SPK/BA.17/BA010102/2026
TUG5_TUG6,mr-tug5-56,MR-2026-000056,,1110.SPK/BA.17/BA010102/2026,spk-juli-56,Malahayati Baruna,,,Approved,2026-07-13T08:00:00.000Z,,,1110.SPK/BA.17/BA010102/2026,21,sp-juli-608,"BATERAI AAA (ALKALINE) 1,5V (72 PCS PER BOX)",-,10,10,BOX,0,10,Permintaan SPK 1110.SPK/BA.17/BA010102/2026
TUG5_TUG6,mr-tug5-56,MR-2026-000056,,1110.SPK/BA.17/BA010102/2026,spk-juli-56,Malahayati Baruna,,,Approved,2026-07-13T08:00:00.000Z,,,1110.SPK/BA.17/BA010102/2026,22,sp-juli-609,"BATERAI AA (ALKALINE) 1,5V (72 PCS PER BOX)",-,10,10,BOX,0,10,Permintaan SPK 1110.SPK/BA.17/BA010102/2026
TUG5_TUG6,mr-tug5-56,MR-2026-000056,,1110.SPK/BA.17/BA010102/2026,spk-juli-56,Malahayati Baruna,,,Approved,2026-07-13T08:00:00.000Z,,,1110.SPK/BA.17/BA010102/2026,23,sp-juli-610,MAGNETIC PIN WHITEBOARD 30MM (MIX COLOUR),-,50,50,PCS,0,10,Permintaan SPK 1110.SPK/BA.17/BA010102/2026
TUG5_TUG6,mr-tug5-56,MR-2026-000056,,1110.SPK/BA.17/BA010102/2026,spk-juli-56,Malahayati Baruna,,,Approved,2026-07-13T08:00:00.000Z,,,1110.SPK/BA.17/BA010102/2026,24,sp-juli-611,CORRECTION PEN LIQUID KENKO KE-107,-,20,20,PCS,0,10,Permintaan SPK 1110.SPK/BA.17/BA010102/2026
TUG5_TUG6,mr-tug5-56,MR-2026-000056,,1110.SPK/BA.17/BA010102/2026,spk-juli-56,Malahayati Baruna,,,Approved,2026-07-13T08:00:00.000Z,,,1110.SPK/BA.17/BA010102/2026,25,sp-juli-612,CORRECTION TAPE JOYKO CT-522,-,20,20,PCS,0,10,Permintaan SPK 1110.SPK/BA.17/BA010102/2026
TUG5_TUG6,mr-tug5-56,MR-2026-000056,,1110.SPK/BA.17/BA010102/2026,spk-juli-56,Malahayati Baruna,,,Approved,2026-07-13T08:00:00.000Z,,,1110.SPK/BA.17/BA010102/2026,26,sp-juli-613,STAPLER JILID MAX HD-12L/17,-,1,1,PCS,0,10,Permintaan SPK 1110.SPK/BA.17/BA010102/2026
TUG5_TUG6,mr-tug5-56,MR-2026-000056,,1110.SPK/BA.17/BA010102/2026,spk-juli-56,Malahayati Baruna,,,Approved,2026-07-13T08:00:00.000Z,,,1110.SPK/BA.17/BA010102/2026,27,sp-juli-614,ISI STAPLES NO 1217 FA-H (ISI 1000),-,5,5,PCS,0,10,Permintaan SPK 1110.SPK/BA.17/BA010102/2026
TUG5_TUG6,mr-tug5-56,MR-2026-000056,,1110.SPK/BA.17/BA010102/2026,spk-juli-56,Malahayati Baruna,,,Approved,2026-07-13T08:00:00.000Z,,,1110.SPK/BA.17/BA010102/2026,28,sp-juli-615,STAPLER JOYKO HD-50,-,2,2,PCS,0,10,Permintaan SPK 1110.SPK/BA.17/BA010102/2026
TUG5_TUG6,mr-tug5-56,MR-2026-000056,,1110.SPK/BA.17/BA010102/2026,spk-juli-56,Malahayati Baruna,,,Approved,2026-07-13T08:00:00.000Z,,,1110.SPK/BA.17/BA010102/2026,29,sp-juli-616,STAPLER JOYKO HD-10,-,10,10,PCS,0,10,Permintaan SPK 1110.SPK/BA.17/BA010102/2026
TUG5_TUG6,mr-tug5-56,MR-2026-000056,,1110.SPK/BA.17/BA010102/2026,spk-juli-56,Malahayati Baruna,,,Approved,2026-07-13T08:00:00.000Z,,,1110.SPK/BA.17/BA010102/2026,30,sp-juli-617,ISI STAPLES NO 3-1M (SIZE 24/6) ISI 1000,-,60,60,PCS,0,10,Permintaan SPK 1110.SPK/BA.17/BA010102/2026
TUG5_TUG6,mr-tug5-56,MR-2026-000056,,1110.SPK/BA.17/BA010102/2026,spk-juli-56,Malahayati Baruna,,,Approved,2026-07-13T08:00:00.000Z,,,1110.SPK/BA.17/BA010102/2026,31,sp-juli-618,ISI STAPLES NO 10-1M (ISI 1000),-,60,60,PCS,0,10,Permintaan SPK 1110.SPK/BA.17/BA010102/2026
TUG5_TUG6,mr-tug5-56,MR-2026-000056,,1110.SPK/BA.17/BA010102/2026,spk-juli-56,Malahayati Baruna,,,Approved,2026-07-13T08:00:00.000Z,,,1110.SPK/BA.17/BA010102/2026,32,sp-juli-619,MAP L-BENING A4,-,200,200,PCS,0,10,Permintaan SPK 1110.SPK/BA.17/BA010102/2026
TUG5_TUG6,mr-tug5-56,MR-2026-000056,,1110.SPK/BA.17/BA010102/2026,spk-juli-56,Malahayati Baruna,,,Approved,2026-07-13T08:00:00.000Z,,,1110.SPK/BA.17/BA010102/2026,33,sp-juli-620,SHEET PROTECTOR A4,-,200,200,PCS,0,10,Permintaan SPK 1110.SPK/BA.17/BA010102/2026
TUG5_TUG6,mr-tug5-56,MR-2026-000056,,1110.SPK/BA.17/BA010102/2026,spk-juli-56,Malahayati Baruna,,,Approved,2026-07-13T08:00:00.000Z,,,1110.SPK/BA.17/BA010102/2026,34,sp-juli-621,ORDNER BANTEX A4 1450,-,30,30,PCS,0,10,Permintaan SPK 1110.SPK/BA.17/BA010102/2026
TUG5_TUG6,mr-tug5-56,MR-2026-000056,,1110.SPK/BA.17/BA010102/2026,spk-juli-56,Malahayati Baruna,,,Approved,2026-07-13T08:00:00.000Z,,,1110.SPK/BA.17/BA010102/2026,35,sp-juli-622,ORDNER BANTEX F4 1465,-,30,30,PCS,0,10,Permintaan SPK 1110.SPK/BA.17/BA010102/2026
TUG5_TUG6,mr-tug5-56,MR-2026-000056,,1110.SPK/BA.17/BA010102/2026,spk-juli-56,Malahayati Baruna,,,Approved,2026-07-13T08:00:00.000Z,,,1110.SPK/BA.17/BA010102/2026,36,sp-juli-623,BUKU FOLIO PAPERLINE 200 LEMBAR HARD COVER,-,50,50,PCS,0,10,Permintaan SPK 1110.SPK/BA.17/BA010102/2026
TUG5_TUG6,mr-tug5-56,MR-2026-000056,,1110.SPK/BA.17/BA010102/2026,spk-juli-56,Malahayati Baruna,,,Approved,2026-07-13T08:00:00.000Z,,,1110.SPK/BA.17/BA010102/2026,37,sp-juli-624,BUKU KUARTO PAPERLINE 100 LEMBAR HARD COVER,-,50,50,PCS,0,10,Permintaan SPK 1110.SPK/BA.17/BA010102/2026
TUG5_TUG6,mr-tug5-56,MR-2026-000056,,1110.SPK/BA.17/BA010102/2026,spk-juli-56,Malahayati Baruna,,,Approved,2026-07-13T08:00:00.000Z,,,1110.SPK/BA.17/BA010102/2026,38,sp-juli-625,NOTE BOOK A6 PAPERLINE 100 LEMBAR HARD COVER,-,50,50,PCS,0,10,Permintaan SPK 1110.SPK/BA.17/BA010102/2026
TUG5_TUG6,mr-tug5-56,MR-2026-000056,,1110.SPK/BA.17/BA010102/2026,spk-juli-56,Malahayati Baruna,,,Approved,2026-07-13T08:00:00.000Z,,,1110.SPK/BA.17/BA010102/2026,39,sp-juli-626,SIDU BUKU TULIS CRAFT 60 LEMBAR (16x21CM),-,50,50,PCS,0,10,Permintaan SPK 1110.SPK/BA.17/BA010102/2026
TUG5_TUG6,mr-tug5-56,MR-2026-000056,,1110.SPK/BA.17/BA010102/2026,spk-juli-56,Malahayati Baruna,,,Approved,2026-07-13T08:00:00.000Z,,,1110.SPK/BA.17/BA010102/2026,40,sp-juli-627,PENGHAPUS SPIDOL WHITE BOARD,-,10,10,PCS,0,10,Permintaan SPK 1110.SPK/BA.17/BA010102/2026
TUG5_TUG6,mr-tug5-56,MR-2026-000056,,1110.SPK/BA.17/BA010102/2026,spk-juli-56,Malahayati Baruna,,,Approved,2026-07-13T08:00:00.000Z,,,1110.SPK/BA.17/BA010102/2026,41,sp-juli-628,PENGGARIS BESI 1 METER,-,5,5,PCS,0,10,Permintaan SPK 1110.SPK/BA.17/BA010102/2026
TUG5_TUG6,mr-tug5-56,MR-2026-000056,,1110.SPK/BA.17/BA010102/2026,spk-juli-56,Malahayati Baruna,,,Approved,2026-07-13T08:00:00.000Z,,,1110.SPK/BA.17/BA010102/2026,42,sp-juli-629,PENGGARIS PLASTIK 1 METER,-,5,5,PCS,0,10,Permintaan SPK 1110.SPK/BA.17/BA010102/2026
TUG5_TUG6,mr-tug5-56,MR-2026-000056,,1110.SPK/BA.17/BA010102/2026,spk-juli-56,Malahayati Baruna,,,Approved,2026-07-13T08:00:00.000Z,,,1110.SPK/BA.17/BA010102/2026,43,sp-juli-630,TAPE DISPENSER ISOLASI 1/2 INCH JOYKO TD-103,-,5,5,PCS,0,10,Permintaan SPK 1110.SPK/BA.17/BA010102/2026
TUG5_TUG6,mr-tug5-56,MR-2026-000056,,1110.SPK/BA.17/BA010102/2026,spk-juli-56,Malahayati Baruna,,,Approved,2026-07-13T08:00:00.000Z,,,1110.SPK/BA.17/BA010102/2026,44,sp-juli-631,DOUBLE TAPE 2 INCH,-,20,20,PCS,0,10,Permintaan SPK 1110.SPK/BA.17/BA010102/2026
TUG5_TUG6,mr-tug5-56,MR-2026-000056,,1110.SPK/BA.17/BA010102/2026,spk-juli-56,Malahayati Baruna,,,Approved,2026-07-13T08:00:00.000Z,,,1110.SPK/BA.17/BA010102/2026,45,sp-juli-632,DOUBLE TAPE 1 INCH,-,20,20,PCS,0,10,Permintaan SPK 1110.SPK/BA.17/BA010102/2026
TUG5_TUG6,mr-tug5-56,MR-2026-000056,,1110.SPK/BA.17/BA010102/2026,spk-juli-56,Malahayati Baruna,,,Approved,2026-07-13T08:00:00.000Z,,,1110.SPK/BA.17/BA010102/2026,46,sp-juli-633,DOUBLE TAPE 1/2 INCH,-,20,20,PCS,0,10,Permintaan SPK 1110.SPK/BA.17/BA010102/2026
TUG5_TUG6,mr-tug5-56,MR-2026-000056,,1110.SPK/BA.17/BA010102/2026,spk-juli-56,Malahayati Baruna,,,Approved,2026-07-13T08:00:00.000Z,,,1110.SPK/BA.17/BA010102/2026,47,sp-juli-634,LAKBAN KERTAS 2 INCH,-,50,50,PCS,0,10,Permintaan SPK 1110.SPK/BA.17/BA010102/2026
TUG5_TUG6,mr-tug5-56,MR-2026-000056,,1110.SPK/BA.17/BA010102/2026,spk-juli-56,Malahayati Baruna,,,Approved,2026-07-13T08:00:00.000Z,,,1110.SPK/BA.17/BA010102/2026,48,sp-juli-635,LAKBAN KERTAS 1 INCH,-,50,50,PCS,0,10,Permintaan SPK 1110.SPK/BA.17/BA010102/2026
TUG5_TUG6,mr-tug5-56,MR-2026-000056,,1110.SPK/BA.17/BA010102/2026,spk-juli-56,Malahayati Baruna,,,Approved,2026-07-13T08:00:00.000Z,,,1110.SPK/BA.17/BA010102/2026,49,sp-juli-636,LAKBAN PLASTIK BENING 2 INCH,-,15,15,PCS,0,10,Permintaan SPK 1110.SPK/BA.17/BA010102/2026
TUG5_TUG6,mr-tug5-56,MR-2026-000056,,1110.SPK/BA.17/BA010102/2026,spk-juli-56,Malahayati Baruna,,,Approved,2026-07-13T08:00:00.000Z,,,1110.SPK/BA.17/BA010102/2026,50,sp-juli-637,LAKBAN PLASTIK BENING 1 INCH,-,15,15,PCS,0,10,Permintaan SPK 1110.SPK/BA.17/BA010102/2026
TUG5_TUG6,mr-tug5-56,MR-2026-000056,,1110.SPK/BA.17/BA010102/2026,spk-juli-56,Malahayati Baruna,,,Approved,2026-07-13T08:00:00.000Z,,,1110.SPK/BA.17/BA010102/2026,51,sp-juli-638,LAKBAN PLASTIK BENING 1/2 INCH,-,15,15,PCS,0,10,Permintaan SPK 1110.SPK/BA.17/BA010102/2026
TUG5_TUG6,mr-tug5-56,MR-2026-000056,,1110.SPK/BA.17/BA010102/2026,spk-juli-56,Malahayati Baruna,,,Approved,2026-07-13T08:00:00.000Z,,,1110.SPK/BA.17/BA010102/2026,52,sp-juli-639,LAKBAN PLASTIK COKLAT 2 INCH,-,15,15,PCS,0,10,Permintaan SPK 1110.SPK/BA.17/BA010102/2026
TUG5_TUG6,mr-tug5-56,MR-2026-000056,,1110.SPK/BA.17/BA010102/2026,spk-juli-56,Malahayati Baruna,,,Approved,2026-07-13T08:00:00.000Z,,,1110.SPK/BA.17/BA010102/2026,53,sp-juli-640,LAKBAN KAIN HITAM 2 INCH,-,100,100,PCS,0,10,Permintaan SPK 1110.SPK/BA.17/BA010102/2026
TUG5_TUG6,mr-tug5-56,MR-2026-000056,,1110.SPK/BA.17/BA010102/2026,spk-juli-56,Malahayati Baruna,,,Approved,2026-07-13T08:00:00.000Z,,,1110.SPK/BA.17/BA010102/2026,54,sp-juli-641,LAKBAN KAIN KUNING 2 INCH,-,25,25,PCS,0,10,Permintaan SPK 1110.SPK/BA.17/BA010102/2026
TUG5_TUG6,mr-tug5-56,MR-2026-000056,,1110.SPK/BA.17/BA010102/2026,spk-juli-56,Malahayati Baruna,,,Approved,2026-07-13T08:00:00.000Z,,,1110.SPK/BA.17/BA010102/2026,55,sp-juli-642,LAKBAN POLICE LINE 2 INCH,-,10,10,PCS,0,10,Permintaan SPK 1110.SPK/BA.17/BA010102/2026
TUG5_TUG6,mr-tug5-56,MR-2026-000056,,1110.SPK/BA.17/BA010102/2026,spk-juli-56,Malahayati Baruna,,,Approved,2026-07-13T08:00:00.000Z,,,1110.SPK/BA.17/BA010102/2026,56,sp-juli-643,"KENKO GEL PEN K-1 0,5MM (HITAM)",-,25,25,LUSIN,0,10,Permintaan SPK 1110.SPK/BA.17/BA010102/2026
TUG5_TUG6,mr-tug5-56,MR-2026-000056,,1110.SPK/BA.17/BA010102/2026,spk-juli-56,Malahayati Baruna,,,Approved,2026-07-13T08:00:00.000Z,,,1110.SPK/BA.17/BA010102/2026,57,sp-juli-644,"KENKO GEL PEN K-1 0,5MM (BIRU)",-,25,25,LUSIN,0,10,Permintaan SPK 1110.SPK/BA.17/BA010102/2026
TUG5_TUG6,mr-tug5-56,MR-2026-000056,,1110.SPK/BA.17/BA010102/2026,spk-juli-56,Malahayati Baruna,,,Approved,2026-07-13T08:00:00.000Z,,,1110.SPK/BA.17/BA010102/2026,58,sp-juli-645,PENSIL 2B STAEDTLER,-,15,15,LUSIN,0,10,Permintaan SPK 1110.SPK/BA.17/BA010102/2026
TUG5_TUG6,mr-tug5-56,MR-2026-000056,,1110.SPK/BA.17/BA010102/2026,spk-juli-56,Malahayati Baruna,,,Approved,2026-07-13T08:00:00.000Z,,,1110.SPK/BA.17/BA010102/2026,59,sp-juli-646,STICKY NOTES (1 PACK = 3-6 PAD),-,10,10,PACK,0,10,Permintaan SPK 1110.SPK/BA.17/BA010102/2026
TUG5_TUG6,mr-tug5-56,MR-2026-000056,,1110.SPK/BA.17/BA010102/2026,spk-juli-56,Malahayati Baruna,,,Approved,2026-07-13T08:00:00.000Z,,,1110.SPK/BA.17/BA010102/2026,60,sp-juli-647,KERTAS FOTO GLOSSY F4 230 GSM (20 LEMBAR),-,5,5,PACK,0,10,Permintaan SPK 1110.SPK/BA.17/BA010102/2026
TUG5_TUG6,mr-tug5-56,MR-2026-000056,,1110.SPK/BA.17/BA010102/2026,spk-juli-56,Malahayati Baruna,,,Approved,2026-07-13T08:00:00.000Z,,,1110.SPK/BA.17/BA010102/2026,61,sp-juli-648,KERTAS FOTO GLOSSY A4 230 GSM (20 LEMBAR),-,5,5,PACK,0,10,Permintaan SPK 1110.SPK/BA.17/BA010102/2026
TUG5_TUG6,mr-tug5-56,MR-2026-000056,,1110.SPK/BA.17/BA010102/2026,spk-juli-56,Malahayati Baruna,,,Approved,2026-07-13T08:00:00.000Z,,,1110.SPK/BA.17/BA010102/2026,62,sp-juli-649,PVC BANTEX CLIPBOARD F4 / PAPAN JALAN,-,20,20,PCS,0,10,Permintaan SPK 1110.SPK/BA.17/BA010102/2026
TUG5_TUG6,mr-tug5-56,MR-2026-000056,,1110.SPK/BA.17/BA010102/2026,spk-juli-56,Malahayati Baruna,,,Approved,2026-07-13T08:00:00.000Z,,,1110.SPK/BA.17/BA010102/2026,63,sp-juli-650,BINDER CLIP NO 260 (12 PCS),-,20,20,PACK,0,10,Permintaan SPK 1110.SPK/BA.17/BA010102/2026
TUG5_TUG6,mr-tug5-56,MR-2026-000056,,1110.SPK/BA.17/BA010102/2026,spk-juli-56,Malahayati Baruna,,,Approved,2026-07-13T08:00:00.000Z,,,1110.SPK/BA.17/BA010102/2026,64,sp-juli-651,BINDER CLIP NO 155 (12 PCS),-,20,20,PACK,0,10,Permintaan SPK 1110.SPK/BA.17/BA010102/2026
TUG5_TUG6,mr-tug5-56,MR-2026-000056,,1110.SPK/BA.17/BA010102/2026,spk-juli-56,Malahayati Baruna,,,Approved,2026-07-13T08:00:00.000Z,,,1110.SPK/BA.17/BA010102/2026,65,sp-juli-652,BINDER CLIP NO 111 (12 PCS),-,20,20,PACK,0,10,Permintaan SPK 1110.SPK/BA.17/BA010102/2026
TUG5_TUG6,mr-tug5-56,MR-2026-000056,,1110.SPK/BA.17/BA010102/2026,spk-juli-56,Malahayati Baruna,,,Approved,2026-07-13T08:00:00.000Z,,,1110.SPK/BA.17/BA010102/2026,66,sp-juli-653,LEM AICA AIBON 601 (700 GRAM),-,50,50,PCS,0,10,Permintaan SPK 1110.SPK/BA.17/BA010102/2026
TUG5_TUG6,mr-tug5-56,MR-2026-000056,,1110.SPK/BA.17/BA010102/2026,spk-juli-56,Malahayati Baruna,,,Approved,2026-07-13T08:00:00.000Z,,,1110.SPK/BA.17/BA010102/2026,67,sp-juli-654,LEM KERTAS STICK (15GRAM),-,24,24,PCS,0,10,Permintaan SPK 1110.SPK/BA.17/BA010102/2026
TUG5_TUG6,mr-tug5-56,MR-2026-000056,,1110.SPK/BA.17/BA010102/2026,spk-juli-56,Malahayati Baruna,,,Approved,2026-07-13T08:00:00.000Z,,,1110.SPK/BA.17/BA010102/2026,68,sp-juli-655,LEM G / KOREA,-,60,60,PCS,0,10,Permintaan SPK 1110.SPK/BA.17/BA010102/2026
TUG5_TUG6,mr-tug5-56,MR-2026-000056,,1110.SPK/BA.17/BA010102/2026,spk-juli-56,Malahayati Baruna,,,Approved,2026-07-13T08:00:00.000Z,,,1110.SPK/BA.17/BA010102/2026,69,sp-juli-656,"TINTA PRINTER SET (C,M,Y,BK) EPSON SERI 003",-,20,20,SET,0,10,Permintaan SPK 1110.SPK/BA.17/BA010102/2026
TUG5_TUG6,mr-tug5-56,MR-2026-000056,,1110.SPK/BA.17/BA010102/2026,spk-juli-56,Malahayati Baruna,,,Approved,2026-07-13T08:00:00.000Z,,,1110.SPK/BA.17/BA010102/2026,70,sp-juli-657,PYLOX KUNING,-,10,10,BOTOL,0,10,Permintaan SPK 1110.SPK/BA.17/BA010102/2026
TUG5_TUG6,mr-tug5-56,MR-2026-000056,,1110.SPK/BA.17/BA010102/2026,spk-juli-56,Malahayati Baruna,,,Approved,2026-07-13T08:00:00.000Z,,,1110.SPK/BA.17/BA010102/2026,71,sp-juli-658,PYLOX MERAH,-,10,10,BOTOL,0,10,Permintaan SPK 1110.SPK/BA.17/BA010102/2026
TUG5_TUG6,mr-tug5-56,MR-2026-000056,,1110.SPK/BA.17/BA010102/2026,spk-juli-56,Malahayati Baruna,,,Approved,2026-07-13T08:00:00.000Z,,,1110.SPK/BA.17/BA010102/2026,72,sp-juli-659,PYLOX BIRU,-,10,10,BOTOL,0,10,Permintaan SPK 1110.SPK/BA.17/BA010102/2026
TUG5_TUG6,mr-tug5-56,MR-2026-000056,,1110.SPK/BA.17/BA010102/2026,spk-juli-56,Malahayati Baruna,,,Approved,2026-07-13T08:00:00.000Z,,,1110.SPK/BA.17/BA010102/2026,73,sp-juli-660,PYLOX HITAM,-,10,10,BOTOL,0,10,Permintaan SPK 1110.SPK/BA.17/BA010102/2026
TUG5_TUG6,mr-tug5-56,MR-2026-000056,,1110.SPK/BA.17/BA010102/2026,spk-juli-56,Malahayati Baruna,,,Approved,2026-07-13T08:00:00.000Z,,,1110.SPK/BA.17/BA010102/2026,74,sp-juli-661,PYLOX PUTIH,-,10,10,BOTOL,0,10,Permintaan SPK 1110.SPK/BA.17/BA010102/2026
TUG5_TUG6,mr-tug5-56,MR-2026-000056,,1110.SPK/BA.17/BA010102/2026,spk-juli-56,Malahayati Baruna,,,Approved,2026-07-13T08:00:00.000Z,,,1110.SPK/BA.17/BA010102/2026,75,sp-juli-662,PYLOX ORANGE,-,10,10,BOTOL,0,10,Permintaan SPK 1110.SPK/BA.17/BA010102/2026
TUG5_TUG6,mr-tug5-56,MR-2026-000056,,1110.SPK/BA.17/BA010102/2026,spk-juli-56,Malahayati Baruna,,,Approved,2026-07-13T08:00:00.000Z,,,1110.SPK/BA.17/BA010102/2026,76,sp-juli-663,JANGKA JOYKO MS-407,-,5,5,PCS,0,10,Permintaan SPK 1110.SPK/BA.17/BA010102/2026
TUG5_TUG6,mr-tug5-56,MR-2026-000056,,1110.SPK/BA.17/BA010102/2026,spk-juli-56,Malahayati Baruna,,,Approved,2026-07-13T08:00:00.000Z,,,1110.SPK/BA.17/BA010102/2026,77,sp-juli-664,"JANGKA WHITE BOARD BESAR (45,4CM)",-,5,5,PCS,0,10,Permintaan SPK 1110.SPK/BA.17/BA010102/2026
TUG5_TUG6,mr-tug5-56,MR-2026-000056,,1110.SPK/BA.17/BA010102/2026,spk-juli-56,Malahayati Baruna,,,Approved,2026-07-13T08:00:00.000Z,,,1110.SPK/BA.17/BA010102/2026,78,sp-juli-665,LABEL PRINTER (CASIO KL-820),-,1,1,UNIT,0,10,Permintaan SPK 1110.SPK/BA.17/BA010102/2026
TUG5_TUG6,mr-tug5-56,MR-2026-000056,,1110.SPK/BA.17/BA010102/2026,spk-juli-56,Malahayati Baruna,,,Approved,2026-07-13T08:00:00.000Z,,,1110.SPK/BA.17/BA010102/2026,79,sp-juli-666,TAPE CATRIDGE 12MM FOR CASIO KL-820 WHITE,-,10,10,PCS,0,10,Permintaan SPK 1110.SPK/BA.17/BA010102/2026
TUG5_TUG6,mr-tug5-56,MR-2026-000056,,1110.SPK/BA.17/BA010102/2026,spk-juli-56,Malahayati Baruna,,,Approved,2026-07-13T08:00:00.000Z,,,1110.SPK/BA.17/BA010102/2026,80,sp-juli-667,AMPLOP COKLAT FOLIO AIRMAIL 310 (TALI),-,150,150,PCS,0,10,Permintaan SPK 1110.SPK/BA.17/BA010102/2026
TUG5_TUG6,mr-tug5-56,MR-2026-000056,,1110.SPK/BA.17/BA010102/2026,spk-juli-56,Malahayati Baruna,,,Approved,2026-07-13T08:00:00.000Z,,,1110.SPK/BA.17/BA010102/2026,81,sp-juli-668,AMPLOP COKLAT FOLIO AIRMAIL 310 (TANPA TALI),-,50,50,PCS,0,10,Permintaan SPK 1110.SPK/BA.17/BA010102/2026
TUG5_TUG6,mr-tug5-56,MR-2026-000056,,1110.SPK/BA.17/BA010102/2026,spk-juli-56,Malahayati Baruna,,,Approved,2026-07-13T08:00:00.000Z,,,1110.SPK/BA.17/BA010102/2026,82,sp-juli-669,AMPLOP PUTIH PAPERLINE 90PPS (100 PCS),-,5,5,BOX,0,10,Permintaan SPK 1110.SPK/BA.17/BA010102/2026
TUG5_TUG6,mr-tug5-56,MR-2026-000056,,1110.SPK/BA.17/BA010102/2026,spk-juli-56,Malahayati Baruna,,,Approved,2026-07-13T08:00:00.000Z,,,1110.SPK/BA.17/BA010102/2026,83,sp-juli-670,AMPLOP PUTIH PAPERLINE 110PPS (100 PCS),-,5,5,BOX,0,10,Permintaan SPK 1110.SPK/BA.17/BA010102/2026
TUG5_TUG6,mr-tug5-56,MR-2026-000056,,1110.SPK/BA.17/BA010102/2026,spk-juli-56,Malahayati Baruna,,,Approved,2026-07-13T08:00:00.000Z,,,1110.SPK/BA.17/BA010102/2026,84,sp-juli-671,AMPLOP PUTIH PAPERLINE 104PPS (100 PCS),-,5,5,BOX,0,10,Permintaan SPK 1110.SPK/BA.17/BA010102/2026
TUG5_TUG6,mr-tug5-57,MR-2026-000057,,1108.SPK/BA.17/BA010102/2026,spk-juli-57,Srikandi Baruna 2206,,,Approved,2026-07-13T08:00:00.000Z,,,1108.SPK/BA.17/BA010102/2026,1,sp-juli-672,MAJUN PUTIH,-,100,100,KG,0,10,Permintaan SPK 1108.SPK/BA.17/BA010102/2026
TUG5_TUG6,mr-tug5-57,MR-2026-000057,,1108.SPK/BA.17/BA010102/2026,spk-juli-57,Srikandi Baruna 2206,,,Approved,2026-07-13T08:00:00.000Z,,,1108.SPK/BA.17/BA010102/2026,2,sp-juli-673,DEXTONE PLASTIC STEEL EPOXY 5-MINUTE (48GRAM),-,20,20,SET,0,10,Permintaan SPK 1108.SPK/BA.17/BA010102/2026
TUG5_TUG6,mr-tug5-57,MR-2026-000057,,1108.SPK/BA.17/BA010102/2026,spk-juli-57,Srikandi Baruna 2206,,,Approved,2026-07-13T08:00:00.000Z,,,1108.SPK/BA.17/BA010102/2026,3,sp-juli-674,YUASA WATER ACCU (1LITER),-,50,50,PCS,0,10,Permintaan SPK 1108.SPK/BA.17/BA010102/2026
TUG5_TUG6,mr-tug5-57,MR-2026-000057,,1108.SPK/BA.17/BA010102/2026,spk-juli-57,Srikandi Baruna 2206,,,Approved,2026-07-13T08:00:00.000Z,,,1108.SPK/BA.17/BA010102/2026,4,sp-juli-675,YUASA ZUUR WATER ACCU (1LITER),-,10,10,PCS,0,10,Permintaan SPK 1108.SPK/BA.17/BA010102/2026
TUG5_TUG6,mr-tug5-57,MR-2026-000057,,1108.SPK/BA.17/BA010102/2026,spk-juli-57,Srikandi Baruna 2206,,,Approved,2026-07-13T08:00:00.000Z,,,1108.SPK/BA.17/BA010102/2026,5,sp-juli-676,SHELL RADIATOR COOLANT (4LITER),-,20,20,PCS,0,10,Permintaan SPK 1108.SPK/BA.17/BA010102/2026
TUG5_TUG6,mr-tug5-57,MR-2026-000057,,1108.SPK/BA.17/BA010102/2026,spk-juli-57,Srikandi Baruna 2206,,,Approved,2026-07-13T08:00:00.000Z,,,1108.SPK/BA.17/BA010102/2026,6,sp-juli-677,BEARING 6205ZZ,-,12,12,PCS,0,10,Permintaan SPK 1108.SPK/BA.17/BA010102/2026
TUG5_TUG6,mr-tug5-57,MR-2026-000057,,1108.SPK/BA.17/BA010102/2026,spk-juli-57,Srikandi Baruna 2206,,,Approved,2026-07-13T08:00:00.000Z,,,1108.SPK/BA.17/BA010102/2026,7,sp-juli-678,FUEL FILTER CX0708,-,12,12,PCS,0,10,Permintaan SPK 1108.SPK/BA.17/BA010102/2026
TUG5_TUG6,mr-tug5-57,MR-2026-000057,,1108.SPK/BA.17/BA010102/2026,spk-juli-57,Srikandi Baruna 2206,,,Approved,2026-07-13T08:00:00.000Z,,,1108.SPK/BA.17/BA010102/2026,8,sp-juli-679,OIL FILTER JX0810B (WB202),-,12,12,PCS,0,10,Permintaan SPK 1108.SPK/BA.17/BA010102/2026
TUG5_TUG6,mr-tug5-57,MR-2026-000057,,1108.SPK/BA.17/BA010102/2026,spk-juli-57,Srikandi Baruna 2206,,,Approved,2026-07-13T08:00:00.000Z,,,1108.SPK/BA.17/BA010102/2026,9,sp-juli-680,OIL FILTER SAKURA C5605,-,12,12,PCS,0,10,Permintaan SPK 1108.SPK/BA.17/BA010102/2026
TUG5_TUG6,mr-tug5-58,MR-2026-000058,,1145.SPK/BA.101/BA010102/2026,spk-juli-58,Baruna Power 3301,,,Approved,2026-07-17T08:00:00.000Z,,,1145.SPK/BA.101/BA010102/2026,1,sp-juli-681,ANODE BARUNA POWER 3301,-,58,58,pcs,0,10,Permintaan SPK 1145.SPK/BA.101/BA010102/2026
TUG5_TUG6,mr-tug5-58,MR-2026-000058,,1145.SPK/BA.101/BA010102/2026,spk-juli-58,Baruna Power 3301,,,Approved,2026-07-17T08:00:00.000Z,,,1145.SPK/BA.101/BA010102/2026,2,sp-juli-36,DISKON,-,1,1,lot,0,10,Permintaan SPK 1145.SPK/BA.101/BA010102/2026
TUG5_TUG6,mr-tug5-59,MR-2026-000059,,1122.SPK/PR.202/BA010102/2026,spk-juli-59,Meutia Baruna,,,Approved,2026-07-20T08:00:00.000Z,,,1122.SPK/PR.202/BA010102/2026,1,sp-juli-682,REWENDING ELMOT,-,1,1,lot,0,10,Permintaan SPK 1122.SPK/PR.202/BA010102/2026
TUG5_TUG6,mr-tug5-60,MR-2026-000060,,1147.SPK/BA.17/BA010102/2026,spk-juli-60,Intan Baruna,,,Approved,2026-07-20T08:00:00.000Z,,,1147.SPK/BA.17/BA010102/2026,1,sp-juli-683,NUT OD,-,16,16,pcs,0,10,Permintaan SPK 1147.SPK/BA.17/BA010102/2026
TUG5_TUG6,mr-tug5-60,MR-2026-000060,,1147.SPK/BA.17/BA010102/2026,spk-juli-60,Intan Baruna,,,Approved,2026-07-20T08:00:00.000Z,,,1147.SPK/BA.17/BA010102/2026,2,sp-juli-684,LOCK NUT OD,-,8,8,pcs,0,10,Permintaan SPK 1147.SPK/BA.17/BA010102/2026
TUG5_TUG6,mr-tug5-60,MR-2026-000060,,1147.SPK/BA.17/BA010102/2026,spk-juli-60,Intan Baruna,,,Approved,2026-07-20T08:00:00.000Z,,,1147.SPK/BA.17/BA010102/2026,3,sp-juli-685,RING OD,-,8,8,pcs,0,10,Permintaan SPK 1147.SPK/BA.17/BA010102/2026
TUG5_TUG6,mr-tug5-61,MR-2026-000061,,1127.SPK/BA.17/BA010102/2026,spk-juli-61,Jayanti Baruna,,,Approved,2026-07-15T08:00:00.000Z,,,1127.SPK/BA.17/BA010102/2026,1,sp-juli-686,LAMP HOLDER FOR LED,-,156,156,set,0,10,Permintaan SPK 1127.SPK/BA.17/BA010102/2026
TUG5_TUG6,mr-tug5-61,MR-2026-000061,,1127.SPK/BA.17/BA010102/2026,spk-juli-61,Jayanti Baruna,,,Approved,2026-07-15T08:00:00.000Z,,,1127.SPK/BA.17/BA010102/2026,2,sp-juli-687,fuse holder,-,156,156,pcs,0,10,Permintaan SPK 1127.SPK/BA.17/BA010102/2026
TUG5_TUG6,mr-tug5-61,MR-2026-000061,,1127.SPK/BA.17/BA010102/2026,spk-juli-61,Jayanti Baruna,,,Approved,2026-07-15T08:00:00.000Z,,,1127.SPK/BA.17/BA010102/2026,3,sp-juli-688,CABLE SINGLE,"UK 0,8",1,1,roll,0,10,Permintaan SPK 1127.SPK/BA.17/BA010102/2026
TUG5_TUG6,mr-tug5-61,MR-2026-000061,,1127.SPK/BA.17/BA010102/2026,spk-juli-61,Jayanti Baruna,,,Approved,2026-07-15T08:00:00.000Z,,,1127.SPK/BA.17/BA010102/2026,4,sp-juli-689,CABLE SHOE CONNECT,"UK0,8",200,200,pcs,0,10,Permintaan SPK 1127.SPK/BA.17/BA010102/2026
TUG5_TUG6,mr-tug5-62,MR-2026-000062,,1144.SPK/BA.202/BA010102/2026,spk-juli-62,Zalecha Baruna,,,Approved,2026-07-21T08:00:00.000Z,,,1144.SPK/BA.202/BA010102/2026,1,sp-juli-690,JOTUN PILOT STD 257 GREEN 20 LTR,-,50,50,LTR,0,10,Permintaan SPK 1144.SPK/BA.202/BA010102/2026
TUG5_TUG6,mr-tug5-62,MR-2026-000062,,1144.SPK/BA.202/BA010102/2026,spk-juli-62,Zalecha Baruna,,,Approved,2026-07-21T08:00:00.000Z,,,1144.SPK/BA.202/BA010102/2026,2,sp-juli-691,HARDTOP BLACK 20 LTR,-,54,54,LTR,0,10,Permintaan SPK 1144.SPK/BA.202/BA010102/2026
TUG5_TUG6,mr-tug5-62,MR-2026-000062,,1144.SPK/BA.202/BA010102/2026,spk-juli-62,Zalecha Baruna,,,Approved,2026-07-21T08:00:00.000Z,,,1144.SPK/BA.202/BA010102/2026,3,sp-juli-692,HARDTOP GREY/PILOT 20 LTR,-,54,54,LTR,0,10,Permintaan SPK 1144.SPK/BA.202/BA010102/2026
TUG5_TUG6,mr-tug5-62,MR-2026-000062,,1144.SPK/BA.202/BA010102/2026,spk-juli-62,Zalecha Baruna,,,Approved,2026-07-21T08:00:00.000Z,,,1144.SPK/BA.202/BA010102/2026,4,sp-juli-693,HARDTOP YELLOW 258/PILOT 20 LTR,-,50,50,LTR,0,10,Permintaan SPK 1144.SPK/BA.202/BA010102/2026
TUG5_TUG6,mr-tug5-62,MR-2026-000062,,1144.SPK/BA.202/BA010102/2026,spk-juli-62,Zalecha Baruna,,,Approved,2026-07-21T08:00:00.000Z,,,1144.SPK/BA.202/BA010102/2026,5,sp-juli-694,PILOT RED 20 LTR,-,50,50,LTR,0,10,Permintaan SPK 1144.SPK/BA.202/BA010102/2026
TUG5_TUG6,mr-tug5-62,MR-2026-000062,,1144.SPK/BA.202/BA010102/2026,spk-juli-62,Zalecha Baruna,,,Approved,2026-07-21T08:00:00.000Z,,,1144.SPK/BA.202/BA010102/2026,6,sp-juli-695,PILOT GREEN 437 50 LTR,-,50,50,LTR,0,10,Permintaan SPK 1144.SPK/BA.202/BA010102/2026
TUG5_TUG6,mr-tug5-62,MR-2026-000062,,1144.SPK/BA.202/BA010102/2026,spk-juli-62,Zalecha Baruna,,,Approved,2026-07-21T08:00:00.000Z,,,1144.SPK/BA.202/BA010102/2026,7,sp-juli-696,HARDTOP WHITE 100 LTR,-,99,99,LTR,0,10,Permintaan SPK 1144.SPK/BA.202/BA010102/2026
TUG5_TUG6,mr-tug5-62,MR-2026-000062,,1144.SPK/BA.202/BA010102/2026,spk-juli-62,Zalecha Baruna,,,Approved,2026-07-21T08:00:00.000Z,,,1144.SPK/BA.202/BA010102/2026,8,sp-juli-697,PILOT BLUE 20 LTR,-,20,20,LTR,0,10,Permintaan SPK 1144.SPK/BA.202/BA010102/2026
TUG5_TUG6,mr-tug5-62,MR-2026-000062,,1144.SPK/BA.202/BA010102/2026,spk-juli-62,Zalecha Baruna,,,Approved,2026-07-21T08:00:00.000Z,,,1144.SPK/BA.202/BA010102/2026,9,sp-juli-698,HARDTOP SMART PACK RAL3000 5L,-,54,54,LTR,0,10,Permintaan SPK 1144.SPK/BA.202/BA010102/2026
TUG5_TUG6,mr-tug5-62,MR-2026-000062,,1144.SPK/BA.202/BA010102/2026,spk-juli-62,Zalecha Baruna,,,Approved,2026-07-21T08:00:00.000Z,,,1144.SPK/BA.202/BA010102/2026,10,sp-juli-699,JOTAMASTIC 90 STD049 A 16 L YELLOW,-,100,100,LTR,0,10,Permintaan SPK 1144.SPK/BA.202/BA010102/2026
TUG5_TUG6,mr-tug5-62,MR-2026-000062,,1144.SPK/BA.202/BA010102/2026,spk-juli-62,Zalecha Baruna,,,Approved,2026-07-21T08:00:00.000Z,,,1144.SPK/BA.202/BA010102/2026,11,sp-juli-700,HARDTOP SMART PACK STD137 GREEN (3) A 5L,-,54,54,LTR,0,10,Permintaan SPK 1144.SPK/BA.202/BA010102/2026
TUG5_TUG6,mr-tug5-62,MR-2026-000062,,1144.SPK/BA.202/BA010102/2026,spk-juli-62,Zalecha Baruna,,,Approved,2026-07-21T08:00:00.000Z,,,1144.SPK/BA.202/BA010102/2026,12,sp-juli-701,HARDTOP SMART PACK WHITE 5L,-,54,54,LTR,0,10,Permintaan SPK 1144.SPK/BA.202/BA010102/2026
TUG5_TUG6,mr-tug5-62,MR-2026-000062,,1144.SPK/BA.202/BA010102/2026,spk-juli-62,Zalecha Baruna,,,Approved,2026-07-21T08:00:00.000Z,,,1144.SPK/BA.202/BA010102/2026,13,sp-juli-702,HARDTOP SMART PACK BLACK (3) A 5L,-,54,54,LTR,0,10,Permintaan SPK 1144.SPK/BA.202/BA010102/2026
TUG5_TUG6,mr-tug5-62,MR-2026-000062,,1144.SPK/BA.202/BA010102/2026,spk-juli-62,Zalecha Baruna,,,Approved,2026-07-21T08:00:00.000Z,,,1144.SPK/BA.202/BA010102/2026,14,sp-juli-703,HIJAU LANTAI CS-514,-,100,100,LTR,0,10,Permintaan SPK 1144.SPK/BA.202/BA010102/2026
TUG5_TUG6,mr-tug5-62,MR-2026-000062,,1144.SPK/BA.202/BA010102/2026,spk-juli-62,Zalecha Baruna,,,Approved,2026-07-21T08:00:00.000Z,,,1144.SPK/BA.202/BA010102/2026,15,sp-juli-704,HIJAU MESIN CS-632,-,60,60,LTR,0,10,Permintaan SPK 1144.SPK/BA.202/BA010102/2026
TUG5_TUG6,mr-tug5-62,MR-2026-000062,,1144.SPK/BA.202/BA010102/2026,spk-juli-62,Zalecha Baruna,,,Approved,2026-07-21T08:00:00.000Z,,,1144.SPK/BA.202/BA010102/2026,16,sp-juli-705,PUTIH 1A,-,120,120,LTR,0,10,Permintaan SPK 1144.SPK/BA.202/BA010102/2026
TUG5_TUG6,mr-tug5-62,MR-2026-000062,,1144.SPK/BA.202/BA010102/2026,spk-juli-62,Zalecha Baruna,,,Approved,2026-07-21T08:00:00.000Z,,,1144.SPK/BA.202/BA010102/2026,17,sp-juli-706,SILVER/ALUMINIUM (HEAT RESISTANT),-,20,20,LTR,0,10,Permintaan SPK 1144.SPK/BA.202/BA010102/2026
TUG5_TUG6,mr-tug5-62,MR-2026-000062,,1144.SPK/BA.202/BA010102/2026,spk-juli-62,Zalecha Baruna,,,Approved,2026-07-21T08:00:00.000Z,,,1144.SPK/BA.202/BA010102/2026,18,sp-juli-707,KUNING CS-620,-,20,20,LTR,0,10,Permintaan SPK 1144.SPK/BA.202/BA010102/2026
TUG5_TUG6,mr-tug5-62,MR-2026-000062,,1144.SPK/BA.202/BA010102/2026,spk-juli-62,Zalecha Baruna,,,Approved,2026-07-21T08:00:00.000Z,,,1144.SPK/BA.202/BA010102/2026,19,sp-juli-708,ABU-ABU,-,20,20,LTR,0,10,Permintaan SPK 1144.SPK/BA.202/BA010102/2026
TUG5_TUG6,mr-tug5-62,MR-2026-000062,,1144.SPK/BA.202/BA010102/2026,spk-juli-62,Zalecha Baruna,,,Approved,2026-07-21T08:00:00.000Z,,,1144.SPK/BA.202/BA010102/2026,20,sp-juli-709,BIRU 0138,-,10,10,LTR,0,10,Permintaan SPK 1144.SPK/BA.202/BA010102/2026
TUG5_TUG6,mr-tug5-62,MR-2026-000062,,1144.SPK/BA.202/BA010102/2026,spk-juli-62,Zalecha Baruna,,,Approved,2026-07-21T08:00:00.000Z,,,1144.SPK/BA.202/BA010102/2026,21,sp-juli-710,HITAM,-,20,20,LTR,0,10,Permintaan SPK 1144.SPK/BA.202/BA010102/2026
TUG5_TUG6,mr-tug5-62,MR-2026-000062,,1144.SPK/BA.202/BA010102/2026,spk-juli-62,Zalecha Baruna,,,Approved,2026-07-21T08:00:00.000Z,,,1144.SPK/BA.202/BA010102/2026,22,sp-juli-711,MERAH 3A,-,10,10,LTR,0,10,Permintaan SPK 1144.SPK/BA.202/BA010102/2026
TUG5_TUG6,mr-tug5-62,MR-2026-000062,,1144.SPK/BA.202/BA010102/2026,spk-juli-62,Zalecha Baruna,,,Approved,2026-07-21T08:00:00.000Z,,,1144.SPK/BA.202/BA010102/2026,23,sp-juli-712,JOTAMASTIC SMARTP HB RED A 5L,-,60,60,LTR,0,10,Permintaan SPK 1144.SPK/BA.202/BA010102/2026
TUG5_TUG6,mr-tug5-63,MR-2026-000063,,1142.SPK/BA.202/BA010102/2026,spk-juli-63,Walidah Baruna,,,Approved,2026-07-16T08:00:00.000Z,,,1142.SPK/BA.202/BA010102/2026,1,sp-juli-713,Chain block (3 Ton),-,2,2,Set,0,10,Permintaan SPK 1142.SPK/BA.202/BA010102/2026
TUG5_TUG6,mr-tug5-63,MR-2026-000063,,1142.SPK/BA.202/BA010102/2026,spk-juli-63,Walidah Baruna,,,Approved,2026-07-16T08:00:00.000Z,,,1142.SPK/BA.202/BA010102/2026,2,sp-juli-714,Water Jet Cleaner,-,1,1,Set,0,10,Permintaan SPK 1142.SPK/BA.202/BA010102/2026
TUG5_TUG6,mr-tug5-63,MR-2026-000063,,1142.SPK/BA.202/BA010102/2026,spk-juli-63,Walidah Baruna,,,Approved,2026-07-16T08:00:00.000Z,,,1142.SPK/BA.202/BA010102/2026,3,sp-juli-715,"Electric Scalling Machine (Belalai Listrik), Full set",-,1,1,Set,0,10,Permintaan SPK 1142.SPK/BA.202/BA010102/2026
TUG5_TUG6,mr-tug5-63,MR-2026-000063,,1142.SPK/BA.202/BA010102/2026,spk-juli-63,Walidah Baruna,,,Approved,2026-07-16T08:00:00.000Z,,,1142.SPK/BA.202/BA010102/2026,4,sp-juli-716,Pneumatic Jet Hammer,-,2,2,Set,0,10,Permintaan SPK 1142.SPK/BA.202/BA010102/2026
TUG5_TUG6,mr-tug5-63,MR-2026-000063,,1142.SPK/BA.202/BA010102/2026,spk-juli-63,Walidah Baruna,,,Approved,2026-07-16T08:00:00.000Z,,,1142.SPK/BA.202/BA010102/2026,5,sp-juli-717,Kabel Roll (Heavy Duty) 25 mtr,-,1,1,Set,0,10,Permintaan SPK 1142.SPK/BA.202/BA010102/2026
TUG5_TUG6,mr-tug5-63,MR-2026-000063,,1142.SPK/BA.202/BA010102/2026,spk-juli-63,Walidah Baruna,,,Approved,2026-07-16T08:00:00.000Z,,,1142.SPK/BA.202/BA010102/2026,6,sp-juli-718,"Obeng ( + ), medium size",-,3,3,Pcs,0,10,Permintaan SPK 1142.SPK/BA.202/BA010102/2026
TUG5_TUG6,mr-tug5-63,MR-2026-000063,,1142.SPK/BA.202/BA010102/2026,spk-juli-63,Walidah Baruna,,,Approved,2026-07-16T08:00:00.000Z,,,1142.SPK/BA.202/BA010102/2026,7,sp-juli-719,"Obeng ( - ), medium size",-,3,3,Pcs,0,10,Permintaan SPK 1142.SPK/BA.202/BA010102/2026
TUG5_TUG6,mr-tug5-63,MR-2026-000063,,1142.SPK/BA.202/BA010102/2026,spk-juli-63,Walidah Baruna,,,Approved,2026-07-16T08:00:00.000Z,,,1142.SPK/BA.202/BA010102/2026,8,sp-juli-720,Meteran ( 50 mtr ),-,3,3,Pcs,0,10,Permintaan SPK 1142.SPK/BA.202/BA010102/2026
TUG5_TUG6,mr-tug5-63,MR-2026-000063,,1142.SPK/BA.202/BA010102/2026,spk-juli-63,Walidah Baruna,,,Approved,2026-07-16T08:00:00.000Z,,,1142.SPK/BA.202/BA010102/2026,9,sp-juli-721,Kunci L bintang,-,1,1,Set,0,10,Permintaan SPK 1142.SPK/BA.202/BA010102/2026
TUG5_TUG6,mr-tug5-63,MR-2026-000063,,1142.SPK/BA.202/BA010102/2026,spk-juli-63,Walidah Baruna,,,Approved,2026-07-16T08:00:00.000Z,,,1142.SPK/BA.202/BA010102/2026,10,sp-juli-722,Kunci Shock,-,1,1,Set,0,10,Permintaan SPK 1142.SPK/BA.202/BA010102/2026
TUG5_TUG6,mr-tug5-63,MR-2026-000063,,1142.SPK/BA.202/BA010102/2026,spk-juli-63,Walidah Baruna,,,Approved,2026-07-16T08:00:00.000Z,,,1142.SPK/BA.202/BA010102/2026,11,sp-juli-723,Mata Bor,-,1,1,Set,0,10,Permintaan SPK 1142.SPK/BA.202/BA010102/2026
TUG5_TUG6,mr-tug5-63,MR-2026-000063,,1142.SPK/BA.202/BA010102/2026,spk-juli-63,Walidah Baruna,,,Approved,2026-07-16T08:00:00.000Z,,,1142.SPK/BA.202/BA010102/2026,12,sp-juli-724,"Shackle, small",-,10,10,Pcs,0,10,Permintaan SPK 1142.SPK/BA.202/BA010102/2026
TUG5_TUG6,mr-tug5-63,MR-2026-000063,,1142.SPK/BA.202/BA010102/2026,spk-juli-63,Walidah Baruna,,,Approved,2026-07-16T08:00:00.000Z,,,1142.SPK/BA.202/BA010102/2026,13,sp-juli-725,Sekop kecil,-,5,5,Pcs,0,10,Permintaan SPK 1142.SPK/BA.202/BA010102/2026
TUG5_TUG6,mr-tug5-63,MR-2026-000063,,1142.SPK/BA.202/BA010102/2026,spk-juli-63,Walidah Baruna,,,Approved,2026-07-16T08:00:00.000Z,,,1142.SPK/BA.202/BA010102/2026,14,sp-juli-726,Scrap,-,10,10,Pcs,0,10,Permintaan SPK 1142.SPK/BA.202/BA010102/2026
TUG5_TUG6,mr-tug5-63,MR-2026-000063,,1142.SPK/BA.202/BA010102/2026,spk-juli-63,Walidah Baruna,,,Approved,2026-07-16T08:00:00.000Z,,,1142.SPK/BA.202/BA010102/2026,15,sp-juli-727,Tang Jepit,-,3,3,Pcs,0,10,Permintaan SPK 1142.SPK/BA.202/BA010102/2026
TUG5_TUG6,mr-tug5-63,MR-2026-000063,,1142.SPK/BA.202/BA010102/2026,spk-juli-63,Walidah Baruna,,,Approved,2026-07-16T08:00:00.000Z,,,1142.SPK/BA.202/BA010102/2026,16,sp-juli-728,Tang Buaya,-,3,3,Pcs,0,10,Permintaan SPK 1142.SPK/BA.202/BA010102/2026
TUG5_TUG6,mr-tug5-63,MR-2026-000063,,1142.SPK/BA.202/BA010102/2026,spk-juli-63,Walidah Baruna,,,Approved,2026-07-16T08:00:00.000Z,,,1142.SPK/BA.202/BA010102/2026,17,sp-juli-729,Mapring Besi,-,3,3,Pcs,0,10,Permintaan SPK 1142.SPK/BA.202/BA010102/2026
TUG5_TUG6,mr-tug5-63,MR-2026-000063,,1142.SPK/BA.202/BA010102/2026,spk-juli-63,Walidah Baruna,,,Approved,2026-07-16T08:00:00.000Z,,,1142.SPK/BA.202/BA010102/2026,18,sp-juli-730,Mapring Kayu,-,3,3,Pcs,0,10,Permintaan SPK 1142.SPK/BA.202/BA010102/2026
TUG5_TUG6,mr-tug5-63,MR-2026-000063,,1142.SPK/BA.202/BA010102/2026,spk-juli-63,Walidah Baruna,,,Approved,2026-07-16T08:00:00.000Z,,,1142.SPK/BA.202/BA010102/2026,19,sp-juli-731,Tang Kombinasi,-,3,3,Pcs,0,10,Permintaan SPK 1142.SPK/BA.202/BA010102/2026
TUG5_TUG6,mr-tug5-63,MR-2026-000063,,1142.SPK/BA.202/BA010102/2026,spk-juli-63,Walidah Baruna,,,Approved,2026-07-16T08:00:00.000Z,,,1142.SPK/BA.202/BA010102/2026,20,sp-juli-732,Gergaji Besi + Handle,-,3,3,Pcs,0,10,Permintaan SPK 1142.SPK/BA.202/BA010102/2026
TUG5_TUG6,mr-tug5-63,MR-2026-000063,,1142.SPK/BA.202/BA010102/2026,spk-juli-63,Walidah Baruna,,,Approved,2026-07-16T08:00:00.000Z,,,1142.SPK/BA.202/BA010102/2026,21,sp-juli-733,"Selang air 1/2 inch, 50 mtr",-,1,1,Roll,0,10,Permintaan SPK 1142.SPK/BA.202/BA010102/2026
TUG5_TUG6,mr-tug5-63,MR-2026-000063,,1142.SPK/BA.202/BA010102/2026,spk-juli-63,Walidah Baruna,,,Approved,2026-07-16T08:00:00.000Z,,,1142.SPK/BA.202/BA010102/2026,22,sp-juli-734,"Kuku macan besar, 32mm",-,12,12,Pcs,0,10,Permintaan SPK 1142.SPK/BA.202/BA010102/2026
TUG5_TUG6,mr-tug5-63,MR-2026-000063,,1142.SPK/BA.202/BA010102/2026,spk-juli-63,Walidah Baruna,,,Approved,2026-07-16T08:00:00.000Z,,,1142.SPK/BA.202/BA010102/2026,23,sp-juli-735,Kunci T,-,1,1,Set,0,10,Permintaan SPK 1142.SPK/BA.202/BA010102/2026
TUG5_TUG6,mr-tug5-63,MR-2026-000063,,1142.SPK/BA.202/BA010102/2026,spk-juli-63,Walidah Baruna,,,Approved,2026-07-16T08:00:00.000Z,,,1142.SPK/BA.202/BA010102/2026,24,sp-juli-736,Impact,-,1,1,Set,0,10,Permintaan SPK 1142.SPK/BA.202/BA010102/2026
TUG5_TUG6,mr-tug5-63,MR-2026-000063,,1142.SPK/BA.202/BA010102/2026,spk-juli-63,Walidah Baruna,,,Approved,2026-07-16T08:00:00.000Z,,,1142.SPK/BA.202/BA010102/2026,25,sp-juli-737,Sapu plastik,-,24,24,Pcs,0,10,Permintaan SPK 1142.SPK/BA.202/BA010102/2026
TUG5_TUG6,mr-tug5-63,MR-2026-000063,,1142.SPK/BA.202/BA010102/2026,spk-juli-63,Walidah Baruna,,,Approved,2026-07-16T08:00:00.000Z,,,1142.SPK/BA.202/BA010102/2026,26,sp-juli-738,Belting 10 T,-,2,2,Pcs,0,10,Permintaan SPK 1142.SPK/BA.202/BA010102/2026
TUG5_TUG6,mr-tug5-63,MR-2026-000063,,1142.SPK/BA.202/BA010102/2026,spk-juli-63,Walidah Baruna,,,Approved,2026-07-16T08:00:00.000Z,,,1142.SPK/BA.202/BA010102/2026,27,sp-juli-739,Karet ban dalam,-,12,12,Pcs,0,10,Permintaan SPK 1142.SPK/BA.202/BA010102/2026
TUG5_TUG6,mr-tug5-63,MR-2026-000063,,1142.SPK/BA.202/BA010102/2026,spk-juli-63,Walidah Baruna,,,Approved,2026-07-16T08:00:00.000Z,,,1142.SPK/BA.202/BA010102/2026,28,sp-juli-740,"Electric Vacuum Cleaner, 110V",17-46-71,2,2,Set,0,10,Permintaan SPK 1142.SPK/BA.202/BA010102/2026
TUG5_TUG6,mr-tug5-63,MR-2026-000063,,1142.SPK/BA.202/BA010102/2026,spk-juli-63,Walidah Baruna,,,Approved,2026-07-16T08:00:00.000Z,,,1142.SPK/BA.202/BA010102/2026,29,sp-juli-741,"High Pressure Water Jet, Krisbow",-,1,1,Set,0,10,Permintaan SPK 1142.SPK/BA.202/BA010102/2026
TUG5_TUG6,mr-tug5-63,MR-2026-000063,,1142.SPK/BA.202/BA010102/2026,spk-juli-63,Walidah Baruna,,,Approved,2026-07-16T08:00:00.000Z,,,1142.SPK/BA.202/BA010102/2026,30,sp-juli-742,Ironing / Setrika Philiips,-,3,3,Pcs,0,10,Permintaan SPK 1142.SPK/BA.202/BA010102/2026
TUG5_TUG6,mr-tug5-63,MR-2026-000063,,1142.SPK/BA.202/BA010102/2026,spk-juli-63,Walidah Baruna,,,Approved,2026-07-16T08:00:00.000Z,,,1142.SPK/BA.202/BA010102/2026,31,sp-juli-743,"AC, Standing",-,1,1,Pcs,0,10,Permintaan SPK 1142.SPK/BA.202/BA010102/2026
TUG5_TUG6,mr-tug5-63,MR-2026-000063,,1142.SPK/BA.202/BA010102/2026,spk-juli-63,Walidah Baruna,,,Approved,2026-07-16T08:00:00.000Z,,,1142.SPK/BA.202/BA010102/2026,32,sp-juli-744,Ice maker,-,1,1,Pcs,0,10,Permintaan SPK 1142.SPK/BA.202/BA010102/2026
TUG5_TUG6,mr-tug5-63,MR-2026-000063,,1142.SPK/BA.202/BA010102/2026,spk-juli-63,Walidah Baruna,,,Approved,2026-07-16T08:00:00.000Z,,,1142.SPK/BA.202/BA010102/2026,33,sp-juli-745,"Android TV, 55 inch",-,2,2,Pcs,0,10,Permintaan SPK 1142.SPK/BA.202/BA010102/2026
TUG5_TUG6,mr-tug5-63,MR-2026-000063,,1142.SPK/BA.202/BA010102/2026,spk-juli-63,Walidah Baruna,,,Approved,2026-07-16T08:00:00.000Z,,,1142.SPK/BA.202/BA010102/2026,34,sp-juli-746,Regular Noodle Bowl / Mangkok Sup,17-31-31,24,24,Pcs,0,10,Permintaan SPK 1142.SPK/BA.202/BA010102/2026
TUG5_TUG6,mr-tug5-63,MR-2026-000063,,1142.SPK/BA.202/BA010102/2026,spk-juli-63,Walidah Baruna,,,Approved,2026-07-16T08:00:00.000Z,,,1142.SPK/BA.202/BA010102/2026,35,sp-juli-747,Table Spoon / Sendok Makan,17-01-03,24,24,Pcs,0,10,Permintaan SPK 1142.SPK/BA.202/BA010102/2026
TUG5_TUG6,mr-tug5-63,MR-2026-000063,,1142.SPK/BA.202/BA010102/2026,spk-juli-63,Walidah Baruna,,,Approved,2026-07-16T08:00:00.000Z,,,1142.SPK/BA.202/BA010102/2026,36,sp-juli-748,Table Fork / Garpu Makan,17-01-02,24,24,Pcs,0,10,Permintaan SPK 1142.SPK/BA.202/BA010102/2026
TUG5_TUG6,mr-tug5-63,MR-2026-000063,,1142.SPK/BA.202/BA010102/2026,spk-juli-63,Walidah Baruna,,,Approved,2026-07-16T08:00:00.000Z,,,1142.SPK/BA.202/BA010102/2026,37,sp-juli-749,Dinner Plate / Piring Makan,17-03-10,24,24,Pcs,0,10,Permintaan SPK 1142.SPK/BA.202/BA010102/2026
TUG5_TUG6,mr-tug5-63,MR-2026-000063,,1142.SPK/BA.202/BA010102/2026,spk-juli-63,Walidah Baruna,,,Approved,2026-07-16T08:00:00.000Z,,,1142.SPK/BA.202/BA010102/2026,38,sp-juli-750,Mug / Gelas Kopi,17-03-37,24,24,Pcs,0,10,Permintaan SPK 1142.SPK/BA.202/BA010102/2026
TUG5_TUG6,mr-tug5-63,MR-2026-000063,,1142.SPK/BA.202/BA010102/2026,spk-juli-63,Walidah Baruna,,,Approved,2026-07-16T08:00:00.000Z,,,1142.SPK/BA.202/BA010102/2026,39,sp-juli-751,Disposable Cup / Gelas Kertas @10s,17-06-82,25,25,Pack,0,10,Permintaan SPK 1142.SPK/BA.202/BA010102/2026
TUG5_TUG6,mr-tug5-63,MR-2026-000063,,1142.SPK/BA.202/BA010102/2026,spk-juli-63,Walidah Baruna,,,Approved,2026-07-16T08:00:00.000Z,,,1142.SPK/BA.202/BA010102/2026,40,sp-juli-752,Aluminium Boiling Pans,17-32-01,2,2,Pcs,0,10,Permintaan SPK 1142.SPK/BA.202/BA010102/2026
TUG5_TUG6,mr-tug5-63,MR-2026-000063,,1142.SPK/BA.202/BA010102/2026,spk-juli-63,Walidah Baruna,,,Approved,2026-07-16T08:00:00.000Z,,,1142.SPK/BA.202/BA010102/2026,41,sp-juli-753,Computer Set ( Monitor + Mini PC + Wireless Keyboard + Wireless Mouse ),-,3,3,Set,0,10,Permintaan SPK 1142.SPK/BA.202/BA010102/2026
TUG5_TUG6,mr-tug5-63,MR-2026-000063,,1142.SPK/BA.202/BA010102/2026,spk-juli-63,Walidah Baruna,,,Approved,2026-07-16T08:00:00.000Z,,,1142.SPK/BA.202/BA010102/2026,42,sp-juli-754,"Laptop, 14 inch",-,1,1,Set,0,10,Permintaan SPK 1142.SPK/BA.202/BA010102/2026
TUG5_TUG6,mr-tug5-63,MR-2026-000063,,1142.SPK/BA.202/BA010102/2026,spk-juli-63,Walidah Baruna,,,Approved,2026-07-16T08:00:00.000Z,,,1142.SPK/BA.202/BA010102/2026,43,sp-juli-755,Walkie Talkie Radio Motorolla VHF Frequencies,-,6,6,Set,0,10,Permintaan SPK 1142.SPK/BA.202/BA010102/2026
TUG5_TUG6,mr-tug5-63,MR-2026-000063,,1142.SPK/BA.202/BA010102/2026,spk-juli-63,Walidah Baruna,,,Approved,2026-07-16T08:00:00.000Z,,,1142.SPK/BA.202/BA010102/2026,44,sp-juli-756,Printer EPSON L3210 EcoTank,-,3,3,Set,0,10,Permintaan SPK 1142.SPK/BA.202/BA010102/2026
TUG5_TUG6,mr-tug5-63,MR-2026-000063,,1142.SPK/BA.202/BA010102/2026,spk-juli-63,Walidah Baruna,,,Approved,2026-07-16T08:00:00.000Z,,,1142.SPK/BA.202/BA010102/2026,45,sp-juli-757,"Refill Ink for EPSON Printer, Black",-,10,10,Bottle,0,10,Permintaan SPK 1142.SPK/BA.202/BA010102/2026
TUG5_TUG6,mr-tug5-63,MR-2026-000063,,1142.SPK/BA.202/BA010102/2026,spk-juli-63,Walidah Baruna,,,Approved,2026-07-16T08:00:00.000Z,,,1142.SPK/BA.202/BA010102/2026,46,sp-juli-758,"Refill Ink for EPSON Printer, Magenta",-,3,3,Bottle,0,10,Permintaan SPK 1142.SPK/BA.202/BA010102/2026
TUG5_TUG6,mr-tug5-63,MR-2026-000063,,1142.SPK/BA.202/BA010102/2026,spk-juli-63,Walidah Baruna,,,Approved,2026-07-16T08:00:00.000Z,,,1142.SPK/BA.202/BA010102/2026,47,sp-juli-759,"Refill Ink for EPSON Printer, Cyan",-,3,3,Bottle,0,10,Permintaan SPK 1142.SPK/BA.202/BA010102/2026
TUG5_TUG6,mr-tug5-63,MR-2026-000063,,1142.SPK/BA.202/BA010102/2026,spk-juli-63,Walidah Baruna,,,Approved,2026-07-16T08:00:00.000Z,,,1142.SPK/BA.202/BA010102/2026,48,sp-juli-760,"Refill Ink for EPSON Printer, Yellow",-,3,3,Bottle,0,10,Permintaan SPK 1142.SPK/BA.202/BA010102/2026
TUG5_TUG6,mr-tug5-63,MR-2026-000063,,1142.SPK/BA.202/BA010102/2026,spk-juli-63,Walidah Baruna,,,Approved,2026-07-16T08:00:00.000Z,,,1142.SPK/BA.202/BA010102/2026,49,sp-juli-761,Backpack for Document / Tas Dokumen,-,1,1,Pcs,0,10,Permintaan SPK 1142.SPK/BA.202/BA010102/2026
TUG5_TUG6,mr-tug5-63,MR-2026-000063,,1142.SPK/BA.202/BA010102/2026,spk-juli-63,Walidah Baruna,,,Approved,2026-07-16T08:00:00.000Z,,,1142.SPK/BA.202/BA010102/2026,50,sp-juli-762,"Ballpoint, Regular, Black",47-06-03,4,4,Box,0,10,Permintaan SPK 1142.SPK/BA.202/BA010102/2026
TUG5_TUG6,mr-tug5-63,MR-2026-000063,,1142.SPK/BA.202/BA010102/2026,spk-juli-63,Walidah Baruna,,,Approved,2026-07-16T08:00:00.000Z,,,1142.SPK/BA.202/BA010102/2026,51,sp-juli-763,"Ballpoint, Regular, Blue",47-06-01,2,2,Box,0,10,Permintaan SPK 1142.SPK/BA.202/BA010102/2026
TUG5_TUG6,mr-tug5-63,MR-2026-000063,,1142.SPK/BA.202/BA010102/2026,spk-juli-63,Walidah Baruna,,,Approved,2026-07-16T08:00:00.000Z,,,1142.SPK/BA.202/BA010102/2026,52,sp-juli-764,"Ballpoint, Regular, Red",47-06-02,1,1,Box,0,10,Permintaan SPK 1142.SPK/BA.202/BA010102/2026
TUG5_TUG6,mr-tug5-63,MR-2026-000063,,1142.SPK/BA.202/BA010102/2026,spk-juli-63,Walidah Baruna,,,Approved,2026-07-16T08:00:00.000Z,,,1142.SPK/BA.202/BA010102/2026,53,sp-juli-765,"Plain Paper A4, 70gsm",47-21-86,30,30,Rim,0,10,Permintaan SPK 1142.SPK/BA.202/BA010102/2026
TUG5_TUG6,mr-tug5-63,MR-2026-000063,,1142.SPK/BA.202/BA010102/2026,spk-juli-63,Walidah Baruna,,,Approved,2026-07-16T08:00:00.000Z,,,1142.SPK/BA.202/BA010102/2026,54,sp-juli-766,"White Paper Envelopes, small",47-04-51,5,5,Box,0,10,Permintaan SPK 1142.SPK/BA.202/BA010102/2026
TUG5_TUG6,mr-tug5-63,MR-2026-000063,,1142.SPK/BA.202/BA010102/2026,spk-juli-63,Walidah Baruna,,,Approved,2026-07-16T08:00:00.000Z,,,1142.SPK/BA.202/BA010102/2026,55,sp-juli-767,"Hard Cover Letter File (BANTEX), Tebal, A4",47-02-01,30,30,Pcs,0,10,Permintaan SPK 1142.SPK/BA.202/BA010102/2026
TUG5_TUG6,mr-tug5-63,MR-2026-000063,,1142.SPK/BA.202/BA010102/2026,spk-juli-63,Walidah Baruna,,,Approved,2026-07-16T08:00:00.000Z,,,1142.SPK/BA.202/BA010102/2026,56,sp-juli-768,"Cellphone Tape, 12 mm",47-12-51,12,12,Roll,0,10,Permintaan SPK 1142.SPK/BA.202/BA010102/2026
TUG5_TUG6,mr-tug5-63,MR-2026-000063,,1142.SPK/BA.202/BA010102/2026,spk-juli-63,Walidah Baruna,,,Approved,2026-07-16T08:00:00.000Z,,,1142.SPK/BA.202/BA010102/2026,57,sp-juli-769,"Cellphone Tape, 50 mm",-,12,12,Roll,0,10,Permintaan SPK 1142.SPK/BA.202/BA010102/2026
TUG5_TUG6,mr-tug5-63,MR-2026-000063,,1142.SPK/BA.202/BA010102/2026,spk-juli-63,Walidah Baruna,,,Approved,2026-07-16T08:00:00.000Z,,,1142.SPK/BA.202/BA010102/2026,58,sp-juli-770,"Double Side Tape Gummed, 15 MM",47-12-68,24,24,Roll,0,10,Permintaan SPK 1142.SPK/BA.202/BA010102/2026
TUG5_TUG6,mr-tug5-63,MR-2026-000063,,1142.SPK/BA.202/BA010102/2026,spk-juli-63,Walidah Baruna,,,Approved,2026-07-16T08:00:00.000Z,,,1142.SPK/BA.202/BA010102/2026,59,sp-juli-771,"Double Side Tape Gummed, 50 MM",47-12-70,24,24,Rim,0,10,Permintaan SPK 1142.SPK/BA.202/BA010102/2026
TUG5_TUG6,mr-tug5-63,MR-2026-000063,,1142.SPK/BA.202/BA010102/2026,spk-juli-63,Walidah Baruna,,,Approved,2026-07-16T08:00:00.000Z,,,1142.SPK/BA.202/BA010102/2026,60,sp-juli-772,Scientific Calculator,47-18-51,2,2,Pcs,0,10,Permintaan SPK 1142.SPK/BA.202/BA010102/2026
TUG5_TUG6,mr-tug5-63,MR-2026-000063,,1142.SPK/BA.202/BA010102/2026,spk-juli-63,Walidah Baruna,,,Approved,2026-07-16T08:00:00.000Z,,,1142.SPK/BA.202/BA010102/2026,61,sp-juli-773,Simple / Common Calculator,47-18-16,2,2,Pcs,0,10,Permintaan SPK 1142.SPK/BA.202/BA010102/2026
TUG5_TUG6,mr-tug5-63,MR-2026-000063,,1142.SPK/BA.202/BA010102/2026,spk-juli-63,Walidah Baruna,,,Approved,2026-07-16T08:00:00.000Z,,,1142.SPK/BA.202/BA010102/2026,62,sp-juli-774,"Paint Marker, BLACK",-,2,2,Box,0,10,Permintaan SPK 1142.SPK/BA.202/BA010102/2026
TUG5_TUG6,mr-tug5-63,MR-2026-000063,,1142.SPK/BA.202/BA010102/2026,spk-juli-63,Walidah Baruna,,,Approved,2026-07-16T08:00:00.000Z,,,1142.SPK/BA.202/BA010102/2026,63,sp-juli-775,"Paint Marker, WHITE",-,2,2,Box,0,10,Permintaan SPK 1142.SPK/BA.202/BA010102/2026
TUG5_TUG6,mr-tug5-63,MR-2026-000063,,1142.SPK/BA.202/BA010102/2026,spk-juli-63,Walidah Baruna,,,Approved,2026-07-16T08:00:00.000Z,,,1142.SPK/BA.202/BA010102/2026,64,sp-juli-776,"White Board Marker, Black",47-16-48,2,2,Box,0,10,Permintaan SPK 1142.SPK/BA.202/BA010102/2026
TUG5_TUG6,mr-tug5-63,MR-2026-000063,,1142.SPK/BA.202/BA010102/2026,spk-juli-63,Walidah Baruna,,,Approved,2026-07-16T08:00:00.000Z,,,1142.SPK/BA.202/BA010102/2026,65,sp-juli-777,"White Board Marker, Blue",47-16-45,2,2,Box,0,10,Permintaan SPK 1142.SPK/BA.202/BA010102/2026
TUG5_TUG6,mr-tug5-63,MR-2026-000063,,1142.SPK/BA.202/BA010102/2026,spk-juli-63,Walidah Baruna,,,Approved,2026-07-16T08:00:00.000Z,,,1142.SPK/BA.202/BA010102/2026,66,sp-juli-778,"Permanent Marker, Black",47-06-43,2,2,Box,0,10,Permintaan SPK 1142.SPK/BA.202/BA010102/2026
TUG5_TUG6,mr-tug5-63,MR-2026-000063,,1142.SPK/BA.202/BA010102/2026,spk-juli-63,Walidah Baruna,,,Approved,2026-07-16T08:00:00.000Z,,,1142.SPK/BA.202/BA010102/2026,67,sp-juli-779,"Paper Scissors, 200 MM",47-10-03,5,5,Pcs,0,10,Permintaan SPK 1142.SPK/BA.202/BA010102/2026
TUG5_TUG6,mr-tug5-63,MR-2026-000063,,1142.SPK/BA.202/BA010102/2026,spk-juli-63,Walidah Baruna,,,Approved,2026-07-16T08:00:00.000Z,,,1142.SPK/BA.202/BA010102/2026,68,sp-juli-780,"Handy Cutter, Medium Duty Job",47-10-13,10,10,Pcs,0,10,Permintaan SPK 1142.SPK/BA.202/BA010102/2026
TUG5_TUG6,mr-tug5-63,MR-2026-000063,,1142.SPK/BA.202/BA010102/2026,spk-juli-63,Walidah Baruna,,,Approved,2026-07-16T08:00:00.000Z,,,1142.SPK/BA.202/BA010102/2026,69,sp-juli-781,Spare Blade for Handy Cutter,47-10-14,5,5,Box,0,10,Permintaan SPK 1142.SPK/BA.202/BA010102/2026
TUG5_TUG6,mr-tug5-64,MR-2026-000064,,1169.SPK/BA.17/BA010102/2026,spk-juli-64,Arimbi Baruna,,,Approved,2026-07-21T08:00:00.000Z,,,1169.SPK/BA.17/BA010102/2026,1,sp-juli-782,INTERSPEED 6200 RED,BQA624,100,100,liter,0,10,Permintaan SPK 1169.SPK/BA.17/BA010102/2026
TUG5_TUG6,mr-tug5-64,MR-2026-000064,,1169.SPK/BA.17/BA010102/2026,spk-juli-64,Arimbi Baruna,,,Approved,2026-07-21T08:00:00.000Z,,,1169.SPK/BA.17/BA010102/2026,2,sp-juli-783,INTERNATIONAL THINNER,GTA220,20,20,liter,0,10,Permintaan SPK 1169.SPK/BA.17/BA010102/2026
TUG5_TUG6,mr-tug5-65,MR-2026-000065,,1168.SPK/BA.17/BA010102/2026,spk-juli-65,Arimbi Baruna,,,Approved,2026-07-21T08:00:00.000Z,,,1168.SPK/BA.17/BA010102/2026,1,sp-juli-512,JOTAMASTIC SMART PACK HB RED,-,200,200,liter,0,10,Permintaan SPK 1168.SPK/BA.17/BA010102/2026
TUG5_TUG6,mr-tug5-65,MR-2026-000065,,1168.SPK/BA.17/BA010102/2026,spk-juli-65,Arimbi Baruna,,,Approved,2026-07-21T08:00:00.000Z,,,1168.SPK/BA.17/BA010102/2026,2,sp-juli-784,JOTAMASTIC SMART PACK HB GREY,-,200,200,liter,0,10,Permintaan SPK 1168.SPK/BA.17/BA010102/2026
TUG5_TUG6,mr-tug5-65,MR-2026-000065,,1168.SPK/BA.17/BA010102/2026,spk-juli-65,Arimbi Baruna,,,Approved,2026-07-21T08:00:00.000Z,,,1168.SPK/BA.17/BA010102/2026,3,sp-juli-785,JOTAFLIX PU TC STD 257 GREEN,-,300,300,liter,0,10,Permintaan SPK 1168.SPK/BA.17/BA010102/2026
TUG5_TUG6,mr-tug5-65,MR-2026-000065,,1168.SPK/BA.17/BA010102/2026,spk-juli-65,Arimbi Baruna,,,Approved,2026-07-21T08:00:00.000Z,,,1168.SPK/BA.17/BA010102/2026,4,sp-juli-786,THINNER NO 10,-,30,30,liter,0,10,Permintaan SPK 1168.SPK/BA.17/BA010102/2026
TUG5_TUG6,mr-tug5-65,MR-2026-000065,,1168.SPK/BA.17/BA010102/2026,spk-juli-65,Arimbi Baruna,,,Approved,2026-07-21T08:00:00.000Z,,,1168.SPK/BA.17/BA010102/2026,5,sp-juli-787,THINNER NO.17,-,40,40,liter,0,10,Permintaan SPK 1168.SPK/BA.17/BA010102/2026
TUG5_TUG6,mr-tug5-66,MR-2026-000066,,1164.SPK/BA.17/BA010102/2026,spk-juli-66,Meutia Baruna,,,Approved,2026-07-20T08:00:00.000Z,,,1164.SPK/BA.17/BA010102/2026,1,sp-juli-784,JOTAMASTIC SMART PACK HB GREY,-,400,400,liter,0,10,Permintaan SPK 1164.SPK/BA.17/BA010102/2026
TUG5_TUG6,mr-tug5-66,MR-2026-000066,,1164.SPK/BA.17/BA010102/2026,spk-juli-66,Meutia Baruna,,,Approved,2026-07-20T08:00:00.000Z,,,1164.SPK/BA.17/BA010102/2026,2,sp-juli-788,JOTAFIX PU TC STD 049 RED,-,450,450,liter,0,10,Permintaan SPK 1164.SPK/BA.17/BA010102/2026
TUG5_TUG6,mr-tug5-66,MR-2026-000066,,1164.SPK/BA.17/BA010102/2026,spk-juli-66,Meutia Baruna,,,Approved,2026-07-20T08:00:00.000Z,,,1164.SPK/BA.17/BA010102/2026,3,sp-juli-789,PILOT II CREAM STD 002,-,500,500,liter,0,10,Permintaan SPK 1164.SPK/BA.17/BA010102/2026
TUG5_TUG6,mr-tug5-66,MR-2026-000066,,1164.SPK/BA.17/BA010102/2026,spk-juli-66,Meutia Baruna,,,Approved,2026-07-20T08:00:00.000Z,,,1164.SPK/BA.17/BA010102/2026,4,sp-juli-513,PILOT II BLACK,-,200,200,liter,0,10,Permintaan SPK 1164.SPK/BA.17/BA010102/2026
TUG5_TUG6,mr-tug5-66,MR-2026-000066,,1164.SPK/BA.17/BA010102/2026,spk-juli-66,Meutia Baruna,,,Approved,2026-07-20T08:00:00.000Z,,,1164.SPK/BA.17/BA010102/2026,5,sp-juli-790,PILOT II WHITE,-,50,50,liter,0,10,Permintaan SPK 1164.SPK/BA.17/BA010102/2026
TUG5_TUG6,mr-tug5-66,MR-2026-000066,,1164.SPK/BA.17/BA010102/2026,spk-juli-66,Meutia Baruna,,,Approved,2026-07-20T08:00:00.000Z,,,1164.SPK/BA.17/BA010102/2026,6,sp-juli-787,THINNER NO.17,-,250,250,liter,0,10,Permintaan SPK 1164.SPK/BA.17/BA010102/2026
TUG5_TUG6,mr-tug5-66,MR-2026-000066,,1164.SPK/BA.17/BA010102/2026,spk-juli-66,Meutia Baruna,,,Approved,2026-07-20T08:00:00.000Z,,,1164.SPK/BA.17/BA010102/2026,7,sp-juli-791,THINNER NO 2,-,250,250,liter,0,10,Permintaan SPK 1164.SPK/BA.17/BA010102/2026
TUG5_TUG6,mr-tug5-67,MR-2026-000067,,1163.SPK/BA.302/BA010102/2026,spk-juli-67,Meutia Baruna,,,Approved,2026-07-22T08:00:00.000Z,,,1163.SPK/BA.302/BA010102/2026,1,sp-juli-792,CONNECTING ROD,1710-4100-00,1,1,set,0,10,Permintaan SPK 1163.SPK/BA.302/BA010102/2026
TUG5_TUG6,mr-tug5-67,MR-2026-000067,,1163.SPK/BA.302/BA010102/2026,spk-juli-67,Meutia Baruna,,,Approved,2026-07-22T08:00:00.000Z,,,1163.SPK/BA.302/BA010102/2026,2,sp-juli-793,CYLINDER LINER 1ST STAGE,1710-3102-00,1,1,set,0,10,Permintaan SPK 1163.SPK/BA.302/BA010102/2026
TUG5_TUG6,mr-tug5-67,MR-2026-000067,,1163.SPK/BA.302/BA010102/2026,spk-juli-67,Meutia Baruna,,,Approved,2026-07-22T08:00:00.000Z,,,1163.SPK/BA.302/BA010102/2026,3,sp-juli-794,CYLINDER LINER 2ND,1710-3102-00,1,1,set,0,10,Permintaan SPK 1163.SPK/BA.302/BA010102/2026
TUG5_TUG6,mr-tug5-68,MR-2026-000068,,C.1510/PR.103/Div.Rendalhar-2026,spk-juli-68,Srikandi Baruna 2402,,,Approved,2026-07-07T08:00:00.000Z,,,C.1510/PR.103/Div.Rendalhar-2026,1,sp-juli-795,PENGURUSAN DISPENSASI SEKALI JALAN,-,1,1,lot,0,10,Permintaan SPK C.1510/PR.103/Div.Rendalhar-2026
TUG5_TUG6,mr-tug5-69,MR-2026-000069,,1161.SPK/BA.17/BA010102/2026,spk-juli-69,Kartini Baruna,,,Approved,2026-07-23T08:00:00.000Z,,,1161.SPK/BA.17/BA010102/2026,1,sp-juli-334,TALI PP MULTIFILAMENT,CIR 10,2,2,roll,0,10,Permintaan SPK 1161.SPK/BA.17/BA010102/2026
TUG5_TUG6,mr-tug5-70,MR-2026-000070,,1129.SPK/BA.101/BA010102/2026,spk-juli-70,Martha Baruna,,,Approved,2026-07-22T08:00:00.000Z,,,1129.SPK/BA.101/BA010102/2026,1,sp-juli-796,ANCHOR CHAIN 70MM,-,2,2,lot,0,10,Permintaan SPK 1129.SPK/BA.101/BA010102/2026
TUG5_TUG6,mr-tug5-70,MR-2026-000070,,1129.SPK/BA.101/BA010102/2026,spk-juli-70,Martha Baruna,,,Approved,2026-07-22T08:00:00.000Z,,,1129.SPK/BA.101/BA010102/2026,2,sp-juli-797,KENTER SHACKLE 70MM,-,6,6,pcs,0,10,Permintaan SPK 1129.SPK/BA.101/BA010102/2026
TUG5_TUG6,mr-tug5-71,MR-2026-000071,,1170.SPK/BA.302/BA010102/2026,spk-juli-71,Arimbi Baruna,,,Approved,2026-07-22T08:00:00.000Z,,,1170.SPK/BA.302/BA010102/2026,1,sp-juli-798,SELENOID VALVE NABCO EGMS,73794222-14,6,6,set,0,10,Permintaan SPK 1170.SPK/BA.302/BA010102/2026
TUG5_TUG6,mr-tug5-71,MR-2026-000071,,1170.SPK/BA.302/BA010102/2026,spk-juli-71,Arimbi Baruna,,,Approved,2026-07-22T08:00:00.000Z,,,1170.SPK/BA.302/BA010102/2026,2,sp-juli-799,REPAIR KIT,74Y59166-01,6,6,set,0,10,Permintaan SPK 1170.SPK/BA.302/BA010102/2026
TUG5_TUG6,mr-tug5-72,MR-2026-000072,,1160.SPK/BA.17/BA010102/2026,spk-juli-72,Srikandi Baruna 2001,,,Approved,2026-07-23T08:00:00.000Z,,,1160.SPK/BA.17/BA010102/2026,1,sp-juli-800,JASA PERBAIKAN DAN FABRIKASI KEBUTUHAN KAPAL,-,1,1,lot,0,10,Permintaan SPK 1160.SPK/BA.17/BA010102/2026
TUG5_TUG6,mr-tug5-72,MR-2026-000072,,1160.SPK/BA.17/BA010102/2026,spk-juli-72,Srikandi Baruna 2001,,,Approved,2026-07-23T08:00:00.000Z,,,1160.SPK/BA.17/BA010102/2026,2,sp-juli-339,TRANSPORTASI DAN AKOMODASI,-,1,1,lot,0,10,Permintaan SPK 1160.SPK/BA.17/BA010102/2026
TUG5_TUG6,mr-tug5-73,MR-2026-000073,,1150.SPK/BA.17/BA010102/2026,spk-juli-73,Rasuna Baruna,,,Approved,2026-07-23T08:00:00.000Z,,,1150.SPK/BA.17/BA010102/2026,1,sp-juli-801,COMPRESSOR AC,-,2,2,unit,0,10,Permintaan SPK 1150.SPK/BA.17/BA010102/2026
TUG5_TUG6,mr-tug5-73,MR-2026-000073,,1150.SPK/BA.17/BA010102/2026,spk-juli-73,Rasuna Baruna,,,Approved,2026-07-23T08:00:00.000Z,,,1150.SPK/BA.17/BA010102/2026,2,sp-juli-802,FREON R404A,-,3,3,pcs,0,10,Permintaan SPK 1150.SPK/BA.17/BA010102/2026
TUG5_TUG6,mr-tug5-73,MR-2026-000073,,1150.SPK/BA.17/BA010102/2026,spk-juli-73,Rasuna Baruna,,,Approved,2026-07-23T08:00:00.000Z,,,1150.SPK/BA.17/BA010102/2026,3,sp-juli-339,TRANSPORTASI DAN AKOMODASI,-,1,1,lot,0,10,Permintaan SPK 1150.SPK/BA.17/BA010102/2026
TUG5_TUG6,mr-tug5-74,MR-2026-000074,,1159.SPK/BA.202/BA010102/2026,spk-juli-74,Kartini Baruna,,,Approved,2026-07-23T08:00:00.000Z,,,1159.SPK/BA.202/BA010102/2026,1,sp-juli-803,CUTTER BLADE ASSEMBLY,-,20,20,set,0,10,Permintaan SPK 1159.SPK/BA.202/BA010102/2026
TUG5_TUG6,mr-tug5-74,MR-2026-000074,,1159.SPK/BA.202/BA010102/2026,spk-juli-74,Kartini Baruna,,,Approved,2026-07-23T08:00:00.000Z,,,1159.SPK/BA.202/BA010102/2026,2,sp-juli-804,CHAIN DRUM ASSEMBLY,-,20,20,set,0,10,Permintaan SPK 1159.SPK/BA.202/BA010102/2026
TUG5_TUG6,mr-tug5-74,MR-2026-000074,,1159.SPK/BA.202/BA010102/2026,spk-juli-74,Kartini Baruna,,,Approved,2026-07-23T08:00:00.000Z,,,1159.SPK/BA.202/BA010102/2026,3,sp-juli-805,FLANGE COVER WITH SCREW,KP 202,40,40,pcs,0,10,Permintaan SPK 1159.SPK/BA.202/BA010102/2026
TUG5_TUG6,mr-tug5-74,MR-2026-000074,,1159.SPK/BA.202/BA010102/2026,spk-juli-74,Kartini Baruna,,,Approved,2026-07-23T08:00:00.000Z,,,1159.SPK/BA.202/BA010102/2026,4,sp-juli-806,CUTTER BLADE,KP 207,300,300,pcs,0,10,Permintaan SPK 1159.SPK/BA.202/BA010102/2026
TUG5_TUG6,mr-tug5-74,MR-2026-000074,,1159.SPK/BA.202/BA010102/2026,spk-juli-74,Kartini Baruna,,,Approved,2026-07-23T08:00:00.000Z,,,1159.SPK/BA.202/BA010102/2026,5,sp-juli-807,V BELT,A 560 LI,10,10,pcs,0,10,Permintaan SPK 1159.SPK/BA.202/BA010102/2026
TUG5_TUG6,mr-tug5-74,MR-2026-000074,,1159.SPK/BA.202/BA010102/2026,spk-juli-74,Kartini Baruna,,,Approved,2026-07-23T08:00:00.000Z,,,1159.SPK/BA.202/BA010102/2026,6,sp-juli-808,V BELT,A 520 LI,10,10,pcs,0,10,Permintaan SPK 1159.SPK/BA.202/BA010102/2026
TUG5_TUG6,mr-tug5-75,MR-2026-000075,,C.1511/PR.103/DIV.RENDALHAR-2026,spk-juli-75,Arimbi Baruna,,,Approved,2026-07-23T08:00:00.000Z,,,C.1511/PR.103/DIV.RENDALHAR-2026,1,sp-juli-809,KACA ANJUNGAN UK 194 X 88,-,1,1,unit,0,10,Permintaan SPK C.1511/PR.103/DIV.RENDALHAR-2026
TUG5_TUG6,mr-tug5-75,MR-2026-000075,,C.1511/PR.103/DIV.RENDALHAR-2026,spk-juli-75,Arimbi Baruna,,,Approved,2026-07-23T08:00:00.000Z,,,C.1511/PR.103/DIV.RENDALHAR-2026,2,sp-juli-339,TRANSPORTASI DAN AKOMODASI,-,1,1,lot,0,10,Permintaan SPK C.1511/PR.103/DIV.RENDALHAR-2026
TUG5_TUG6,mr-tug5-76,MR-2026-000076,,1187.SPK/BA.202/BA010102/2026,spk-juli-76,Zalecha Baruna,,,Approved,2026-07-23T08:00:00.000Z,,,1187.SPK/BA.202/BA010102/2026,1,sp-juli-810,FORGED CHAIN SHACKLE SCREW PIN TYPE 38 MM WLL 4.5 TON 304 STAINLESS FOR LASHING ANCHOR,-,4,4,pcs,0,10,Permintaan SPK 1187.SPK/BA.202/BA010102/2026
TUG5_TUG6,mr-tug5-76,MR-2026-000076,,1187.SPK/BA.202/BA010102/2026,spk-juli-76,Zalecha Baruna,,,Approved,2026-07-23T08:00:00.000Z,,,1187.SPK/BA.202/BA010102/2026,2,sp-juli-811,"INGERSOLL-RAND 236 AIR IMPACT WRENCH, 1/2 INCH DRIVE, 7400 RPM, ALUMINIUM HOUSING, FOR BOLT MANHOLE",-,2,2,pcs,0,10,Permintaan SPK 1187.SPK/BA.202/BA010102/2026
TUG5_TUG6,mr-tug5-76,MR-2026-000076,,1187.SPK/BA.202/BA010102/2026,spk-juli-76,Zalecha Baruna,,,Approved,2026-07-23T08:00:00.000Z,,,1187.SPK/BA.202/BA010102/2026,3,sp-juli-812,RUBBER PACKING SHEET FOR MANHOLE,-,20,20,set,0,10,Permintaan SPK 1187.SPK/BA.202/BA010102/2026
TUG5_TUG6,mr-tug5-76,MR-2026-000076,,1187.SPK/BA.202/BA010102/2026,spk-juli-76,Zalecha Baruna,,,Approved,2026-07-23T08:00:00.000Z,,,1187.SPK/BA.202/BA010102/2026,4,sp-juli-813,"GALVANIZED, 16MM X 50M, INNER END SECURED TO DRUM,OUTER END WEDGE SOCKET AND SAFETY WIRE TO DRUM. FOR FREE FALL LIFEBOAT",-,1,1,pcs,0,10,Permintaan SPK 1187.SPK/BA.202/BA010102/2026
TUG5_TUG6,mr-tug5-76,MR-2026-000076,,1187.SPK/BA.202/BA010102/2026,spk-juli-76,Zalecha Baruna,,,Approved,2026-07-23T08:00:00.000Z,,,1187.SPK/BA.202/BA010102/2026,5,sp-juli-814,"GALVANIZED AND ANTI-ROTATING ROPE, 14MM X 30M, INNER WIRE END SECURED TO DRUM. FOR RESCUE BOAT DAVID",-,1,1,pcs,0,10,Permintaan SPK 1187.SPK/BA.202/BA010102/2026
TUG5_TUG6,mr-tug5-76,MR-2026-000076,,1187.SPK/BA.202/BA010102/2026,spk-juli-76,Zalecha Baruna,,,Approved,2026-07-23T08:00:00.000Z,,,1187.SPK/BA.202/BA010102/2026,6,sp-juli-815,OIL SOUNDING PASTA. CHECK OIL FOR BALLAST TANK,-,3,3,pcs,0,10,Permintaan SPK 1187.SPK/BA.202/BA010102/2026
TUG5_TUG6,mr-tug5-76,MR-2026-000076,,1187.SPK/BA.202/BA010102/2026,spk-juli-76,Zalecha Baruna,,,Approved,2026-07-23T08:00:00.000Z,,,1187.SPK/BA.202/BA010102/2026,7,sp-juli-816,SHACKLE D STAINLESS STEEL SCREW PIN BODY DIAMETER 7 MM OPEN 14 MM CLEAR LENGTH 23 MM PIN DIAMETER 7 MM SWL 0.17 TON,-,50,50,pcs,0,10,Permintaan SPK 1187.SPK/BA.202/BA010102/2026
TUG5_TUG6,mr-tug5-76,MR-2026-000076,,1187.SPK/BA.202/BA010102/2026,spk-juli-76,Zalecha Baruna,,,Approved,2026-07-23T08:00:00.000Z,,,1187.SPK/BA.202/BA010102/2026,8,sp-juli-817,HAND TOOLS SET,-,1,1,set,0,10,Permintaan SPK 1187.SPK/BA.202/BA010102/2026
TUG5_TUG6,mr-tug5-76,MR-2026-000076,,1187.SPK/BA.202/BA010102/2026,spk-juli-76,Zalecha Baruna,,,Approved,2026-07-23T08:00:00.000Z,,,1187.SPK/BA.202/BA010102/2026,9,sp-juli-818,SILICONE RED,-,50,50,pcs,0,10,Permintaan SPK 1187.SPK/BA.202/BA010102/2026
TUG5_TUG6,mr-tug5-76,MR-2026-000076,,1187.SPK/BA.202/BA010102/2026,spk-juli-76,Zalecha Baruna,,,Approved,2026-07-23T08:00:00.000Z,,,1187.SPK/BA.202/BA010102/2026,10,sp-juli-819,DEVCON,-,5,5,pcs,0,10,Permintaan SPK 1187.SPK/BA.202/BA010102/2026
TUG5_TUG6,mr-tug5-76,MR-2026-000076,,1187.SPK/BA.202/BA010102/2026,spk-juli-76,Zalecha Baruna,,,Approved,2026-07-23T08:00:00.000Z,,,1187.SPK/BA.202/BA010102/2026,11,sp-juli-820,"ROL CAT, LENGTH: 66 CM",-,60,60,pcs,0,10,Permintaan SPK 1187.SPK/BA.202/BA010102/2026
TUG5_TUG6,mr-tug5-76,MR-2026-000076,,1187.SPK/BA.202/BA010102/2026,spk-juli-76,Zalecha Baruna,,,Approved,2026-07-23T08:00:00.000Z,,,1187.SPK/BA.202/BA010102/2026,12,sp-juli-821,HOLLOW PUNCH,-,1,1,set,0,10,Permintaan SPK 1187.SPK/BA.202/BA010102/2026
TUG5_TUG6,mr-tug5-76,MR-2026-000076,,1187.SPK/BA.202/BA010102/2026,spk-juli-76,Zalecha Baruna,,,Approved,2026-07-23T08:00:00.000Z,,,1187.SPK/BA.202/BA010102/2026,13,sp-juli-822,"GALVANIZED BRAIDED STEEL WIRE ROPE, (35X7), 13 MM X 72 M (2 SETS), BREAKING LOAD 168.7 KN. FOR PROVISION CRANE",-,2,2,set,0,10,Permintaan SPK 1187.SPK/BA.202/BA010102/2026
TUG5_TUG6,mr-tug5-76,MR-2026-000076,,1187.SPK/BA.202/BA010102/2026,spk-juli-76,Zalecha Baruna,,,Approved,2026-07-23T08:00:00.000Z,,,1187.SPK/BA.202/BA010102/2026,14,sp-juli-823,KERTAS HVS A4,-,6,6,rim,0,10,Permintaan SPK 1187.SPK/BA.202/BA010102/2026
TUG5_TUG6,mr-tug5-76,MR-2026-000076,,1187.SPK/BA.202/BA010102/2026,spk-juli-76,Zalecha Baruna,,,Approved,2026-07-23T08:00:00.000Z,,,1187.SPK/BA.202/BA010102/2026,15,sp-juli-824,SOUNDING TAPE FOR WATER SOUNDING MATERIAL : STAINLEES STEEL LENGTH : 20 METER,-,4,4,pcs,0,10,Permintaan SPK 1187.SPK/BA.202/BA010102/2026
TUG5_TUG6,mr-tug5-77,MR-2026-000077,,0936.SPK/BA.202/BA010102/2026,spk-juli-77,Kartini Baruna,,,Approved,2026-07-23T08:00:00.000Z,,,0936.SPK/BA.202/BA010102/2026,1,sp-juli-825,HAMMER HEAD WIRE RUSTING,591266,20,20,pcs,0,10,Permintaan SPK 0936.SPK/BA.202/BA010102/2026
TUG5_TUG6,mr-tug5-77,MR-2026-000077,,0936.SPK/BA.202/BA010102/2026,spk-juli-77,Kartini Baruna,,,Approved,2026-07-23T08:00:00.000Z,,,0936.SPK/BA.202/BA010102/2026,2,sp-juli-826,FOR HAMMER HEAD / HAMMER BLADE,591267,600,600,pcs,0,10,Permintaan SPK 0936.SPK/BA.202/BA010102/2026
TUG5_TUG6,mr-tug5-77,MR-2026-000077,,0936.SPK/BA.202/BA010102/2026,spk-juli-77,Kartini Baruna,,,Approved,2026-07-23T08:00:00.000Z,,,0936.SPK/BA.202/BA010102/2026,3,sp-juli-827,FOR HAMMER HEAD DISC PIN,591268,200,200,pcs,0,10,Permintaan SPK 0936.SPK/BA.202/BA010102/2026
TUG5_TUG6,mr-tug5-77,MR-2026-000077,,0936.SPK/BA.202/BA010102/2026,spk-juli-77,Kartini Baruna,,,Approved,2026-07-23T08:00:00.000Z,,,0936.SPK/BA.202/BA010102/2026,4,sp-juli-828,CENTER BOLD AND NUT,591269,50,50,pcs,0,10,Permintaan SPK 0936.SPK/BA.202/BA010102/2026
TUG5_TUG6,mr-tug5-77,MR-2026-000077,,0936.SPK/BA.202/BA010102/2026,spk-juli-77,Kartini Baruna,,,Approved,2026-07-23T08:00:00.000Z,,,0936.SPK/BA.202/BA010102/2026,5,sp-juli-829,FOR HAMMER HEAD DISK,591270,100,100,pcs,0,10,Permintaan SPK 0936.SPK/BA.202/BA010102/2026
TUG5_TUG6,mr-tug5-77,MR-2026-000077,,0936.SPK/BA.202/BA010102/2026,spk-juli-77,Kartini Baruna,,,Approved,2026-07-23T08:00:00.000Z,,,0936.SPK/BA.202/BA010102/2026,6,sp-juli-830,CUP BRUSH / LIGHT RUSTING,591265,20,20,pcs,0,10,Permintaan SPK 0936.SPK/BA.202/BA010102/2026
TUG5_TUG6,mr-tug5-77,MR-2026-000077,,0936.SPK/BA.202/BA010102/2026,spk-juli-77,Kartini Baruna,,,Approved,2026-07-23T08:00:00.000Z,,,0936.SPK/BA.202/BA010102/2026,7,sp-juli-831,FINISHING WIRE WHEEL BRUSH,591273,50,50,pcs,0,10,Permintaan SPK 0936.SPK/BA.202/BA010102/2026
TUG5_TUG6,mr-tug5-77,MR-2026-000077,,0936.SPK/BA.202/BA010102/2026,spk-juli-77,Kartini Baruna,,,Approved,2026-07-23T08:00:00.000Z,,,0936.SPK/BA.202/BA010102/2026,8,sp-juli-832,FLEXIBLE SHAFTS AND TUBE FOR SCALLING MACHINE-,591253,6,6,set,0,10,Permintaan SPK 0936.SPK/BA.202/BA010102/2026
TUG5_TUG6,mr-tug5-77,MR-2026-000077,,0936.SPK/BA.202/BA010102/2026,spk-juli-77,Kartini Baruna,,,Approved,2026-07-23T08:00:00.000Z,,,0936.SPK/BA.202/BA010102/2026,9,sp-juli-833,NO. 1 HD TOOL HEAD,591255,20,20,set,0,10,Permintaan SPK 0936.SPK/BA.202/BA010102/2026
TUG5_TUG6,mr-tug5-77,MR-2026-000077,,0936.SPK/BA.202/BA010102/2026,spk-juli-77,Kartini Baruna,,,Approved,2026-07-23T08:00:00.000Z,,,0936.SPK/BA.202/BA010102/2026,10,sp-juli-834,NO 1-1 CUTTER FOR HD TOOL,591256,1000,1000,pcs,0,10,Permintaan SPK 0936.SPK/BA.202/BA010102/2026
TUG5_TUG6,mr-tug5-77,MR-2026-000077,,0936.SPK/BA.202/BA010102/2026,spk-juli-77,Kartini Baruna,,,Approved,2026-07-23T08:00:00.000Z,,,0936.SPK/BA.202/BA010102/2026,11,sp-juli-835,NO 1-2 DISC PIN FOR HD TOOL,591257,300,300,pcs,0,10,Permintaan SPK 0936.SPK/BA.202/BA010102/2026
TUG5_TUG6,mr-tug5-77,MR-2026-000077,,0936.SPK/BA.202/BA010102/2026,spk-juli-77,Kartini Baruna,,,Approved,2026-07-23T08:00:00.000Z,,,0936.SPK/BA.202/BA010102/2026,12,sp-juli-836,NO 1-3 CENTER BOLT AND NUT FOR HD TOOL,591258,100,100,pcs,0,10,Permintaan SPK 0936.SPK/BA.202/BA010102/2026
TUG5_TUG6,mr-tug5-77,MR-2026-000077,,0936.SPK/BA.202/BA010102/2026,spk-juli-77,Kartini Baruna,,,Approved,2026-07-23T08:00:00.000Z,,,0936.SPK/BA.202/BA010102/2026,13,sp-juli-837,NO 1-4 DISK FOR HD TOOL,591259,600,600,pcs,0,10,Permintaan SPK 0936.SPK/BA.202/BA010102/2026
TUG5_TUG6,mr-tug5-77,MR-2026-000077,,0936.SPK/BA.202/BA010102/2026,spk-juli-77,Kartini Baruna,,,Approved,2026-07-23T08:00:00.000Z,,,0936.SPK/BA.202/BA010102/2026,14,sp-juli-838,NO 2 LG BRUSH HEAD LIGHT RUSTING,591260,20,20,set,0,10,Permintaan SPK 0936.SPK/BA.202/BA010102/2026
TUG5_TUG6,mr-tug5-77,MR-2026-000077,,0936.SPK/BA.202/BA010102/2026,spk-juli-77,Kartini Baruna,,,Approved,2026-07-23T08:00:00.000Z,,,0936.SPK/BA.202/BA010102/2026,15,sp-juli-839,NO 2-1 LG BLADE FOR LG BRUSH,591261,1500,1500,pcs,0,10,Permintaan SPK 0936.SPK/BA.202/BA010102/2026
TUG5_TUG6,mr-tug5-77,MR-2026-000077,,0936.SPK/BA.202/BA010102/2026,spk-juli-77,Kartini Baruna,,,Approved,2026-07-23T08:00:00.000Z,,,0936.SPK/BA.202/BA010102/2026,16,sp-juli-840,NO 2-2 DISC PIN FOR LG BRUSH,591262,600,600,pcs,0,10,Permintaan SPK 0936.SPK/BA.202/BA010102/2026
TUG5_TUG6,mr-tug5-77,MR-2026-000077,,0936.SPK/BA.202/BA010102/2026,spk-juli-77,Kartini Baruna,,,Approved,2026-07-23T08:00:00.000Z,,,0936.SPK/BA.202/BA010102/2026,17,sp-juli-841,NO 2-3 CENTER BOLT AND NUT FOR LG BRUSH,591263,200,200,pcs,0,10,Permintaan SPK 0936.SPK/BA.202/BA010102/2026
TUG5_TUG6,mr-tug5-77,MR-2026-000077,,0936.SPK/BA.202/BA010102/2026,spk-juli-77,Kartini Baruna,,,Approved,2026-07-23T08:00:00.000Z,,,0936.SPK/BA.202/BA010102/2026,18,sp-juli-842,NO 4 HAMMER HEAD WIDE RUSHING,591266,20,20,set,0,10,Permintaan SPK 0936.SPK/BA.202/BA010102/2026
TUG5_TUG6,mr-tug5-77,MR-2026-000077,,0936.SPK/BA.202/BA010102/2026,spk-juli-77,Kartini Baruna,,,Approved,2026-07-23T08:00:00.000Z,,,0936.SPK/BA.202/BA010102/2026,19,sp-juli-843,NO 4-1 HAMMER BLADE FOR HAMMER HEAD,591267,1000,1000,pcs,0,10,Permintaan SPK 0936.SPK/BA.202/BA010102/2026
TUG5_TUG6,mr-tug5-77,MR-2026-000077,,0936.SPK/BA.202/BA010102/2026,spk-juli-77,Kartini Baruna,,,Approved,2026-07-23T08:00:00.000Z,,,0936.SPK/BA.202/BA010102/2026,20,sp-juli-844,NO 4-2 DISC PIN FOR HAMMER HEAD,591268,200,200,pcs,0,10,Permintaan SPK 0936.SPK/BA.202/BA010102/2026
TUG5_TUG6,mr-tug5-77,MR-2026-000077,,0936.SPK/BA.202/BA010102/2026,spk-juli-77,Kartini Baruna,,,Approved,2026-07-23T08:00:00.000Z,,,0936.SPK/BA.202/BA010102/2026,21,sp-juli-845,NO 4-4 DISK FOR HAMMER HEAD,591270,300,300,pcs,0,10,Permintaan SPK 0936.SPK/BA.202/BA010102/2026
TUG5_TUG6,mr-tug5-77,MR-2026-000077,,0936.SPK/BA.202/BA010102/2026,spk-juli-77,Kartini Baruna,,,Approved,2026-07-23T08:00:00.000Z,,,0936.SPK/BA.202/BA010102/2026,22,sp-juli-846,NO 4-5 COLLAR FOR HAMMER HEAD,591271,200,200,pcs,0,10,Permintaan SPK 0936.SPK/BA.202/BA010102/2026
TUG5_TUG6,mr-tug5-77,MR-2026-000077,,0936.SPK/BA.202/BA010102/2026,spk-juli-77,Kartini Baruna,,,Approved,2026-07-23T08:00:00.000Z,,,0936.SPK/BA.202/BA010102/2026,23,sp-juli-847,NO 4-6 WASHER FOR HAMMER HEAD,591272,300,300,pcs,0,10,Permintaan SPK 0936.SPK/BA.202/BA010102/2026
TUG5_TUG6,mr-tug5-77,MR-2026-000077,,0936.SPK/BA.202/BA010102/2026,spk-juli-77,Kartini Baruna,,,Approved,2026-07-23T08:00:00.000Z,,,0936.SPK/BA.202/BA010102/2026,24,sp-juli-848,NO 3 CUP BRUSH LIGHT RUSHING,591265,50,50,pcs,0,10,Permintaan SPK 0936.SPK/BA.202/BA010102/2026
TUG5_TUG6,mr-tug5-77,MR-2026-000077,,0936.SPK/BA.202/BA010102/2026,spk-juli-77,Kartini Baruna,,,Approved,2026-07-23T08:00:00.000Z,,,0936.SPK/BA.202/BA010102/2026,25,sp-juli-849,NO 5 WIRE WHEEL FINISHING,591273,50,50,pcs,0,10,Permintaan SPK 0936.SPK/BA.202/BA010102/2026
TUG5_TUG6,mr-tug5-78,MR-2026-000078,,1109.SPK/BA.302/BA010102/2026,spk-juli-78,Malahayati Baruna,,,Approved,2026-07-24T08:00:00.000Z,,,1109.SPK/BA.302/BA010102/2026,1,sp-juli-850,AUX. BLOWER M/E,6212 ZZ C3,4,4,pcs,0,10,Permintaan SPK 1109.SPK/BA.302/BA010102/2026
TUG5_TUG6,mr-tug5-78,MR-2026-000078,,1109.SPK/BA.302/BA010102/2026,spk-juli-78,Malahayati Baruna,,,Approved,2026-07-24T08:00:00.000Z,,,1109.SPK/BA.302/BA010102/2026,2,sp-juli-851,AUX. BLOWER M/E,6312 ZZ C3,4,4,pcs,0,10,Permintaan SPK 1109.SPK/BA.302/BA010102/2026
TUG5_TUG6,mr-tug5-78,MR-2026-000078,,1109.SPK/BA.302/BA010102/2026,spk-juli-78,Malahayati Baruna,,,Approved,2026-07-24T08:00:00.000Z,,,1109.SPK/BA.302/BA010102/2026,3,sp-juli-852,E/R VENT FAN,6312 ZZ,4,4,pcs,0,10,Permintaan SPK 1109.SPK/BA.302/BA010102/2026
TUG5_TUG6,mr-tug5-78,MR-2026-000078,,1109.SPK/BA.302/BA010102/2026,spk-juli-78,Malahayati Baruna,,,Approved,2026-07-24T08:00:00.000Z,,,1109.SPK/BA.302/BA010102/2026,4,sp-juli-852,E/R VENT FAN,6312 ZZ,4,4,pcs,0,10,Permintaan SPK 1109.SPK/BA.302/BA010102/2026
TUG5_TUG6,mr-tug5-78,MR-2026-000078,,1109.SPK/BA.302/BA010102/2026,spk-juli-78,Malahayati Baruna,,,Approved,2026-07-24T08:00:00.000Z,,,1109.SPK/BA.302/BA010102/2026,5,sp-juli-853,MAIN COOLING SW PUMP,6314 ZZ C3,2,2,pcs,0,10,Permintaan SPK 1109.SPK/BA.302/BA010102/2026
TUG5_TUG6,mr-tug5-78,MR-2026-000078,,1109.SPK/BA.302/BA010102/2026,spk-juli-78,Malahayati Baruna,,,Approved,2026-07-24T08:00:00.000Z,,,1109.SPK/BA.302/BA010102/2026,6,sp-juli-854,MAIN COOLING SW PUMP,6212 ZZ C3,2,2,pcs,0,10,Permintaan SPK 1109.SPK/BA.302/BA010102/2026
TUG5_TUG6,mr-tug5-78,MR-2026-000078,,1109.SPK/BA.302/BA010102/2026,spk-juli-78,Malahayati Baruna,,,Approved,2026-07-24T08:00:00.000Z,,,1109.SPK/BA.302/BA010102/2026,7,sp-juli-855,AUX. COOLING SW PUMP,6311 ZZ,2,2,pcs,0,10,Permintaan SPK 1109.SPK/BA.302/BA010102/2026
TUG5_TUG6,mr-tug5-78,MR-2026-000078,,1109.SPK/BA.302/BA010102/2026,spk-juli-78,Malahayati Baruna,,,Approved,2026-07-24T08:00:00.000Z,,,1109.SPK/BA.302/BA010102/2026,8,sp-juli-856,AUX. COOLING SW PUMP,6310 ZZ,2,2,pcs,0,10,Permintaan SPK 1109.SPK/BA.302/BA010102/2026
TUG5_TUG6,mr-tug5-78,MR-2026-000078,,1109.SPK/BA.302/BA010102/2026,spk-juli-78,Malahayati Baruna,,,Approved,2026-07-24T08:00:00.000Z,,,1109.SPK/BA.302/BA010102/2026,9,sp-juli-857,MAIN LO PUMP M/E,6315 ZZ,4,4,pcs,0,10,Permintaan SPK 1109.SPK/BA.302/BA010102/2026
TUG5_TUG6,mr-tug5-78,MR-2026-000078,,1109.SPK/BA.302/BA010102/2026,spk-juli-78,Malahayati Baruna,,,Approved,2026-07-24T08:00:00.000Z,,,1109.SPK/BA.302/BA010102/2026,10,sp-juli-858,MAIN LO PUMP M/E,6213 ZZ,4,4,pcs,0,10,Permintaan SPK 1109.SPK/BA.302/BA010102/2026
TUG5_TUG6,mr-tug5-78,MR-2026-000078,,1109.SPK/BA.302/BA010102/2026,spk-juli-78,Malahayati Baruna,,,Approved,2026-07-24T08:00:00.000Z,,,1109.SPK/BA.302/BA010102/2026,11,sp-juli-859,MAIN AIR COMPRESSOR,6314 ZZ C3,4,4,pcs,0,10,Permintaan SPK 1109.SPK/BA.302/BA010102/2026
TUG5_TUG6,mr-tug5-78,MR-2026-000078,,1109.SPK/BA.302/BA010102/2026,spk-juli-78,Malahayati Baruna,,,Approved,2026-07-24T08:00:00.000Z,,,1109.SPK/BA.302/BA010102/2026,12,sp-juli-860,MAIN AIR COMPRESSOR,6212 ZZ C3,4,4,pcs,0,10,Permintaan SPK 1109.SPK/BA.302/BA010102/2026
TUG5_TUG6,mr-tug5-78,MR-2026-000078,,1109.SPK/BA.302/BA010102/2026,spk-juli-78,Malahayati Baruna,,,Approved,2026-07-24T08:00:00.000Z,,,1109.SPK/BA.302/BA010102/2026,13,sp-juli-861,MAIN COOLING FW PUMP,6309 ZZ,2,2,pcs,0,10,Permintaan SPK 1109.SPK/BA.302/BA010102/2026
TUG5_TUG6,mr-tug5-78,MR-2026-000078,,1109.SPK/BA.302/BA010102/2026,spk-juli-78,Malahayati Baruna,,,Approved,2026-07-24T08:00:00.000Z,,,1109.SPK/BA.302/BA010102/2026,14,sp-juli-862,MAIN COOLING FW PUMP,6307 ZZ,2,2,pcs,0,10,Permintaan SPK 1109.SPK/BA.302/BA010102/2026
TUG5_TUG6,mr-tug5-78,MR-2026-000078,,1109.SPK/BA.302/BA010102/2026,spk-juli-78,Malahayati Baruna,,,Approved,2026-07-24T08:00:00.000Z,,,1109.SPK/BA.302/BA010102/2026,15,sp-juli-863,BALLAST PUMP,6313 ZZ,2,2,pcs,0,10,Permintaan SPK 1109.SPK/BA.302/BA010102/2026
TUG5_TUG6,mr-tug5-78,MR-2026-000078,,1109.SPK/BA.302/BA010102/2026,spk-juli-78,Malahayati Baruna,,,Approved,2026-07-24T08:00:00.000Z,,,1109.SPK/BA.302/BA010102/2026,16,sp-juli-864,BALLAST PUMP,6218,2,2,pcs,0,10,Permintaan SPK 1109.SPK/BA.302/BA010102/2026
TUG5_TUG6,mr-tug5-78,MR-2026-000078,,1109.SPK/BA.302/BA010102/2026,spk-juli-78,Malahayati Baruna,,,Approved,2026-07-24T08:00:00.000Z,,,1109.SPK/BA.302/BA010102/2026,17,sp-juli-865,FIRE & GS PUMP NO 1 & NO 2,6312 ZZ,4,4,pcs,0,10,Permintaan SPK 1109.SPK/BA.302/BA010102/2026
TUG5_TUG6,mr-tug5-78,MR-2026-000078,,1109.SPK/BA.302/BA010102/2026,spk-juli-78,Malahayati Baruna,,,Approved,2026-07-24T08:00:00.000Z,,,1109.SPK/BA.302/BA010102/2026,18,sp-juli-866,FIRE & GS PUMP NO 1 & NO 2,6310 ZZ,4,4,pcs,0,10,Permintaan SPK 1109.SPK/BA.302/BA010102/2026
TUG5_TUG6,mr-tug5-78,MR-2026-000078,,1109.SPK/BA.302/BA010102/2026,spk-juli-78,Malahayati Baruna,,,Approved,2026-07-24T08:00:00.000Z,,,1109.SPK/BA.302/BA010102/2026,19,sp-juli-867,BALLAS & SPARE COOL,6313 ZZ,2,2,pcs,0,10,Permintaan SPK 1109.SPK/BA.302/BA010102/2026
TUG5_TUG6,mr-tug5-78,MR-2026-000078,,1109.SPK/BA.302/BA010102/2026,spk-juli-78,Malahayati Baruna,,,Approved,2026-07-24T08:00:00.000Z,,,1109.SPK/BA.302/BA010102/2026,20,sp-juli-868,BALLAS & SPARE COOL,6218,2,2,pcs,0,10,Permintaan SPK 1109.SPK/BA.302/BA010102/2026
TUG5_TUG6,mr-tug5-78,MR-2026-000078,,1109.SPK/BA.302/BA010102/2026,spk-juli-78,Malahayati Baruna,,,Approved,2026-07-24T08:00:00.000Z,,,1109.SPK/BA.302/BA010102/2026,21,sp-juli-869,CIRCULATION FO PUMP,6308 ZZ,2,2,pcs,0,10,Permintaan SPK 1109.SPK/BA.302/BA010102/2026
TUG5_TUG6,mr-tug5-78,MR-2026-000078,,1109.SPK/BA.302/BA010102/2026,spk-juli-78,Malahayati Baruna,,,Approved,2026-07-24T08:00:00.000Z,,,1109.SPK/BA.302/BA010102/2026,22,sp-juli-870,CIRCULATION FO PUMP,6306 ZZ,2,2,pcs,0,10,Permintaan SPK 1109.SPK/BA.302/BA010102/2026
TUG5_TUG6,mr-tug5-78,MR-2026-000078,,1109.SPK/BA.302/BA010102/2026,spk-juli-78,Malahayati Baruna,,,Approved,2026-07-24T08:00:00.000Z,,,1109.SPK/BA.302/BA010102/2026,23,sp-juli-871,BOOSTER FO PUMP,6206 ZZ,2,2,pcs,0,10,Permintaan SPK 1109.SPK/BA.302/BA010102/2026
TUG5_TUG6,mr-tug5-78,MR-2026-000078,,1109.SPK/BA.302/BA010102/2026,spk-juli-78,Malahayati Baruna,,,Approved,2026-07-24T08:00:00.000Z,,,1109.SPK/BA.302/BA010102/2026,24,sp-juli-872,BOOSTER FO PUMP,6305 ZZ,2,2,pcs,0,10,Permintaan SPK 1109.SPK/BA.302/BA010102/2026
TUG5_TUG6,mr-tug5-78,MR-2026-000078,,1109.SPK/BA.302/BA010102/2026,spk-juli-78,Malahayati Baruna,,,Approved,2026-07-24T08:00:00.000Z,,,1109.SPK/BA.302/BA010102/2026,25,sp-juli-873,FEED PUMP,6308 ZZ,2,2,pcs,0,10,Permintaan SPK 1109.SPK/BA.302/BA010102/2026
TUG5_TUG6,mr-tug5-78,MR-2026-000078,,1109.SPK/BA.302/BA010102/2026,spk-juli-78,Malahayati Baruna,,,Approved,2026-07-24T08:00:00.000Z,,,1109.SPK/BA.302/BA010102/2026,26,sp-juli-874,FEED PUMP,6306 ZZ,2,2,pcs,0,10,Permintaan SPK 1109.SPK/BA.302/BA010102/2026
TUG5_TUG6,mr-tug5-78,MR-2026-000078,,1109.SPK/BA.302/BA010102/2026,spk-juli-78,Malahayati Baruna,,,Approved,2026-07-24T08:00:00.000Z,,,1109.SPK/BA.302/BA010102/2026,27,sp-juli-875,FO PURIFIER & LO PURIFIER,6308 ZZ,4,4,pcs,0,10,Permintaan SPK 1109.SPK/BA.302/BA010102/2026
TUG5_TUG6,mr-tug5-78,MR-2026-000078,,1109.SPK/BA.302/BA010102/2026,spk-juli-78,Malahayati Baruna,,,Approved,2026-07-24T08:00:00.000Z,,,1109.SPK/BA.302/BA010102/2026,28,sp-juli-876,FO PURIFIER & LO PURIFIER,6306 ZZ,4,4,pcs,0,10,Permintaan SPK 1109.SPK/BA.302/BA010102/2026
TUG5_TUG6,mr-tug5-78,MR-2026-000078,,1109.SPK/BA.302/BA010102/2026,spk-juli-78,Malahayati Baruna,,,Approved,2026-07-24T08:00:00.000Z,,,1109.SPK/BA.302/BA010102/2026,29,sp-juli-877,FW HYDROPHORE PUMP NO 1 & 2,6206 ZZ,4,4,pcs,0,10,Permintaan SPK 1109.SPK/BA.302/BA010102/2026
TUG5_TUG6,mr-tug5-78,MR-2026-000078,,1109.SPK/BA.302/BA010102/2026,spk-juli-78,Malahayati Baruna,,,Approved,2026-07-24T08:00:00.000Z,,,1109.SPK/BA.302/BA010102/2026,30,sp-juli-878,FW HYDROPHORE PUMP NO 1 & 2,6305 ZZ,4,4,pcs,0,10,Permintaan SPK 1109.SPK/BA.302/BA010102/2026
TUG5_TUG6,mr-tug5-78,MR-2026-000078,,1109.SPK/BA.302/BA010102/2026,spk-juli-78,Malahayati Baruna,,,Approved,2026-07-24T08:00:00.000Z,,,1109.SPK/BA.302/BA010102/2026,31,sp-juli-879,BLOWER BOILER,6205 ZZ,2,2,pcs,0,10,Permintaan SPK 1109.SPK/BA.302/BA010102/2026
TUG5_TUG6,mr-tug5-78,MR-2026-000078,,1109.SPK/BA.302/BA010102/2026,spk-juli-78,Malahayati Baruna,,,Approved,2026-07-24T08:00:00.000Z,,,1109.SPK/BA.302/BA010102/2026,32,sp-juli-879,BLOWER BOILER,6205 ZZ,2,2,pcs,0,10,Permintaan SPK 1109.SPK/BA.302/BA010102/2026
TUG5_TUG6,mr-tug5-78,MR-2026-000078,,1109.SPK/BA.302/BA010102/2026,spk-juli-78,Malahayati Baruna,,,Approved,2026-07-24T08:00:00.000Z,,,1109.SPK/BA.302/BA010102/2026,33,sp-juli-880,BLOWER INCINERATOR,6204 ZZ,2,2,pcs,0,10,Permintaan SPK 1109.SPK/BA.302/BA010102/2026
TUG5_TUG6,mr-tug5-78,MR-2026-000078,,1109.SPK/BA.302/BA010102/2026,spk-juli-78,Malahayati Baruna,,,Approved,2026-07-24T08:00:00.000Z,,,1109.SPK/BA.302/BA010102/2026,34,sp-juli-881,BLOWER INCINERATOR,6203 ZZ,2,2,pcs,0,10,Permintaan SPK 1109.SPK/BA.302/BA010102/2026
TUG5_TUG6,mr-tug5-78,MR-2026-000078,,1109.SPK/BA.302/BA010102/2026,spk-juli-78,Malahayati Baruna,,,Approved,2026-07-24T08:00:00.000Z,,,1109.SPK/BA.302/BA010102/2026,35,sp-juli-882,EXH. FAN PURIFIER,6204 ZZ,2,2,pcs,0,10,Permintaan SPK 1109.SPK/BA.302/BA010102/2026
TUG5_TUG6,mr-tug5-78,MR-2026-000078,,1109.SPK/BA.302/BA010102/2026,spk-juli-78,Malahayati Baruna,,,Approved,2026-07-24T08:00:00.000Z,,,1109.SPK/BA.302/BA010102/2026,36,sp-juli-883,EXH. FAN PURIFIER,6203 ZZ,2,2,pcs,0,10,Permintaan SPK 1109.SPK/BA.302/BA010102/2026
TUG5_TUG6,mr-tug5-78,MR-2026-000078,,1109.SPK/BA.302/BA010102/2026,spk-juli-78,Malahayati Baruna,,,Approved,2026-07-24T08:00:00.000Z,,,1109.SPK/BA.302/BA010102/2026,37,sp-juli-884,SEWAGE AIR PUMP,6204 ZZ,2,2,pcs,0,10,Permintaan SPK 1109.SPK/BA.302/BA010102/2026
TUG5_TUG6,mr-tug5-78,MR-2026-000078,,1109.SPK/BA.302/BA010102/2026,spk-juli-78,Malahayati Baruna,,,Approved,2026-07-24T08:00:00.000Z,,,1109.SPK/BA.302/BA010102/2026,38,sp-juli-885,SEWAGE AIR PUMP,6203 ZZ,2,2,pcs,0,10,Permintaan SPK 1109.SPK/BA.302/BA010102/2026
TUG5_TUG6,mr-tug5-78,MR-2026-000078,,1109.SPK/BA.302/BA010102/2026,spk-juli-78,Malahayati Baruna,,,Approved,2026-07-24T08:00:00.000Z,,,1109.SPK/BA.302/BA010102/2026,39,sp-juli-886,SEWAGE WATER PUMP,6205 ZZ,2,2,pcs,0,10,Permintaan SPK 1109.SPK/BA.302/BA010102/2026
TUG5_TUG6,mr-tug5-78,MR-2026-000078,,1109.SPK/BA.302/BA010102/2026,spk-juli-78,Malahayati Baruna,,,Approved,2026-07-24T08:00:00.000Z,,,1109.SPK/BA.302/BA010102/2026,40,sp-juli-886,SEWAGE WATER PUMP,6205 ZZ,2,2,pcs,0,10,Permintaan SPK 1109.SPK/BA.302/BA010102/2026
TUG5_TUG6,mr-tug5-78,MR-2026-000078,,1109.SPK/BA.302/BA010102/2026,spk-juli-78,Malahayati Baruna,,,Approved,2026-07-24T08:00:00.000Z,,,1109.SPK/BA.302/BA010102/2026,41,sp-juli-887,EXH. BLOWER SANITARY,6202 RS,2,2,pcs,0,10,Permintaan SPK 1109.SPK/BA.302/BA010102/2026
TUG5_TUG6,mr-tug5-78,MR-2026-000078,,1109.SPK/BA.302/BA010102/2026,spk-juli-78,Malahayati Baruna,,,Approved,2026-07-24T08:00:00.000Z,,,1109.SPK/BA.302/BA010102/2026,42,sp-juli-887,EXH. BLOWER SANITARY,6202 RS,2,2,pcs,0,10,Permintaan SPK 1109.SPK/BA.302/BA010102/2026
TUG5_TUG6,mr-tug5-78,MR-2026-000078,,1109.SPK/BA.302/BA010102/2026,spk-juli-78,Malahayati Baruna,,,Approved,2026-07-24T08:00:00.000Z,,,1109.SPK/BA.302/BA010102/2026,43,sp-juli-888,DECK CRANE NO 1-4,6220 C3,8,8,pcs,0,10,Permintaan SPK 1109.SPK/BA.302/BA010102/2026
TUG5_TUG6,mr-tug5-78,MR-2026-000078,,1109.SPK/BA.302/BA010102/2026,spk-juli-78,Malahayati Baruna,,,Approved,2026-07-24T08:00:00.000Z,,,1109.SPK/BA.302/BA010102/2026,44,sp-juli-889,DECK CRANE NO 1-4,6313 ZZ M,8,8,pcs,0,10,Permintaan SPK 1109.SPK/BA.302/BA010102/2026
TUG5_TUG6,mr-tug5-78,MR-2026-000078,,1109.SPK/BA.302/BA010102/2026,spk-juli-78,Malahayati Baruna,,,Approved,2026-07-24T08:00:00.000Z,,,1109.SPK/BA.302/BA010102/2026,45,sp-juli-890,FO TRANSFER PUMP,6309 ZZ,2,2,pcs,0,10,Permintaan SPK 1109.SPK/BA.302/BA010102/2026
TUG5_TUG6,mr-tug5-78,MR-2026-000078,,1109.SPK/BA.302/BA010102/2026,spk-juli-78,Malahayati Baruna,,,Approved,2026-07-24T08:00:00.000Z,,,1109.SPK/BA.302/BA010102/2026,46,sp-juli-891,FO TRANSFER PUMP,6307 ZZ,2,2,pcs,0,10,Permintaan SPK 1109.SPK/BA.302/BA010102/2026
TUG5_TUG6,mr-tug5-78,MR-2026-000078,,1109.SPK/BA.302/BA010102/2026,spk-juli-78,Malahayati Baruna,,,Approved,2026-07-24T08:00:00.000Z,,,1109.SPK/BA.302/BA010102/2026,47,sp-juli-892,DO TRANSFER PUMP,6306 ZZ,2,2,pcs,0,10,Permintaan SPK 1109.SPK/BA.302/BA010102/2026
TUG5_TUG6,mr-tug5-78,MR-2026-000078,,1109.SPK/BA.302/BA010102/2026,spk-juli-78,Malahayati Baruna,,,Approved,2026-07-24T08:00:00.000Z,,,1109.SPK/BA.302/BA010102/2026,48,sp-juli-892,DO TRANSFER PUMP,6306 ZZ,2,2,pcs,0,10,Permintaan SPK 1109.SPK/BA.302/BA010102/2026
TUG5_TUG6,mr-tug5-78,MR-2026-000078,,1109.SPK/BA.302/BA010102/2026,spk-juli-78,Malahayati Baruna,,,Approved,2026-07-24T08:00:00.000Z,,,1109.SPK/BA.302/BA010102/2026,49,sp-juli-873,FEED PUMP,6308 ZZ,4,4,pcs,0,10,Permintaan SPK 1109.SPK/BA.302/BA010102/2026
TUG5_TUG6,mr-tug5-78,MR-2026-000078,,1109.SPK/BA.302/BA010102/2026,spk-juli-78,Malahayati Baruna,,,Approved,2026-07-24T08:00:00.000Z,,,1109.SPK/BA.302/BA010102/2026,50,sp-juli-874,FEED PUMP,6306 ZZ,4,4,pcs,0,10,Permintaan SPK 1109.SPK/BA.302/BA010102/2026
TUG5_TUG6,mr-tug5-78,MR-2026-000078,,1109.SPK/BA.302/BA010102/2026,spk-juli-78,Malahayati Baruna,,,Approved,2026-07-24T08:00:00.000Z,,,1109.SPK/BA.302/BA010102/2026,51,sp-juli-893,HOT WATER CIRCULATION PUMP,6205 ZZ,2,2,pcs,0,10,Permintaan SPK 1109.SPK/BA.302/BA010102/2026
TUG5_TUG6,mr-tug5-78,MR-2026-000078,,1109.SPK/BA.302/BA010102/2026,spk-juli-78,Malahayati Baruna,,,Approved,2026-07-24T08:00:00.000Z,,,1109.SPK/BA.302/BA010102/2026,52,sp-juli-893,HOT WATER CIRCULATION PUMP,6205 ZZ,2,2,pcs,0,10,Permintaan SPK 1109.SPK/BA.302/BA010102/2026
TUG5_TUG6,mr-tug5-78,MR-2026-000078,,1109.SPK/BA.302/BA010102/2026,spk-juli-78,Malahayati Baruna,,,Approved,2026-07-24T08:00:00.000Z,,,1109.SPK/BA.302/BA010102/2026,53,sp-juli-894,BILGE WATER,6204 ZZ,2,2,pcs,0,10,Permintaan SPK 1109.SPK/BA.302/BA010102/2026
TUG5_TUG6,mr-tug5-78,MR-2026-000078,,1109.SPK/BA.302/BA010102/2026,spk-juli-78,Malahayati Baruna,,,Approved,2026-07-24T08:00:00.000Z,,,1109.SPK/BA.302/BA010102/2026,54,sp-juli-894,BILGE WATER,6204 ZZ,2,2,pcs,0,10,Permintaan SPK 1109.SPK/BA.302/BA010102/2026
TUG5_TUG6,mr-tug5-78,MR-2026-000078,,1109.SPK/BA.302/BA010102/2026,spk-juli-78,Malahayati Baruna,,,Approved,2026-07-24T08:00:00.000Z,,,1109.SPK/BA.302/BA010102/2026,55,sp-juli-895,SLUDGE PUMP,6206 ZZ,2,2,pcs,0,10,Permintaan SPK 1109.SPK/BA.302/BA010102/2026
TUG5_TUG6,mr-tug5-78,MR-2026-000078,,1109.SPK/BA.302/BA010102/2026,spk-juli-78,Malahayati Baruna,,,Approved,2026-07-24T08:00:00.000Z,,,1109.SPK/BA.302/BA010102/2026,56,sp-juli-896,SLUDGE PUMP,6305 ZZ,2,2,pcs,0,10,Permintaan SPK 1109.SPK/BA.302/BA010102/2026
TUG5_TUG6,mr-tug5-78,MR-2026-000078,,1109.SPK/BA.302/BA010102/2026,spk-juli-78,Malahayati Baruna,,,Approved,2026-07-24T08:00:00.000Z,,,1109.SPK/BA.302/BA010102/2026,57,sp-juli-897,E/H PUMP FOR DECK MACHINERY,6314 ZZ,8,8,pcs,0,10,Permintaan SPK 1109.SPK/BA.302/BA010102/2026
TUG5_TUG6,mr-tug5-78,MR-2026-000078,,1109.SPK/BA.302/BA010102/2026,spk-juli-78,Malahayati Baruna,,,Approved,2026-07-24T08:00:00.000Z,,,1109.SPK/BA.302/BA010102/2026,58,sp-juli-898,E/H PUMP FOR DECK MACHINERY,6212 ZZ,8,8,pcs,0,10,Permintaan SPK 1109.SPK/BA.302/BA010102/2026
TUG5_TUG6,mr-tug5-78,MR-2026-000078,,1109.SPK/BA.302/BA010102/2026,spk-juli-78,Malahayati Baruna,,,Approved,2026-07-24T08:00:00.000Z,,,1109.SPK/BA.302/BA010102/2026,59,sp-juli-899,E/R VENT FAN,6202 ZZ,2,2,pcs,0,10,Permintaan SPK 1109.SPK/BA.302/BA010102/2026
TUG5_TUG6,mr-tug5-78,MR-2026-000078,,1109.SPK/BA.302/BA010102/2026,spk-juli-78,Malahayati Baruna,,,Approved,2026-07-24T08:00:00.000Z,,,1109.SPK/BA.302/BA010102/2026,60,sp-juli-900,E/R VENT FAN,6310 ZZ,4,4,pcs,0,10,Permintaan SPK 1109.SPK/BA.302/BA010102/2026
TUG5_TUG6,mr-tug5-78,MR-2026-000078,,1109.SPK/BA.302/BA010102/2026,spk-juli-78,Malahayati Baruna,,,Approved,2026-07-24T08:00:00.000Z,,,1109.SPK/BA.302/BA010102/2026,61,sp-juli-901,E/R VENT FAN,6204 ZZ,2,2,pcs,0,10,Permintaan SPK 1109.SPK/BA.302/BA010102/2026
TUG5_TUG6,mr-tug5-78,MR-2026-000078,,1109.SPK/BA.302/BA010102/2026,spk-juli-78,Malahayati Baruna,,,Approved,2026-07-24T08:00:00.000Z,,,1109.SPK/BA.302/BA010102/2026,62,sp-juli-902,DECK CRANE ELMOT FAN,6208 ZZ,8,8,pcs,0,10,Permintaan SPK 1109.SPK/BA.302/BA010102/2026
TUG5_TUG6,mr-tug5-78,MR-2026-000078,,1109.SPK/BA.302/BA010102/2026,spk-juli-78,Malahayati Baruna,,,Approved,2026-07-24T08:00:00.000Z,,,1109.SPK/BA.302/BA010102/2026,63,sp-juli-902,DECK CRANE ELMOT FAN,6208 ZZ,8,8,pcs,0,10,Permintaan SPK 1109.SPK/BA.302/BA010102/2026
TUG5_TUG6,mr-tug5-78,MR-2026-000078,,1109.SPK/BA.302/BA010102/2026,spk-juli-78,Malahayati Baruna,,,Approved,2026-07-24T08:00:00.000Z,,,1109.SPK/BA.302/BA010102/2026,64,sp-juli-903,E/H PUMP HATCH COVER,6311 ZZ,4,4,pcs,0,10,Permintaan SPK 1109.SPK/BA.302/BA010102/2026
TUG5_TUG6,mr-tug5-78,MR-2026-000078,,1109.SPK/BA.302/BA010102/2026,spk-juli-78,Malahayati Baruna,,,Approved,2026-07-24T08:00:00.000Z,,,1109.SPK/BA.302/BA010102/2026,65,sp-juli-904,E/H PUMP HATCH COVER,6310 ZZ,4,4,pcs,0,10,Permintaan SPK 1109.SPK/BA.302/BA010102/2026
TUG5_TUG6,mr-tug5-78,MR-2026-000078,,1109.SPK/BA.302/BA010102/2026,spk-juli-78,Malahayati Baruna,,,Approved,2026-07-24T08:00:00.000Z,,,1109.SPK/BA.302/BA010102/2026,66,sp-juli-905,E/H PUMP STEERING GEAR NO 1 & NO 2,6311 ZZ,4,4,pcs,0,10,Permintaan SPK 1109.SPK/BA.302/BA010102/2026
TUG5_TUG6,mr-tug5-78,MR-2026-000078,,1109.SPK/BA.302/BA010102/2026,spk-juli-78,Malahayati Baruna,,,Approved,2026-07-24T08:00:00.000Z,,,1109.SPK/BA.302/BA010102/2026,67,sp-juli-906,E/H PUMP STEERING GEAR NO 1 & NO 2,7311 DB,4,4,pcs,0,10,Permintaan SPK 1109.SPK/BA.302/BA010102/2026
TUG5_TUG6,mr-tug5-79,MR-2026-000079,,1224.SPK/BA.202/BA010102/2026,spk-juli-79,Zalecha Baruna,,,Approved,2026-07-28T08:00:00.000Z,,,1224.SPK/BA.202/BA010102/2026,1,sp-juli-907,SAW DUST,25KG,20,20,pack,0,10,Permintaan SPK 1224.SPK/BA.202/BA010102/2026
TUG5_TUG6,mr-tug5-79,MR-2026-000079,,1224.SPK/BA.202/BA010102/2026,spk-juli-79,Zalecha Baruna,,,Approved,2026-07-28T08:00:00.000Z,,,1224.SPK/BA.202/BA010102/2026,2,sp-juli-908,BOHLAM CARGO,-,20,20,pcs,0,10,Permintaan SPK 1224.SPK/BA.202/BA010102/2026
TUG5_TUG6,mr-tug5-79,MR-2026-000079,,1224.SPK/BA.202/BA010102/2026,spk-juli-79,Zalecha Baruna,,,Approved,2026-07-28T08:00:00.000Z,,,1224.SPK/BA.202/BA010102/2026,3,sp-juli-909,KIPAS ANGIN,-,4,4,pcs,0,10,Permintaan SPK 1224.SPK/BA.202/BA010102/2026
TUG5_TUG6,mr-tug5-79,MR-2026-000079,,1224.SPK/BA.202/BA010102/2026,spk-juli-79,Zalecha Baruna,,,Approved,2026-07-28T08:00:00.000Z,,,1224.SPK/BA.202/BA010102/2026,4,sp-juli-910,WIRE FOR GRAB JANUS,-,8,8,set,0,10,Permintaan SPK 1224.SPK/BA.202/BA010102/2026
TUG5_TUG6,mr-tug5-80,MR-2026-000080,,1198.SPK/BA.302/BA010102/2026,spk-juli-80,Zalecha Baruna,,,Approved,2026-07-28T08:00:00.000Z,,,1198.SPK/BA.302/BA010102/2026,1,sp-juli-911,SOUNDING CAP & PIPE BILGES,"OD 60,5",22,22,pcs,0,10,Permintaan SPK 1198.SPK/BA.302/BA010102/2026
TUG5_TUG6,mr-tug5-80,MR-2026-000080,,1198.SPK/BA.302/BA010102/2026,spk-juli-80,Zalecha Baruna,,,Approved,2026-07-28T08:00:00.000Z,,,1198.SPK/BA.302/BA010102/2026,2,sp-juli-912,PIPE TST,"60,5",10,10,pcs,0,10,Permintaan SPK 1198.SPK/BA.302/BA010102/2026
TUG5_TUG6,mr-tug5-81,MR-2026-000081,,1217.SPK/BA.202/BA010102/2026,spk-juli-81,Zalecha Baruna,,,Approved,2026-07-28T08:00:00.000Z,,,1217.SPK/BA.202/BA010102/2026,1,sp-juli-913,REFILL OKSIGEN,-,12,12,lot,0,10,Permintaan SPK 1217.SPK/BA.202/BA010102/2026
TUG5_TUG6,mr-tug5-81,MR-2026-000081,,1217.SPK/BA.202/BA010102/2026,spk-juli-81,Zalecha Baruna,,,Approved,2026-07-28T08:00:00.000Z,,,1217.SPK/BA.202/BA010102/2026,2,sp-juli-914,REFILL LPG,-,1,1,lot,0,10,Permintaan SPK 1217.SPK/BA.202/BA010102/2026
TUG5_TUG6,mr-tug5-81,MR-2026-000081,,1217.SPK/BA.202/BA010102/2026,spk-juli-81,Zalecha Baruna,,,Approved,2026-07-28T08:00:00.000Z,,,1217.SPK/BA.202/BA010102/2026,3,sp-juli-564,PERIZINAN,-,1,1,lot,0,10,Permintaan SPK 1217.SPK/BA.202/BA010102/2026
TUG5_TUG6,mr-tug5-81,MR-2026-000081,,1217.SPK/BA.202/BA010102/2026,spk-juli-81,Zalecha Baruna,,,Approved,2026-07-28T08:00:00.000Z,,,1217.SPK/BA.202/BA010102/2026,4,sp-juli-915,PEMAKAIAN PICK UP,-,1,1,lot,0,10,Permintaan SPK 1217.SPK/BA.202/BA010102/2026
TUG5_TUG6,mr-tug5-81,MR-2026-000081,,1217.SPK/BA.202/BA010102/2026,spk-juli-81,Zalecha Baruna,,,Approved,2026-07-28T08:00:00.000Z,,,1217.SPK/BA.202/BA010102/2026,5,sp-juli-565,PENDAMPINGAN AGEN,-,1,1,lot,0,10,Permintaan SPK 1217.SPK/BA.202/BA010102/2026
TUG5_TUG6,mr-tug5-82,MR-2026-000082,,1204.SPK/BA.17/BA010102/2026,spk-juli-82,Zalecha Baruna,,,Approved,2026-07-28T08:00:00.000Z,,,1204.SPK/BA.17/BA010102/2026,1,sp-juli-916,LAMPU JTT HALOGEN LAMP 500W 230V,-,30,30,PCS,0,10,Permintaan SPK 1204.SPK/BA.17/BA010102/2026
TUG5_TUG6,mr-tug5-82,MR-2026-000082,,1204.SPK/BA.17/BA010102/2026,spk-juli-82,Zalecha Baruna,,,Approved,2026-07-28T08:00:00.000Z,,,1204.SPK/BA.17/BA010102/2026,2,sp-juli-917,LAMPU JTT HALOGEN LAMP 1000W 230V,-,30,30,PCS,0,10,Permintaan SPK 1204.SPK/BA.17/BA010102/2026
TUG5_TUG6,mr-tug5-82,MR-2026-000082,,1204.SPK/BA.17/BA010102/2026,spk-juli-82,Zalecha Baruna,,,Approved,2026-07-28T08:00:00.000Z,,,1204.SPK/BA.17/BA010102/2026,3,sp-juli-918,"KAP LAMPU TKI AKRILIK BENING 2X18W
(AKRILIK LEMBARAN 3 MM. PXL=67X24CM)",-,25,25,PCS,0,10,Permintaan SPK 1204.SPK/BA.17/BA010102/2026
TUG5_TUG6,mr-tug5-82,MR-2026-000082,,1204.SPK/BA.17/BA010102/2026,spk-juli-82,Zalecha Baruna,,,Approved,2026-07-28T08:00:00.000Z,,,1204.SPK/BA.17/BA010102/2026,4,sp-juli-919,"STARTER LAMPU NEON TL F-6-4P, 4-65W 220-240V",-,75,75,PCS,0,10,Permintaan SPK 1204.SPK/BA.17/BA010102/2026
TUG5_TUG6,mr-tug5-82,MR-2026-000082,,1204.SPK/BA.17/BA010102/2026,spk-juli-82,Zalecha Baruna,,,Approved,2026-07-28T08:00:00.000Z,,,1204.SPK/BA.17/BA010102/2026,5,sp-juli-920,"FREON R404A REFRIGERANT (10,9KG)",-,5,5,BOTOL,0,10,Permintaan SPK 1204.SPK/BA.17/BA010102/2026
TUG5_TUG6,mr-tug5-82,MR-2026-000082,,1204.SPK/BA.17/BA010102/2026,spk-juli-82,Zalecha Baruna,,,Approved,2026-07-28T08:00:00.000Z,,,1204.SPK/BA.17/BA010102/2026,6,sp-juli-921,KABEL SERABUT NYMHY/NYYHY 3X2.5,-,100,100,METER,0,10,Permintaan SPK 1204.SPK/BA.17/BA010102/2026
TUG5_TUG6,mr-tug5-82,MR-2026-000082,,1204.SPK/BA.17/BA010102/2026,spk-juli-82,Zalecha Baruna,,,Approved,2026-07-28T08:00:00.000Z,,,1204.SPK/BA.17/BA010102/2026,7,sp-juli-922,RED INSULATING VARNISH/SIRLAK/ VARNISH GULUNGAN DINAMO (400 ML),-,10,10,BOTOL,0,10,Permintaan SPK 1204.SPK/BA.17/BA010102/2026
TUG5_TUG6,mr-tug5-82,MR-2026-000082,,1204.SPK/BA.17/BA010102/2026,spk-juli-82,Zalecha Baruna,,,Approved,2026-07-28T08:00:00.000Z,,,1204.SPK/BA.17/BA010102/2026,8,sp-juli-923,"FLARING SWAGING TOOLS/FLARING PIPA AC
(UNTUK UKURAN PIPA 1/8-3/4)",-,2,2,SET,0,10,Permintaan SPK 1204.SPK/BA.17/BA010102/2026
TUG5_TUG6,mr-tug5-82,MR-2026-000082,,1204.SPK/BA.17/BA010102/2026,spk-juli-82,Zalecha Baruna,,,Approved,2026-07-28T08:00:00.000Z,,,1204.SPK/BA.17/BA010102/2026,9,sp-juli-924,BEARING 6205 ZZ,-,20,20,PCS,0,10,Permintaan SPK 1204.SPK/BA.17/BA010102/2026
TUG5_TUG6,mr-tug5-82,MR-2026-000082,,1204.SPK/BA.17/BA010102/2026,spk-juli-82,Zalecha Baruna,,,Approved,2026-07-28T08:00:00.000Z,,,1204.SPK/BA.17/BA010102/2026,10,sp-juli-925,STOP KONTAK 4 LUBANG 15A/250V,-,15,15,PCS,0,10,Permintaan SPK 1204.SPK/BA.17/BA010102/2026
TUG5_TUG6,mr-tug5-82,MR-2026-000082,,1204.SPK/BA.17/BA010102/2026,spk-juli-82,Zalecha Baruna,,,Approved,2026-07-28T08:00:00.000Z,,,1204.SPK/BA.17/BA010102/2026,11,sp-juli-926,STEKER/COLOKAN ARDE S-28 R. (B) (BENTUK BULAT),-,15,15,PCS,0,10,Permintaan SPK 1204.SPK/BA.17/BA010102/2026
TUG5_TUG6,mr-tug5-82,MR-2026-000082,,1204.SPK/BA.17/BA010102/2026,spk-juli-82,Zalecha Baruna,,,Approved,2026-07-28T08:00:00.000Z,,,1204.SPK/BA.17/BA010102/2026,12,sp-juli-927,TOOL BAGS 19/TAS PERKAKAS 19,-,2,2,PCS,0,10,Permintaan SPK 1204.SPK/BA.17/BA010102/2026
TUG5_TUG6,mr-tug5-82,MR-2026-000082,,1204.SPK/BA.17/BA010102/2026,spk-juli-82,Zalecha Baruna,,,Approved,2026-07-28T08:00:00.000Z,,,1204.SPK/BA.17/BA010102/2026,13,sp-juli-928,TELEPON KABEL SAHITEL S-37S. (12 DIGITS LCD DISPLAY),-,3,3,PCS,0,10,Permintaan SPK 1204.SPK/BA.17/BA010102/2026
TUG5_TUG6,mr-tug5-83,MR-2026-000083,,1197.SPK/PR.202/BA010102/2026,spk-juli-83,Srikandi Baruna 2001,,,Approved,2026-07-24T08:00:00.000Z,,,1197.SPK/PR.202/BA010102/2026,1,sp-juli-929,JASA PERBAIKAN BOLDER,-,1,1,lot,0,10,Permintaan SPK 1197.SPK/PR.202/BA010102/2026
TUG5_TUG6,mr-tug5-83,MR-2026-000083,,1197.SPK/PR.202/BA010102/2026,spk-juli-83,Srikandi Baruna 2001,,,Approved,2026-07-24T08:00:00.000Z,,,1197.SPK/PR.202/BA010102/2026,2,sp-juli-930,PLAT 120CMX100CMX10MM,-,1,1,lot,0,10,Permintaan SPK 1197.SPK/PR.202/BA010102/2026
TUG5_TUG6,mr-tug5-83,MR-2026-000083,,1197.SPK/PR.202/BA010102/2026,spk-juli-83,Srikandi Baruna 2001,,,Approved,2026-07-24T08:00:00.000Z,,,1197.SPK/PR.202/BA010102/2026,3,sp-juli-931,KAWAT LAS,-,1,1,lot,0,10,Permintaan SPK 1197.SPK/PR.202/BA010102/2026
TUG5_TUG6,mr-tug5-83,MR-2026-000083,,1197.SPK/PR.202/BA010102/2026,spk-juli-83,Srikandi Baruna 2001,,,Approved,2026-07-24T08:00:00.000Z,,,1197.SPK/PR.202/BA010102/2026,4,sp-juli-36,DISKON,-,1,1,lot,0,10,Permintaan SPK 1197.SPK/PR.202/BA010102/2026
TUG5_TUG6,mr-tug5-84,MR-2026-000084,,1196.SPK/BP.103/BA010102/2026,spk-juli-84,Martha Baruna,,,Approved,2026-07-28T08:00:00.000Z,,,1196.SPK/BP.103/BA010102/2026,1,sp-juli-932,JASA INSPEKSI ALAT DAN PELATIHAN LAPANGAN,-,1,1,lot,0,10,Permintaan SPK 1196.SPK/BP.103/BA010102/2026
TUG5_TUG6,mr-tug5-84,MR-2026-000084,,1196.SPK/BP.103/BA010102/2026,spk-juli-84,Martha Baruna,,,Approved,2026-07-28T08:00:00.000Z,,,1196.SPK/BP.103/BA010102/2026,2,sp-juli-339,TRANSPORTASI DAN AKOMODASI,-,1,1,lot,0,10,Permintaan SPK 1196.SPK/BP.103/BA010102/2026
TUG5_TUG6,mr-tug5-85,MR-2026-000085,,1149.SPK/BA.17/BA010102/2026,spk-juli-85,Kartini Baruna,,,Approved,2026-07-23T08:00:00.000Z,,,1149.SPK/BA.17/BA010102/2026,1,sp-juli-933,PLAT STRIP TEBAL 12mm X L 10 cm X P 6 m,-,20,20,batang,0,10,Permintaan SPK 1149.SPK/BA.17/BA010102/2026
TUG5_TUG6,mr-tug5-85,MR-2026-000085,,1149.SPK/BA.17/BA010102/2026,spk-juli-85,Kartini Baruna,,,Approved,2026-07-23T08:00:00.000Z,,,1149.SPK/BA.17/BA010102/2026,2,sp-juli-934,PIPA GALVANIS 3 INCH SC 80 mm X 6 m,-,16,16,batang,0,10,Permintaan SPK 1149.SPK/BA.17/BA010102/2026
TUG5_TUG6,mr-tug5-85,MR-2026-000085,,1149.SPK/BA.17/BA010102/2026,spk-juli-85,Kartini Baruna,,,Approved,2026-07-23T08:00:00.000Z,,,1149.SPK/BA.17/BA010102/2026,3,sp-juli-935,PIPA GLAVANIS 1 INCH SC 80 mm X 6 m,-,30,30,batang,0,10,Permintaan SPK 1149.SPK/BA.17/BA010102/2026
TUG5_TUG6,mr-tug5-85,MR-2026-000085,,1149.SPK/BA.17/BA010102/2026,spk-juli-85,Kartini Baruna,,,Approved,2026-07-23T08:00:00.000Z,,,1149.SPK/BA.17/BA010102/2026,4,sp-juli-936,PLAT TEBAL 10 mm X L 1.2 M X 2.4 M,LEMBAR,5,5,pcs,0,10,Permintaan SPK 1149.SPK/BA.17/BA010102/2026
TUG5_TUG6,mr-tug5-85,MR-2026-000085,,1149.SPK/BA.17/BA010102/2026,spk-juli-85,Kartini Baruna,,,Approved,2026-07-23T08:00:00.000Z,,,1149.SPK/BA.17/BA010102/2026,5,sp-juli-937,PLAT SIKU TEBAL 3 mm X 5 cm X 5 cm X 6 m,-,30,30,batang,0,10,Permintaan SPK 1149.SPK/BA.17/BA010102/2026
TUG5_TUG6,mr-tug5-85,MR-2026-000085,,1149.SPK/BA.17/BA010102/2026,spk-juli-85,Kartini Baruna,,,Approved,2026-07-23T08:00:00.000Z,,,1149.SPK/BA.17/BA010102/2026,6,sp-juli-938,PLAT SIKU TEBAL 3 mm X 8 cm X 8 cm X 6 m,-,20,20,batang,0,10,Permintaan SPK 1149.SPK/BA.17/BA010102/2026
TUG5_TUG6,mr-tug5-86,MR-2026-000086,,1250.SPK/BA.302/BA010102/2026,spk-juli-86,Walidah Baruna,,,Approved,2026-07-30T08:00:00.000Z,,,1250.SPK/BA.302/BA010102/2026,1,sp-juli-939,"SHEAVE PULLEY CRANE PCD700, S35C, S25C",-,11,11,pcs,0,10,Permintaan SPK 1250.SPK/BA.302/BA010102/2026
TUG5_TUG6,mr-tug5-87,MR-2026-000087,,1203.SPK/BA.202/BA010102/2026,spk-juli-87,Zalecha Baruna,,,Approved,2026-07-23T08:00:00.000Z,,,1203.SPK/BA.202/BA010102/2026,1,sp-juli-940,MAJUN,-,300,300,kg,0,10,Permintaan SPK 1203.SPK/BA.202/BA010102/2026
TUG5_TUG6,mr-tug5-87,MR-2026-000087,,1203.SPK/BA.202/BA010102/2026,spk-juli-87,Zalecha Baruna,,,Approved,2026-07-23T08:00:00.000Z,,,1203.SPK/BA.202/BA010102/2026,2,sp-juli-941,HAND GLOVES / SARUNG TANGAN KAOS,-,100,100,lusin,0,10,Permintaan SPK 1203.SPK/BA.202/BA010102/2026
TUG5_TUG6,mr-tug5-87,MR-2026-000087,,1203.SPK/BA.202/BA010102/2026,spk-juli-87,Zalecha Baruna,,,Approved,2026-07-23T08:00:00.000Z,,,1203.SPK/BA.202/BA010102/2026,3,sp-juli-942,DETERJEN POWDER (RINSO),-,10,10,pcs,0,10,Permintaan SPK 1203.SPK/BA.202/BA010102/2026
TUG5_TUG6,mr-tug5-87,MR-2026-000087,,1203.SPK/BA.202/BA010102/2026,spk-juli-87,Zalecha Baruna,,,Approved,2026-07-23T08:00:00.000Z,,,1203.SPK/BA.202/BA010102/2026,4,sp-juli-943,SOAP CREAM (SABUN COLEK),-,5,5,pcs,0,10,Permintaan SPK 1203.SPK/BA.202/BA010102/2026
TUG5_TUG6,mr-tug5-87,MR-2026-000087,,1203.SPK/BA.202/BA010102/2026,spk-juli-87,Zalecha Baruna,,,Approved,2026-07-23T08:00:00.000Z,,,1203.SPK/BA.202/BA010102/2026,5,sp-juli-944,WD 40,-,48,48,pcs,0,10,Permintaan SPK 1203.SPK/BA.202/BA010102/2026
TUG5_TUG6,mr-tug5-87,MR-2026-000087,,1203.SPK/BA.202/BA010102/2026,spk-juli-87,Zalecha Baruna,,,Approved,2026-07-23T08:00:00.000Z,,,1203.SPK/BA.202/BA010102/2026,6,sp-juli-945,PENETRAN (PERONTOK KARAT) STP AP-75,-,48,48,pcs,0,10,Permintaan SPK 1203.SPK/BA.202/BA010102/2026
TUG5_TUG6,mr-tug5-87,MR-2026-000087,,1203.SPK/BA.202/BA010102/2026,spk-juli-87,Zalecha Baruna,,,Approved,2026-07-23T08:00:00.000Z,,,1203.SPK/BA.202/BA010102/2026,7,sp-juli-946,HOSE FOR OXIGEN-ACITELIN,-,1,1,roll,0,10,Permintaan SPK 1203.SPK/BA.202/BA010102/2026
TUG5_TUG6,mr-tug5-87,MR-2026-000087,,1203.SPK/BA.202/BA010102/2026,spk-juli-87,Zalecha Baruna,,,Approved,2026-07-23T08:00:00.000Z,,,1203.SPK/BA.202/BA010102/2026,8,sp-juli-947,RED SILICON,-,36,36,pcs,0,10,Permintaan SPK 1203.SPK/BA.202/BA010102/2026
TUG5_TUG6,mr-tug5-87,MR-2026-000087,,1203.SPK/BA.202/BA010102/2026,spk-juli-87,Zalecha Baruna,,,Approved,2026-07-23T08:00:00.000Z,,,1203.SPK/BA.202/BA010102/2026,9,sp-juli-948,SENTER MEREK PELIKAN,-,4,4,pcs,0,10,Permintaan SPK 1203.SPK/BA.202/BA010102/2026
TUG5_TUG6,mr-tug5-87,MR-2026-000087,,1203.SPK/BA.202/BA010102/2026,spk-juli-87,Zalecha Baruna,,,Approved,2026-07-23T08:00:00.000Z,,,1203.SPK/BA.202/BA010102/2026,10,sp-juli-125,SENTER KEPALA,-,12,12,pcs,0,10,Permintaan SPK 1203.SPK/BA.202/BA010102/2026
TUG5_TUG6,mr-tug5-87,MR-2026-000087,,1203.SPK/BA.202/BA010102/2026,spk-juli-87,Zalecha Baruna,,,Approved,2026-07-23T08:00:00.000Z,,,1203.SPK/BA.202/BA010102/2026,11,sp-juli-949,TREEBOND 1104,-,6,6,pcs,0,10,Permintaan SPK 1203.SPK/BA.202/BA010102/2026
TUG5_TUG6,mr-tug5-87,MR-2026-000087,,1203.SPK/BA.202/BA010102/2026,spk-juli-87,Zalecha Baruna,,,Approved,2026-07-23T08:00:00.000Z,,,1203.SPK/BA.202/BA010102/2026,12,sp-juli-950,CORDOBON,-,10,10,pcs,0,10,Permintaan SPK 1203.SPK/BA.202/BA010102/2026
TUG5_TUG6,mr-tug5-87,MR-2026-000087,,1203.SPK/BA.202/BA010102/2026,spk-juli-87,Zalecha Baruna,,,Approved,2026-07-23T08:00:00.000Z,,,1203.SPK/BA.202/BA010102/2026,13,sp-juli-951,SERAT FIBER (LEBARAN),-,24,24,meter,0,10,Permintaan SPK 1203.SPK/BA.202/BA010102/2026
TUG5_TUG6,mr-tug5-87,MR-2026-000087,,1203.SPK/BA.202/BA010102/2026,spk-juli-87,Zalecha Baruna,,,Approved,2026-07-23T08:00:00.000Z,,,1203.SPK/BA.202/BA010102/2026,14,sp-juli-952,RESIN + KATALIS,-,3,3,liter,0,10,Permintaan SPK 1203.SPK/BA.202/BA010102/2026
TUG5_TUG6,mr-tug5-87,MR-2026-000087,,1203.SPK/BA.202/BA010102/2026,spk-juli-87,Zalecha Baruna,,,Approved,2026-07-23T08:00:00.000Z,,,1203.SPK/BA.202/BA010102/2026,15,sp-juli-953,KARUNG GONI,-,50,50,pcs,0,10,Permintaan SPK 1203.SPK/BA.202/BA010102/2026
TUG5_TUG6,mr-tug5-87,MR-2026-000087,,1203.SPK/BA.202/BA010102/2026,spk-juli-87,Zalecha Baruna,,,Approved,2026-07-23T08:00:00.000Z,,,1203.SPK/BA.202/BA010102/2026,16,sp-juli-954,EXTENSION OFFSET SOCK LY,-,2,2,pcs,0,10,Permintaan SPK 1203.SPK/BA.202/BA010102/2026
TUG5_TUG6,mr-tug5-87,MR-2026-000087,,1203.SPK/BA.202/BA010102/2026,spk-juli-87,Zalecha Baruna,,,Approved,2026-07-23T08:00:00.000Z,,,1203.SPK/BA.202/BA010102/2026,17,sp-juli-955,DRESSING BELT,-,12,12,pcs,0,10,Permintaan SPK 1203.SPK/BA.202/BA010102/2026
TUG5_TUG6,mr-tug5-87,MR-2026-000087,,1203.SPK/BA.202/BA010102/2026,spk-juli-87,Zalecha Baruna,,,Approved,2026-07-23T08:00:00.000Z,,,1203.SPK/BA.202/BA010102/2026,18,sp-juli-956,TRACKBELT 5 CM X 10 METER,-,3,3,pcs,0,10,Permintaan SPK 1203.SPK/BA.202/BA010102/2026
TUG5_TUG6,mr-tug5-87,MR-2026-000087,,1203.SPK/BA.202/BA010102/2026,spk-juli-87,Zalecha Baruna,,,Approved,2026-07-23T08:00:00.000Z,,,1203.SPK/BA.202/BA010102/2026,19,sp-juli-957,TRACKBELT 5 CM X 15 METER,-,2,2,pcs,0,10,Permintaan SPK 1203.SPK/BA.202/BA010102/2026
TUG5_TUG6,mr-tug5-87,MR-2026-000087,,1203.SPK/BA.202/BA010102/2026,spk-juli-87,Zalecha Baruna,,,Approved,2026-07-23T08:00:00.000Z,,,1203.SPK/BA.202/BA010102/2026,20,sp-juli-958,KUNCI L,-,2,2,pcs,0,10,Permintaan SPK 1203.SPK/BA.202/BA010102/2026
TUG5_TUG6,mr-tug5-87,MR-2026-000087,,1203.SPK/BA.202/BA010102/2026,spk-juli-87,Zalecha Baruna,,,Approved,2026-07-23T08:00:00.000Z,,,1203.SPK/BA.202/BA010102/2026,21,sp-juli-959,GUNTING SENG,-,3,3,pcs,0,10,Permintaan SPK 1203.SPK/BA.202/BA010102/2026
TUG5_TUG6,mr-tug5-87,MR-2026-000087,,1203.SPK/BA.202/BA010102/2026,spk-juli-87,Zalecha Baruna,,,Approved,2026-07-23T08:00:00.000Z,,,1203.SPK/BA.202/BA010102/2026,22,sp-juli-960,GUNTING PACKING,-,3,3,pcs,0,10,Permintaan SPK 1203.SPK/BA.202/BA010102/2026
TUG5_TUG6,mr-tug5-87,MR-2026-000087,,1203.SPK/BA.202/BA010102/2026,spk-juli-87,Zalecha Baruna,,,Approved,2026-07-23T08:00:00.000Z,,,1203.SPK/BA.202/BA010102/2026,23,sp-juli-961,VALVE GRINDING MACHINE TYPE TS 88,-,2,2,unit,0,10,Permintaan SPK 1203.SPK/BA.202/BA010102/2026
TUG5_TUG6,mr-tug5-87,MR-2026-000087,,1203.SPK/BA.202/BA010102/2026,spk-juli-87,Zalecha Baruna,,,Approved,2026-07-23T08:00:00.000Z,,,1203.SPK/BA.202/BA010102/2026,24,sp-juli-962,HYDROTESTER P/P MODEL KYOWA T60KP,-,1,1,unit,0,10,Permintaan SPK 1203.SPK/BA.202/BA010102/2026
TUG5_TUG6,mr-tug5-87,MR-2026-000087,,1203.SPK/BA.202/BA010102/2026,spk-juli-87,Zalecha Baruna,,,Approved,2026-07-23T08:00:00.000Z,,,1203.SPK/BA.202/BA010102/2026,25,sp-juli-963,DRILL BIT / MATA BOR MADE JERMAN,-,2,2,set,0,10,Permintaan SPK 1203.SPK/BA.202/BA010102/2026
TUG5_TUG6,mr-tug5-87,MR-2026-000087,,1203.SPK/BA.202/BA010102/2026,spk-juli-87,Zalecha Baruna,,,Approved,2026-07-23T08:00:00.000Z,,,1203.SPK/BA.202/BA010102/2026,26,sp-juli-964,KASSA NYAMUK,-,1,1,roll,0,10,Permintaan SPK 1203.SPK/BA.202/BA010102/2026
TUG5_TUG6,mr-tug5-87,MR-2026-000087,,1203.SPK/BA.202/BA010102/2026,spk-juli-87,Zalecha Baruna,,,Approved,2026-07-23T08:00:00.000Z,,,1203.SPK/BA.202/BA010102/2026,27,sp-juli-965,LONG DRAT M10,-,4,4,batang,0,10,Permintaan SPK 1203.SPK/BA.202/BA010102/2026
TUG5_TUG6,mr-tug5-87,MR-2026-000087,,1203.SPK/BA.202/BA010102/2026,spk-juli-87,Zalecha Baruna,,,Approved,2026-07-23T08:00:00.000Z,,,1203.SPK/BA.202/BA010102/2026,28,sp-juli-966,LONG DRAT M12,-,4,4,batang,0,10,Permintaan SPK 1203.SPK/BA.202/BA010102/2026
TUG5_TUG6,mr-tug5-87,MR-2026-000087,,1203.SPK/BA.202/BA010102/2026,spk-juli-87,Zalecha Baruna,,,Approved,2026-07-23T08:00:00.000Z,,,1203.SPK/BA.202/BA010102/2026,29,sp-juli-967,LONG DRAT M 14,-,2,2,batang,0,10,Permintaan SPK 1203.SPK/BA.202/BA010102/2026
TUG5_TUG6,mr-tug5-87,MR-2026-000087,,1203.SPK/BA.202/BA010102/2026,spk-juli-87,Zalecha Baruna,,,Approved,2026-07-23T08:00:00.000Z,,,1203.SPK/BA.202/BA010102/2026,30,sp-juli-968,LONG DRAT M 16,-,2,2,batang,0,10,Permintaan SPK 1203.SPK/BA.202/BA010102/2026
TUG5_TUG6,mr-tug5-87,MR-2026-000087,,1203.SPK/BA.202/BA010102/2026,spk-juli-87,Zalecha Baruna,,,Approved,2026-07-23T08:00:00.000Z,,,1203.SPK/BA.202/BA010102/2026,31,sp-juli-969,KAPUR LAS,-,1,1,pcs,0,10,Permintaan SPK 1203.SPK/BA.202/BA010102/2026
TUG5_TUG6,mr-tug5-87,MR-2026-000087,,1203.SPK/BA.202/BA010102/2026,spk-juli-87,Zalecha Baruna,,,Approved,2026-07-23T08:00:00.000Z,,,1203.SPK/BA.202/BA010102/2026,32,sp-juli-970,KACA LAS HITAM NO.10,-,20,20,pcs,0,10,Permintaan SPK 1203.SPK/BA.202/BA010102/2026
TUG5_TUG6,mr-tug5-87,MR-2026-000087,,1203.SPK/BA.202/BA010102/2026,spk-juli-87,Zalecha Baruna,,,Approved,2026-07-23T08:00:00.000Z,,,1203.SPK/BA.202/BA010102/2026,33,sp-juli-971,TOPENG LAS FULL FACE,-,2,2,pcs,0,10,Permintaan SPK 1203.SPK/BA.202/BA010102/2026
TUG5_TUG6,mr-tug5-87,MR-2026-000087,,1203.SPK/BA.202/BA010102/2026,spk-juli-87,Zalecha Baruna,,,Approved,2026-07-23T08:00:00.000Z,,,1203.SPK/BA.202/BA010102/2026,34,sp-juli-972,"KUNCI PIPA UK 8"" INCHI",-,2,2,pcs,0,10,Permintaan SPK 1203.SPK/BA.202/BA010102/2026
TUG5_TUG6,mr-tug5-87,MR-2026-000087,,1203.SPK/BA.202/BA010102/2026,spk-juli-87,Zalecha Baruna,,,Approved,2026-07-23T08:00:00.000Z,,,1203.SPK/BA.202/BA010102/2026,35,sp-juli-973,"KUNCI PIPA UK 10"" INCHI",-,2,2,pcs,0,10,Permintaan SPK 1203.SPK/BA.202/BA010102/2026
TUG5_TUG6,mr-tug5-87,MR-2026-000087,,1203.SPK/BA.202/BA010102/2026,spk-juli-87,Zalecha Baruna,,,Approved,2026-07-23T08:00:00.000Z,,,1203.SPK/BA.202/BA010102/2026,36,sp-juli-974,HYDROLIK JACK BENDING PIPE,-,1,1,set,0,10,Permintaan SPK 1203.SPK/BA.202/BA010102/2026
TUG5_TUG6,mr-tug5-87,MR-2026-000087,,1203.SPK/BA.202/BA010102/2026,spk-juli-87,Zalecha Baruna,,,Approved,2026-07-23T08:00:00.000Z,,,1203.SPK/BA.202/BA010102/2026,37,sp-juli-975,DONGKRAK BOTOL CAP 1 TON,-,2,2,pcs,0,10,Permintaan SPK 1203.SPK/BA.202/BA010102/2026
TUG5_TUG6,mr-tug5-87,MR-2026-000087,,1203.SPK/BA.202/BA010102/2026,spk-juli-87,Zalecha Baruna,,,Approved,2026-07-23T08:00:00.000Z,,,1203.SPK/BA.202/BA010102/2026,38,sp-juli-976,DONGKRAK BOTOL CAP 5 TON,-,2,2,pcs,0,10,Permintaan SPK 1203.SPK/BA.202/BA010102/2026
TUG5_TUG6,mr-tug5-87,MR-2026-000087,,1203.SPK/BA.202/BA010102/2026,spk-juli-87,Zalecha Baruna,,,Approved,2026-07-23T08:00:00.000Z,,,1203.SPK/BA.202/BA010102/2026,39,sp-juli-977,COUPLER SOCKET AIR PLUG,-,12,12,set,0,10,Permintaan SPK 1203.SPK/BA.202/BA010102/2026
TUG5_TUG6,mr-tug5-87,MR-2026-000087,,1203.SPK/BA.202/BA010102/2026,spk-juli-87,Zalecha Baruna,,,Approved,2026-07-23T08:00:00.000Z,,,1203.SPK/BA.202/BA010102/2026,40,sp-juli-978,DRUM LIFTER,-,4,4,set,0,10,Permintaan SPK 1203.SPK/BA.202/BA010102/2026
TUG5_TUG6,mr-tug5-87,MR-2026-000087,,1203.SPK/BA.202/BA010102/2026,spk-juli-87,Zalecha Baruna,,,Approved,2026-07-23T08:00:00.000Z,,,1203.SPK/BA.202/BA010102/2026,41,sp-juli-979,"KUNCI INGGRIS 12"" INCH",-,4,4,pcs,0,10,Permintaan SPK 1203.SPK/BA.202/BA010102/2026
TUG5_TUG6,mr-tug5-87,MR-2026-000087,,1203.SPK/BA.202/BA010102/2026,spk-juli-87,Zalecha Baruna,,,Approved,2026-07-23T08:00:00.000Z,,,1203.SPK/BA.202/BA010102/2026,42,sp-juli-980,"KUNCI INGGRIS 8"" INCH",-,4,4,pcs,0,10,Permintaan SPK 1203.SPK/BA.202/BA010102/2026
TUG5_TUG6,mr-tug5-87,MR-2026-000087,,1203.SPK/BA.202/BA010102/2026,spk-juli-87,Zalecha Baruna,,,Approved,2026-07-23T08:00:00.000Z,,,1203.SPK/BA.202/BA010102/2026,43,sp-juli-981,KUNCI RACHET SCAFFOLDING UK 46,-,2,2,pcs,0,10,Permintaan SPK 1203.SPK/BA.202/BA010102/2026
TUG5_TUG6,mr-tug5-87,MR-2026-000087,,1203.SPK/BA.202/BA010102/2026,spk-juli-87,Zalecha Baruna,,,Approved,2026-07-23T08:00:00.000Z,,,1203.SPK/BA.202/BA010102/2026,44,sp-juli-982,IMPACT Merk DONG CHENG Type DCPB1218,-,2,2,set,0,10,Permintaan SPK 1203.SPK/BA.202/BA010102/2026
TUG5_TUG6,mr-tug5-87,MR-2026-000087,,1203.SPK/BA.202/BA010102/2026,spk-juli-87,Zalecha Baruna,,,Approved,2026-07-23T08:00:00.000Z,,,1203.SPK/BA.202/BA010102/2026,45,sp-juli-983,KAWAT LAS LB (4.mm),-,20,20,kg,0,10,Permintaan SPK 1203.SPK/BA.202/BA010102/2026
TUG5_TUG6,mr-tug5-87,MR-2026-000087,,1203.SPK/BA.202/BA010102/2026,spk-juli-87,Zalecha Baruna,,,Approved,2026-07-23T08:00:00.000Z,,,1203.SPK/BA.202/BA010102/2026,46,sp-juli-984,"KAWAT LAS LB (3,2mm)",-,20,20,kg,0,10,Permintaan SPK 1203.SPK/BA.202/BA010102/2026
TUG5_TUG6,mr-tug5-87,MR-2026-000087,,1203.SPK/BA.202/BA010102/2026,spk-juli-87,Zalecha Baruna,,,Approved,2026-07-23T08:00:00.000Z,,,1203.SPK/BA.202/BA010102/2026,47,sp-juli-985,KAWAT LAS LB (2.6 mm),-,20,20,kg,0,10,Permintaan SPK 1203.SPK/BA.202/BA010102/2026
TUG5_TUG6,mr-tug5-87,MR-2026-000087,,1203.SPK/BA.202/BA010102/2026,spk-juli-87,Zalecha Baruna,,,Approved,2026-07-23T08:00:00.000Z,,,1203.SPK/BA.202/BA010102/2026,48,sp-juli-986,WIRE ROPE Dia. 10mm panjang 100cm with eye splice,-,4,4,pcs,0,10,Permintaan SPK 1203.SPK/BA.202/BA010102/2026
TUG5_TUG6,mr-tug5-87,MR-2026-000087,,1203.SPK/BA.202/BA010102/2026,spk-juli-87,Zalecha Baruna,,,Approved,2026-07-23T08:00:00.000Z,,,1203.SPK/BA.202/BA010102/2026,49,sp-juli-987,WIRE ROPE Dia. 16mm panjang 150cm with eye splice,-,4,4,pcs,0,10,Permintaan SPK 1203.SPK/BA.202/BA010102/2026
TUG5_TUG6,mr-tug5-87,MR-2026-000087,,1203.SPK/BA.202/BA010102/2026,spk-juli-87,Zalecha Baruna,,,Approved,2026-07-23T08:00:00.000Z,,,1203.SPK/BA.202/BA010102/2026,50,sp-juli-988,EYE BOLT M12,-,6,6,pcs,0,10,Permintaan SPK 1203.SPK/BA.202/BA010102/2026
TUG5_TUG6,mr-tug5-87,MR-2026-000087,,1203.SPK/BA.202/BA010102/2026,spk-juli-87,Zalecha Baruna,,,Approved,2026-07-23T08:00:00.000Z,,,1203.SPK/BA.202/BA010102/2026,51,sp-juli-989,EYE BOLT M14,-,6,6,pcs,0,10,Permintaan SPK 1203.SPK/BA.202/BA010102/2026
TUG5_TUG6,mr-tug5-87,MR-2026-000087,,1203.SPK/BA.202/BA010102/2026,spk-juli-87,Zalecha Baruna,,,Approved,2026-07-23T08:00:00.000Z,,,1203.SPK/BA.202/BA010102/2026,52,sp-juli-990,EYE BOLT M16,-,6,6,pcs,0,10,Permintaan SPK 1203.SPK/BA.202/BA010102/2026
TUG5_TUG6,mr-tug5-87,MR-2026-000087,,1203.SPK/BA.202/BA010102/2026,spk-juli-87,Zalecha Baruna,,,Approved,2026-07-23T08:00:00.000Z,,,1203.SPK/BA.202/BA010102/2026,53,sp-juli-991,STRAIGHT SHACKLES 1 Ton,-,6,6,pcs,0,10,Permintaan SPK 1203.SPK/BA.202/BA010102/2026
TUG5_TUG6,mr-tug5-87,MR-2026-000087,,1203.SPK/BA.202/BA010102/2026,spk-juli-87,Zalecha Baruna,,,Approved,2026-07-23T08:00:00.000Z,,,1203.SPK/BA.202/BA010102/2026,54,sp-juli-992,STRAIGHT SHACKLES 2 Ton,-,6,6,pcs,0,10,Permintaan SPK 1203.SPK/BA.202/BA010102/2026
TUG5_TUG6,mr-tug5-87,MR-2026-000087,,1203.SPK/BA.202/BA010102/2026,spk-juli-87,Zalecha Baruna,,,Approved,2026-07-23T08:00:00.000Z,,,1203.SPK/BA.202/BA010102/2026,55,sp-juli-993,STRAIGHT SHACKLES 4 Ton,-,6,6,pcs,0,10,Permintaan SPK 1203.SPK/BA.202/BA010102/2026
TUG5_TUG6,mr-tug5-87,MR-2026-000087,,1203.SPK/BA.202/BA010102/2026,spk-juli-87,Zalecha Baruna,,,Approved,2026-07-23T08:00:00.000Z,,,1203.SPK/BA.202/BA010102/2026,56,sp-juli-994,MASKER GAS RESPIRATOR KN95 + kacamata,-,4,4,pcs,0,10,Permintaan SPK 1203.SPK/BA.202/BA010102/2026
TUG5_TUG6,mr-tug5-87,MR-2026-000087,,1203.SPK/BA.202/BA010102/2026,spk-juli-87,Zalecha Baruna,,,Approved,2026-07-23T08:00:00.000Z,,,1203.SPK/BA.202/BA010102/2026,57,sp-juli-995,BOLT & NUT M8 X 5 CM,-,200,200,pcs,0,10,Permintaan SPK 1203.SPK/BA.202/BA010102/2026
TUG5_TUG6,mr-tug5-87,MR-2026-000087,,1203.SPK/BA.202/BA010102/2026,spk-juli-87,Zalecha Baruna,,,Approved,2026-07-23T08:00:00.000Z,,,1203.SPK/BA.202/BA010102/2026,58,sp-juli-996,BOLT & NUT M10 X 7 CM,-,200,200,pcs,0,10,Permintaan SPK 1203.SPK/BA.202/BA010102/2026
TUG5_TUG6,mr-tug5-87,MR-2026-000087,,1203.SPK/BA.202/BA010102/2026,spk-juli-87,Zalecha Baruna,,,Approved,2026-07-23T08:00:00.000Z,,,1203.SPK/BA.202/BA010102/2026,59,sp-juli-997,BOLT & NUT M12 X 7 CM,-,200,200,pcs,0,10,Permintaan SPK 1203.SPK/BA.202/BA010102/2026
TUG5_TUG6,mr-tug5-87,MR-2026-000087,,1203.SPK/BA.202/BA010102/2026,spk-juli-87,Zalecha Baruna,,,Approved,2026-07-23T08:00:00.000Z,,,1203.SPK/BA.202/BA010102/2026,60,sp-juli-998,BOLT & NUT M14 X 7 CM,-,200,200,pcs,0,10,Permintaan SPK 1203.SPK/BA.202/BA010102/2026
TUG5_TUG6,mr-tug5-87,MR-2026-000087,,1203.SPK/BA.202/BA010102/2026,spk-juli-87,Zalecha Baruna,,,Approved,2026-07-23T08:00:00.000Z,,,1203.SPK/BA.202/BA010102/2026,61,sp-juli-999,BOLT & NUT M16 X 10 CM,-,200,200,pcs,0,10,Permintaan SPK 1203.SPK/BA.202/BA010102/2026
TUG5_TUG6,mr-tug5-87,MR-2026-000087,,1203.SPK/BA.202/BA010102/2026,spk-juli-87,Zalecha Baruna,,,Approved,2026-07-23T08:00:00.000Z,,,1203.SPK/BA.202/BA010102/2026,62,sp-juli-1000,"FOOT VALVE / TUSSEN KLEP 1"" INCHI",-,2,2,pcs,0,10,Permintaan SPK 1203.SPK/BA.202/BA010102/2026
TUG5_TUG6,mr-tug5-87,MR-2026-000087,,1203.SPK/BA.202/BA010102/2026,spk-juli-87,Zalecha Baruna,,,Approved,2026-07-23T08:00:00.000Z,,,1203.SPK/BA.202/BA010102/2026,63,sp-juli-1001,KAIN PEL REFFIL,-,40,40,pcs,0,10,Permintaan SPK 1203.SPK/BA.202/BA010102/2026
TUG5_TUG6,mr-tug5-87,MR-2026-000087,,1203.SPK/BA.202/BA010102/2026,spk-juli-87,Zalecha Baruna,,,Approved,2026-07-23T08:00:00.000Z,,,1203.SPK/BA.202/BA010102/2026,64,sp-juli-1002,CORONG PLASTIK UK 10,-,5,5,pcs,0,10,Permintaan SPK 1203.SPK/BA.202/BA010102/2026
TUG5_TUG6,mr-tug5-87,MR-2026-000087,,1203.SPK/BA.202/BA010102/2026,spk-juli-87,Zalecha Baruna,,,Approved,2026-07-23T08:00:00.000Z,,,1203.SPK/BA.202/BA010102/2026,65,sp-juli-1003,"CORONG PLASTIK UK 3""",-,5,5,pcs,0,10,Permintaan SPK 1203.SPK/BA.202/BA010102/2026
TUG5_TUG6,mr-tug5-87,MR-2026-000087,,1203.SPK/BA.202/BA010102/2026,spk-juli-87,Zalecha Baruna,,,Approved,2026-07-23T08:00:00.000Z,,,1203.SPK/BA.202/BA010102/2026,66,sp-juli-1004,O RING KIT SET,-,1,1,set,0,10,Permintaan SPK 1203.SPK/BA.202/BA010102/2026
TUG5_TUG6,mr-tug5-87,MR-2026-000087,,1203.SPK/BA.202/BA010102/2026,spk-juli-87,Zalecha Baruna,,,Approved,2026-07-23T08:00:00.000Z,,,1203.SPK/BA.202/BA010102/2026,67,sp-juli-1005,COPPER KIT SET,-,1,1,set,0,10,Permintaan SPK 1203.SPK/BA.202/BA010102/2026
TUG5_TUG6,mr-tug5-87,MR-2026-000087,,1203.SPK/BA.202/BA010102/2026,spk-juli-87,Zalecha Baruna,,,Approved,2026-07-23T08:00:00.000Z,,,1203.SPK/BA.202/BA010102/2026,68,sp-juli-1006,POMPA PNEUMATIC OIL STICK DRUM,-,1,1,unit,0,10,Permintaan SPK 1203.SPK/BA.202/BA010102/2026
TUG5_TUG6,mr-tug5-87,MR-2026-000087,,1203.SPK/BA.202/BA010102/2026,spk-juli-87,Zalecha Baruna,,,Approved,2026-07-23T08:00:00.000Z,,,1203.SPK/BA.202/BA010102/2026,69,sp-juli-1007,MESIN BOR,-,1,1,unit,0,10,Permintaan SPK 1203.SPK/BA.202/BA010102/2026
TUG5_TUG6,mr-tug5-87,MR-2026-000087,,1203.SPK/BA.202/BA010102/2026,spk-juli-87,Zalecha Baruna,,,Approved,2026-07-23T08:00:00.000Z,,,1203.SPK/BA.202/BA010102/2026,70,sp-juli-1008,"KUNCI 8"" INCHI",-,3,3,pcs,0,10,Permintaan SPK 1203.SPK/BA.202/BA010102/2026
TUG5_TUG6,mr-tug5-87,MR-2026-000087,,1203.SPK/BA.202/BA010102/2026,spk-juli-87,Zalecha Baruna,,,Approved,2026-07-23T08:00:00.000Z,,,1203.SPK/BA.202/BA010102/2026,71,sp-juli-1009,WRAPPING LEBAR 60 CM,-,5,5,roll,0,10,Permintaan SPK 1203.SPK/BA.202/BA010102/2026
TUG5_TUG6,mr-tug5-87,MR-2026-000087,,1203.SPK/BA.202/BA010102/2026,spk-juli-87,Zalecha Baruna,,,Approved,2026-07-23T08:00:00.000Z,,,1203.SPK/BA.202/BA010102/2026,72,sp-juli-1010,SEROKAN SAMPAH,-,10,10,pcs,0,10,Permintaan SPK 1203.SPK/BA.202/BA010102/2026
TUG5_TUG6,mr-tug5-88,MR-2026-000088,,1246.SPK/BA.17/BA010102/2026,spk-juli-88,Srikandi Baruna 2205,,,Approved,2026-07-29T08:00:00.000Z,,,1246.SPK/BA.17/BA010102/2026,1,sp-juli-790,PILOT II WHITE,-,100,100,liter,0,10,Permintaan SPK 1246.SPK/BA.17/BA010102/2026
TUG5_TUG6,mr-tug5-88,MR-2026-000088,,1246.SPK/BA.17/BA010102/2026,spk-juli-88,Srikandi Baruna 2205,,,Approved,2026-07-29T08:00:00.000Z,,,1246.SPK/BA.17/BA010102/2026,2,sp-juli-1011,PILOT II STD 7075 GREEN,-,100,100,liter,0,10,Permintaan SPK 1246.SPK/BA.17/BA010102/2026
TUG5_TUG6,mr-tug5-88,MR-2026-000088,,1246.SPK/BA.17/BA010102/2026,spk-juli-88,Srikandi Baruna 2205,,,Approved,2026-07-29T08:00:00.000Z,,,1246.SPK/BA.17/BA010102/2026,3,sp-juli-1012,THINNER NO. 02,-,100,100,liter,0,10,Permintaan SPK 1246.SPK/BA.17/BA010102/2026
TUG5_TUG6,mr-tug5-88,MR-2026-000088,,1246.SPK/BA.17/BA010102/2026,spk-juli-88,Srikandi Baruna 2205,,,Approved,2026-07-29T08:00:00.000Z,,,1246.SPK/BA.17/BA010102/2026,4,sp-juli-1013,PILOT II STD 258 YELLOW,-,60,60,liter,0,10,Permintaan SPK 1246.SPK/BA.17/BA010102/2026
TUG5_TUG6,mr-tug5-88,MR-2026-000088,,1246.SPK/BA.17/BA010102/2026,spk-juli-88,Srikandi Baruna 2205,,,Approved,2026-07-29T08:00:00.000Z,,,1246.SPK/BA.17/BA010102/2026,5,sp-juli-1014,PILOT II STD 439 ORANGE,-,60,60,liter,0,10,Permintaan SPK 1246.SPK/BA.17/BA010102/2026
TUG5_TUG6,mr-tug5-88,MR-2026-000088,,1246.SPK/BA.17/BA010102/2026,spk-juli-88,Srikandi Baruna 2205,,,Approved,2026-07-29T08:00:00.000Z,,,1246.SPK/BA.17/BA010102/2026,6,sp-juli-1015,PILOT II STD 926 RED,-,60,60,liter,0,10,Permintaan SPK 1246.SPK/BA.17/BA010102/2026
TUG5_TUG6,mr-tug5-88,MR-2026-000088,,1246.SPK/BA.17/BA010102/2026,spk-juli-88,Srikandi Baruna 2205,,,Approved,2026-07-29T08:00:00.000Z,,,1246.SPK/BA.17/BA010102/2026,7,sp-juli-1016,PILOT II GREY STD 403,-,60,60,liter,0,10,Permintaan SPK 1246.SPK/BA.17/BA010102/2026
TUG5_TUG6,mr-tug5-88,MR-2026-000088,,1246.SPK/BA.17/BA010102/2026,spk-juli-88,Srikandi Baruna 2205,,,Approved,2026-07-29T08:00:00.000Z,,,1246.SPK/BA.17/BA010102/2026,8,sp-juli-513,PILOT II BLACK,-,60,60,liter,0,10,Permintaan SPK 1246.SPK/BA.17/BA010102/2026
TUG5_TUG6,mr-tug5-88,MR-2026-000088,,1246.SPK/BA.17/BA010102/2026,spk-juli-88,Srikandi Baruna 2205,,,Approved,2026-07-29T08:00:00.000Z,,,1246.SPK/BA.17/BA010102/2026,9,sp-juli-1017,PILOT II STD 2175 BROWN,-,60,60,liter,0,10,Permintaan SPK 1246.SPK/BA.17/BA010102/2026
TUG5_TUG6,mr-tug5-88,MR-2026-000088,,1246.SPK/BA.17/BA010102/2026,spk-juli-88,Srikandi Baruna 2205,,,Approved,2026-07-29T08:00:00.000Z,,,1246.SPK/BA.17/BA010102/2026,10,sp-juli-1018,SOLVALITT ALUMINIUM,-,10,10,liter,0,10,Permintaan SPK 1246.SPK/BA.17/BA010102/2026
TUG5_TUG6,mr-tug5-88,MR-2026-000088,,1246.SPK/BA.17/BA010102/2026,spk-juli-88,Srikandi Baruna 2205,,,Approved,2026-07-29T08:00:00.000Z,,,1246.SPK/BA.17/BA010102/2026,11,sp-juli-1019,ALKYDPRIMER RED,-,60,60,liter,0,10,Permintaan SPK 1246.SPK/BA.17/BA010102/2026
TUG5_TUG6,mr-tug5-88,MR-2026-000088,,1246.SPK/BA.17/BA010102/2026,spk-juli-88,Srikandi Baruna 2205,,,Approved,2026-07-29T08:00:00.000Z,,,1246.SPK/BA.17/BA010102/2026,12,sp-juli-1020,PILOT II PARROT BLUE STD 4202,-,40,40,liter,0,10,Permintaan SPK 1246.SPK/BA.17/BA010102/2026
TUG5_TUG6,mr-tug5-88,MR-2026-000088,,1246.SPK/BA.17/BA010102/2026,spk-juli-88,Srikandi Baruna 2205,,,Approved,2026-07-29T08:00:00.000Z,,,1246.SPK/BA.17/BA010102/2026,13,sp-juli-1021,PILOT II BROWN STD 1441,-,40,40,liter,0,10,Permintaan SPK 1246.SPK/BA.17/BA010102/2026
TUG5_TUG6,mr-tug5-89,MR-2026-000089,,1237.SPK/BA.17/BA010102/2026,spk-juli-89,Srikandi Baruna 2205,,,Approved,2026-07-28T08:00:00.000Z,,,1237.SPK/BA.17/BA010102/2026,1,sp-juli-444,TALI PP MONOFILAMENT CIR 10,-,1,1,roll,0,10,Permintaan SPK 1237.SPK/BA.17/BA010102/2026
TUG5_TUG6,mr-tug5-90,MR-2026-000090,,1148.SPK/BA.202/BA010102/2026,spk-juli-90,Kartini Baruna,,,Approved,2026-07-28T08:00:00.000Z,,,1148.SPK/BA.202/BA010102/2026,1,sp-juli-1022,ELECTRIC SCALING MACHINE KC-50E 110V/60,591217,2,2,unit,0,10,Permintaan SPK 1148.SPK/BA.202/BA010102/2026
TUG5_TUG6,mr-tug5-90,MR-2026-000090,,1148.SPK/BA.202/BA010102/2026,spk-juli-90,Kartini Baruna,,,Approved,2026-07-28T08:00:00.000Z,,,1148.SPK/BA.202/BA010102/2026,2,sp-juli-1023,"MESIN CAT SPRAY GUN AIRLESS PAINT SPAYER MERK : TSZUMI, TYPE : X20HD, POWER : 110W VOLTAGE : 220",-,1,1,pcs,0,10,Permintaan SPK 1148.SPK/BA.202/BA010102/2026
TUG5_TUG6,mr-tug5-90,MR-2026-000090,,1148.SPK/BA.202/BA010102/2026,spk-juli-90,Kartini Baruna,,,Approved,2026-07-28T08:00:00.000Z,,,1148.SPK/BA.202/BA010102/2026,3,sp-juli-1024,GERINDA TANGAN MERK MAKITA 4 INCH,TYPE 9553B,2,2,pcs,0,10,Permintaan SPK 1148.SPK/BA.202/BA010102/2026
TUG5_TUG6,mr-tug5-90,MR-2026-000090,,1148.SPK/BA.202/BA010102/2026,spk-juli-90,Kartini Baruna,,,Approved,2026-07-28T08:00:00.000Z,,,1148.SPK/BA.202/BA010102/2026,4,sp-juli-1025,SAPU LANTAI,-,50,50,pcs,0,10,Permintaan SPK 1148.SPK/BA.202/BA010102/2026
TUG5_TUG6,mr-tug5-90,MR-2026-000090,,1148.SPK/BA.202/BA010102/2026,spk-juli-90,Kartini Baruna,,,Approved,2026-07-28T08:00:00.000Z,,,1148.SPK/BA.202/BA010102/2026,5,sp-juli-1026,SEROK SAMPAH / PENGKI / DUSTPAN,-,50,50,pcs,0,10,Permintaan SPK 1148.SPK/BA.202/BA010102/2026
TUG5_TUG6,mr-tug5-90,MR-2026-000090,,1148.SPK/BA.202/BA010102/2026,spk-juli-90,Kartini Baruna,,,Approved,2026-07-28T08:00:00.000Z,,,1148.SPK/BA.202/BA010102/2026,6,sp-juli-1027,PEL LATAI + GAGANG,-,50,50,pcs,0,10,Permintaan SPK 1148.SPK/BA.202/BA010102/2026
TUG5_TUG6,mr-tug5-90,MR-2026-000090,,1148.SPK/BA.202/BA010102/2026,spk-juli-90,Kartini Baruna,,,Approved,2026-07-28T08:00:00.000Z,,,1148.SPK/BA.202/BA010102/2026,7,sp-juli-1028,SEROKAN AIR / LEWA,-,20,20,pcs,0,10,Permintaan SPK 1148.SPK/BA.202/BA010102/2026
TUG5_TUG6,mr-tug5-90,MR-2026-000090,,1148.SPK/BA.202/BA010102/2026,spk-juli-90,Kartini Baruna,,,Approved,2026-07-28T08:00:00.000Z,,,1148.SPK/BA.202/BA010102/2026,8,sp-juli-1029,SAPU LIDI,-,20,20,pcs,0,10,Permintaan SPK 1148.SPK/BA.202/BA010102/2026
TUG5_TUG6,mr-tug5-90,MR-2026-000090,,1148.SPK/BA.202/BA010102/2026,spk-juli-90,Kartini Baruna,,,Approved,2026-07-28T08:00:00.000Z,,,1148.SPK/BA.202/BA010102/2026,9,sp-juli-1030,SEKOP,-,20,20,pcs,0,10,Permintaan SPK 1148.SPK/BA.202/BA010102/2026
TUG5_TUG6,mr-tug5-90,MR-2026-000090,,1148.SPK/BA.202/BA010102/2026,spk-juli-90,Kartini Baruna,,,Approved,2026-07-28T08:00:00.000Z,,,1148.SPK/BA.202/BA010102/2026,10,sp-juli-1031,KUAS BENGKOK 2 INCH,-,30,30,pcs,0,10,Permintaan SPK 1148.SPK/BA.202/BA010102/2026
TUG5_TUG6,mr-tug5-90,MR-2026-000090,,1148.SPK/BA.202/BA010102/2026,spk-juli-90,Kartini Baruna,,,Approved,2026-07-28T08:00:00.000Z,,,1148.SPK/BA.202/BA010102/2026,11,sp-juli-1032,REFILL KUAS ROLL MINYAK 4 INCH,-,10,10,lusin,0,10,Permintaan SPK 1148.SPK/BA.202/BA010102/2026
TUG5_TUG6,mr-tug5-90,MR-2026-000090,,1148.SPK/BA.202/BA010102/2026,spk-juli-90,Kartini Baruna,,,Approved,2026-07-28T08:00:00.000Z,,,1148.SPK/BA.202/BA010102/2026,12,sp-juli-1033,KUAS ROLL MINYAK (BULU) 10 CM DENGAN GAGANG,-,20,20,pcs,0,10,Permintaan SPK 1148.SPK/BA.202/BA010102/2026
TUG5_TUG6,mr-tug5-90,MR-2026-000090,,1148.SPK/BA.202/BA010102/2026,spk-juli-90,Kartini Baruna,,,Approved,2026-07-28T08:00:00.000Z,,,1148.SPK/BA.202/BA010102/2026,13,sp-juli-1034,"KUAS ROLL MINYAK (BULU) BESAR 9"" DENGAN GAGANG",-,20,20,pcs,0,10,Permintaan SPK 1148.SPK/BA.202/BA010102/2026
TUG5_TUG6,mr-tug5-90,MR-2026-000090,,1148.SPK/BA.202/BA010102/2026,spk-juli-90,Kartini Baruna,,,Approved,2026-07-28T08:00:00.000Z,,,1148.SPK/BA.202/BA010102/2026,14,sp-juli-1035,KUAS ROLL MINYAK REFILL 10 CM,-,50,50,lusin,0,10,Permintaan SPK 1148.SPK/BA.202/BA010102/2026
TUG5_TUG6,mr-tug5-90,MR-2026-000090,,1148.SPK/BA.202/BA010102/2026,spk-juli-90,Kartini Baruna,,,Approved,2026-07-28T08:00:00.000Z,,,1148.SPK/BA.202/BA010102/2026,15,sp-juli-1036,KUAS ROLL MINYAK REFILL 9 INCH,-,30,30,pcs,0,10,Permintaan SPK 1148.SPK/BA.202/BA010102/2026
TUG5_TUG6,mr-tug5-90,MR-2026-000090,,1148.SPK/BA.202/BA010102/2026,spk-juli-90,Kartini Baruna,,,Approved,2026-07-28T08:00:00.000Z,,,1148.SPK/BA.202/BA010102/2026,16,sp-juli-1037,"TONGKAT CAT EXTENSION POLE 1,1 M - 3 M",-,8,8,pcs,0,10,Permintaan SPK 1148.SPK/BA.202/BA010102/2026
TUG5_TUG6,mr-tug5-90,MR-2026-000090,,1148.SPK/BA.202/BA010102/2026,spk-juli-90,Kartini Baruna,,,Approved,2026-07-28T08:00:00.000Z,,,1148.SPK/BA.202/BA010102/2026,17,sp-juli-1038,"KABEL TIES STAINLESS 4,6 X 200 mm",-,200,200,pcs,0,10,Permintaan SPK 1148.SPK/BA.202/BA010102/2026
TUG5_TUG6,mr-tug5-90,MR-2026-000090,,1148.SPK/BA.202/BA010102/2026,spk-juli-90,Kartini Baruna,,,Approved,2026-07-28T08:00:00.000Z,,,1148.SPK/BA.202/BA010102/2026,18,sp-juli-1039,"KABEL TIES STAINLESS 4,6 X 300 mm",-,200,200,pcs,0,10,Permintaan SPK 1148.SPK/BA.202/BA010102/2026
TUG5_TUG6,mr-tug5-90,MR-2026-000090,,1148.SPK/BA.202/BA010102/2026,spk-juli-90,Kartini Baruna,,,Approved,2026-07-28T08:00:00.000Z,,,1148.SPK/BA.202/BA010102/2026,19,sp-juli-1040,"KABEL TIES NILON 4,8 X 300 mm",-,200,200,pcs,0,10,Permintaan SPK 1148.SPK/BA.202/BA010102/2026
TUG5_TUG6,mr-tug5-90,MR-2026-000090,,1148.SPK/BA.202/BA010102/2026,spk-juli-90,Kartini Baruna,,,Approved,2026-07-28T08:00:00.000Z,,,1148.SPK/BA.202/BA010102/2026,20,sp-juli-1041,SENTER KEPALA 100 WATT MERK KAWACHI / PUTIH,-,10,10,pcs,0,10,Permintaan SPK 1148.SPK/BA.202/BA010102/2026
TUG5_TUG6,mr-tug5-90,MR-2026-000090,,1148.SPK/BA.202/BA010102/2026,spk-juli-90,Kartini Baruna,,,Approved,2026-07-28T08:00:00.000Z,,,1148.SPK/BA.202/BA010102/2026,21,sp-juli-1042,COTTON GLOVE WITH NON SLIP/SARUNG TANGAN BINTIK,1901103,150,150,lusin,0,10,Permintaan SPK 1148.SPK/BA.202/BA010102/2026
TUG5_TUG6,mr-tug5-90,MR-2026-000090,,1148.SPK/BA.202/BA010102/2026,spk-juli-90,Kartini Baruna,,,Approved,2026-07-28T08:00:00.000Z,,,1148.SPK/BA.202/BA010102/2026,22,sp-juli-1043,WIRE CUP BRUSH KEPANG STAINLESS 3 INCH,-,100,100,pcs,0,10,Permintaan SPK 1148.SPK/BA.202/BA010102/2026
TUG5_TUG6,mr-tug5-90,MR-2026-000090,,1148.SPK/BA.202/BA010102/2026,spk-juli-90,Kartini Baruna,,,Approved,2026-07-28T08:00:00.000Z,,,1148.SPK/BA.202/BA010102/2026,23,sp-juli-1044,CHIPING HAMMER LAS 500 Gram,-,30,30,pcs,0,10,Permintaan SPK 1148.SPK/BA.202/BA010102/2026
TUG5_TUG6,mr-tug5-90,MR-2026-000090,,1148.SPK/BA.202/BA010102/2026,spk-juli-90,Kartini Baruna,,,Approved,2026-07-28T08:00:00.000Z,,,1148.SPK/BA.202/BA010102/2026,24,sp-juli-1045,BLACKMITHS SLEDGE HAMMER (DOUBLE FACE) WITH HADLE 3.6 KG,612526,2,2,pcs,0,10,Permintaan SPK 1148.SPK/BA.202/BA010102/2026
TUG5_TUG6,mr-tug5-90,MR-2026-000090,,1148.SPK/BA.202/BA010102/2026,spk-juli-90,Kartini Baruna,,,Approved,2026-07-28T08:00:00.000Z,,,1148.SPK/BA.202/BA010102/2026,25,sp-juli-1046,"SMOTH + CROSS PEIN HAMMER WITH HANDLE 1,8 KG",612563,4,4,pcs,0,10,Permintaan SPK 1148.SPK/BA.202/BA010102/2026
TUG5_TUG6,mr-tug5-90,MR-2026-000090,,1148.SPK/BA.202/BA010102/2026,spk-juli-90,Kartini Baruna,,,Approved,2026-07-28T08:00:00.000Z,,,1148.SPK/BA.202/BA010102/2026,26,sp-juli-1047,STELLA SPRAT PENGHARUM RUANGAN 400 ML,-,5,5,lusin,0,10,Permintaan SPK 1148.SPK/BA.202/BA010102/2026
TUG5_TUG6,mr-tug5-90,MR-2026-000090,,1148.SPK/BA.202/BA010102/2026,spk-juli-90,Kartini Baruna,,,Approved,2026-07-28T08:00:00.000Z,,,1148.SPK/BA.202/BA010102/2026,27,sp-juli-1048,KAPUR BARUS SWALLOW / KAMPER TOILET ISI 5 PCS,-,50,50,pack,0,10,Permintaan SPK 1148.SPK/BA.202/BA010102/2026
TUG5_TUG6,mr-tug5-90,MR-2026-000090,,1148.SPK/BA.202/BA010102/2026,spk-juli-90,Kartini Baruna,,,Approved,2026-07-28T08:00:00.000Z,,,1148.SPK/BA.202/BA010102/2026,28,sp-juli-1049,RESIN,-,10,10,kg,0,10,Permintaan SPK 1148.SPK/BA.202/BA010102/2026
TUG5_TUG6,mr-tug5-90,MR-2026-000090,,1148.SPK/BA.202/BA010102/2026,spk-juli-90,Kartini Baruna,,,Approved,2026-07-28T08:00:00.000Z,,,1148.SPK/BA.202/BA010102/2026,29,sp-juli-1050,KATALIS 50 ml,-,6,6,botol,0,10,Permintaan SPK 1148.SPK/BA.202/BA010102/2026
TUG5_TUG6,mr-tug5-90,MR-2026-000090,,1148.SPK/BA.202/BA010102/2026,spk-juli-90,Kartini Baruna,,,Approved,2026-07-28T08:00:00.000Z,,,1148.SPK/BA.202/BA010102/2026,30,sp-juli-1051,"SLING BELT POLYESTER PANJANG 1,5 m SWL 5 ton",-,6,6,pcs,0,10,Permintaan SPK 1148.SPK/BA.202/BA010102/2026
TUG5_TUG6,mr-tug5-90,MR-2026-000090,,1148.SPK/BA.202/BA010102/2026,spk-juli-90,Kartini Baruna,,,Approved,2026-07-28T08:00:00.000Z,,,1148.SPK/BA.202/BA010102/2026,31,sp-juli-1052,SLING BELT POLYESTER PANJANG 3 m SWL 3 ton,-,6,6,pcs,0,10,Permintaan SPK 1148.SPK/BA.202/BA010102/2026
TUG5_TUG6,mr-tug5-90,MR-2026-000090,,1148.SPK/BA.202/BA010102/2026,spk-juli-90,Kartini Baruna,,,Approved,2026-07-28T08:00:00.000Z,,,1148.SPK/BA.202/BA010102/2026,32,sp-juli-1053,SLING BELT POLYESTER PANJANG 6 m SWL 5 ton,-,6,6,pcs,0,10,Permintaan SPK 1148.SPK/BA.202/BA010102/2026
TUG5_TUG6,mr-tug5-90,MR-2026-000090,,1148.SPK/BA.202/BA010102/2026,spk-juli-90,Kartini Baruna,,,Approved,2026-07-28T08:00:00.000Z,,,1148.SPK/BA.202/BA010102/2026,33,sp-juli-1054,WEBBING SLING BELT 3 TON X 1.5 M,-,8,8,pcs,0,10,Permintaan SPK 1148.SPK/BA.202/BA010102/2026
TUG5_TUG6,mr-tug5-90,MR-2026-000090,,1148.SPK/BA.202/BA010102/2026,spk-juli-90,Kartini Baruna,,,Approved,2026-07-28T08:00:00.000Z,,,1148.SPK/BA.202/BA010102/2026,34,sp-juli-1055,WEBBING SLING BELT 5 TON X 3 M,-,10,10,pcs,0,10,Permintaan SPK 1148.SPK/BA.202/BA010102/2026
TUG5_TUG6,mr-tug5-90,MR-2026-000090,,1148.SPK/BA.202/BA010102/2026,spk-juli-90,Kartini Baruna,,,Approved,2026-07-28T08:00:00.000Z,,,1148.SPK/BA.202/BA010102/2026,35,sp-juli-1056,WEBBING SLING BELT 10 TON X 6 M,-,5,5,pcs,0,10,Permintaan SPK 1148.SPK/BA.202/BA010102/2026
TUG5_TUG6,mr-tug5-90,MR-2026-000090,,1148.SPK/BA.202/BA010102/2026,spk-juli-90,Kartini Baruna,,,Approved,2026-07-28T08:00:00.000Z,,,1148.SPK/BA.202/BA010102/2026,36,sp-juli-1057,JAS HUJAN UKURAN L,-,10,10,pcs,0,10,Permintaan SPK 1148.SPK/BA.202/BA010102/2026
TUG5_TUG6,mr-tug5-90,MR-2026-000090,,1148.SPK/BA.202/BA010102/2026,spk-juli-90,Kartini Baruna,,,Approved,2026-07-28T08:00:00.000Z,,,1148.SPK/BA.202/BA010102/2026,37,sp-juli-1058,JAS HUJAN UKURAN XL,-,10,10,pcs,0,10,Permintaan SPK 1148.SPK/BA.202/BA010102/2026
TUG5_TUG6,mr-tug5-90,MR-2026-000090,,1148.SPK/BA.202/BA010102/2026,spk-juli-90,Kartini Baruna,,,Approved,2026-07-28T08:00:00.000Z,,,1148.SPK/BA.202/BA010102/2026,38,sp-juli-1059,SPLIT PIN 20 MM,-,100,100,pcs,0,10,Permintaan SPK 1148.SPK/BA.202/BA010102/2026
TUG5_TUG6,mr-tug5-90,MR-2026-000090,,1148.SPK/BA.202/BA010102/2026,spk-juli-90,Kartini Baruna,,,Approved,2026-07-28T08:00:00.000Z,,,1148.SPK/BA.202/BA010102/2026,39,sp-juli-1060,SPLIT PIN 30 MM,-,200,200,pcs,0,10,Permintaan SPK 1148.SPK/BA.202/BA010102/2026
TUG5_TUG6,mr-tug5-90,MR-2026-000090,,1148.SPK/BA.202/BA010102/2026,spk-juli-90,Kartini Baruna,,,Approved,2026-07-28T08:00:00.000Z,,,1148.SPK/BA.202/BA010102/2026,40,sp-juli-1061,SPLIT PIN 50 MM,-,100,100,pcs,0,10,Permintaan SPK 1148.SPK/BA.202/BA010102/2026
TUG5_TUG6,mr-tug5-90,MR-2026-000090,,1148.SPK/BA.202/BA010102/2026,spk-juli-90,Kartini Baruna,,,Approved,2026-07-28T08:00:00.000Z,,,1148.SPK/BA.202/BA010102/2026,41,sp-juli-1062,SPLIT PIN 70 MM,-,50,50,pcs,0,10,Permintaan SPK 1148.SPK/BA.202/BA010102/2026
TUG5_TUG6,mr-tug5-90,MR-2026-000090,,1148.SPK/BA.202/BA010102/2026,spk-juli-90,Kartini Baruna,,,Approved,2026-07-28T08:00:00.000Z,,,1148.SPK/BA.202/BA010102/2026,42,sp-juli-1063,SPLIT PIN 100 MM,-,50,50,pcs,0,10,Permintaan SPK 1148.SPK/BA.202/BA010102/2026
TUG5_TUG6,mr-tug5-90,MR-2026-000090,,1148.SPK/BA.202/BA010102/2026,spk-juli-90,Kartini Baruna,,,Approved,2026-07-28T08:00:00.000Z,,,1148.SPK/BA.202/BA010102/2026,43,sp-juli-1064,GEMBOK STANLESS PALOMA SIZE 70 MM,-,20,20,pcs,0,10,Permintaan SPK 1148.SPK/BA.202/BA010102/2026
TUG5_TUG6,mr-tug5-90,MR-2026-000090,,1148.SPK/BA.202/BA010102/2026,spk-juli-90,Kartini Baruna,,,Approved,2026-07-28T08:00:00.000Z,,,1148.SPK/BA.202/BA010102/2026,44,sp-juli-1065,TANGGA PANDU 25 M INCLUDE CERTIFICATE,-,2,2,roll,0,10,Permintaan SPK 1148.SPK/BA.202/BA010102/2026
TUG5_TUG6,mr-tug5-90,MR-2026-000090,,1148.SPK/BA.202/BA010102/2026,spk-juli-90,Kartini Baruna,,,Approved,2026-07-28T08:00:00.000Z,,,1148.SPK/BA.202/BA010102/2026,45,sp-juli-940,MAJUN,-,300,300,kg,0,10,Permintaan SPK 1148.SPK/BA.202/BA010102/2026
TUG5_TUG6,mr-tug5-90,MR-2026-000090,,1148.SPK/BA.202/BA010102/2026,spk-juli-90,Kartini Baruna,,,Approved,2026-07-28T08:00:00.000Z,,,1148.SPK/BA.202/BA010102/2026,46,sp-juli-1066,SERBUK GERGAJI,-,200,200,kg,0,10,Permintaan SPK 1148.SPK/BA.202/BA010102/2026
TUG5_TUG6,mr-tug5-90,MR-2026-000090,,1148.SPK/BA.202/BA010102/2026,spk-juli-90,Kartini Baruna,,,Approved,2026-07-28T08:00:00.000Z,,,1148.SPK/BA.202/BA010102/2026,47,sp-juli-1067,STEP UP STEP DOWN 3000 W MERK DAICHI,-,4,4,unit,0,10,Permintaan SPK 1148.SPK/BA.202/BA010102/2026
TUG5_TUG6,mr-tug5-90,MR-2026-000090,,1148.SPK/BA.202/BA010102/2026,spk-juli-90,Kartini Baruna,,,Approved,2026-07-28T08:00:00.000Z,,,1148.SPK/BA.202/BA010102/2026,48,sp-juli-1068,STEP UP STEP DOWN 2000 W MERK DAICHI,-,2,2,unit,0,10,Permintaan SPK 1148.SPK/BA.202/BA010102/2026
TUG5_TUG6,mr-tug5-90,MR-2026-000090,,1148.SPK/BA.202/BA010102/2026,spk-juli-90,Kartini Baruna,,,Approved,2026-07-28T08:00:00.000Z,,,1148.SPK/BA.202/BA010102/2026,49,sp-juli-1069,RODA TROLI NILON 4 INCH (HIDUP),-,10,10,pcs,0,10,Permintaan SPK 1148.SPK/BA.202/BA010102/2026
TUG5_TUG6,mr-tug5-90,MR-2026-000090,,1148.SPK/BA.202/BA010102/2026,spk-juli-90,Kartini Baruna,,,Approved,2026-07-28T08:00:00.000Z,,,1148.SPK/BA.202/BA010102/2026,50,sp-juli-1070,RODA TROLI NILON 4 INCH (MATI),-,10,10,pcs,0,10,Permintaan SPK 1148.SPK/BA.202/BA010102/2026
TUG5_TUG6,mr-tug5-90,MR-2026-000090,,1148.SPK/BA.202/BA010102/2026,spk-juli-90,Kartini Baruna,,,Approved,2026-07-28T08:00:00.000Z,,,1148.SPK/BA.202/BA010102/2026,51,sp-juli-1071,MATA GERINDA POTONG 4 INCH,-,100,100,pcs,0,10,Permintaan SPK 1148.SPK/BA.202/BA010102/2026
TUG5_TUG6,mr-tug5-90,MR-2026-000090,,1148.SPK/BA.202/BA010102/2026,spk-juli-90,Kartini Baruna,,,Approved,2026-07-28T08:00:00.000Z,,,1148.SPK/BA.202/BA010102/2026,52,sp-juli-1072,MATA GERINDA POLES 4 INCH,-,50,50,pcs,0,10,Permintaan SPK 1148.SPK/BA.202/BA010102/2026
TUG5_TUG6,mr-tug5-90,MR-2026-000090,,1148.SPK/BA.202/BA010102/2026,spk-juli-90,Kartini Baruna,,,Approved,2026-07-28T08:00:00.000Z,,,1148.SPK/BA.202/BA010102/2026,53,sp-juli-1073,KAWAT LAS RB 2.6 MM,-,15,15,kg,0,10,Permintaan SPK 1148.SPK/BA.202/BA010102/2026
TUG5_TUG6,mr-tug5-90,MR-2026-000090,,1148.SPK/BA.202/BA010102/2026,spk-juli-90,Kartini Baruna,,,Approved,2026-07-28T08:00:00.000Z,,,1148.SPK/BA.202/BA010102/2026,54,sp-juli-1074,KAWAT LAS RB 4 MM,-,15,15,kg,0,10,Permintaan SPK 1148.SPK/BA.202/BA010102/2026
TUG5_TUG6,mr-tug5-90,MR-2026-000090,,1148.SPK/BA.202/BA010102/2026,spk-juli-90,Kartini Baruna,,,Approved,2026-07-28T08:00:00.000Z,,,1148.SPK/BA.202/BA010102/2026,55,sp-juli-1075,"KAWAT LAS LB 3,2 MM",-,15,15,kg,0,10,Permintaan SPK 1148.SPK/BA.202/BA010102/2026
TUG5_TUG6,mr-tug5-90,MR-2026-000090,,1148.SPK/BA.202/BA010102/2026,spk-juli-90,Kartini Baruna,,,Approved,2026-07-28T08:00:00.000Z,,,1148.SPK/BA.202/BA010102/2026,56,sp-juli-1076,KAWAT LAS LB 4 MM,-,10,10,kg,0,10,Permintaan SPK 1148.SPK/BA.202/BA010102/2026
TUG5_TUG6,mr-tug5-90,MR-2026-000090,,1148.SPK/BA.202/BA010102/2026,spk-juli-90,Kartini Baruna,,,Approved,2026-07-28T08:00:00.000Z,,,1148.SPK/BA.202/BA010102/2026,57,sp-juli-1077,DONGKRAK BOTOL MERK TEKIRO 50 T,-,2,2,pcs,0,10,Permintaan SPK 1148.SPK/BA.202/BA010102/2026
TUG5_TUG6,mr-tug5-90,MR-2026-000090,,1148.SPK/BA.202/BA010102/2026,spk-juli-90,Kartini Baruna,,,Approved,2026-07-28T08:00:00.000Z,,,1148.SPK/BA.202/BA010102/2026,58,sp-juli-1078,RILUIN HIPREX 3/4 INCH x 100 m,-,2,2,roll,0,10,Permintaan SPK 1148.SPK/BA.202/BA010102/2026
TUG5_TUG6,mr-tug5-90,MR-2026-000090,,1148.SPK/BA.202/BA010102/2026,spk-juli-90,Kartini Baruna,,,Approved,2026-07-28T08:00:00.000Z,,,1148.SPK/BA.202/BA010102/2026,59,sp-juli-1079,SELANG BENANG MERK TRILIUN HIPREX 1 INCH x 100 m,-,1,1,roll,0,10,Permintaan SPK 1148.SPK/BA.202/BA010102/2026
TUG5_TUG6,mr-tug5-90,MR-2026-000090,,1148.SPK/BA.202/BA010102/2026,spk-juli-90,Kartini Baruna,,,Approved,2026-07-28T08:00:00.000Z,,,1148.SPK/BA.202/BA010102/2026,60,sp-juli-1080,SELANG BENANG MERK TRILIUN HIPREX 2 INCH x 100 m,-,3,3,roll,0,10,Permintaan SPK 1148.SPK/BA.202/BA010102/2026
TUG5_TUG6,mr-tug5-90,MR-2026-000090,,1148.SPK/BA.202/BA010102/2026,spk-juli-90,Kartini Baruna,,,Approved,2026-07-28T08:00:00.000Z,,,1148.SPK/BA.202/BA010102/2026,61,sp-juli-1081,EMBER 10 L,-,25,25,pcs,0,10,Permintaan SPK 1148.SPK/BA.202/BA010102/2026
TUG5_TUG6,mr-tug5-90,MR-2026-000090,,1148.SPK/BA.202/BA010102/2026,spk-juli-90,Kartini Baruna,,,Approved,2026-07-28T08:00:00.000Z,,,1148.SPK/BA.202/BA010102/2026,62,sp-juli-1082,GAYUNG,-,25,25,pcs,0,10,Permintaan SPK 1148.SPK/BA.202/BA010102/2026
TUG5_TUG6,mr-tug5-90,MR-2026-000090,,1148.SPK/BA.202/BA010102/2026,spk-juli-90,Kartini Baruna,,,Approved,2026-07-28T08:00:00.000Z,,,1148.SPK/BA.202/BA010102/2026,63,sp-juli-149,SODA API,-,30,30,kg,0,10,Permintaan SPK 1148.SPK/BA.202/BA010102/2026
TUG5_TUG6,mr-tug5-90,MR-2026-000090,,1148.SPK/BA.202/BA010102/2026,spk-juli-90,Kartini Baruna,,,Approved,2026-07-28T08:00:00.000Z,,,1148.SPK/BA.202/BA010102/2026,64,sp-juli-1083,BATTERY KERING 12V 100Ah,-,3,3,pcs,0,10,Permintaan SPK 1148.SPK/BA.202/BA010102/2026
TUG5_TUG6,mr-tug5-90,MR-2026-000090,,1148.SPK/BA.202/BA010102/2026,spk-juli-90,Kartini Baruna,,,Approved,2026-07-28T08:00:00.000Z,,,1148.SPK/BA.202/BA010102/2026,65,sp-juli-1084,BETON ESER POLOS 18 mm X 12 m,-,15,15,batang,0,10,Permintaan SPK 1148.SPK/BA.202/BA010102/2026
TUG5_TUG6,mr-tug5-90,MR-2026-000090,,1148.SPK/BA.202/BA010102/2026,spk-juli-90,Kartini Baruna,,,Approved,2026-07-28T08:00:00.000Z,,,1148.SPK/BA.202/BA010102/2026,66,sp-juli-1085,MCCB 3 PHASE (MITSUBISHI MODEL : NF 30-CS 10A),-,2,2,pcs,0,10,Permintaan SPK 1148.SPK/BA.202/BA010102/2026
TUG5_TUG6,mr-tug5-90,MR-2026-000090,,1148.SPK/BA.202/BA010102/2026,spk-juli-90,Kartini Baruna,,,Approved,2026-07-28T08:00:00.000Z,,,1148.SPK/BA.202/BA010102/2026,67,sp-juli-1086,MCCB 2 PHASE (MITSUBISHI MODEL : NF 30-CS 20A),-,2,2,pcs,0,10,Permintaan SPK 1148.SPK/BA.202/BA010102/2026
TUG5_TUG6,mr-tug5-91,MR-2026-000091,,1223.SPK/BA.202/BA010102/2026,spk-juli-91,Kartini Baruna,,,Approved,2026-07-27T08:00:00.000Z,,,1223.SPK/BA.202/BA010102/2026,1,sp-juli-1087,MEJA KANTOR DENVER,-,1,1,pcs,0,10,Permintaan SPK 1223.SPK/BA.202/BA010102/2026
TUG5_TUG6,mr-tug5-91,MR-2026-000091,,1223.SPK/BA.202/BA010102/2026,spk-juli-91,Kartini Baruna,,,Approved,2026-07-27T08:00:00.000Z,,,1223.SPK/BA.202/BA010102/2026,2,sp-juli-1088,KURSI KANTOR,-,1,1,pcs,0,10,Permintaan SPK 1223.SPK/BA.202/BA010102/2026
TUG5_TUG6,mr-tug5-91,MR-2026-000091,,1223.SPK/BA.202/BA010102/2026,spk-juli-91,Kartini Baruna,,,Approved,2026-07-27T08:00:00.000Z,,,1223.SPK/BA.202/BA010102/2026,3,sp-juli-1089,KURSI TAMU KANTOR,-,3,3,pcs,0,10,Permintaan SPK 1223.SPK/BA.202/BA010102/2026
TUG5_TUG6,mr-tug5-91,MR-2026-000091,,1223.SPK/BA.202/BA010102/2026,spk-juli-91,Kartini Baruna,,,Approved,2026-07-27T08:00:00.000Z,,,1223.SPK/BA.202/BA010102/2026,4,sp-juli-1090,AC 1 PK DAIKIN,-,1,1,pcs,0,10,Permintaan SPK 1223.SPK/BA.202/BA010102/2026
TUG5_TUG6,mr-tug5-91,MR-2026-000091,,1223.SPK/BA.202/BA010102/2026,spk-juli-91,Kartini Baruna,,,Approved,2026-07-27T08:00:00.000Z,,,1223.SPK/BA.202/BA010102/2026,5,sp-juli-1091,REUTER WIFI,-,1,1,pcs,0,10,Permintaan SPK 1223.SPK/BA.202/BA010102/2026
TUG5_TUG6,mr-tug5-91,MR-2026-000091,,1223.SPK/BA.202/BA010102/2026,spk-juli-91,Kartini Baruna,,,Approved,2026-07-27T08:00:00.000Z,,,1223.SPK/BA.202/BA010102/2026,6,sp-juli-1092,KABEL ROLL,-,2,2,pcs,0,10,Permintaan SPK 1223.SPK/BA.202/BA010102/2026
TUG5_TUG6,mr-tug5-91,MR-2026-000091,,1223.SPK/BA.202/BA010102/2026,spk-juli-91,Kartini Baruna,,,Approved,2026-07-27T08:00:00.000Z,,,1223.SPK/BA.202/BA010102/2026,7,sp-juli-1093,LAPTOP,-,1,1,pcs,0,10,Permintaan SPK 1223.SPK/BA.202/BA010102/2026
TUG5_TUG6,mr-tug5-91,MR-2026-000091,,1223.SPK/BA.202/BA010102/2026,spk-juli-91,Kartini Baruna,,,Approved,2026-07-27T08:00:00.000Z,,,1223.SPK/BA.202/BA010102/2026,8,sp-juli-1094,PRINTER HP,-,1,1,pcs,0,10,Permintaan SPK 1223.SPK/BA.202/BA010102/2026
TUG5_TUG6,mr-tug5-91,MR-2026-000091,,1223.SPK/BA.202/BA010102/2026,spk-juli-91,Kartini Baruna,,,Approved,2026-07-27T08:00:00.000Z,,,1223.SPK/BA.202/BA010102/2026,9,sp-juli-1095,SAPU IJUK SET,-,1,1,pcs,0,10,Permintaan SPK 1223.SPK/BA.202/BA010102/2026
TUG5_TUG6,mr-tug5-91,MR-2026-000091,,1223.SPK/BA.202/BA010102/2026,spk-juli-91,Kartini Baruna,,,Approved,2026-07-27T08:00:00.000Z,,,1223.SPK/BA.202/BA010102/2026,10,sp-juli-1096,SAPU LIDI SET,-,1,1,pcs,0,10,Permintaan SPK 1223.SPK/BA.202/BA010102/2026
TUG5_TUG6,mr-tug5-91,MR-2026-000091,,1223.SPK/BA.202/BA010102/2026,spk-juli-91,Kartini Baruna,,,Approved,2026-07-27T08:00:00.000Z,,,1223.SPK/BA.202/BA010102/2026,11,sp-juli-1097,PENGKI BESAR,-,1,1,pcs,0,10,Permintaan SPK 1223.SPK/BA.202/BA010102/2026
TUG5_TUG6,mr-tug5-91,MR-2026-000091,,1223.SPK/BA.202/BA010102/2026,spk-juli-91,Kartini Baruna,,,Approved,2026-07-27T08:00:00.000Z,,,1223.SPK/BA.202/BA010102/2026,12,sp-juli-1098,PERALATAN PEL,-,1,1,pcs,0,10,Permintaan SPK 1223.SPK/BA.202/BA010102/2026
TUG5_TUG6,mr-tug5-91,MR-2026-000091,,1223.SPK/BA.202/BA010102/2026,spk-juli-91,Kartini Baruna,,,Approved,2026-07-27T08:00:00.000Z,,,1223.SPK/BA.202/BA010102/2026,13,sp-juli-1099,PIRING & GELAS MELAMIN ISI 6 (SET),-,1,1,pcs,0,10,Permintaan SPK 1223.SPK/BA.202/BA010102/2026
TUG5_TUG6,mr-tug5-91,MR-2026-000091,,1223.SPK/BA.202/BA010102/2026,spk-juli-91,Kartini Baruna,,,Approved,2026-07-27T08:00:00.000Z,,,1223.SPK/BA.202/BA010102/2026,14,sp-juli-1100,SENDOK GARPU ISI 12 (SET),-,1,1,pcs,0,10,Permintaan SPK 1223.SPK/BA.202/BA010102/2026
TUG5_TUG6,mr-tug5-91,MR-2026-000091,,1223.SPK/BA.202/BA010102/2026,spk-juli-91,Kartini Baruna,,,Approved,2026-07-27T08:00:00.000Z,,,1223.SPK/BA.202/BA010102/2026,15,sp-juli-1101,SIKAT WC,-,1,1,pcs,0,10,Permintaan SPK 1223.SPK/BA.202/BA010102/2026
TUG5_TUG6,mr-tug5-91,MR-2026-000091,,1223.SPK/BA.202/BA010102/2026,spk-juli-91,Kartini Baruna,,,Approved,2026-07-27T08:00:00.000Z,,,1223.SPK/BA.202/BA010102/2026,16,sp-juli-1102,HELM PROYEK,-,4,4,pcs,0,10,Permintaan SPK 1223.SPK/BA.202/BA010102/2026
TUG5_TUG6,mr-tug5-91,MR-2026-000091,,1223.SPK/BA.202/BA010102/2026,spk-juli-91,Kartini Baruna,,,Approved,2026-07-27T08:00:00.000Z,,,1223.SPK/BA.202/BA010102/2026,17,sp-juli-1103,ROMPI PROYEK,-,4,4,pcs,0,10,Permintaan SPK 1223.SPK/BA.202/BA010102/2026
TUG5_TUG6,mr-tug5-91,MR-2026-000091,,1223.SPK/BA.202/BA010102/2026,spk-juli-91,Kartini Baruna,,,Approved,2026-07-27T08:00:00.000Z,,,1223.SPK/BA.202/BA010102/2026,18,sp-juli-1104,TEMPAT SAMPAH BESAR,-,1,1,pcs,0,10,Permintaan SPK 1223.SPK/BA.202/BA010102/2026
TUG5_TUG6,mr-tug5-91,MR-2026-000091,,1223.SPK/BA.202/BA010102/2026,spk-juli-91,Kartini Baruna,,,Approved,2026-07-27T08:00:00.000Z,,,1223.SPK/BA.202/BA010102/2026,19,sp-juli-1105,TEMPAT SAMPAH KECIL,-,2,2,pcs,0,10,Permintaan SPK 1223.SPK/BA.202/BA010102/2026
TUG5_TUG6,mr-tug5-91,MR-2026-000091,,1223.SPK/BA.202/BA010102/2026,spk-juli-91,Kartini Baruna,,,Approved,2026-07-27T08:00:00.000Z,,,1223.SPK/BA.202/BA010102/2026,20,sp-juli-1106,GAYUNG & EMBER,-,1,1,pcs,0,10,Permintaan SPK 1223.SPK/BA.202/BA010102/2026
TUG5_TUG6,mr-tug5-91,MR-2026-000091,,1223.SPK/BA.202/BA010102/2026,spk-juli-91,Kartini Baruna,,,Approved,2026-07-27T08:00:00.000Z,,,1223.SPK/BA.202/BA010102/2026,21,sp-juli-1107,KOTAK P3K,-,1,1,pcs,0,10,Permintaan SPK 1223.SPK/BA.202/BA010102/2026
TUG5_TUG6,mr-tug5-91,MR-2026-000091,,1223.SPK/BA.202/BA010102/2026,spk-juli-91,Kartini Baruna,,,Approved,2026-07-27T08:00:00.000Z,,,1223.SPK/BA.202/BA010102/2026,22,sp-juli-1108,JAM DINDING,-,1,1,pcs,0,10,Permintaan SPK 1223.SPK/BA.202/BA010102/2026
TUG5_TUG6,mr-tug5-91,MR-2026-000091,,1223.SPK/BA.202/BA010102/2026,spk-juli-91,Kartini Baruna,,,Approved,2026-07-27T08:00:00.000Z,,,1223.SPK/BA.202/BA010102/2026,23,sp-juli-1109,RAK SEPATU BESI,-,1,1,pcs,0,10,Permintaan SPK 1223.SPK/BA.202/BA010102/2026
TUG5_TUG6,mr-tug5-91,MR-2026-000091,,1223.SPK/BA.202/BA010102/2026,spk-juli-91,Kartini Baruna,,,Approved,2026-07-27T08:00:00.000Z,,,1223.SPK/BA.202/BA010102/2026,24,sp-juli-1110,LEMARI ARSIP METAL PINTU METAL NON KACA,-,2,2,pcs,0,10,Permintaan SPK 1223.SPK/BA.202/BA010102/2026
TUG5_TUG6,mr-tug5-91,MR-2026-000091,,1223.SPK/BA.202/BA010102/2026,spk-juli-91,Kartini Baruna,,,Approved,2026-07-27T08:00:00.000Z,,,1223.SPK/BA.202/BA010102/2026,25,sp-juli-1111,SMART TV MULTI FUNCTION,-,1,1,pcs,0,10,Permintaan SPK 1223.SPK/BA.202/BA010102/2026
TUG5_TUG6,mr-tug5-91,MR-2026-000091,,1223.SPK/BA.202/BA010102/2026,spk-juli-91,Kartini Baruna,,,Approved,2026-07-27T08:00:00.000Z,,,1223.SPK/BA.202/BA010102/2026,26,sp-juli-1112,ADJUSTABLE BRACKET TV,-,1,1,pcs,0,10,Permintaan SPK 1223.SPK/BA.202/BA010102/2026
TUG5_TUG6,mr-tug5-91,MR-2026-000091,,1223.SPK/BA.202/BA010102/2026,spk-juli-91,Kartini Baruna,,,Approved,2026-07-27T08:00:00.000Z,,,1223.SPK/BA.202/BA010102/2026,27,sp-juli-1113,KOMPOR INDUKSI,-,1,1,pcs,0,10,Permintaan SPK 1223.SPK/BA.202/BA010102/2026
TUG5_TUG6,mr-tug5-91,MR-2026-000091,,1223.SPK/BA.202/BA010102/2026,spk-juli-91,Kartini Baruna,,,Approved,2026-07-27T08:00:00.000Z,,,1223.SPK/BA.202/BA010102/2026,28,sp-juli-1114,KABEL LAN,-,1,1,pcs,0,10,Permintaan SPK 1223.SPK/BA.202/BA010102/2026
TUG5_TUG6,mr-tug5-91,MR-2026-000091,,1223.SPK/BA.202/BA010102/2026,spk-juli-91,Kartini Baruna,,,Approved,2026-07-27T08:00:00.000Z,,,1223.SPK/BA.202/BA010102/2026,29,sp-juli-1115,PERALATAN MASAK INDUKSI,-,1,1,pcs,0,10,Permintaan SPK 1223.SPK/BA.202/BA010102/2026
TUG5_TUG6,mr-tug5-92,MR-2026-000092,,1257.SPK/BA.302/BA010102/2026,spk-juli-92,Martha Baruna,,,Approved,2026-07-31T08:00:00.000Z,,,1257.SPK/BA.302/BA010102/2026,1,sp-juli-1116,FILTER ELEMENT,1348493,60,60,pcs,0,10,Permintaan SPK 1257.SPK/BA.302/BA010102/2026
TUG5_TUG6,mr-tug5-92,MR-2026-000092,,1257.SPK/BA.302/BA010102/2026,spk-juli-92,Martha Baruna,,,Approved,2026-07-31T08:00:00.000Z,,,1257.SPK/BA.302/BA010102/2026,2,sp-juli-1117,O-RING,3035134,10,10,pcs,0,10,Permintaan SPK 1257.SPK/BA.302/BA010102/2026
TUG5_TUG6,mr-tug5-92,MR-2026-000092,,1257.SPK/BA.302/BA010102/2026,spk-juli-92,Martha Baruna,,,Approved,2026-07-31T08:00:00.000Z,,,1257.SPK/BA.302/BA010102/2026,3,sp-juli-1118,O-RING,3040109,10,10,pcs,0,10,Permintaan SPK 1257.SPK/BA.302/BA010102/2026
TUG5_TUG6,mr-tug5-92,MR-2026-000092,,1257.SPK/BA.302/BA010102/2026,spk-juli-92,Martha Baruna,,,Approved,2026-07-31T08:00:00.000Z,,,1257.SPK/BA.302/BA010102/2026,4,sp-juli-1119,O-RING,3040108,10,10,pcs,0,10,Permintaan SPK 1257.SPK/BA.302/BA010102/2026
TUG5_TUG6,mr-tug5-92,MR-2026-000092,,1257.SPK/BA.302/BA010102/2026,spk-juli-92,Martha Baruna,,,Approved,2026-07-31T08:00:00.000Z,,,1257.SPK/BA.302/BA010102/2026,5,sp-juli-1120,GASKET,3030012,180,180,pcs,0,10,Permintaan SPK 1257.SPK/BA.302/BA010102/2026
TUG5_TUG6,mr-tug5-93,MR-2026-000093,,1218.SPK/BA.202/BA010102/2026,spk-juli-93,Adhiguna Tarahan,,,Approved,2026-07-31T08:00:00.000Z,,,1218.SPK/BA.202/BA010102/2026,1,sp-juli-1121,REFILL LPG 50KG,-,1,1,pcs,0,10,Permintaan SPK 1218.SPK/BA.202/BA010102/2026
TUG5_TUG6,mr-tug5-93,MR-2026-000093,,1218.SPK/BA.202/BA010102/2026,spk-juli-93,Adhiguna Tarahan,,,Approved,2026-07-31T08:00:00.000Z,,,1218.SPK/BA.202/BA010102/2026,2,sp-juli-1122,REFILL OXYGEN,-,5,5,pcs,0,10,Permintaan SPK 1218.SPK/BA.202/BA010102/2026
TUG5_TUG6,mr-tug5-94,MR-2026-000094,,1219.SPK/BA.202/BA010102/2026,spk-juli-94,Sartika Baruna,,,Approved,2026-07-31T08:00:00.000Z,,,1219.SPK/BA.202/BA010102/2026,1,sp-juli-1123,REFILL LPG 12KG,-,1,1,pcs,0,10,Permintaan SPK 1219.SPK/BA.202/BA010102/2026
TUG5_TUG6,mr-tug5-94,MR-2026-000094,,1219.SPK/BA.202/BA010102/2026,spk-juli-94,Sartika Baruna,,,Approved,2026-07-31T08:00:00.000Z,,,1219.SPK/BA.202/BA010102/2026,2,sp-juli-1122,REFILL OXYGEN,-,5,5,pcs,0,10,Permintaan SPK 1219.SPK/BA.202/BA010102/2026
TUG5_TUG6,mr-tug5-95,MR-2026-000095,,1216.SPK/BA.17/BA010102/2026,spk-juli-95,Malahayati Baruna,,,Approved,2026-07-31T08:00:00.000Z,,,1216.SPK/BA.17/BA010102/2026,1,sp-juli-1124,HARDTOP SMART PACK II STD 049 RED,9 L,396,396,liter,0,10,Permintaan SPK 1216.SPK/BA.17/BA010102/2026
TUG5_TUG6,mr-tug5-95,MR-2026-000095,,1216.SPK/BA.17/BA010102/2026,spk-juli-95,Malahayati Baruna,,,Approved,2026-07-31T08:00:00.000Z,,,1216.SPK/BA.17/BA010102/2026,2,sp-juli-1125,SOLVALITT ALUMUNIUM,5 L,50,50,liter,0,10,Permintaan SPK 1216.SPK/BA.17/BA010102/2026
TUG5_TUG6,mr-tug5-95,MR-2026-000095,,1216.SPK/BA.17/BA010102/2026,spk-juli-95,Malahayati Baruna,,,Approved,2026-07-31T08:00:00.000Z,,,1216.SPK/BA.17/BA010102/2026,3,sp-juli-1126,PILOT II STD 258 YELLOW,5 L,50,50,liter,0,10,Permintaan SPK 1216.SPK/BA.17/BA010102/2026
TUG5_TUG6,mr-tug5-95,MR-2026-000095,,1216.SPK/BA.17/BA010102/2026,spk-juli-95,Malahayati Baruna,,,Approved,2026-07-31T08:00:00.000Z,,,1216.SPK/BA.17/BA010102/2026,4,sp-juli-1127,HARDTOP SMART PACK II STD 258 YELLOW,9 L,54,54,liter,0,10,Permintaan SPK 1216.SPK/BA.17/BA010102/2026
TUG5_TUG6,mr-tug5-95,MR-2026-000095,,1216.SPK/BA.17/BA010102/2026,spk-juli-95,Malahayati Baruna,,,Approved,2026-07-31T08:00:00.000Z,,,1216.SPK/BA.17/BA010102/2026,5,sp-juli-1128,PILOT II WHITE,5 L,200,200,liter,0,10,Permintaan SPK 1216.SPK/BA.17/BA010102/2026
TUG5_TUG6,mr-tug5-95,MR-2026-000095,,1216.SPK/BA.17/BA010102/2026,spk-juli-95,Malahayati Baruna,,,Approved,2026-07-31T08:00:00.000Z,,,1216.SPK/BA.17/BA010102/2026,6,sp-juli-1129,THINNER NO 02,5 L,100,100,liter,0,10,Permintaan SPK 1216.SPK/BA.17/BA010102/2026
TUG5_TUG6,mr-tug5-95,MR-2026-000095,,1216.SPK/BA.17/BA010102/2026,spk-juli-95,Malahayati Baruna,,,Approved,2026-07-31T08:00:00.000Z,,,1216.SPK/BA.17/BA010102/2026,7,sp-juli-1130,THINNER NO 07,5 L,25,25,liter,0,10,Permintaan SPK 1216.SPK/BA.17/BA010102/2026
TUG5_TUG6,mr-tug5-95,MR-2026-000095,,1216.SPK/BA.17/BA010102/2026,spk-juli-95,Malahayati Baruna,,,Approved,2026-07-31T08:00:00.000Z,,,1216.SPK/BA.17/BA010102/2026,8,sp-juli-1131,THINNER NO 17,5 L,25,25,liter,0,10,Permintaan SPK 1216.SPK/BA.17/BA010102/2026
TUG5_TUG6,mr-tug5-96,MR-2026-000096,,1174.SPK/BA.302/BA010102/2026,spk-juli-96,Sartika Baruna,,,Approved,2026-07-31T08:00:00.000Z,,,1174.SPK/BA.302/BA010102/2026,1,sp-juli-1132,End Plate I (Titanium),-,1,1,pcs,0,10,Permintaan SPK 1174.SPK/BA.302/BA010102/2026
TUG5_TUG6,mr-tug5-96,MR-2026-000096,,1174.SPK/BA.302/BA010102/2026,spk-juli-96,Sartika Baruna,,,Approved,2026-07-31T08:00:00.000Z,,,1174.SPK/BA.302/BA010102/2026,2,sp-juli-1133,End Plate II (Titanium),-,1,1,pcs,0,10,Permintaan SPK 1174.SPK/BA.302/BA010102/2026
TUG5_TUG6,mr-tug5-96,MR-2026-000096,,1174.SPK/BA.302/BA010102/2026,spk-juli-96,Sartika Baruna,,,Approved,2026-07-31T08:00:00.000Z,,,1174.SPK/BA.302/BA010102/2026,3,sp-juli-1134,Channel Plate (Titanium),-,50,50,pcs,0,10,Permintaan SPK 1174.SPK/BA.302/BA010102/2026
TUG5_TUG6,mr-tug5-96,MR-2026-000096,,1174.SPK/BA.302/BA010102/2026,spk-juli-96,Sartika Baruna,,,Approved,2026-07-31T08:00:00.000Z,,,1174.SPK/BA.302/BA010102/2026,4,sp-juli-1135,Gasket Rubber for End Plate I (EPDM),-,2,2,pcs,0,10,Permintaan SPK 1174.SPK/BA.302/BA010102/2026
TUG5_TUG6,mr-tug5-96,MR-2026-000096,,1174.SPK/BA.302/BA010102/2026,spk-juli-96,Sartika Baruna,,,Approved,2026-07-31T08:00:00.000Z,,,1174.SPK/BA.302/BA010102/2026,5,sp-juli-1136,Gasket Rubber for End Plate II (EPDM),-,2,2,pcs,0,10,Permintaan SPK 1174.SPK/BA.302/BA010102/2026
TUG5_TUG6,mr-tug5-96,MR-2026-000096,,1174.SPK/BA.302/BA010102/2026,spk-juli-96,Sartika Baruna,,,Approved,2026-07-31T08:00:00.000Z,,,1174.SPK/BA.302/BA010102/2026,6,sp-juli-1137,Gasket Rubber for Channel Plate (EPDM),-,50,50,pcs,0,10,Permintaan SPK 1174.SPK/BA.302/BA010102/2026
TUG5_TUG6,mr-tug5-97,MR-2026-000097,,1241.SPK/BA.7/BA010102/2026,spk-juli-97,Sartika Baruna,,,Approved,2026-07-31T08:00:00.000Z,,,1241.SPK/BA.7/BA010102/2026,1,sp-juli-1138,Pengurusan dispensasi sekali jalan sertifikat klasifikasi lambung dan sertifikat klasifikasi mesin untuk clearence out ke PLTU 1 Suralaya,-,1,1,lot,0,10,Permintaan SPK 1241.SPK/BA.7/BA010102/2026
TUG5_TUG6,mr-tug5-98,MR-2026-000098,,1220.SPK/BA.302/BA010102/2026,spk-juli-98,Malahayati Baruna,,,Approved,2026-07-31T08:00:00.000Z,,,1220.SPK/BA.302/BA010102/2026,1,sp-juli-1139,METAL SEAT GASKET,5013,1,1,pcs,0,10,Permintaan SPK 1220.SPK/BA.302/BA010102/2026
TUG5_TUG6,mr-tug5-98,MR-2026-000098,,1220.SPK/BA.302/BA010102/2026,spk-juli-98,Malahayati Baruna,,,Approved,2026-07-31T08:00:00.000Z,,,1220.SPK/BA.302/BA010102/2026,2,sp-juli-1140,BEARING CASING,5001,1,1,pcs,0,10,Permintaan SPK 1220.SPK/BA.302/BA010102/2026
TUG5_TUG6,mr-tug5-98,MR-2026-000098,,1220.SPK/BA.302/BA010102/2026,spk-juli-98,Malahayati Baruna,,,Approved,2026-07-31T08:00:00.000Z,,,1220.SPK/BA.302/BA010102/2026,3,sp-juli-1141,SET OF GASKET AND BOLT,-,1,1,set,0,10,Permintaan SPK 1220.SPK/BA.302/BA010102/2026
TUG5_TUG6,mr-tug5-98,MR-2026-000098,,1220.SPK/BA.302/BA010102/2026,spk-juli-98,Malahayati Baruna,,,Approved,2026-07-31T08:00:00.000Z,,,1220.SPK/BA.302/BA010102/2026,4,sp-juli-1142,TURBINE SHAFT,1001,1,1,pcs,0,10,Permintaan SPK 1220.SPK/BA.302/BA010102/2026
TUG5_TUG6,mr-tug5-98,MR-2026-000098,,1220.SPK/BA.302/BA010102/2026,spk-juli-98,Malahayati Baruna,,,Approved,2026-07-31T08:00:00.000Z,,,1220.SPK/BA.302/BA010102/2026,5,sp-juli-1143,COMPRESSOR WHEEL,2001,1,1,pcs,0,10,Permintaan SPK 1220.SPK/BA.302/BA010102/2026
TUG5_TUG6,mr-tug5-99,MR-2026-000099,,1236.SPK/BA.17/BA010102/2026,spk-juli-99,Srikandi Baruna 2206,,,Approved,2026-07-31T08:00:00.000Z,,,1236.SPK/BA.17/BA010102/2026,1,sp-juli-444,TALI PP MONOFILAMENT CIR 10,-,1,1,roll,0,10,Permintaan SPK 1236.SPK/BA.17/BA010102/2026
TUG5_TUG6,mr-tug5-100,MR-2026-000100,,1221.SPK/BA.17/BA010102/2026,spk-juli-100,Malahayati Baruna,,,Approved,2026-07-31T08:00:00.000Z,,,1221.SPK/BA.17/BA010102/2026,1,sp-juli-1144,Wire Rope Hoisting,-,4,4,pcs,0,10,Permintaan SPK 1221.SPK/BA.17/BA010102/2026
TUG5_TUG6,mr-tug5-100,MR-2026-000100,,1221.SPK/BA.17/BA010102/2026,spk-juli-100,Malahayati Baruna,,,Approved,2026-07-31T08:00:00.000Z,,,1221.SPK/BA.17/BA010102/2026,2,sp-juli-1145,Wire Rope Luffing,-,2,2,pcs,0,10,Permintaan SPK 1221.SPK/BA.17/BA010102/2026
TUG5_TUG6,mr-tug5-101,MR-2026-000101,,1190.SPK/BA.17/BA010102/2026,spk-juli-101,Srikandi Baruna 2203,,,Approved,2026-07-31T08:00:00.000Z,,,1190.SPK/BA.17/BA010102/2026,1,sp-juli-1146,intercom,-,3,3,unit,0,10,Permintaan SPK 1190.SPK/BA.17/BA010102/2026
TUG5_TUG6,mr-tug5-101,MR-2026-000101,,1190.SPK/BA.17/BA010102/2026,spk-juli-101,Srikandi Baruna 2203,,,Approved,2026-07-31T08:00:00.000Z,,,1190.SPK/BA.17/BA010102/2026,2,sp-juli-1147,alarm bell,-,2,2,pcs,0,10,Permintaan SPK 1190.SPK/BA.17/BA010102/2026
TUG5_TUG6,mr-tug5-101,MR-2026-000101,,1190.SPK/BA.17/BA010102/2026,spk-juli-101,Srikandi Baruna 2203,,,Approved,2026-07-31T08:00:00.000Z,,,1190.SPK/BA.17/BA010102/2026,3,sp-juli-1148,OMRON,-,4,4,pcs,0,10,Permintaan SPK 1190.SPK/BA.17/BA010102/2026
TUG5_TUG6,mr-tug5-101,MR-2026-000101,,1190.SPK/BA.17/BA010102/2026,spk-juli-101,Srikandi Baruna 2203,,,Approved,2026-07-31T08:00:00.000Z,,,1190.SPK/BA.17/BA010102/2026,4,sp-juli-1149,TRAFO POWER,-,1,1,unit,0,10,Permintaan SPK 1190.SPK/BA.17/BA010102/2026
TUG5_TUG6,mr-tug5-101,MR-2026-000101,,1190.SPK/BA.17/BA010102/2026,spk-juli-101,Srikandi Baruna 2203,,,Approved,2026-07-31T08:00:00.000Z,,,1190.SPK/BA.17/BA010102/2026,5,sp-juli-1150,FREON R32 KEMASAN 5KG,-,1,1,lot,0,10,Permintaan SPK 1190.SPK/BA.17/BA010102/2026
TUG5_TUG6,mr-tug5-101,MR-2026-000101,,1190.SPK/BA.17/BA010102/2026,spk-juli-101,Srikandi Baruna 2203,,,Approved,2026-07-31T08:00:00.000Z,,,1190.SPK/BA.17/BA010102/2026,6,sp-juli-1151,RACOR,-,40,40,pcs,0,10,Permintaan SPK 1190.SPK/BA.17/BA010102/2026
TUG5_TUG6,mr-tug5-101,MR-2026-000101,,1190.SPK/BA.17/BA010102/2026,spk-juli-101,Srikandi Baruna 2203,,,Approved,2026-07-31T08:00:00.000Z,,,1190.SPK/BA.17/BA010102/2026,7,sp-juli-1152,LUBE FILTER,-,24,24,pcs,0,10,Permintaan SPK 1190.SPK/BA.17/BA010102/2026
TUG5_TUG6,mr-tug5-101,MR-2026-000101,,1190.SPK/BA.17/BA010102/2026,spk-juli-101,Srikandi Baruna 2203,,,Approved,2026-07-31T08:00:00.000Z,,,1190.SPK/BA.17/BA010102/2026,8,sp-juli-1153,LO FILTER BY PASS,-,12,12,pcs,0,10,Permintaan SPK 1190.SPK/BA.17/BA010102/2026
TUG5_TUG6,mr-tug5-101,MR-2026-000101,,1190.SPK/BA.17/BA010102/2026,spk-juli-101,Srikandi Baruna 2203,,,Approved,2026-07-31T08:00:00.000Z,,,1190.SPK/BA.17/BA010102/2026,9,sp-juli-1154,LO FILTER,-,24,24,pcs,0,10,Permintaan SPK 1190.SPK/BA.17/BA010102/2026
TUG5_TUG6,mr-tug5-101,MR-2026-000101,,1190.SPK/BA.17/BA010102/2026,spk-juli-101,Srikandi Baruna 2203,,,Approved,2026-07-31T08:00:00.000Z,,,1190.SPK/BA.17/BA010102/2026,10,sp-juli-1155,BOLA LAMPU NAVIGASI,-,24,24,pcs,0,10,Permintaan SPK 1190.SPK/BA.17/BA010102/2026
TUG5_TUG6,mr-tug5-102,MR-2026-000102,,1188.SPK/BA.17/BA010102/2026,spk-juli-102,Meutia Baruna,,,Approved,2026-07-31T08:00:00.000Z,,,1188.SPK/BA.17/BA010102/2026,1,sp-juli-1156,INVERTER,-,1,1,lot,0,10,Permintaan SPK 1188.SPK/BA.17/BA010102/2026
TUG5_TUG6,mr-tug5-102,MR-2026-000102,,1188.SPK/BA.17/BA010102/2026,spk-juli-102,Meutia Baruna,,,Approved,2026-07-31T08:00:00.000Z,,,1188.SPK/BA.17/BA010102/2026,2,sp-juli-1157,591255 HD TOOL,-,50,50,set,0,10,Permintaan SPK 1188.SPK/BA.17/BA010102/2026
TUG5_TUG6,mr-tug5-102,MR-2026-000102,,1188.SPK/BA.17/BA010102/2026,spk-juli-102,Meutia Baruna,,,Approved,2026-07-31T08:00:00.000Z,,,1188.SPK/BA.17/BA010102/2026,3,sp-juli-1158,MIYAKO RICE COOKER,-,1,1,pcs,0,10,Permintaan SPK 1188.SPK/BA.17/BA010102/2026
TUG5_TUG6,mr-tug5-103,MR-2026-000103,,1303.Pj/BA.301/BA010400/2026,spk-juli-103,Martha Baruna,,,Approved,2026-07-10T08:00:00.000Z,,,1303.Pj/BA.301/BA010400/2026,1,sp-juli-1159,PENGADAAN SPAREPART & JASA GENERAL OVERHAUL,-,1,1,lot,0,10,Permintaan SPK 1303.Pj/BA.301/BA010400/2026
TUG5_TUG6,mr-tug5-104,MR-2026-000104,,1291.Pj/BA.301/BA010400/2026,spk-juli-104,Martha Baruna,,,Approved,2026-07-09T08:00:00.000Z,,,1291.Pj/BA.301/BA010400/2026,1,sp-juli-1160,PENGADAAN MATERIAL RUBBER HATCH COVER,-,1,1,lot,0,10,Permintaan SPK 1291.Pj/BA.301/BA010400/2026
TUG5_TUG6,mr6-tug6-1,MR6-2026-000001,,0994.SPK/BA.302/BA010102/2026,spk-juli-1,Malahayati Baruna,,,Approved,2026-07-01T08:30:00.000Z,,,0994.SPK/BA.302/BA010102/2026,1,sp-juli-1,"PUMP ASSY, INJECTION",OLD PN 746673-51104 NEW PN 746673-51108,6,6,set,0,10,Permintaan SPK 0994.SPK/BA.302/BA010102/2026
TUG5_TUG6,mr6-tug6-2,MR6-2026-000002,,1005.SPK/BA.17/BA010102/2026,spk-juli-2,Latifah Baruna,,,Approved,2026-07-02T08:30:00.000Z,,,1005.SPK/BA.17/BA010102/2026,1,sp-juli-2,UMEGUARD SX REDDISH,-,540,540,kg,0,10,Permintaan SPK 1005.SPK/BA.17/BA010102/2026
TUG5_TUG6,mr6-tug6-2,MR6-2026-000002,,1005.SPK/BA.17/BA010102/2026,spk-juli-2,Latifah Baruna,,,Approved,2026-07-02T08:30:00.000Z,,,1005.SPK/BA.17/BA010102/2026,2,sp-juli-3,UMEGUARD SX GREY,-,540,540,kg,0,10,Permintaan SPK 1005.SPK/BA.17/BA010102/2026
TUG5_TUG6,mr6-tug6-2,MR6-2026-000002,,1005.SPK/BA.17/BA010102/2026,spk-juli-2,Latifah Baruna,,,Approved,2026-07-02T08:30:00.000Z,,,1005.SPK/BA.17/BA010102/2026,3,sp-juli-4,UMEGUARD SX HARDWARE,INCLUDE NI 1&2,0,0,kg,0,10,Permintaan SPK 1005.SPK/BA.17/BA010102/2026
TUG5_TUG6,mr6-tug6-3,MR6-2026-000003,,0991.SPK/BA.101/BA010102/2026,spk-juli-3,Martha Baruna,,,Approved,2026-07-01T08:30:00.000Z,,,0991.SPK/BA.101/BA010102/2026,1,sp-juli-5,JASA ULTRASONIC THICKNES MEASUREMENT,-,1,1,lot,0,10,Permintaan SPK 0991.SPK/BA.101/BA010102/2026
TUG5_TUG6,mr6-tug6-3,MR6-2026-000003,,0991.SPK/BA.101/BA010102/2026,spk-juli-3,Martha Baruna,,,Approved,2026-07-01T08:30:00.000Z,,,0991.SPK/BA.101/BA010102/2026,2,sp-juli-6,REPORTING,-,1,1,lot,0,10,Permintaan SPK 0991.SPK/BA.101/BA010102/2026
TUG5_TUG6,mr6-tug6-4,MR6-2026-000004,,0990.SPK/BA.17/BA010102/2026,spk-juli-4,Rasuna Baruna,,,Approved,2026-07-01T08:30:00.000Z,,,0990.SPK/BA.17/BA010102/2026,1,sp-juli-7,CANVAS BRAKE LINNING,-,25,25,roll,0,10,Permintaan SPK 0990.SPK/BA.17/BA010102/2026
TUG5_TUG6,mr6-tug6-4,MR6-2026-000004,,0990.SPK/BA.17/BA010102/2026,spk-juli-4,Rasuna Baruna,,,Approved,2026-07-01T08:30:00.000Z,,,0990.SPK/BA.17/BA010102/2026,2,sp-juli-8,ACCESSORIES,-,3,3,pcs,0,10,Permintaan SPK 0990.SPK/BA.17/BA010102/2026
TUG5_TUG6,mr6-tug6-5,MR6-2026-000005,,1000.SPK/PR.202/BA010102/2026,spk-juli-5,Adhiguna Tarahan,,,Approved,2026-07-01T08:30:00.000Z,,,1000.SPK/PR.202/BA010102/2026,1,sp-juli-9,JASA RECASTING RUBBER SPIROFLEX,-,4,4,pcs,0,10,Permintaan SPK 1000.SPK/PR.202/BA010102/2026
TUG5_TUG6,mr6-tug6-5,MR6-2026-000005,,1000.SPK/PR.202/BA010102/2026,spk-juli-5,Adhiguna Tarahan,,,Approved,2026-07-01T08:30:00.000Z,,,1000.SPK/PR.202/BA010102/2026,2,sp-juli-10,BIAYA TRANSPORTASI,-,1,1,lot,0,10,Permintaan SPK 1000.SPK/PR.202/BA010102/2026
TUG5_TUG6,mr6-tug6-6,MR6-2026-000006,,0995.SPK/BA.302/BA010102/2026,spk-juli-6,Kencana Baruna,,,Approved,2026-07-01T08:30:00.000Z,,,0995.SPK/BA.302/BA010102/2026,1,sp-juli-11,PISTON LP,3382,2,2,pcs,0,10,Permintaan SPK 0995.SPK/BA.302/BA010102/2026
TUG5_TUG6,mr6-tug6-6,MR6-2026-000006,,0995.SPK/BA.302/BA010102/2026,spk-juli-6,Kencana Baruna,,,Approved,2026-07-01T08:30:00.000Z,,,0995.SPK/BA.302/BA010102/2026,2,sp-juli-12,PISTON HP,3398,2,2,pcs,0,10,Permintaan SPK 0995.SPK/BA.302/BA010102/2026
TUG5_TUG6,mr6-tug6-6,MR6-2026-000006,,0995.SPK/BA.302/BA010102/2026,spk-juli-6,Kencana Baruna,,,Approved,2026-07-01T08:30:00.000Z,,,0995.SPK/BA.302/BA010102/2026,3,sp-juli-13,CYLINDER HEAD,1255,1,1,set,0,10,Permintaan SPK 0995.SPK/BA.302/BA010102/2026
TUG5_TUG6,mr6-tug6-7,MR6-2026-000007,,1009.SPK/BA.302/BA010102/2026,spk-juli-7,Martha Baruna,,,Approved,2026-07-02T08:30:00.000Z,,,1009.SPK/BA.302/BA010102/2026,1,sp-juli-14,CRANK SHAFT,-,2,2,pcs,0,10,Permintaan SPK 1009.SPK/BA.302/BA010102/2026
TUG5_TUG6,mr6-tug6-7,MR6-2026-000007,,1009.SPK/BA.302/BA010102/2026,spk-juli-7,Martha Baruna,,,Approved,2026-07-02T08:30:00.000Z,,,1009.SPK/BA.302/BA010102/2026,2,sp-juli-15,OIL FILTER ELEMENT,FO-401,10,10,pcs,0,10,Permintaan SPK 1009.SPK/BA.302/BA010102/2026
TUG5_TUG6,mr6-tug6-7,MR6-2026-000007,,1009.SPK/BA.302/BA010102/2026,spk-juli-7,Martha Baruna,,,Approved,2026-07-02T08:30:00.000Z,,,1009.SPK/BA.302/BA010102/2026,3,sp-juli-16,BALANCE WEIGHT BOLT,SCM435,8,8,pcs,0,10,Permintaan SPK 1009.SPK/BA.302/BA010102/2026
TUG5_TUG6,mr6-tug6-7,MR6-2026-000007,,1009.SPK/BA.302/BA010102/2026,spk-juli-7,Martha Baruna,,,Approved,2026-07-02T08:30:00.000Z,,,1009.SPK/BA.302/BA010102/2026,4,sp-juli-17,BALANCE WEIGHT,FCD400,4,4,pcs,0,10,Permintaan SPK 1009.SPK/BA.302/BA010102/2026
TUG5_TUG6,mr6-tug6-8,MR6-2026-000008,,0996.SPK/BA.302/BA010102/2026,spk-juli-8,Sartika Baruna,,,Approved,2026-07-01T08:30:00.000Z,,,0996.SPK/BA.302/BA010102/2026,1,sp-juli-18,PISTON RING SET,-,5,5,set,0,10,Permintaan SPK 0996.SPK/BA.302/BA010102/2026
TUG5_TUG6,mr6-tug6-8,MR6-2026-000008,,0996.SPK/BA.302/BA010102/2026,spk-juli-8,Sartika Baruna,,,Approved,2026-07-01T08:30:00.000Z,,,0996.SPK/BA.302/BA010102/2026,2,sp-juli-19,CYLINDER LINER,E265080020,3,3,pcs,0,10,Permintaan SPK 0996.SPK/BA.302/BA010102/2026
TUG5_TUG6,mr6-tug6-8,MR6-2026-000008,,0996.SPK/BA.302/BA010102/2026,spk-juli-8,Sartika Baruna,,,Approved,2026-07-01T08:30:00.000Z,,,0996.SPK/BA.302/BA010102/2026,3,sp-juli-20,BOSCH PUMP UNIT,E266480040,1,1,set,0,10,Permintaan SPK 0996.SPK/BA.302/BA010102/2026
TUG5_TUG6,mr6-tug6-8,MR6-2026-000008,,0996.SPK/BA.302/BA010102/2026,spk-juli-8,Sartika Baruna,,,Approved,2026-07-01T08:30:00.000Z,,,0996.SPK/BA.302/BA010102/2026,4,sp-juli-21,FUEL OIL INJECTION DEVICE,E26628,4,4,set,0,10,Permintaan SPK 0996.SPK/BA.302/BA010102/2026
TUG5_TUG6,mr6-tug6-9,MR6-2026-000009,,0992.SPK/BA.101/BA010102/2026,spk-juli-9,Malahayati Baruna,,,Approved,2026-07-01T08:30:00.000Z,,,0992.SPK/BA.101/BA010102/2026,1,sp-juli-22,"Overhaul, Bench Test and Calibration",-,3,3,Unit,0,10,Permintaan SPK 0992.SPK/BA.101/BA010102/2026
TUG5_TUG6,mr6-tug6-9,MR6-2026-000009,,0992.SPK/BA.101/BA010102/2026,spk-juli-9,Malahayati Baruna,,,Approved,2026-07-01T08:30:00.000Z,,,0992.SPK/BA.101/BA010102/2026,2,sp-juli-23,Service of Speed Setting Device,-,3,3,Unit,0,10,Permintaan SPK 0992.SPK/BA.101/BA010102/2026
TUG5_TUG6,mr6-tug6-9,MR6-2026-000009,,0992.SPK/BA.101/BA010102/2026,spk-juli-9,Malahayati Baruna,,,Approved,2026-07-01T08:30:00.000Z,,,0992.SPK/BA.101/BA010102/2026,3,sp-juli-24,"Dismounting, Mounting, Transport & Commissioning",-,3,3,Unit,0,10,Permintaan SPK 0992.SPK/BA.101/BA010102/2026
TUG5_TUG6,mr6-tug6-9,MR6-2026-000009,,0992.SPK/BA.101/BA010102/2026,spk-juli-9,Malahayati Baruna,,,Approved,2026-07-01T08:30:00.000Z,,,0992.SPK/BA.101/BA010102/2026,4,sp-juli-25,"Dismounting, Mounting, Transport & Servicing",-,3,3,Unit,0,10,Permintaan SPK 0992.SPK/BA.101/BA010102/2026
TUG5_TUG6,mr6-tug6-9,MR6-2026-000009,,0992.SPK/BA.101/BA010102/2026,spk-juli-9,Malahayati Baruna,,,Approved,2026-07-01T08:30:00.000Z,,,0992.SPK/BA.101/BA010102/2026,5,sp-juli-26,Kit RHD,-,3,3,Set,0,10,Permintaan SPK 0992.SPK/BA.101/BA010102/2026
TUG5_TUG6,mr6-tug6-9,MR6-2026-000009,,0992.SPK/BA.101/BA010102/2026,spk-juli-9,Malahayati Baruna,,,Approved,2026-07-01T08:30:00.000Z,,,0992.SPK/BA.101/BA010102/2026,6,sp-juli-27,PV Plunger Assy,-,3,3,Pc,0,10,Permintaan SPK 0992.SPK/BA.101/BA010102/2026
TUG5_TUG6,mr6-tug6-9,MR6-2026-000009,,0992.SPK/BA.101/BA010102/2026,spk-juli-9,Malahayati Baruna,,,Approved,2026-07-01T08:30:00.000Z,,,0992.SPK/BA.101/BA010102/2026,7,sp-juli-28,Drive Shaft,-,3,3,Pc,0,10,Permintaan SPK 0992.SPK/BA.101/BA010102/2026
TUG5_TUG6,mr6-tug6-9,MR6-2026-000009,,0992.SPK/BA.101/BA010102/2026,spk-juli-9,Malahayati Baruna,,,Approved,2026-07-01T08:30:00.000Z,,,0992.SPK/BA.101/BA010102/2026,8,sp-juli-29,Bushing Terminal Shaft,-,6,6,Pc,0,10,Permintaan SPK 0992.SPK/BA.101/BA010102/2026
TUG5_TUG6,mr6-tug6-9,MR6-2026-000009,,0992.SPK/BA.101/BA010102/2026,spk-juli-9,Malahayati Baruna,,,Approved,2026-07-01T08:30:00.000Z,,,0992.SPK/BA.101/BA010102/2026,9,sp-juli-30,Floating Lever,-,3,3,Pc,0,10,Permintaan SPK 0992.SPK/BA.101/BA010102/2026
TUG5_TUG6,mr6-tug6-9,MR6-2026-000009,,0992.SPK/BA.101/BA010102/2026,spk-juli-9,Malahayati Baruna,,,Approved,2026-07-01T08:30:00.000Z,,,0992.SPK/BA.101/BA010102/2026,10,sp-juli-31,Droop Bracket,-,3,3,Pc,0,10,Permintaan SPK 0992.SPK/BA.101/BA010102/2026
TUG5_TUG6,mr6-tug6-9,MR6-2026-000009,,0992.SPK/BA.101/BA010102/2026,spk-juli-9,Malahayati Baruna,,,Approved,2026-07-01T08:30:00.000Z,,,0992.SPK/BA.101/BA010102/2026,11,sp-juli-32,Oil Gauge,-,3,3,Pc,0,10,Permintaan SPK 0992.SPK/BA.101/BA010102/2026
TUG5_TUG6,mr6-tug6-9,MR6-2026-000009,,0992.SPK/BA.101/BA010102/2026,spk-juli-9,Malahayati Baruna,,,Approved,2026-07-01T08:30:00.000Z,,,0992.SPK/BA.101/BA010102/2026,12,sp-juli-33,- Servo Motor Kit,-,3,3,Set,0,10,Permintaan SPK 0992.SPK/BA.101/BA010102/2026
TUG5_TUG6,mr6-tug6-9,MR6-2026-000009,,0992.SPK/BA.101/BA010102/2026,spk-juli-9,Malahayati Baruna,,,Approved,2026-07-01T08:30:00.000Z,,,0992.SPK/BA.101/BA010102/2026,13,sp-juli-34,- Linkage Set,-,3,3,Set,0,10,Permintaan SPK 0992.SPK/BA.101/BA010102/2026
TUG5_TUG6,mr6-tug6-9,MR6-2026-000009,,0992.SPK/BA.101/BA010102/2026,spk-juli-9,Malahayati Baruna,,,Approved,2026-07-01T08:30:00.000Z,,,0992.SPK/BA.101/BA010102/2026,14,sp-juli-35,Bearing Driving Gear Device,-,6,6,Pc,0,10,Permintaan SPK 0992.SPK/BA.101/BA010102/2026
TUG5_TUG6,mr6-tug6-9,MR6-2026-000009,,0992.SPK/BA.101/BA010102/2026,spk-juli-9,Malahayati Baruna,,,Approved,2026-07-01T08:30:00.000Z,,,0992.SPK/BA.101/BA010102/2026,15,sp-juli-36,DISKON,-,1,1,lot,0,10,Permintaan SPK 0992.SPK/BA.101/BA010102/2026
TUG5_TUG6,mr6-tug6-10,MR6-2026-000010,,1016.SPK/BA.202/BA010102/2026,spk-juli-10,Jayanti Baruna,,,Approved,2026-07-02T08:30:00.000Z,,,1016.SPK/BA.202/BA010102/2026,1,sp-juli-37,"BALL BEARING for cargo hold, ME Gearbox LO pump, Air CONDITIONING COMP RR",6312 (NTN/FAG),5,5,PCS,0,10,Permintaan SPK 1016.SPK/BA.202/BA010102/2026
TUG5_TUG6,mr6-tug6-10,MR6-2026-000010,,1016.SPK/BA.202/BA010102/2026,spk-juli-10,Jayanti Baruna,,,Approved,2026-07-02T08:30:00.000Z,,,1016.SPK/BA.202/BA010102/2026,2,sp-juli-38,"BALL BEARING for FO purifier, Daily bilge pp, Sludge ff pp, sewage ff pp, Hot water circ pp",6204 ZZ C3 (NTN/FAG),6,6,PCS,0,10,Permintaan SPK 1016.SPK/BA.202/BA010102/2026
TUG5_TUG6,mr6-tug6-10,MR6-2026-000010,,1016.SPK/BA.202/BA010102/2026,spk-juli-10,Jayanti Baruna,,,Approved,2026-07-02T08:30:00.000Z,,,1016.SPK/BA.202/BA010102/2026,3,sp-juli-39,"BALL BEARING for ME LO Purifier, Daily bilge pp, sludge ff pp, sewage ff pp, ME FO circ pp, ME exh gas fan",6205 ZZ C3 (NTN/FAG),12,12,PCS,0,10,Permintaan SPK 1016.SPK/BA.202/BA010102/2026
TUG5_TUG6,mr6-tug6-10,MR6-2026-000010,,1016.SPK/BA.202/BA010102/2026,spk-juli-10,Jayanti Baruna,,,Approved,2026-07-02T08:30:00.000Z,,,1016.SPK/BA.202/BA010102/2026,4,sp-juli-40,"BALL BEARING for sewage transfer pump, FO PURIFIER",6305 ZZ C3 (NTN/FAG),2,2,PCS,0,10,Permintaan SPK 1016.SPK/BA.202/BA010102/2026
TUG5_TUG6,mr6-tug6-10,MR6-2026-000010,,1016.SPK/BA.202/BA010102/2026,spk-juli-10,Jayanti Baruna,,,Approved,2026-07-02T08:30:00.000Z,,,1016.SPK/BA.202/BA010102/2026,5,sp-juli-41,"BALL BEARING for FO Transfer pp, ME LO Purifier, FW hydrophone pp",6306 ZZ C3 (NTN/FAG),10,10,PCS,0,10,Permintaan SPK 1016.SPK/BA.202/BA010102/2026
TUG5_TUG6,mr6-tug6-10,MR6-2026-000010,,1016.SPK/BA.202/BA010102/2026,spk-juli-10,Jayanti Baruna,,,Approved,2026-07-02T08:30:00.000Z,,,1016.SPK/BA.202/BA010102/2026,6,sp-juli-42,"BALL BEARING for Ballast Pp, Main Cooling SW pp, ME HT CW stand by pp, LT CW stand by pp",6309ZZ C3 (NTN/FAG),14,14,PCS,0,10,Permintaan SPK 1016.SPK/BA.202/BA010102/2026
TUG5_TUG6,mr6-tug6-10,MR6-2026-000010,,1016.SPK/BA.202/BA010102/2026,spk-juli-10,Jayanti Baruna,,,Approved,2026-07-02T08:30:00.000Z,,,1016.SPK/BA.202/BA010102/2026,7,sp-juli-43,BALL BEARING for Aux cooling FW pump,6311 ZZ C3 (NTN/FAG),4,4,PCS,0,10,Permintaan SPK 1016.SPK/BA.202/BA010102/2026
TUG5_TUG6,mr6-tug6-10,MR6-2026-000010,,1016.SPK/BA.202/BA010102/2026,spk-juli-10,Jayanti Baruna,,,Approved,2026-07-02T08:30:00.000Z,,,1016.SPK/BA.202/BA010102/2026,8,sp-juli-44,"BALL BEARING Emergency fire pump, ME LO stand by pump, Emergency fire pump",6312 ZZ C3 (NTN/FAG),4,4,PCS,0,10,Permintaan SPK 1016.SPK/BA.202/BA010102/2026
TUG5_TUG6,mr6-tug6-10,MR6-2026-000010,,1016.SPK/BA.202/BA010102/2026,spk-juli-10,Jayanti Baruna,,,Approved,2026-07-02T08:30:00.000Z,,,1016.SPK/BA.202/BA010102/2026,9,sp-juli-45,BALL BEARING for ME LO stand by pump,6313 ZZ C3 (NTN/FAG),2,2,PCS,0,10,Permintaan SPK 1016.SPK/BA.202/BA010102/2026
TUG5_TUG6,mr6-tug6-10,MR6-2026-000010,,1016.SPK/BA.202/BA010102/2026,spk-juli-10,Jayanti Baruna,,,Approved,2026-07-02T08:30:00.000Z,,,1016.SPK/BA.202/BA010102/2026,10,sp-juli-46,"BALL BEARING for Fire, bilge & GS pp, Cargo chiller FW circulation pp, Chiller Unit Cooling SW pp",6314 C3 (NTN/FAG),8,8,PCS,0,10,Permintaan SPK 1016.SPK/BA.202/BA010102/2026
TUG5_TUG6,mr6-tug6-10,MR6-2026-000010,,1016.SPK/BA.202/BA010102/2026,spk-juli-10,Jayanti Baruna,,,Approved,2026-07-02T08:30:00.000Z,,,1016.SPK/BA.202/BA010102/2026,11,sp-juli-47,"BALL BEARING for Cargo chiller FW circulation pp, Chiller Unit Cooling SW pp",6315 C3 (NTN/FAG),4,4,PCS,0,10,Permintaan SPK 1016.SPK/BA.202/BA010102/2026
TUG5_TUG6,mr6-tug6-10,MR6-2026-000010,,1016.SPK/BA.202/BA010102/2026,spk-juli-10,Jayanti Baruna,,,Approved,2026-07-02T08:30:00.000Z,,,1016.SPK/BA.202/BA010102/2026,12,sp-juli-48,BALL BEARING for Deck Water Spray pump,6316 C3 (NTN/FAG),4,4,PCS,0,10,Permintaan SPK 1016.SPK/BA.202/BA010102/2026
TUG5_TUG6,mr6-tug6-10,MR6-2026-000010,,1016.SPK/BA.202/BA010102/2026,spk-juli-10,Jayanti Baruna,,,Approved,2026-07-02T08:30:00.000Z,,,1016.SPK/BA.202/BA010102/2026,13,sp-juli-49,BALL BEARING for Galley exhaust fan,6205-2RSH (SKF),2,2,PCS,0,10,Permintaan SPK 1016.SPK/BA.202/BA010102/2026
TUG5_TUG6,mr6-tug6-10,MR6-2026-000010,,1016.SPK/BA.202/BA010102/2026,spk-juli-10,Jayanti Baruna,,,Approved,2026-07-02T08:30:00.000Z,,,1016.SPK/BA.202/BA010102/2026,14,sp-juli-50,"BALL BEARING for ME LO Purifier, Sewage discharge PP",6205-ZZ (NTN/FAG),2,2,PCS,0,10,Permintaan SPK 1016.SPK/BA.202/BA010102/2026
TUG5_TUG6,mr6-tug6-10,MR6-2026-000010,,1016.SPK/BA.202/BA010102/2026,spk-juli-10,Jayanti Baruna,,,Approved,2026-07-02T08:30:00.000Z,,,1016.SPK/BA.202/BA010102/2026,15,sp-juli-51,BALL BEARING for VRC hydraulic pp,6206-DDU/C3 (NTN/FAG),4,4,PCS,0,10,Permintaan SPK 1016.SPK/BA.202/BA010102/2026
TUG5_TUG6,mr6-tug6-10,MR6-2026-000010,,1016.SPK/BA.202/BA010102/2026,spk-juli-10,Jayanti Baruna,,,Approved,2026-07-02T08:30:00.000Z,,,1016.SPK/BA.202/BA010102/2026,16,sp-juli-52,BEARING ELECTROMOTOR AC COMPRESSOR,6312-/C3 (NTN/FAG),2,2,PCS,0,10,Permintaan SPK 1016.SPK/BA.202/BA010102/2026
TUG5_TUG6,mr6-tug6-10,MR6-2026-000010,,1016.SPK/BA.202/BA010102/2026,spk-juli-10,Jayanti Baruna,,,Approved,2026-07-02T08:30:00.000Z,,,1016.SPK/BA.202/BA010102/2026,17,sp-juli-53,BEARING ELECTROMOTOR AC COMPRESSOR,6313-/C3 (NTN/FAG),2,2,PCS,0,10,Permintaan SPK 1016.SPK/BA.202/BA010102/2026
TUG5_TUG6,mr6-tug6-10,MR6-2026-000010,,1016.SPK/BA.202/BA010102/2026,spk-juli-10,Jayanti Baruna,,,Approved,2026-07-02T08:30:00.000Z,,,1016.SPK/BA.202/BA010102/2026,18,sp-juli-54,BEARING ELECTROMOTOR FOR BLOWER FAN,6309 (NTN/FAG),4,4,PCS,0,10,Permintaan SPK 1016.SPK/BA.202/BA010102/2026
TUG5_TUG6,mr6-tug6-11,MR6-2026-000011,,1004.SPK/BA.302/BA010102/2026,spk-juli-11,Meutia Baruna,,,Approved,2026-07-02T08:30:00.000Z,,,1004.SPK/BA.302/BA010102/2026,1,sp-juli-55,O-RING,3803-6741-00,4,4,pcs,0,10,Permintaan SPK 1004.SPK/BA.302/BA010102/2026
TUG5_TUG6,mr6-tug6-11,MR6-2026-000011,,1004.SPK/BA.302/BA010102/2026,spk-juli-11,Meutia Baruna,,,Approved,2026-07-02T08:30:00.000Z,,,1004.SPK/BA.302/BA010102/2026,2,sp-juli-56,O-RING,3803-6423-00,4,4,pcs,0,10,Permintaan SPK 1004.SPK/BA.302/BA010102/2026
TUG5_TUG6,mr6-tug6-11,MR6-2026-000011,,1004.SPK/BA.302/BA010102/2026,spk-juli-11,Meutia Baruna,,,Approved,2026-07-02T08:30:00.000Z,,,1004.SPK/BA.302/BA010102/2026,3,sp-juli-57,Crank Pin Metal Bearing,1710-4103-00,2,2,set,0,10,Permintaan SPK 1004.SPK/BA.302/BA010102/2026
TUG5_TUG6,mr6-tug6-11,MR6-2026-000011,,1004.SPK/BA.302/BA010102/2026,spk-juli-11,Meutia Baruna,,,Approved,2026-07-02T08:30:00.000Z,,,1004.SPK/BA.302/BA010102/2026,4,sp-juli-58,Connecting Rod,1710-4100-00,1,1,set,0,10,Permintaan SPK 1004.SPK/BA.302/BA010102/2026
TUG5_TUG6,mr6-tug6-11,MR6-2026-000011,,1004.SPK/BA.302/BA010102/2026,spk-juli-11,Meutia Baruna,,,Approved,2026-07-02T08:30:00.000Z,,,1004.SPK/BA.302/BA010102/2026,5,sp-juli-59,Oil Pump,1380-6132-01,1,1,pcs,0,10,Permintaan SPK 1004.SPK/BA.302/BA010102/2026
TUG5_TUG6,mr6-tug6-11,MR6-2026-000011,,1004.SPK/BA.302/BA010102/2026,spk-juli-11,Meutia Baruna,,,Approved,2026-07-02T08:30:00.000Z,,,1004.SPK/BA.302/BA010102/2026,6,sp-juli-60,Cylinder Liner 1St Stage,1710-3102-00,1,1,set,0,10,Permintaan SPK 1004.SPK/BA.302/BA010102/2026
TUG5_TUG6,mr6-tug6-11,MR6-2026-000011,,1004.SPK/BA.302/BA010102/2026,spk-juli-11,Meutia Baruna,,,Approved,2026-07-02T08:30:00.000Z,,,1004.SPK/BA.302/BA010102/2026,7,sp-juli-61,Cylinder Liner 2Nd Stage,1710-3102-00,1,1,set,0,10,Permintaan SPK 1004.SPK/BA.302/BA010102/2026
TUG5_TUG6,mr6-tug6-12,MR6-2026-000012,,0993.SPK/BA.101/BA010102/2026,spk-juli-12,Latifah Baruna,,,Approved,2026-07-01T08:30:00.000Z,,,0993.SPK/BA.101/BA010102/2026,1,sp-juli-62,DELIVERY VALVE H.P. COMPLETE,3012,6,6,pcs,0,10,Permintaan SPK 0993.SPK/BA.101/BA010102/2026
TUG5_TUG6,mr6-tug6-12,MR6-2026-000012,,0993.SPK/BA.101/BA010102/2026,spk-juli-12,Latifah Baruna,,,Approved,2026-07-01T08:30:00.000Z,,,0993.SPK/BA.101/BA010102/2026,2,sp-juli-63,SUCTION VALVE L.P. COMPLETE,3020,4,4,pcs,0,10,Permintaan SPK 0993.SPK/BA.101/BA010102/2026
TUG5_TUG6,mr6-tug6-12,MR6-2026-000012,,0993.SPK/BA.101/BA010102/2026,spk-juli-12,Latifah Baruna,,,Approved,2026-07-01T08:30:00.000Z,,,0993.SPK/BA.101/BA010102/2026,3,sp-juli-64,SUCTION VALVE H.P. COMPLETE,3049,6,6,pcs,0,10,Permintaan SPK 0993.SPK/BA.101/BA010102/2026
TUG5_TUG6,mr6-tug6-12,MR6-2026-000012,,0993.SPK/BA.101/BA010102/2026,spk-juli-12,Latifah Baruna,,,Approved,2026-07-01T08:30:00.000Z,,,0993.SPK/BA.101/BA010102/2026,4,sp-juli-65,DELIVERY VALVE L.P. COMPLETE,3021,4,4,pcs,0,10,Permintaan SPK 0993.SPK/BA.101/BA010102/2026
TUG5_TUG6,mr6-tug6-12,MR6-2026-000012,,0993.SPK/BA.101/BA010102/2026,spk-juli-12,Latifah Baruna,,,Approved,2026-07-01T08:30:00.000Z,,,0993.SPK/BA.101/BA010102/2026,5,sp-juli-66,OIL RING H.P,3533,4,4,pcs,0,10,Permintaan SPK 0993.SPK/BA.101/BA010102/2026
TUG5_TUG6,mr6-tug6-12,MR6-2026-000012,,0993.SPK/BA.101/BA010102/2026,spk-juli-12,Latifah Baruna,,,Approved,2026-07-01T08:30:00.000Z,,,0993.SPK/BA.101/BA010102/2026,6,sp-juli-67,OIL RING L.P,3543,6,6,pcs,0,10,Permintaan SPK 0993.SPK/BA.101/BA010102/2026
TUG5_TUG6,mr6-tug6-12,MR6-2026-000012,,0993.SPK/BA.101/BA010102/2026,spk-juli-12,Latifah Baruna,,,Approved,2026-07-01T08:30:00.000Z,,,0993.SPK/BA.101/BA010102/2026,7,sp-juli-68,PISTON H.P.,3398,3,3,pcs,0,10,Permintaan SPK 0993.SPK/BA.101/BA010102/2026
TUG5_TUG6,mr6-tug6-12,MR6-2026-000012,,0993.SPK/BA.101/BA010102/2026,spk-juli-12,Latifah Baruna,,,Approved,2026-07-01T08:30:00.000Z,,,0993.SPK/BA.101/BA010102/2026,8,sp-juli-69,COMPRESSION RING H.P.,3505,8,8,pcs,0,10,Permintaan SPK 0993.SPK/BA.101/BA010102/2026
TUG5_TUG6,mr6-tug6-12,MR6-2026-000012,,0993.SPK/BA.101/BA010102/2026,spk-juli-12,Latifah Baruna,,,Approved,2026-07-01T08:30:00.000Z,,,0993.SPK/BA.101/BA010102/2026,9,sp-juli-70,COMPRESSION/OIL RING L.P.,3485,4,4,pcs,0,10,Permintaan SPK 0993.SPK/BA.101/BA010102/2026
TUG5_TUG6,mr6-tug6-12,MR6-2026-000012,,0993.SPK/BA.101/BA010102/2026,spk-juli-12,Latifah Baruna,,,Approved,2026-07-01T08:30:00.000Z,,,0993.SPK/BA.101/BA010102/2026,10,sp-juli-71,COMPRESSION RING L.P.,3518,8,8,pcs,0,10,Permintaan SPK 0993.SPK/BA.101/BA010102/2026
TUG5_TUG6,mr6-tug6-12,MR6-2026-000012,,0993.SPK/BA.101/BA010102/2026,spk-juli-12,Latifah Baruna,,,Approved,2026-07-01T08:30:00.000Z,,,0993.SPK/BA.101/BA010102/2026,11,sp-juli-72,OIL FILTER,3722,6,6,pcs,0,10,Permintaan SPK 0993.SPK/BA.101/BA010102/2026
TUG5_TUG6,mr6-tug6-12,MR6-2026-000012,,0993.SPK/BA.101/BA010102/2026,spk-juli-12,Latifah Baruna,,,Approved,2026-07-01T08:30:00.000Z,,,0993.SPK/BA.101/BA010102/2026,12,sp-juli-73,AIR FILTER INSERT,3718,6,6,pcs,0,10,Permintaan SPK 0993.SPK/BA.101/BA010102/2026
TUG5_TUG6,mr6-tug6-12,MR6-2026-000012,,0993.SPK/BA.101/BA010102/2026,spk-juli-12,Latifah Baruna,,,Approved,2026-07-01T08:30:00.000Z,,,0993.SPK/BA.101/BA010102/2026,13,sp-juli-74,GASKET COVER,3995,4,4,pcs,0,10,Permintaan SPK 0993.SPK/BA.101/BA010102/2026
TUG5_TUG6,mr6-tug6-12,MR6-2026-000012,,0993.SPK/BA.101/BA010102/2026,spk-juli-12,Latifah Baruna,,,Approved,2026-07-01T08:30:00.000Z,,,0993.SPK/BA.101/BA010102/2026,14,sp-juli-75,VALVE GASKET,3909,10,10,pcs,0,10,Permintaan SPK 0993.SPK/BA.101/BA010102/2026
TUG5_TUG6,mr6-tug6-12,MR6-2026-000012,,0993.SPK/BA.101/BA010102/2026,spk-juli-12,Latifah Baruna,,,Approved,2026-07-01T08:30:00.000Z,,,0993.SPK/BA.101/BA010102/2026,15,sp-juli-76,VALVE GASKET,3906,15,15,pcs,0,10,Permintaan SPK 0993.SPK/BA.101/BA010102/2026
TUG5_TUG6,mr6-tug6-12,MR6-2026-000012,,0993.SPK/BA.101/BA010102/2026,spk-juli-12,Latifah Baruna,,,Approved,2026-07-01T08:30:00.000Z,,,0993.SPK/BA.101/BA010102/2026,16,sp-juli-77,SWIVEL NIPPLE,7665,4,4,pcs,0,10,Permintaan SPK 0993.SPK/BA.101/BA010102/2026
TUG5_TUG6,mr6-tug6-12,MR6-2026-000012,,0993.SPK/BA.101/BA010102/2026,spk-juli-12,Latifah Baruna,,,Approved,2026-07-01T08:30:00.000Z,,,0993.SPK/BA.101/BA010102/2026,17,sp-juli-78,SEPARATOR (SPARATOR),7595,1,1,pcs,0,10,Permintaan SPK 0993.SPK/BA.101/BA010102/2026
TUG5_TUG6,mr6-tug6-12,MR6-2026-000012,,0993.SPK/BA.101/BA010102/2026,spk-juli-12,Latifah Baruna,,,Approved,2026-07-01T08:30:00.000Z,,,0993.SPK/BA.101/BA010102/2026,18,sp-juli-79,"CRANKSHAFT BEARING BUSHES, PAIR",3832,2,2,set,0,10,Permintaan SPK 0993.SPK/BA.101/BA010102/2026
TUG5_TUG6,mr6-tug6-12,MR6-2026-000012,,0993.SPK/BA.101/BA010102/2026,spk-juli-12,Latifah Baruna,,,Approved,2026-07-01T08:30:00.000Z,,,0993.SPK/BA.101/BA010102/2026,19,sp-juli-80,"FRAME BEARING, END",3921,2,2,set,0,10,Permintaan SPK 0993.SPK/BA.101/BA010102/2026
TUG5_TUG6,mr6-tug6-12,MR6-2026-000012,,0993.SPK/BA.101/BA010102/2026,spk-juli-12,Latifah Baruna,,,Approved,2026-07-01T08:30:00.000Z,,,0993.SPK/BA.101/BA010102/2026,20,sp-juli-81,FRAME BEARING CENTRE,3922,1,1,set,0,10,Permintaan SPK 0993.SPK/BA.101/BA010102/2026
TUG5_TUG6,mr6-tug6-12,MR6-2026-000012,,0993.SPK/BA.101/BA010102/2026,spk-juli-12,Latifah Baruna,,,Approved,2026-07-01T08:30:00.000Z,,,0993.SPK/BA.101/BA010102/2026,21,sp-juli-82,GASKET - LP VALVE COVER,4058,10,10,pcs,0,10,Permintaan SPK 0993.SPK/BA.101/BA010102/2026
TUG5_TUG6,mr6-tug6-12,MR6-2026-000012,,0993.SPK/BA.101/BA010102/2026,spk-juli-12,Latifah Baruna,,,Approved,2026-07-01T08:30:00.000Z,,,0993.SPK/BA.101/BA010102/2026,22,sp-juli-83,GASKET - HP VALVE COVER,4057,10,10,pcs,0,10,Permintaan SPK 0993.SPK/BA.101/BA010102/2026
TUG5_TUG6,mr6-tug6-12,MR6-2026-000012,,0993.SPK/BA.101/BA010102/2026,spk-juli-12,Latifah Baruna,,,Approved,2026-07-01T08:30:00.000Z,,,0993.SPK/BA.101/BA010102/2026,23,sp-juli-84,"MANOMETER, LP AIR",3771,2,2,pcs,0,10,Permintaan SPK 0993.SPK/BA.101/BA010102/2026
TUG5_TUG6,mr6-tug6-12,MR6-2026-000012,,0993.SPK/BA.101/BA010102/2026,spk-juli-12,Latifah Baruna,,,Approved,2026-07-01T08:30:00.000Z,,,0993.SPK/BA.101/BA010102/2026,24,sp-juli-85,"MANOMETER, HP AIR",3773,2,2,pcs,0,10,Permintaan SPK 0993.SPK/BA.101/BA010102/2026
TUG5_TUG6,mr6-tug6-12,MR6-2026-000012,,0993.SPK/BA.101/BA010102/2026,spk-juli-12,Latifah Baruna,,,Approved,2026-07-01T08:30:00.000Z,,,0993.SPK/BA.101/BA010102/2026,25,sp-juli-86,MONOMETER COOLING WATER OIL,3770,2,2,pcs,0,10,Permintaan SPK 0993.SPK/BA.101/BA010102/2026
TUG5_TUG6,mr6-tug6-12,MR6-2026-000012,,0993.SPK/BA.101/BA010102/2026,spk-juli-12,Latifah Baruna,,,Approved,2026-07-01T08:30:00.000Z,,,0993.SPK/BA.101/BA010102/2026,26,sp-juli-87,"COMPRESSION RING, STEPPED, H.P.",3487,4,4,pcs,0,10,Permintaan SPK 0993.SPK/BA.101/BA010102/2026
TUG5_TUG6,mr6-tug6-12,MR6-2026-000012,,0993.SPK/BA.101/BA010102/2026,spk-juli-12,Latifah Baruna,,,Approved,2026-07-01T08:30:00.000Z,,,0993.SPK/BA.101/BA010102/2026,27,sp-juli-88,"COMPRESSION RING, STEPPED, L.P.",3488,4,4,pcs,0,10,Permintaan SPK 0993.SPK/BA.101/BA010102/2026
TUG5_TUG6,mr6-tug6-12,MR6-2026-000012,,0993.SPK/BA.101/BA010102/2026,spk-juli-12,Latifah Baruna,,,Approved,2026-07-01T08:30:00.000Z,,,0993.SPK/BA.101/BA010102/2026,28,sp-juli-89,"COMPRESSION RING, PLAIN H.P.",3501,3,3,pcs,0,10,Permintaan SPK 0993.SPK/BA.101/BA010102/2026
TUG5_TUG6,mr6-tug6-12,MR6-2026-000012,,0993.SPK/BA.101/BA010102/2026,spk-juli-12,Latifah Baruna,,,Approved,2026-07-01T08:30:00.000Z,,,0993.SPK/BA.101/BA010102/2026,29,sp-juli-90,OIL RING H.P.,3528,3,3,pcs,0,10,Permintaan SPK 0993.SPK/BA.101/BA010102/2026
TUG5_TUG6,mr6-tug6-12,MR6-2026-000012,,0993.SPK/BA.101/BA010102/2026,spk-juli-12,Latifah Baruna,,,Approved,2026-07-01T08:30:00.000Z,,,0993.SPK/BA.101/BA010102/2026,30,sp-juli-91,OIL RING L.P.,3529,4,4,pcs,0,10,Permintaan SPK 0993.SPK/BA.101/BA010102/2026
TUG5_TUG6,mr6-tug6-12,MR6-2026-000012,,0993.SPK/BA.101/BA010102/2026,spk-juli-12,Latifah Baruna,,,Approved,2026-07-01T08:30:00.000Z,,,0993.SPK/BA.101/BA010102/2026,31,sp-juli-92,VALVE L.P.,3036,2,2,pcs,0,10,Permintaan SPK 0993.SPK/BA.101/BA010102/2026
TUG5_TUG6,mr6-tug6-12,MR6-2026-000012,,0993.SPK/BA.101/BA010102/2026,spk-juli-12,Latifah Baruna,,,Approved,2026-07-01T08:30:00.000Z,,,0993.SPK/BA.101/BA010102/2026,32,sp-juli-93,VALVE H.P.,3037,2,2,pcs,0,10,Permintaan SPK 0993.SPK/BA.101/BA010102/2026
TUG5_TUG6,mr6-tug6-12,MR6-2026-000012,,0993.SPK/BA.101/BA010102/2026,spk-juli-12,Latifah Baruna,,,Approved,2026-07-01T08:30:00.000Z,,,0993.SPK/BA.101/BA010102/2026,33,sp-juli-94,NEEDLE BEARING,3878,4,4,pcs,0,10,Permintaan SPK 0993.SPK/BA.101/BA010102/2026
TUG5_TUG6,mr6-tug6-12,MR6-2026-000012,,0993.SPK/BA.101/BA010102/2026,spk-juli-12,Latifah Baruna,,,Approved,2026-07-01T08:30:00.000Z,,,0993.SPK/BA.101/BA010102/2026,34,sp-juli-95,VALVE SEALING RING,3919,6,6,pcs,0,10,Permintaan SPK 0993.SPK/BA.101/BA010102/2026
TUG5_TUG6,mr6-tug6-12,MR6-2026-000012,,0993.SPK/BA.101/BA010102/2026,spk-juli-12,Latifah Baruna,,,Approved,2026-07-01T08:30:00.000Z,,,0993.SPK/BA.101/BA010102/2026,35,sp-juli-96,GASKET,4095,3,3,pcs,0,10,Permintaan SPK 0993.SPK/BA.101/BA010102/2026
TUG5_TUG6,mr6-tug6-12,MR6-2026-000012,,0993.SPK/BA.101/BA010102/2026,spk-juli-12,Latifah Baruna,,,Approved,2026-07-01T08:30:00.000Z,,,0993.SPK/BA.101/BA010102/2026,36,sp-juli-97,GASKET,4096,3,3,pcs,0,10,Permintaan SPK 0993.SPK/BA.101/BA010102/2026
TUG5_TUG6,mr6-tug6-13,MR6-2026-000013,,0989.SPK/BA.202/BA010102/2026,spk-juli-13,Rasuna Baruna,,,Approved,2026-07-01T08:30:00.000Z,,,0989.SPK/BA.202/BA010102/2026,1,sp-juli-98,RINSO,-,60,60,pack,0,10,Permintaan SPK 0989.SPK/BA.202/BA010102/2026
TUG5_TUG6,mr6-tug6-13,MR6-2026-000013,,0989.SPK/BA.202/BA010102/2026,spk-juli-13,Rasuna Baruna,,,Approved,2026-07-01T08:30:00.000Z,,,0989.SPK/BA.202/BA010102/2026,2,sp-juli-99,SABUN COLEK,-,10,10,pack,0,10,Permintaan SPK 0989.SPK/BA.202/BA010102/2026
TUG5_TUG6,mr6-tug6-13,MR6-2026-000013,,0989.SPK/BA.202/BA010102/2026,spk-juli-13,Rasuna Baruna,,,Approved,2026-07-01T08:30:00.000Z,,,0989.SPK/BA.202/BA010102/2026,3,sp-juli-100,GEMBOK 50 MM,-,20,20,pcs,0,10,Permintaan SPK 0989.SPK/BA.202/BA010102/2026
TUG5_TUG6,mr6-tug6-13,MR6-2026-000013,,0989.SPK/BA.202/BA010102/2026,spk-juli-13,Rasuna Baruna,,,Approved,2026-07-01T08:30:00.000Z,,,0989.SPK/BA.202/BA010102/2026,4,sp-juli-101,KACAMATA CIPPING,-,40,40,pcs,0,10,Permintaan SPK 0989.SPK/BA.202/BA010102/2026
TUG5_TUG6,mr6-tug6-13,MR6-2026-000013,,0989.SPK/BA.202/BA010102/2026,spk-juli-13,Rasuna Baruna,,,Approved,2026-07-01T08:30:00.000Z,,,0989.SPK/BA.202/BA010102/2026,5,sp-juli-102,PILOX PUTIH,-,20,20,pcs,0,10,Permintaan SPK 0989.SPK/BA.202/BA010102/2026
TUG5_TUG6,mr6-tug6-13,MR6-2026-000013,,0989.SPK/BA.202/BA010102/2026,spk-juli-13,Rasuna Baruna,,,Approved,2026-07-01T08:30:00.000Z,,,0989.SPK/BA.202/BA010102/2026,6,sp-juli-103,VIBRATION SINGLE HEAD SCALING HAMMERS,-,2,2,pcs,0,10,Permintaan SPK 0989.SPK/BA.202/BA010102/2026
TUG5_TUG6,mr6-tug6-13,MR6-2026-000013,,0989.SPK/BA.202/BA010102/2026,spk-juli-13,Rasuna Baruna,,,Approved,2026-07-01T08:30:00.000Z,,,0989.SPK/BA.202/BA010102/2026,7,sp-juli-104,SPARE HEAD FOR TRELAWNY SCAILING HAMMER,-,25,25,pcs,0,10,Permintaan SPK 0989.SPK/BA.202/BA010102/2026
TUG5_TUG6,mr6-tug6-13,MR6-2026-000013,,0989.SPK/BA.202/BA010102/2026,spk-juli-13,Rasuna Baruna,,,Approved,2026-07-01T08:30:00.000Z,,,0989.SPK/BA.202/BA010102/2026,8,sp-juli-105,FLUSH VALVES,-,30,30,pcs,0,10,Permintaan SPK 0989.SPK/BA.202/BA010102/2026
TUG5_TUG6,mr6-tug6-13,MR6-2026-000013,,0989.SPK/BA.202/BA010102/2026,spk-juli-13,Rasuna Baruna,,,Approved,2026-07-01T08:30:00.000Z,,,0989.SPK/BA.202/BA010102/2026,9,sp-juli-106,TALI NILON ROPE 20MM,-,1,1,roll,0,10,Permintaan SPK 0989.SPK/BA.202/BA010102/2026
TUG5_TUG6,mr6-tug6-13,MR6-2026-000013,,0989.SPK/BA.202/BA010102/2026,spk-juli-13,Rasuna Baruna,,,Approved,2026-07-01T08:30:00.000Z,,,0989.SPK/BA.202/BA010102/2026,10,sp-juli-107,SARUNG TANGAN NON SLIP DOT,-,250,250,lusin,0,10,Permintaan SPK 0989.SPK/BA.202/BA010102/2026
TUG5_TUG6,mr6-tug6-13,MR6-2026-000013,,0989.SPK/BA.202/BA010102/2026,spk-juli-13,Rasuna Baruna,,,Approved,2026-07-01T08:30:00.000Z,,,0989.SPK/BA.202/BA010102/2026,11,sp-juli-108,PLASTIK SAMPAH,-,20,20,lusin,0,10,Permintaan SPK 0989.SPK/BA.202/BA010102/2026
TUG5_TUG6,mr6-tug6-13,MR6-2026-000013,,0989.SPK/BA.202/BA010102/2026,spk-juli-13,Rasuna Baruna,,,Approved,2026-07-01T08:30:00.000Z,,,0989.SPK/BA.202/BA010102/2026,12,sp-juli-109,LEATHER PALM WORKING GLOVES,-,25,25,lusin,0,10,Permintaan SPK 0989.SPK/BA.202/BA010102/2026
TUG5_TUG6,mr6-tug6-13,MR6-2026-000013,,0989.SPK/BA.202/BA010102/2026,spk-juli-13,Rasuna Baruna,,,Approved,2026-07-01T08:30:00.000Z,,,0989.SPK/BA.202/BA010102/2026,13,sp-juli-110,BOR TANGAN PLASTIC MERK MAKITA,-,1,1,pcs,0,10,Permintaan SPK 0989.SPK/BA.202/BA010102/2026
TUG5_TUG6,mr6-tug6-13,MR6-2026-000013,,0989.SPK/BA.202/BA010102/2026,spk-juli-13,Rasuna Baruna,,,Approved,2026-07-01T08:30:00.000Z,,,0989.SPK/BA.202/BA010102/2026,14,sp-juli-111,"SPLIT PINS (D: 3MM, P : 40MM)",-,50,50,pcs,0,10,Permintaan SPK 0989.SPK/BA.202/BA010102/2026
TUG5_TUG6,mr6-tug6-13,MR6-2026-000013,,0989.SPK/BA.202/BA010102/2026,spk-juli-13,Rasuna Baruna,,,Approved,2026-07-01T08:30:00.000Z,,,0989.SPK/BA.202/BA010102/2026,15,sp-juli-112,"SPLIT PINS (D :4MM, P : 50MM)",-,50,50,pcs,0,10,Permintaan SPK 0989.SPK/BA.202/BA010102/2026
TUG5_TUG6,mr6-tug6-13,MR6-2026-000013,,0989.SPK/BA.202/BA010102/2026,spk-juli-13,Rasuna Baruna,,,Approved,2026-07-01T08:30:00.000Z,,,0989.SPK/BA.202/BA010102/2026,16,sp-juli-113,"SPLIT PINS (D : 5MM, P : 70MM)",-,50,50,pcs,0,10,Permintaan SPK 0989.SPK/BA.202/BA010102/2026
TUG5_TUG6,mr6-tug6-13,MR6-2026-000013,,0989.SPK/BA.202/BA010102/2026,spk-juli-13,Rasuna Baruna,,,Approved,2026-07-01T08:30:00.000Z,,,0989.SPK/BA.202/BA010102/2026,17,sp-juli-114,FLEXIBLE EXTENSION HOSE FOR PIN TYPE GRADE NIPPLE SPX-1C BAHAN S.S,-,30,30,pcs,0,10,Permintaan SPK 0989.SPK/BA.202/BA010102/2026
TUG5_TUG6,mr6-tug6-13,MR6-2026-000013,,0989.SPK/BA.202/BA010102/2026,spk-juli-13,Rasuna Baruna,,,Approved,2026-07-01T08:30:00.000Z,,,0989.SPK/BA.202/BA010102/2026,18,sp-juli-115,SPARE WHEELS FOR PLATFROM TRUCK ( RODA GEROBAK ),-,2,2,pcs,0,10,Permintaan SPK 0989.SPK/BA.202/BA010102/2026
TUG5_TUG6,mr6-tug6-13,MR6-2026-000013,,0989.SPK/BA.202/BA010102/2026,spk-juli-13,Rasuna Baruna,,,Approved,2026-07-01T08:30:00.000Z,,,0989.SPK/BA.202/BA010102/2026,19,sp-juli-115,SPARE WHEELS FOR PLATFROM TRUCK ( RODA GEROBAK ),-,4,4,pcs,0,10,Permintaan SPK 0989.SPK/BA.202/BA010102/2026
TUG5_TUG6,mr6-tug6-13,MR6-2026-000013,,0989.SPK/BA.202/BA010102/2026,spk-juli-13,Rasuna Baruna,,,Approved,2026-07-01T08:30:00.000Z,,,0989.SPK/BA.202/BA010102/2026,20,sp-juli-116,KARET BAN BEKAS,-,20,20,pcs,0,10,Permintaan SPK 0989.SPK/BA.202/BA010102/2026
TUG5_TUG6,mr6-tug6-13,MR6-2026-000013,,0989.SPK/BA.202/BA010102/2026,spk-juli-13,Rasuna Baruna,,,Approved,2026-07-01T08:30:00.000Z,,,0989.SPK/BA.202/BA010102/2026,21,sp-juli-117,PILOX MERAH,-,10,10,pcs,0,10,Permintaan SPK 0989.SPK/BA.202/BA010102/2026
TUG5_TUG6,mr6-tug6-13,MR6-2026-000013,,0989.SPK/BA.202/BA010102/2026,spk-juli-13,Rasuna Baruna,,,Approved,2026-07-01T08:30:00.000Z,,,0989.SPK/BA.202/BA010102/2026,22,sp-juli-118,EAR PLUG,-,50,50,pcs,0,10,Permintaan SPK 0989.SPK/BA.202/BA010102/2026
TUG5_TUG6,mr6-tug6-13,MR6-2026-000013,,0989.SPK/BA.202/BA010102/2026,spk-juli-13,Rasuna Baruna,,,Approved,2026-07-01T08:30:00.000Z,,,0989.SPK/BA.202/BA010102/2026,23,sp-juli-119,CLAMP 3 INCH,-,25,25,pcs,0,10,Permintaan SPK 0989.SPK/BA.202/BA010102/2026
TUG5_TUG6,mr6-tug6-13,MR6-2026-000013,,0989.SPK/BA.202/BA010102/2026,spk-juli-13,Rasuna Baruna,,,Approved,2026-07-01T08:30:00.000Z,,,0989.SPK/BA.202/BA010102/2026,24,sp-juli-120,CLAMP 2.5 INCH,-,30,30,pcs,0,10,Permintaan SPK 0989.SPK/BA.202/BA010102/2026
TUG5_TUG6,mr6-tug6-13,MR6-2026-000013,,0989.SPK/BA.202/BA010102/2026,spk-juli-13,Rasuna Baruna,,,Approved,2026-07-01T08:30:00.000Z,,,0989.SPK/BA.202/BA010102/2026,25,sp-juli-121,CLAMP 1 INCH,-,30,30,pcs,0,10,Permintaan SPK 0989.SPK/BA.202/BA010102/2026
TUG5_TUG6,mr6-tug6-13,MR6-2026-000013,,0989.SPK/BA.202/BA010102/2026,spk-juli-13,Rasuna Baruna,,,Approved,2026-07-01T08:30:00.000Z,,,0989.SPK/BA.202/BA010102/2026,26,sp-juli-122,SOUNDINGAN BALLAST S/S,-,2,2,pcs,0,10,Permintaan SPK 0989.SPK/BA.202/BA010102/2026
TUG5_TUG6,mr6-tug6-13,MR6-2026-000013,,0989.SPK/BA.202/BA010102/2026,spk-juli-13,Rasuna Baruna,,,Approved,2026-07-01T08:30:00.000Z,,,0989.SPK/BA.202/BA010102/2026,27,sp-juli-123,"KRAN AIR 1,5 INC",-,5,5,pcs,0,10,Permintaan SPK 0989.SPK/BA.202/BA010102/2026
TUG5_TUG6,mr6-tug6-13,MR6-2026-000013,,0989.SPK/BA.202/BA010102/2026,spk-juli-13,Rasuna Baruna,,,Approved,2026-07-01T08:30:00.000Z,,,0989.SPK/BA.202/BA010102/2026,28,sp-juli-124,CHAIN DRUM FOR SCAILING MACHINE RUSTIBUS 400,-,30,30,pcs,0,10,Permintaan SPK 0989.SPK/BA.202/BA010102/2026
TUG5_TUG6,mr6-tug6-13,MR6-2026-000013,,0989.SPK/BA.202/BA010102/2026,spk-juli-13,Rasuna Baruna,,,Approved,2026-07-01T08:30:00.000Z,,,0989.SPK/BA.202/BA010102/2026,29,sp-juli-125,SENTER KEPALA,-,5,5,pcs,0,10,Permintaan SPK 0989.SPK/BA.202/BA010102/2026
TUG5_TUG6,mr6-tug6-13,MR6-2026-000013,,0989.SPK/BA.202/BA010102/2026,spk-juli-13,Rasuna Baruna,,,Approved,2026-07-01T08:30:00.000Z,,,0989.SPK/BA.202/BA010102/2026,30,sp-juli-126,JAS HUJAN,-,25,25,pcs,0,10,Permintaan SPK 0989.SPK/BA.202/BA010102/2026
TUG5_TUG6,mr6-tug6-13,MR6-2026-000013,,0989.SPK/BA.202/BA010102/2026,spk-juli-13,Rasuna Baruna,,,Approved,2026-07-01T08:30:00.000Z,,,0989.SPK/BA.202/BA010102/2026,31,sp-juli-127,MINI PAINT ROLLER COMPLETE 100MM,-,50,50,pcs,0,10,Permintaan SPK 0989.SPK/BA.202/BA010102/2026
TUG5_TUG6,mr6-tug6-13,MR6-2026-000013,,0989.SPK/BA.202/BA010102/2026,spk-juli-13,Rasuna Baruna,,,Approved,2026-07-01T08:30:00.000Z,,,0989.SPK/BA.202/BA010102/2026,32,sp-juli-128,SPARE MINI PAINT ROLLER 100MM (PINEHILL),-,300,300,pcs,0,10,Permintaan SPK 0989.SPK/BA.202/BA010102/2026
TUG5_TUG6,mr6-tug6-13,MR6-2026-000013,,0989.SPK/BA.202/BA010102/2026,spk-juli-13,Rasuna Baruna,,,Approved,2026-07-01T08:30:00.000Z,,,0989.SPK/BA.202/BA010102/2026,33,sp-juli-129,CUTTING WHEEL NIPPON RESIBON,-,24,24,pcs,0,10,Permintaan SPK 0989.SPK/BA.202/BA010102/2026
TUG5_TUG6,mr6-tug6-13,MR6-2026-000013,,0989.SPK/BA.202/BA010102/2026,spk-juli-13,Rasuna Baruna,,,Approved,2026-07-01T08:30:00.000Z,,,0989.SPK/BA.202/BA010102/2026,34,sp-juli-130,MATA BOR ( BAJA ) SET,-,1,1,set,0,10,Permintaan SPK 0989.SPK/BA.202/BA010102/2026
TUG5_TUG6,mr6-tug6-13,MR6-2026-000013,,0989.SPK/BA.202/BA010102/2026,spk-juli-13,Rasuna Baruna,,,Approved,2026-07-01T08:30:00.000Z,,,0989.SPK/BA.202/BA010102/2026,35,sp-juli-131,"RUBBER BOOT SIZE 39,40,42,43",-,5,5,pcs,0,10,Permintaan SPK 0989.SPK/BA.202/BA010102/2026
TUG5_TUG6,mr6-tug6-13,MR6-2026-000013,,0989.SPK/BA.202/BA010102/2026,spk-juli-13,Rasuna Baruna,,,Approved,2026-07-01T08:30:00.000Z,,,0989.SPK/BA.202/BA010102/2026,36,sp-juli-132,PILOX ORANGE,-,20,20,pcs,0,10,Permintaan SPK 0989.SPK/BA.202/BA010102/2026
TUG5_TUG6,mr6-tug6-13,MR6-2026-000013,,0989.SPK/BA.202/BA010102/2026,spk-juli-13,Rasuna Baruna,,,Approved,2026-07-01T08:30:00.000Z,,,0989.SPK/BA.202/BA010102/2026,37,sp-juli-133,SCUPPER PLUGS,-,12,12,pcs,0,10,Permintaan SPK 0989.SPK/BA.202/BA010102/2026
TUG5_TUG6,mr6-tug6-13,MR6-2026-000013,,0989.SPK/BA.202/BA010102/2026,spk-juli-13,Rasuna Baruna,,,Approved,2026-07-01T08:30:00.000Z,,,0989.SPK/BA.202/BA010102/2026,38,sp-juli-134,SAPU PLASTIK,-,20,20,pcs,0,10,Permintaan SPK 0989.SPK/BA.202/BA010102/2026
TUG5_TUG6,mr6-tug6-13,MR6-2026-000013,,0989.SPK/BA.202/BA010102/2026,spk-juli-13,Rasuna Baruna,,,Approved,2026-07-01T08:30:00.000Z,,,0989.SPK/BA.202/BA010102/2026,39,sp-juli-135,WIRE CUP BRUSHES,-,100,100,pcs,0,10,Permintaan SPK 0989.SPK/BA.202/BA010102/2026
TUG5_TUG6,mr6-tug6-13,MR6-2026-000013,,0989.SPK/BA.202/BA010102/2026,spk-juli-13,Rasuna Baruna,,,Approved,2026-07-01T08:30:00.000Z,,,0989.SPK/BA.202/BA010102/2026,40,sp-juli-136,CUTTING FOR STAINLESS STEEL IRONHAND SEEL,-,10,10,box,0,10,Permintaan SPK 0989.SPK/BA.202/BA010102/2026
TUG5_TUG6,mr6-tug6-13,MR6-2026-000013,,0989.SPK/BA.202/BA010102/2026,spk-juli-13,Rasuna Baruna,,,Approved,2026-07-01T08:30:00.000Z,,,0989.SPK/BA.202/BA010102/2026,41,sp-juli-137,PEL LANTAI,-,20,20,pcs,0,10,Permintaan SPK 0989.SPK/BA.202/BA010102/2026
TUG5_TUG6,mr6-tug6-13,MR6-2026-000013,,0989.SPK/BA.202/BA010102/2026,spk-juli-13,Rasuna Baruna,,,Approved,2026-07-01T08:30:00.000Z,,,0989.SPK/BA.202/BA010102/2026,42,sp-juli-138,"CUTTER WHEEL, HD TOOL GEAR 100",-,500,500,pcs,0,10,Permintaan SPK 0989.SPK/BA.202/BA010102/2026
TUG5_TUG6,mr6-tug6-13,MR6-2026-000013,,0989.SPK/BA.202/BA010102/2026,spk-juli-13,Rasuna Baruna,,,Approved,2026-07-01T08:30:00.000Z,,,0989.SPK/BA.202/BA010102/2026,43,sp-juli-139,"DISC PIN,HD TOOL GEAR 100 EA",-,150,150,pcs,0,10,Permintaan SPK 0989.SPK/BA.202/BA010102/2026
TUG5_TUG6,mr6-tug6-13,MR6-2026-000013,,0989.SPK/BA.202/BA010102/2026,spk-juli-13,Rasuna Baruna,,,Approved,2026-07-01T08:30:00.000Z,,,0989.SPK/BA.202/BA010102/2026,44,sp-juli-140,"DISC, HD TOOL GEAR 100 EA",-,20,20,pcs,0,10,Permintaan SPK 0989.SPK/BA.202/BA010102/2026
TUG5_TUG6,mr6-tug6-13,MR6-2026-000013,,0989.SPK/BA.202/BA010102/2026,spk-juli-13,Rasuna Baruna,,,Approved,2026-07-01T08:30:00.000Z,,,0989.SPK/BA.202/BA010102/2026,45,sp-juli-141,PASTA SOUNDINGAN WATER,-,3,3,pcs,0,10,Permintaan SPK 0989.SPK/BA.202/BA010102/2026
TUG5_TUG6,mr6-tug6-13,MR6-2026-000013,,0989.SPK/BA.202/BA010102/2026,spk-juli-13,Rasuna Baruna,,,Approved,2026-07-01T08:30:00.000Z,,,0989.SPK/BA.202/BA010102/2026,46,sp-juli-142,GERINDA ELECTRICT MEREK MAKITA,-,2,2,pcs,0,10,Permintaan SPK 0989.SPK/BA.202/BA010102/2026
TUG5_TUG6,mr6-tug6-13,MR6-2026-000013,,0989.SPK/BA.202/BA010102/2026,spk-juli-13,Rasuna Baruna,,,Approved,2026-07-01T08:30:00.000Z,,,0989.SPK/BA.202/BA010102/2026,47,sp-juli-143,SAFETY HARNESS FULL BODY,-,2,2,pcs,0,10,Permintaan SPK 0989.SPK/BA.202/BA010102/2026
TUG5_TUG6,mr6-tug6-13,MR6-2026-000013,,0989.SPK/BA.202/BA010102/2026,spk-juli-13,Rasuna Baruna,,,Approved,2026-07-01T08:30:00.000Z,,,0989.SPK/BA.202/BA010102/2026,48,sp-juli-144,GREASE NIPPLES TYPE STRAIGHT,-,50,50,pcs,0,10,Permintaan SPK 0989.SPK/BA.202/BA010102/2026
TUG5_TUG6,mr6-tug6-13,MR6-2026-000013,,0989.SPK/BA.202/BA010102/2026,spk-juli-13,Rasuna Baruna,,,Approved,2026-07-01T08:30:00.000Z,,,0989.SPK/BA.202/BA010102/2026,49,sp-juli-145,GREASE NIPPLES TYPE PIN,-,50,50,pcs,0,10,Permintaan SPK 0989.SPK/BA.202/BA010102/2026
TUG5_TUG6,mr6-tug6-13,MR6-2026-000013,,0989.SPK/BA.202/BA010102/2026,spk-juli-13,Rasuna Baruna,,,Approved,2026-07-01T08:30:00.000Z,,,0989.SPK/BA.202/BA010102/2026,50,sp-juli-146,GREASE NIPPLES TYPE BUTTON HEAD,-,50,50,pcs,0,10,Permintaan SPK 0989.SPK/BA.202/BA010102/2026
TUG5_TUG6,mr6-tug6-13,MR6-2026-000013,,0989.SPK/BA.202/BA010102/2026,spk-juli-13,Rasuna Baruna,,,Approved,2026-07-01T08:30:00.000Z,,,0989.SPK/BA.202/BA010102/2026,51,sp-juli-147,FLEXIBLE EXTENSION HOSE FOR BUTTON HEAD,-,10,10,pcs,0,10,Permintaan SPK 0989.SPK/BA.202/BA010102/2026
TUG5_TUG6,mr6-tug6-13,MR6-2026-000013,,0989.SPK/BA.202/BA010102/2026,spk-juli-13,Rasuna Baruna,,,Approved,2026-07-01T08:30:00.000Z,,,0989.SPK/BA.202/BA010102/2026,52,sp-juli-148,FLEXIBLE EXTENSION HOPE FOR HYDRAULIC OR STRAIGHT TYPE GREASE NIPPLE SPK - 3C,-,15,15,pcs,0,10,Permintaan SPK 0989.SPK/BA.202/BA010102/2026
TUG5_TUG6,mr6-tug6-13,MR6-2026-000013,,0989.SPK/BA.202/BA010102/2026,spk-juli-13,Rasuna Baruna,,,Approved,2026-07-01T08:30:00.000Z,,,0989.SPK/BA.202/BA010102/2026,53,sp-juli-149,SODA API,-,10,10,kg,0,10,Permintaan SPK 0989.SPK/BA.202/BA010102/2026
TUG5_TUG6,mr6-tug6-13,MR6-2026-000013,,0989.SPK/BA.202/BA010102/2026,spk-juli-13,Rasuna Baruna,,,Approved,2026-07-01T08:30:00.000Z,,,0989.SPK/BA.202/BA010102/2026,54,sp-juli-150,ACCOSSORIES CONTROL VAVLE ( FOR MODEL SKR AND SKR ),-,2,2,pcs,0,10,Permintaan SPK 0989.SPK/BA.202/BA010102/2026
TUG5_TUG6,mr6-tug6-13,MR6-2026-000013,,0989.SPK/BA.202/BA010102/2026,spk-juli-13,Rasuna Baruna,,,Approved,2026-07-01T08:30:00.000Z,,,0989.SPK/BA.202/BA010102/2026,55,sp-juli-151,HAND GREASE GUN,-,3,3,pcs,0,10,Permintaan SPK 0989.SPK/BA.202/BA010102/2026
TUG5_TUG6,mr6-tug6-13,MR6-2026-000013,,0989.SPK/BA.202/BA010102/2026,spk-juli-13,Rasuna Baruna,,,Approved,2026-07-01T08:30:00.000Z,,,0989.SPK/BA.202/BA010102/2026,56,sp-juli-152,KAIN BUFF,-,10,10,lusin,0,10,Permintaan SPK 0989.SPK/BA.202/BA010102/2026
TUG5_TUG6,mr6-tug6-13,MR6-2026-000013,,0989.SPK/BA.202/BA010102/2026,spk-juli-13,Rasuna Baruna,,,Approved,2026-07-01T08:30:00.000Z,,,0989.SPK/BA.202/BA010102/2026,57,sp-juli-153,BAUT KUNCI 17 (M10 X P : 70),-,2,2,pack,0,10,Permintaan SPK 0989.SPK/BA.202/BA010102/2026
TUG5_TUG6,mr6-tug6-13,MR6-2026-000013,,0989.SPK/BA.202/BA010102/2026,spk-juli-13,Rasuna Baruna,,,Approved,2026-07-01T08:30:00.000Z,,,0989.SPK/BA.202/BA010102/2026,58,sp-juli-154,TALI NYLON 10 MM ( 3 STRAND ),-,2,2,roll,0,10,Permintaan SPK 0989.SPK/BA.202/BA010102/2026
TUG5_TUG6,mr6-tug6-13,MR6-2026-000013,,0989.SPK/BA.202/BA010102/2026,spk-juli-13,Rasuna Baruna,,,Approved,2026-07-01T08:30:00.000Z,,,0989.SPK/BA.202/BA010102/2026,59,sp-juli-155,TALI PP PLASTIK 10MM ( 3 STRAND ),-,1,1,roll,0,10,Permintaan SPK 0989.SPK/BA.202/BA010102/2026
TUG5_TUG6,mr6-tug6-13,MR6-2026-000013,,0989.SPK/BA.202/BA010102/2026,spk-juli-13,Rasuna Baruna,,,Approved,2026-07-01T08:30:00.000Z,,,0989.SPK/BA.202/BA010102/2026,60,sp-juli-156,TALI PP STRAND NYLON ROPE 18MM,-,1,1,roll,0,10,Permintaan SPK 0989.SPK/BA.202/BA010102/2026
TUG5_TUG6,mr6-tug6-13,MR6-2026-000013,,0989.SPK/BA.202/BA010102/2026,spk-juli-13,Rasuna Baruna,,,Approved,2026-07-01T08:30:00.000Z,,,0989.SPK/BA.202/BA010102/2026,61,sp-juli-157,LUBRIACATION HOSE ( FOR MODEL SKR AND SGR SERIES ),-,1,1,roll,0,10,Permintaan SPK 0989.SPK/BA.202/BA010102/2026
TUG5_TUG6,mr6-tug6-13,MR6-2026-000013,,0989.SPK/BA.202/BA010102/2026,spk-juli-13,Rasuna Baruna,,,Approved,2026-07-01T08:30:00.000Z,,,0989.SPK/BA.202/BA010102/2026,62,sp-juli-158,BAUT KUNCI 19 (M12 X P : 70MM ),-,2,2,pack,0,10,Permintaan SPK 0989.SPK/BA.202/BA010102/2026
TUG5_TUG6,mr6-tug6-13,MR6-2026-000013,,0989.SPK/BA.202/BA010102/2026,spk-juli-13,Rasuna Baruna,,,Approved,2026-07-01T08:30:00.000Z,,,0989.SPK/BA.202/BA010102/2026,63,sp-juli-159,WD,-,10,10,pack,0,10,Permintaan SPK 0989.SPK/BA.202/BA010102/2026
TUG5_TUG6,mr6-tug6-13,MR6-2026-000013,,0989.SPK/BA.202/BA010102/2026,spk-juli-13,Rasuna Baruna,,,Approved,2026-07-01T08:30:00.000Z,,,0989.SPK/BA.202/BA010102/2026,64,sp-juli-160,BATU GURINDA POLES ( 100X6X16 ),-,100,100,pcs,0,10,Permintaan SPK 0989.SPK/BA.202/BA010102/2026
TUG5_TUG6,mr6-tug6-13,MR6-2026-000013,,0989.SPK/BA.202/BA010102/2026,spk-juli-13,Rasuna Baruna,,,Approved,2026-07-01T08:30:00.000Z,,,0989.SPK/BA.202/BA010102/2026,65,sp-juli-161,CLOTH SEALING TAPE 50MM BLACK,-,15,15,pcs,0,10,Permintaan SPK 0989.SPK/BA.202/BA010102/2026
TUG5_TUG6,mr6-tug6-13,MR6-2026-000013,,0989.SPK/BA.202/BA010102/2026,spk-juli-13,Rasuna Baruna,,,Approved,2026-07-01T08:30:00.000Z,,,0989.SPK/BA.202/BA010102/2026,66,sp-juli-162,CLOTH SEALING TAPE 50MM RED,-,15,15,pcs,0,10,Permintaan SPK 0989.SPK/BA.202/BA010102/2026
TUG5_TUG6,mr6-tug6-13,MR6-2026-000013,,0989.SPK/BA.202/BA010102/2026,spk-juli-13,Rasuna Baruna,,,Approved,2026-07-01T08:30:00.000Z,,,0989.SPK/BA.202/BA010102/2026,67,sp-juli-163,CLOTH SEALING TAPE 50MM BLUE,-,15,15,pcs,0,10,Permintaan SPK 0989.SPK/BA.202/BA010102/2026
TUG5_TUG6,mr6-tug6-13,MR6-2026-000013,,0989.SPK/BA.202/BA010102/2026,spk-juli-13,Rasuna Baruna,,,Approved,2026-07-01T08:30:00.000Z,,,0989.SPK/BA.202/BA010102/2026,68,sp-juli-164,CLOTHS SEALING TAPE 50MM YELLOW,-,15,15,pcs,0,10,Permintaan SPK 0989.SPK/BA.202/BA010102/2026
TUG5_TUG6,mr6-tug6-13,MR6-2026-000013,,0989.SPK/BA.202/BA010102/2026,spk-juli-13,Rasuna Baruna,,,Approved,2026-07-01T08:30:00.000Z,,,0989.SPK/BA.202/BA010102/2026,69,sp-juli-165,PAPER MASKING TAPE 50MM,-,20,20,pcs,0,10,Permintaan SPK 0989.SPK/BA.202/BA010102/2026
TUG5_TUG6,mr6-tug6-13,MR6-2026-000013,,0989.SPK/BA.202/BA010102/2026,spk-juli-13,Rasuna Baruna,,,Approved,2026-07-01T08:30:00.000Z,,,0989.SPK/BA.202/BA010102/2026,70,sp-juli-166,PAPER MASKING TAPE 24MM,-,20,20,pcs,0,10,Permintaan SPK 0989.SPK/BA.202/BA010102/2026
TUG5_TUG6,mr6-tug6-13,MR6-2026-000013,,0989.SPK/BA.202/BA010102/2026,spk-juli-13,Rasuna Baruna,,,Approved,2026-07-01T08:30:00.000Z,,,0989.SPK/BA.202/BA010102/2026,71,sp-juli-167,BATRAI AAA,-,300,300,pcs,0,10,Permintaan SPK 0989.SPK/BA.202/BA010102/2026
TUG5_TUG6,mr6-tug6-13,MR6-2026-000013,,0989.SPK/BA.202/BA010102/2026,spk-juli-13,Rasuna Baruna,,,Approved,2026-07-01T08:30:00.000Z,,,0989.SPK/BA.202/BA010102/2026,72,sp-juli-168,BATRAI AA,-,100,100,pcs,0,10,Permintaan SPK 0989.SPK/BA.202/BA010102/2026
TUG5_TUG6,mr6-tug6-13,MR6-2026-000013,,0989.SPK/BA.202/BA010102/2026,spk-juli-13,Rasuna Baruna,,,Approved,2026-07-01T08:30:00.000Z,,,0989.SPK/BA.202/BA010102/2026,73,sp-juli-169,BATRAI A,-,150,150,pcs,0,10,Permintaan SPK 0989.SPK/BA.202/BA010102/2026
TUG5_TUG6,mr6-tug6-13,MR6-2026-000013,,0989.SPK/BA.202/BA010102/2026,spk-juli-13,Rasuna Baruna,,,Approved,2026-07-01T08:30:00.000Z,,,0989.SPK/BA.202/BA010102/2026,74,sp-juli-170,"DISC CUTTING GRINDA 4"" FOR STANLESS STEEL (MRKR WD) 105X1.2X16MM",-,10,10,pack,0,10,Permintaan SPK 0989.SPK/BA.202/BA010102/2026
TUG5_TUG6,mr6-tug6-13,MR6-2026-000013,,0989.SPK/BA.202/BA010102/2026,spk-juli-13,Rasuna Baruna,,,Approved,2026-07-01T08:30:00.000Z,,,0989.SPK/BA.202/BA010102/2026,75,sp-juli-171,MINI PAINT ROLLER COMPLETE 1 HANDLE 100MM,-,50,50,pcs,0,10,Permintaan SPK 0989.SPK/BA.202/BA010102/2026
TUG5_TUG6,mr6-tug6-13,MR6-2026-000013,,0989.SPK/BA.202/BA010102/2026,spk-juli-13,Rasuna Baruna,,,Approved,2026-07-01T08:30:00.000Z,,,0989.SPK/BA.202/BA010102/2026,76,sp-juli-172,COUNTERSUNK BRASS SCREW M8X40MM,-,800,800,pcs,0,10,Permintaan SPK 0989.SPK/BA.202/BA010102/2026
TUG5_TUG6,mr6-tug6-13,MR6-2026-000013,,0989.SPK/BA.202/BA010102/2026,spk-juli-13,Rasuna Baruna,,,Approved,2026-07-01T08:30:00.000Z,,,0989.SPK/BA.202/BA010102/2026,77,sp-juli-173,PAKU 1.5CM,-,2,2,kg,0,10,Permintaan SPK 0989.SPK/BA.202/BA010102/2026
TUG5_TUG6,mr6-tug6-13,MR6-2026-000013,,0989.SPK/BA.202/BA010102/2026,spk-juli-13,Rasuna Baruna,,,Approved,2026-07-01T08:30:00.000Z,,,0989.SPK/BA.202/BA010102/2026,78,sp-juli-174,PAKU 2.5CM,-,4,4,kg,0,10,Permintaan SPK 0989.SPK/BA.202/BA010102/2026
TUG5_TUG6,mr6-tug6-13,MR6-2026-000013,,0989.SPK/BA.202/BA010102/2026,spk-juli-13,Rasuna Baruna,,,Approved,2026-07-01T08:30:00.000Z,,,0989.SPK/BA.202/BA010102/2026,79,sp-juli-175,PAKU 5CM,-,4,4,kg,0,10,Permintaan SPK 0989.SPK/BA.202/BA010102/2026
TUG5_TUG6,mr6-tug6-13,MR6-2026-000013,,0989.SPK/BA.202/BA010102/2026,spk-juli-13,Rasuna Baruna,,,Approved,2026-07-01T08:30:00.000Z,,,0989.SPK/BA.202/BA010102/2026,80,sp-juli-176,PAKU 7 CM,-,4,4,kg,0,10,Permintaan SPK 0989.SPK/BA.202/BA010102/2026
TUG5_TUG6,mr6-tug6-13,MR6-2026-000013,,0989.SPK/BA.202/BA010102/2026,spk-juli-13,Rasuna Baruna,,,Approved,2026-07-01T08:30:00.000Z,,,0989.SPK/BA.202/BA010102/2026,81,sp-juli-177,SUPER PEL,-,5,5,kg,0,10,Permintaan SPK 0989.SPK/BA.202/BA010102/2026
TUG5_TUG6,mr6-tug6-13,MR6-2026-000013,,0989.SPK/BA.202/BA010102/2026,spk-juli-13,Rasuna Baruna,,,Approved,2026-07-01T08:30:00.000Z,,,0989.SPK/BA.202/BA010102/2026,82,sp-juli-178,SPARE MINI ROLLER COMPLETE 1 HANDLE 100 MM,-,250,250,pcs,0,10,Permintaan SPK 0989.SPK/BA.202/BA010102/2026
TUG5_TUG6,mr6-tug6-13,MR6-2026-000013,,0989.SPK/BA.202/BA010102/2026,spk-juli-13,Rasuna Baruna,,,Approved,2026-07-01T08:30:00.000Z,,,0989.SPK/BA.202/BA010102/2026,83,sp-juli-179,SAWDUST HALUS,-,10,10,box,0,10,Permintaan SPK 0989.SPK/BA.202/BA010102/2026
TUG5_TUG6,mr6-tug6-14,MR6-2026-000014,,1026.SPK/BA.302/BA010102/2026,spk-juli-14,Jayanti Baruna,,,Approved,2026-07-03T08:30:00.000Z,,,1026.SPK/BA.302/BA010102/2026,1,sp-juli-180,FUEL SEPARATOR FILTER ORIGINAL ELEMNT,1830,24,24,pcs,0,10,Permintaan SPK 1026.SPK/BA.302/BA010102/2026
TUG5_TUG6,mr6-tug6-15,MR6-2026-000015,,0920.SPK/BA.202/BA010102/2026,spk-juli-15,Srikandi Baruna 2001,,,Approved,2026-07-01T08:30:00.000Z,,,0920.SPK/BA.202/BA010102/2026,1,sp-juli-181,MESIN GERINDA TANGAN,GWS 700,2,2,PCS,0,10,Permintaan SPK 0920.SPK/BA.202/BA010102/2026
TUG5_TUG6,mr6-tug6-15,MR6-2026-000015,,0920.SPK/BA.202/BA010102/2026,spk-juli-15,Srikandi Baruna 2001,,,Approved,2026-07-01T08:30:00.000Z,,,0920.SPK/BA.202/BA010102/2026,2,sp-juli-182,MESIN BOR,GSB 600,2,2,PCS,0,10,Permintaan SPK 0920.SPK/BA.202/BA010102/2026
TUG5_TUG6,mr6-tug6-15,MR6-2026-000015,,0920.SPK/BA.202/BA010102/2026,spk-juli-15,Srikandi Baruna 2001,,,Approved,2026-07-01T08:30:00.000Z,,,0920.SPK/BA.202/BA010102/2026,3,sp-juli-183,KABEL LISTRIK NYM,2x1.5 mm,2,2,ROLL,0,10,Permintaan SPK 0920.SPK/BA.202/BA010102/2026
TUG5_TUG6,mr6-tug6-15,MR6-2026-000015,,0920.SPK/BA.202/BA010102/2026,spk-juli-15,Srikandi Baruna 2001,,,Approved,2026-07-01T08:30:00.000Z,,,0920.SPK/BA.202/BA010102/2026,4,sp-juli-184,SELANG KAWAT SPIRAL,1-Feb,50,50,METER,0,10,Permintaan SPK 0920.SPK/BA.202/BA010102/2026
TUG5_TUG6,mr6-tug6-15,MR6-2026-000015,,0920.SPK/BA.202/BA010102/2026,spk-juli-15,Srikandi Baruna 2001,,,Approved,2026-07-01T08:30:00.000Z,,,0920.SPK/BA.202/BA010102/2026,5,sp-juli-185,KERAN AIR STIENLES,1-Feb,12,12,PCS,0,10,Permintaan SPK 0920.SPK/BA.202/BA010102/2026
TUG5_TUG6,mr6-tug6-15,MR6-2026-000015,,0920.SPK/BA.202/BA010102/2026,spk-juli-15,Srikandi Baruna 2001,,,Approved,2026-07-01T08:30:00.000Z,,,0920.SPK/BA.202/BA010102/2026,6,sp-juli-186,KACAMATA HITAM,Krisbow,12,12,PCS,0,10,Permintaan SPK 0920.SPK/BA.202/BA010102/2026
TUG5_TUG6,mr6-tug6-15,MR6-2026-000015,,0920.SPK/BA.202/BA010102/2026,spk-juli-15,Srikandi Baruna 2001,,,Approved,2026-07-01T08:30:00.000Z,,,0920.SPK/BA.202/BA010102/2026,7,sp-juli-187,SENTER TANGAN (350 LM),Krisbow,6,6,PCS,0,10,Permintaan SPK 0920.SPK/BA.202/BA010102/2026
TUG5_TUG6,mr6-tug6-15,MR6-2026-000015,,0920.SPK/BA.202/BA010102/2026,spk-juli-15,Srikandi Baruna 2001,,,Approved,2026-07-01T08:30:00.000Z,,,0920.SPK/BA.202/BA010102/2026,8,sp-juli-188,JAS HUJAN (BAJU CELANA),"Gosave (PVC)
uk M, L, XXL",12,12,PCS,0,10,Permintaan SPK 0920.SPK/BA.202/BA010102/2026
TUG5_TUG6,mr6-tug6-15,MR6-2026-000015,,0920.SPK/BA.202/BA010102/2026,spk-juli-15,Srikandi Baruna 2001,,,Approved,2026-07-01T08:30:00.000Z,,,0920.SPK/BA.202/BA010102/2026,9,sp-juli-189,TERMINAL LISTRIK/STOP KONTAK,Broco 3 lubang,6,6,PCS,0,10,Permintaan SPK 0920.SPK/BA.202/BA010102/2026
TUG5_TUG6,mr6-tug6-15,MR6-2026-000015,,0920.SPK/BA.202/BA010102/2026,spk-juli-15,Srikandi Baruna 2001,,,Approved,2026-07-01T08:30:00.000Z,,,0920.SPK/BA.202/BA010102/2026,10,sp-juli-190,TOPENG LAS AUTO DARKENNING,Welding Helmet,1,1,PCS,0,10,Permintaan SPK 0920.SPK/BA.202/BA010102/2026
TUG5_TUG6,mr6-tug6-15,MR6-2026-000015,,0920.SPK/BA.202/BA010102/2026,spk-juli-15,Srikandi Baruna 2001,,,Approved,2026-07-01T08:30:00.000Z,,,0920.SPK/BA.202/BA010102/2026,11,sp-juli-191,SAFETY BELT/PENGAMAN KERJA KETINGGIAN,Sutera/Logam,4,4,PCS,0,10,Permintaan SPK 0920.SPK/BA.202/BA010102/2026
TUG5_TUG6,mr6-tug6-15,MR6-2026-000015,,0920.SPK/BA.202/BA010102/2026,spk-juli-15,Srikandi Baruna 2001,,,Approved,2026-07-01T08:30:00.000Z,,,0920.SPK/BA.202/BA010102/2026,12,sp-juli-192,KAUS TANGAN BINTIK,-,2,2,BALL,0,10,Permintaan SPK 0920.SPK/BA.202/BA010102/2026
TUG5_TUG6,mr6-tug6-15,MR6-2026-000015,,0920.SPK/BA.202/BA010102/2026,spk-juli-15,Srikandi Baruna 2001,,,Approved,2026-07-01T08:30:00.000Z,,,0920.SPK/BA.202/BA010102/2026,13,sp-juli-193,KACA MATA PUTIH/BENING,Krisbow,24,24,PCS,0,10,Permintaan SPK 0920.SPK/BA.202/BA010102/2026
TUG5_TUG6,mr6-tug6-15,MR6-2026-000015,,0920.SPK/BA.202/BA010102/2026,spk-juli-15,Srikandi Baruna 2001,,,Approved,2026-07-01T08:30:00.000Z,,,0920.SPK/BA.202/BA010102/2026,14,sp-juli-194,CUTTER L500,Besar,12,12,PCS,0,10,Permintaan SPK 0920.SPK/BA.202/BA010102/2026
TUG5_TUG6,mr6-tug6-15,MR6-2026-000015,,0920.SPK/BA.202/BA010102/2026,spk-juli-15,Srikandi Baruna 2001,,,Approved,2026-07-01T08:30:00.000Z,,,0920.SPK/BA.202/BA010102/2026,15,sp-juli-195,PISAU CUTTER L500,Besar,12,12,PACK,0,10,Permintaan SPK 0920.SPK/BA.202/BA010102/2026
TUG5_TUG6,mr6-tug6-15,MR6-2026-000015,,0920.SPK/BA.202/BA010102/2026,spk-juli-15,Srikandi Baruna 2001,,,Approved,2026-07-01T08:30:00.000Z,,,0920.SPK/BA.202/BA010102/2026,16,sp-juli-196,GERGAJI BESI,Krisbow,5,5,PCS,0,10,Permintaan SPK 0920.SPK/BA.202/BA010102/2026
TUG5_TUG6,mr6-tug6-15,MR6-2026-000015,,0920.SPK/BA.202/BA010102/2026,spk-juli-15,Srikandi Baruna 2001,,,Approved,2026-07-01T08:30:00.000Z,,,0920.SPK/BA.202/BA010102/2026,17,sp-juli-197,MATA GERGAJI BESI,Krisbow,40,40,PCS,0,10,Permintaan SPK 0920.SPK/BA.202/BA010102/2026
TUG5_TUG6,mr6-tug6-15,MR6-2026-000015,,0920.SPK/BA.202/BA010102/2026,spk-juli-15,Srikandi Baruna 2001,,,Approved,2026-07-01T08:30:00.000Z,,,0920.SPK/BA.202/BA010102/2026,18,sp-juli-198,LAMPU NAVIGASI,AC/DC 24 VOLT,20,20,PCS,0,10,Permintaan SPK 0920.SPK/BA.202/BA010102/2026
TUG5_TUG6,mr6-tug6-15,MR6-2026-000015,,0920.SPK/BA.202/BA010102/2026,spk-juli-15,Srikandi Baruna 2001,,,Approved,2026-07-01T08:30:00.000Z,,,0920.SPK/BA.202/BA010102/2026,19,sp-juli-199,LANTAI VINIL/VINYL FLOOTING @Lincoln brown,"122,4 x 914,4 mm",15,15,PACK,0,10,Permintaan SPK 0920.SPK/BA.202/BA010102/2026
TUG5_TUG6,mr6-tug6-15,MR6-2026-000015,,0920.SPK/BA.202/BA010102/2026,spk-juli-15,Srikandi Baruna 2001,,,Approved,2026-07-01T08:30:00.000Z,,,0920.SPK/BA.202/BA010102/2026,20,sp-juli-200,LEM VINYL,-,5,5,KG/LTR,0,10,Permintaan SPK 0920.SPK/BA.202/BA010102/2026
TUG5_TUG6,mr6-tug6-15,MR6-2026-000015,,0920.SPK/BA.202/BA010102/2026,spk-juli-15,Srikandi Baruna 2001,,,Approved,2026-07-01T08:30:00.000Z,,,0920.SPK/BA.202/BA010102/2026,21,sp-juli-201,MOKO PEWANGI (SACHET),-,8,8,DUS,0,10,Permintaan SPK 0920.SPK/BA.202/BA010102/2026
TUG5_TUG6,mr6-tug6-15,MR6-2026-000015,,0920.SPK/BA.202/BA010102/2026,spk-juli-15,Srikandi Baruna 2001,,,Approved,2026-07-01T08:30:00.000Z,,,0920.SPK/BA.202/BA010102/2026,22,sp-juli-202,STELLA SEMPROT REFILL,225 ml,6,6,DUS,0,10,Permintaan SPK 0920.SPK/BA.202/BA010102/2026
TUG5_TUG6,mr6-tug6-15,MR6-2026-000015,,0920.SPK/BA.202/BA010102/2026,spk-juli-15,Srikandi Baruna 2001,,,Approved,2026-07-01T08:30:00.000Z,,,0920.SPK/BA.202/BA010102/2026,23,sp-juli-203,GLADE MESIN OTOMATIS STELLA UK 225,225 ml,4,4,PCS,0,10,Permintaan SPK 0920.SPK/BA.202/BA010102/2026
TUG5_TUG6,mr6-tug6-15,MR6-2026-000015,,0920.SPK/BA.202/BA010102/2026,spk-juli-15,Srikandi Baruna 2001,,,Approved,2026-07-01T08:30:00.000Z,,,0920.SPK/BA.202/BA010102/2026,24,sp-juli-204,KESET LANTAI (BAHAN KAIN HANDUK),kain,12,12,PCS,0,10,Permintaan SPK 0920.SPK/BA.202/BA010102/2026
TUG5_TUG6,mr6-tug6-15,MR6-2026-000015,,0920.SPK/BA.202/BA010102/2026,spk-juli-15,Srikandi Baruna 2001,,,Approved,2026-07-01T08:30:00.000Z,,,0920.SPK/BA.202/BA010102/2026,25,sp-juli-205,WIPER PEMBERSIH KACA,-,6,6,PCS,0,10,Permintaan SPK 0920.SPK/BA.202/BA010102/2026
TUG5_TUG6,mr6-tug6-15,MR6-2026-000015,,0920.SPK/BA.202/BA010102/2026,spk-juli-15,Srikandi Baruna 2001,,,Approved,2026-07-01T08:30:00.000Z,,,0920.SPK/BA.202/BA010102/2026,26,sp-juli-206,EMBER+GAYUNG,20 ltr,6,6,PCS,0,10,Permintaan SPK 0920.SPK/BA.202/BA010102/2026
TUG5_TUG6,mr6-tug6-15,MR6-2026-000015,,0920.SPK/BA.202/BA010102/2026,spk-juli-15,Srikandi Baruna 2001,,,Approved,2026-07-01T08:30:00.000Z,,,0920.SPK/BA.202/BA010102/2026,27,sp-juli-207,RINSO,-,25,25,DUS,0,10,Permintaan SPK 0920.SPK/BA.202/BA010102/2026
TUG5_TUG6,mr6-tug6-15,MR6-2026-000015,,0920.SPK/BA.202/BA010102/2026,spk-juli-15,Srikandi Baruna 2001,,,Approved,2026-07-01T08:30:00.000Z,,,0920.SPK/BA.202/BA010102/2026,28,sp-juli-208,SUNLIGHT,-,7,7,DUS,0,10,Permintaan SPK 0920.SPK/BA.202/BA010102/2026
TUG5_TUG6,mr6-tug6-15,MR6-2026-000015,,0920.SPK/BA.202/BA010102/2026,spk-juli-15,Srikandi Baruna 2001,,,Approved,2026-07-01T08:30:00.000Z,,,0920.SPK/BA.202/BA010102/2026,29,sp-juli-209,VIXCAL,-,5,5,DUS,0,10,Permintaan SPK 0920.SPK/BA.202/BA010102/2026
TUG5_TUG6,mr6-tug6-15,MR6-2026-000015,,0920.SPK/BA.202/BA010102/2026,spk-juli-15,Srikandi Baruna 2001,,,Approved,2026-07-01T08:30:00.000Z,,,0920.SPK/BA.202/BA010102/2026,30,sp-juli-210,KAPUR BARUS (BAGUS),-,10,10,DUS,0,10,Permintaan SPK 0920.SPK/BA.202/BA010102/2026
TUG5_TUG6,mr6-tug6-15,MR6-2026-000015,,0920.SPK/BA.202/BA010102/2026,spk-juli-15,Srikandi Baruna 2001,,,Approved,2026-07-01T08:30:00.000Z,,,0920.SPK/BA.202/BA010102/2026,31,sp-juli-211,MAJUN,Kain,150,150,KG,0,10,Permintaan SPK 0920.SPK/BA.202/BA010102/2026
TUG5_TUG6,mr6-tug6-15,MR6-2026-000015,,0920.SPK/BA.202/BA010102/2026,spk-juli-15,Srikandi Baruna 2001,,,Approved,2026-07-01T08:30:00.000Z,,,0920.SPK/BA.202/BA010102/2026,32,sp-juli-212,PEL LANTAI,-,20,20,PCS,0,10,Permintaan SPK 0920.SPK/BA.202/BA010102/2026
TUG5_TUG6,mr6-tug6-15,MR6-2026-000015,,0920.SPK/BA.202/BA010102/2026,spk-juli-15,Srikandi Baruna 2001,,,Approved,2026-07-01T08:30:00.000Z,,,0920.SPK/BA.202/BA010102/2026,33,sp-juli-213,SAPU LANTAI,-,20,20,PCS,0,10,Permintaan SPK 0920.SPK/BA.202/BA010102/2026
TUG5_TUG6,mr6-tug6-15,MR6-2026-000015,,0920.SPK/BA.202/BA010102/2026,spk-juli-15,Srikandi Baruna 2001,,,Approved,2026-07-01T08:30:00.000Z,,,0920.SPK/BA.202/BA010102/2026,34,sp-juli-214,PLADGE (PEMBERSIH FURNITURE) @330gr,Aerosol,5,5,DUS,0,10,Permintaan SPK 0920.SPK/BA.202/BA010102/2026
TUG5_TUG6,mr6-tug6-15,MR6-2026-000015,,0920.SPK/BA.202/BA010102/2026,spk-juli-15,Srikandi Baruna 2001,,,Approved,2026-07-01T08:30:00.000Z,,,0920.SPK/BA.202/BA010102/2026,35,sp-juli-215,TEMPAT SAMPAH MARINE (IMDG CODE),"uk 50 liter
hijau, merah, kuning",3,3,PCS,0,10,Permintaan SPK 0920.SPK/BA.202/BA010102/2026
TUG5_TUG6,mr6-tug6-15,MR6-2026-000015,,0920.SPK/BA.202/BA010102/2026,spk-juli-15,Srikandi Baruna 2001,,,Approved,2026-07-01T08:30:00.000Z,,,0920.SPK/BA.202/BA010102/2026,36,sp-juli-216,BATTERY JAM ALKALINE,AA,1,1,DUS,0,10,Permintaan SPK 0920.SPK/BA.202/BA010102/2026
TUG5_TUG6,mr6-tug6-15,MR6-2026-000015,,0920.SPK/BA.202/BA010102/2026,spk-juli-15,Srikandi Baruna 2001,,,Approved,2026-07-01T08:30:00.000Z,,,0920.SPK/BA.202/BA010102/2026,37,sp-juli-217,BATTERY JAM REMOT,AAA,1,1,DUS,0,10,Permintaan SPK 0920.SPK/BA.202/BA010102/2026
TUG5_TUG6,mr6-tug6-15,MR6-2026-000015,,0920.SPK/BA.202/BA010102/2026,spk-juli-15,Srikandi Baruna 2001,,,Approved,2026-07-01T08:30:00.000Z,,,0920.SPK/BA.202/BA010102/2026,38,sp-juli-218,LAMPU TONGKANG,-,12,12,PCS,0,10,Permintaan SPK 0920.SPK/BA.202/BA010102/2026
TUG5_TUG6,mr6-tug6-15,MR6-2026-000015,,0920.SPK/BA.202/BA010102/2026,spk-juli-15,Srikandi Baruna 2001,,,Approved,2026-07-01T08:30:00.000Z,,,0920.SPK/BA.202/BA010102/2026,39,sp-juli-219,BATTERY LAMPU TONGKANG,-,12,12,PCS,0,10,Permintaan SPK 0920.SPK/BA.202/BA010102/2026
TUG5_TUG6,mr6-tug6-15,MR6-2026-000015,,0920.SPK/BA.202/BA010102/2026,spk-juli-15,Srikandi Baruna 2001,,,Approved,2026-07-01T08:30:00.000Z,,,0920.SPK/BA.202/BA010102/2026,40,sp-juli-220,WD 40,333 ML,24,24,PCS,0,10,Permintaan SPK 0920.SPK/BA.202/BA010102/2026
TUG5_TUG6,mr6-tug6-15,MR6-2026-000015,,0920.SPK/BA.202/BA010102/2026,spk-juli-15,Srikandi Baruna 2001,,,Approved,2026-07-01T08:30:00.000Z,,,0920.SPK/BA.202/BA010102/2026,41,sp-juli-221,LEM AIBON,1 LITER,1,1,KALENG,0,10,Permintaan SPK 0920.SPK/BA.202/BA010102/2026
TUG5_TUG6,mr6-tug6-15,MR6-2026-000015,,0920.SPK/BA.202/BA010102/2026,spk-juli-15,Srikandi Baruna 2001,,,Approved,2026-07-01T08:30:00.000Z,,,0920.SPK/BA.202/BA010102/2026,42,sp-juli-222,BALLPOINT,HITAM,3,3,PACK,0,10,Permintaan SPK 0920.SPK/BA.202/BA010102/2026
TUG5_TUG6,mr6-tug6-15,MR6-2026-000015,,0920.SPK/BA.202/BA010102/2026,spk-juli-15,Srikandi Baruna 2001,,,Approved,2026-07-01T08:30:00.000Z,,,0920.SPK/BA.202/BA010102/2026,43,sp-juli-223,STABILO,ORANGE,6,6,PCS,0,10,Permintaan SPK 0920.SPK/BA.202/BA010102/2026
TUG5_TUG6,mr6-tug6-15,MR6-2026-000015,,0920.SPK/BA.202/BA010102/2026,spk-juli-15,Srikandi Baruna 2001,,,Approved,2026-07-01T08:30:00.000Z,,,0920.SPK/BA.202/BA010102/2026,44,sp-juli-224,KUAS ROLL,-,60,60,PCS,0,10,Permintaan SPK 0920.SPK/BA.202/BA010102/2026
TUG5_TUG6,mr6-tug6-15,MR6-2026-000015,,0920.SPK/BA.202/BA010102/2026,spk-juli-15,Srikandi Baruna 2001,,,Approved,2026-07-01T08:30:00.000Z,,,0920.SPK/BA.202/BA010102/2026,45,sp-juli-225,KUAS TANGAN,1 INC,20,20,PCS,0,10,Permintaan SPK 0920.SPK/BA.202/BA010102/2026
TUG5_TUG6,mr6-tug6-15,MR6-2026-000015,,0920.SPK/BA.202/BA010102/2026,spk-juli-15,Srikandi Baruna 2001,,,Approved,2026-07-01T08:30:00.000Z,,,0920.SPK/BA.202/BA010102/2026,46,sp-juli-226,KUAS TANGAN,2 INC,20,20,PCS,0,10,Permintaan SPK 0920.SPK/BA.202/BA010102/2026
TUG5_TUG6,mr6-tug6-15,MR6-2026-000015,,0920.SPK/BA.202/BA010102/2026,spk-juli-15,Srikandi Baruna 2001,,,Approved,2026-07-01T08:30:00.000Z,,,0920.SPK/BA.202/BA010102/2026,47,sp-juli-227,SOLASI KERTAS,KECIL,20,20,PCS,0,10,Permintaan SPK 0920.SPK/BA.202/BA010102/2026
TUG5_TUG6,mr6-tug6-15,MR6-2026-000015,,0920.SPK/BA.202/BA010102/2026,spk-juli-15,Srikandi Baruna 2001,,,Approved,2026-07-01T08:30:00.000Z,,,0920.SPK/BA.202/BA010102/2026,48,sp-juli-228,SOLASI KERTAS,BESAR,20,20,PCS,0,10,Permintaan SPK 0920.SPK/BA.202/BA010102/2026
TUG5_TUG6,mr6-tug6-15,MR6-2026-000015,,0920.SPK/BA.202/BA010102/2026,spk-juli-15,Srikandi Baruna 2001,,,Approved,2026-07-01T08:30:00.000Z,,,0920.SPK/BA.202/BA010102/2026,49,sp-juli-229,LAKBAN BENING,BESAR,40,40,PCS,0,10,Permintaan SPK 0920.SPK/BA.202/BA010102/2026
TUG5_TUG6,mr6-tug6-15,MR6-2026-000015,,0920.SPK/BA.202/BA010102/2026,spk-juli-15,Srikandi Baruna 2001,,,Approved,2026-07-01T08:30:00.000Z,,,0920.SPK/BA.202/BA010102/2026,50,sp-juli-210,KAPUR BARUS (BAGUS),-,1,1,DUS,0,10,Permintaan SPK 0920.SPK/BA.202/BA010102/2026
TUG5_TUG6,mr6-tug6-15,MR6-2026-000015,,0920.SPK/BA.202/BA010102/2026,spk-juli-15,Srikandi Baruna 2001,,,Approved,2026-07-01T08:30:00.000Z,,,0920.SPK/BA.202/BA010102/2026,51,sp-juli-230,BENDERA RI,60X90,10,10,PCS,0,10,Permintaan SPK 0920.SPK/BA.202/BA010102/2026
TUG5_TUG6,mr6-tug6-15,MR6-2026-000015,,0920.SPK/BA.202/BA010102/2026,spk-juli-15,Srikandi Baruna 2001,,,Approved,2026-07-01T08:30:00.000Z,,,0920.SPK/BA.202/BA010102/2026,52,sp-juli-231,RANTAL DAPRA,uk 3/4,10,10,METER,0,10,Permintaan SPK 0920.SPK/BA.202/BA010102/2026
TUG5_TUG6,mr6-tug6-15,MR6-2026-000015,,0920.SPK/BA.202/BA010102/2026,spk-juli-15,Srikandi Baruna 2001,,,Approved,2026-07-01T08:30:00.000Z,,,0920.SPK/BA.202/BA010102/2026,53,sp-juli-232,PEMBERSIH JAMUR KACA,WATERSPOT,12,12,PCS,0,10,Permintaan SPK 0920.SPK/BA.202/BA010102/2026
TUG5_TUG6,mr6-tug6-15,MR6-2026-000015,,0920.SPK/BA.202/BA010102/2026,spk-juli-15,Srikandi Baruna 2001,,,Approved,2026-07-01T08:30:00.000Z,,,0920.SPK/BA.202/BA010102/2026,54,sp-juli-233,MATA BOR CUP BRONZE,SILVER,12,12,PCS,0,10,Permintaan SPK 0920.SPK/BA.202/BA010102/2026
TUG5_TUG6,mr6-tug6-15,MR6-2026-000015,,0920.SPK/BA.202/BA010102/2026,spk-juli-15,Srikandi Baruna 2001,,,Approved,2026-07-01T08:30:00.000Z,,,0920.SPK/BA.202/BA010102/2026,55,sp-juli-234,CHAIN BLOCK,SWL 5 TON,1,1,PCS,0,10,Permintaan SPK 0920.SPK/BA.202/BA010102/2026
TUG5_TUG6,mr6-tug6-15,MR6-2026-000015,,0920.SPK/BA.202/BA010102/2026,spk-juli-15,Srikandi Baruna 2001,,,Approved,2026-07-01T08:30:00.000Z,,,0920.SPK/BA.202/BA010102/2026,56,sp-juli-235,CHAIN BLOCK,SWL 10 TON,1,1,PCS,0,10,Permintaan SPK 0920.SPK/BA.202/BA010102/2026
TUG5_TUG6,mr6-tug6-15,MR6-2026-000015,,0920.SPK/BA.202/BA010102/2026,spk-juli-15,Srikandi Baruna 2001,,,Approved,2026-07-01T08:30:00.000Z,,,0920.SPK/BA.202/BA010102/2026,57,sp-juli-236,KANEBO,LAP,5,5,PCS,0,10,Permintaan SPK 0920.SPK/BA.202/BA010102/2026
TUG5_TUG6,mr6-tug6-15,MR6-2026-000015,,0920.SPK/BA.202/BA010102/2026,spk-juli-15,Srikandi Baruna 2001,,,Approved,2026-07-01T08:30:00.000Z,,,0920.SPK/BA.202/BA010102/2026,58,sp-juli-237,MICRO FIBER,LAP,10,10,PCS,0,10,Permintaan SPK 0920.SPK/BA.202/BA010102/2026
TUG5_TUG6,mr6-tug6-15,MR6-2026-000015,,0920.SPK/BA.202/BA010102/2026,spk-juli-15,Srikandi Baruna 2001,,,Approved,2026-07-01T08:30:00.000Z,,,0920.SPK/BA.202/BA010102/2026,59,sp-juli-238,RESIN 1 PAKET,LITER,10,10,LITER,0,10,Permintaan SPK 0920.SPK/BA.202/BA010102/2026
TUG5_TUG6,mr6-tug6-15,MR6-2026-000015,,0920.SPK/BA.202/BA010102/2026,spk-juli-15,Srikandi Baruna 2001,,,Approved,2026-07-01T08:30:00.000Z,,,0920.SPK/BA.202/BA010102/2026,60,sp-juli-239,ALTECO/LEM CHINA,-,30,30,PCS,0,10,Permintaan SPK 0920.SPK/BA.202/BA010102/2026
TUG5_TUG6,mr6-tug6-15,MR6-2026-000015,,0920.SPK/BA.202/BA010102/2026,spk-juli-15,Srikandi Baruna 2001,,,Approved,2026-07-01T08:30:00.000Z,,,0920.SPK/BA.202/BA010102/2026,61,sp-juli-240,KABEL TIES,NILON,25,25,PACK,0,10,Permintaan SPK 0920.SPK/BA.202/BA010102/2026
TUG5_TUG6,mr6-tug6-15,MR6-2026-000015,,0920.SPK/BA.202/BA010102/2026,spk-juli-15,Srikandi Baruna 2001,,,Approved,2026-07-01T08:30:00.000Z,,,0920.SPK/BA.202/BA010102/2026,62,sp-juli-241,BAUT,M10X50,100,100,PCS,0,10,Permintaan SPK 0920.SPK/BA.202/BA010102/2026
TUG5_TUG6,mr6-tug6-15,MR6-2026-000015,,0920.SPK/BA.202/BA010102/2026,spk-juli-15,Srikandi Baruna 2001,,,Approved,2026-07-01T08:30:00.000Z,,,0920.SPK/BA.202/BA010102/2026,63,sp-juli-242,SPIDOL PERMANENT,SNOWAN,2,2,PACK,0,10,Permintaan SPK 0920.SPK/BA.202/BA010102/2026
TUG5_TUG6,mr6-tug6-15,MR6-2026-000015,,0920.SPK/BA.202/BA010102/2026,spk-juli-15,Srikandi Baruna 2001,,,Approved,2026-07-01T08:30:00.000Z,,,0920.SPK/BA.202/BA010102/2026,64,sp-juli-243,SPIDOL POORMARKER,SNOWAN,2,2,PACK,0,10,Permintaan SPK 0920.SPK/BA.202/BA010102/2026
TUG5_TUG6,mr6-tug6-15,MR6-2026-000015,,0920.SPK/BA.202/BA010102/2026,spk-juli-15,Srikandi Baruna 2001,,,Approved,2026-07-01T08:30:00.000Z,,,0920.SPK/BA.202/BA010102/2026,65,sp-juli-244,JANGKA SEMAT PETA,KUNINGAN,2,2,PCS,0,10,Permintaan SPK 0920.SPK/BA.202/BA010102/2026
TUG5_TUG6,mr6-tug6-15,MR6-2026-000015,,0920.SPK/BA.202/BA010102/2026,spk-juli-15,Srikandi Baruna 2001,,,Approved,2026-07-01T08:30:00.000Z,,,0920.SPK/BA.202/BA010102/2026,66,sp-juli-245,PENGGARIS PANJANG DAN PENDEK (1 METER DAN 30 CM),STAINLESS,4,4,PCS,0,10,Permintaan SPK 0920.SPK/BA.202/BA010102/2026
TUG5_TUG6,mr6-tug6-15,MR6-2026-000015,,0920.SPK/BA.202/BA010102/2026,spk-juli-15,Srikandi Baruna 2001,,,Approved,2026-07-01T08:30:00.000Z,,,0920.SPK/BA.202/BA010102/2026,67,sp-juli-246,MISTAR JAJAR (PETA),PLASTIC,2,2,PCS,0,10,Permintaan SPK 0920.SPK/BA.202/BA010102/2026
TUG5_TUG6,mr6-tug6-15,MR6-2026-000015,,0920.SPK/BA.202/BA010102/2026,spk-juli-15,Srikandi Baruna 2001,,,Approved,2026-07-01T08:30:00.000Z,,,0920.SPK/BA.202/BA010102/2026,68,sp-juli-36,DISKON,-,1,1,lot,0,10,Permintaan SPK 0920.SPK/BA.202/BA010102/2026
TUG5_TUG6,mr6-tug6-16,MR6-2026-000016,,0958.SPK/BA.17/BA010102/2026,spk-juli-16,Srikandi Baruna 2004,,,Approved,2026-07-02T08:30:00.000Z,,,0958.SPK/BA.17/BA010102/2026,1,sp-juli-247,TALI PP MONOFILAMENT,CIR 10,1,1,roll,0,10,Permintaan SPK 0958.SPK/BA.17/BA010102/2026
TUG5_TUG6,mr6-tug6-16,MR6-2026-000016,,0958.SPK/BA.17/BA010102/2026,spk-juli-16,Srikandi Baruna 2004,,,Approved,2026-07-02T08:30:00.000Z,,,0958.SPK/BA.17/BA010102/2026,2,sp-juli-248,TALI PP MONOFILAMENT,CIR 8,1,1,roll,0,10,Permintaan SPK 0958.SPK/BA.17/BA010102/2026
TUG5_TUG6,mr6-tug6-17,MR6-2026-000017,,0937.SPK/BA.17/BA010102/2026,spk-juli-17,Srikandi Baruna 2001,,,Approved,2026-07-02T08:30:00.000Z,,,0937.SPK/BA.17/BA010102/2026,1,sp-juli-247,TALI PP MONOFILAMENT,CIR 10,1,1,roll,0,10,Permintaan SPK 0937.SPK/BA.17/BA010102/2026
TUG5_TUG6,mr6-tug6-17,MR6-2026-000017,,0937.SPK/BA.17/BA010102/2026,spk-juli-17,Srikandi Baruna 2001,,,Approved,2026-07-02T08:30:00.000Z,,,0937.SPK/BA.17/BA010102/2026,2,sp-juli-248,TALI PP MONOFILAMENT,CIR 8,2,2,roll,0,10,Permintaan SPK 0937.SPK/BA.17/BA010102/2026
TUG5_TUG6,mr6-tug6-17,MR6-2026-000017,,0937.SPK/BA.17/BA010102/2026,spk-juli-17,Srikandi Baruna 2001,,,Approved,2026-07-02T08:30:00.000Z,,,0937.SPK/BA.17/BA010102/2026,3,sp-juli-249,TALI PP MONOFILAMENT,CIR 6,1,1,roll,0,10,Permintaan SPK 0937.SPK/BA.17/BA010102/2026
TUG5_TUG6,mr6-tug6-18,MR6-2026-000018,,0999.SPK/BA.17/BA010102/2026,spk-juli-18,Malahayati Baruna,,,Approved,2026-07-01T08:30:00.000Z,,,0999.SPK/BA.17/BA010102/2026,1,sp-juli-250,AKI KERING,-,8,8,pcs,0,10,Permintaan SPK 0999.SPK/BA.17/BA010102/2026
TUG5_TUG6,mr6-tug6-19,MR6-2026-000019,,1017.SPK/BA.302/BA010102/2026,spk-juli-19,Rasuna Baruna,,,Approved,2026-07-02T08:30:00.000Z,,,1017.SPK/BA.302/BA010102/2026,1,sp-juli-251,THREEWAY VALVE UNIT,-,1,1,unit,0,10,Permintaan SPK 1017.SPK/BA.302/BA010102/2026
TUG5_TUG6,mr6-tug6-19,MR6-2026-000019,,1017.SPK/BA.302/BA010102/2026,spk-juli-19,Rasuna Baruna,,,Approved,2026-07-02T08:30:00.000Z,,,1017.SPK/BA.302/BA010102/2026,2,sp-juli-252,KIT FOR VALVE,-,2,2,set,0,10,Permintaan SPK 1017.SPK/BA.302/BA010102/2026
TUG5_TUG6,mr6-tug6-20,MR6-2026-000020,,0998.SPK/BA.202/BA010102/2026,spk-juli-20,Srikandi Baruna 2206,,,Approved,2026-07-01T08:30:00.000Z,,,0998.SPK/BA.202/BA010102/2026,1,sp-juli-253,GREASE (CASTROL) @15KG,-,1,1,PCS,0,10,Permintaan SPK 0998.SPK/BA.202/BA010102/2026
TUG5_TUG6,mr6-tug6-20,MR6-2026-000020,,0998.SPK/BA.202/BA010102/2026,spk-juli-20,Srikandi Baruna 2206,,,Approved,2026-07-01T08:30:00.000Z,,,0998.SPK/BA.202/BA010102/2026,2,sp-juli-254,GREASE KYODO YUSHI (454GRAM) HEAVY DUTY,-,4,4,PCS,0,10,Permintaan SPK 0998.SPK/BA.202/BA010102/2026
TUG5_TUG6,mr6-tug6-20,MR6-2026-000020,,0998.SPK/BA.202/BA010102/2026,spk-juli-20,Srikandi Baruna 2206,,,Approved,2026-07-01T08:30:00.000Z,,,0998.SPK/BA.202/BA010102/2026,3,sp-juli-255,SARUNG TANGAN KATUN,-,25,25,LUSIN,0,10,Permintaan SPK 0998.SPK/BA.202/BA010102/2026
TUG5_TUG6,mr6-tug6-20,MR6-2026-000020,,0998.SPK/BA.202/BA010102/2026,spk-juli-20,Srikandi Baruna 2206,,,Approved,2026-07-01T08:30:00.000Z,,,0998.SPK/BA.202/BA010102/2026,4,sp-juli-256,BATU GERINDA POTONG 4,-,40,40,PCS,0,10,Permintaan SPK 0998.SPK/BA.202/BA010102/2026
TUG5_TUG6,mr6-tug6-20,MR6-2026-000020,,0998.SPK/BA.202/BA010102/2026,spk-juli-20,Srikandi Baruna 2206,,,Approved,2026-07-01T08:30:00.000Z,,,0998.SPK/BA.202/BA010102/2026,5,sp-juli-257,MOLYCOTE (1000GRAM),-,2,2,PCS,0,10,Permintaan SPK 0998.SPK/BA.202/BA010102/2026
TUG5_TUG6,mr6-tug6-20,MR6-2026-000020,,0998.SPK/BA.202/BA010102/2026,spk-juli-20,Srikandi Baruna 2206,,,Approved,2026-07-01T08:30:00.000Z,,,0998.SPK/BA.202/BA010102/2026,6,sp-juli-258,PASTA SKUR ABRASIVE (105GRAM),-,5,5,PCS,0,10,Permintaan SPK 0998.SPK/BA.202/BA010102/2026
TUG5_TUG6,mr6-tug6-20,MR6-2026-000020,,0998.SPK/BA.202/BA010102/2026,spk-juli-20,Srikandi Baruna 2206,,,Approved,2026-07-01T08:30:00.000Z,,,0998.SPK/BA.202/BA010102/2026,7,sp-juli-259,ORING SET BOX OSTYNN (MM & NBR),-,2,2,SET,0,10,Permintaan SPK 0998.SPK/BA.202/BA010102/2026
TUG5_TUG6,mr6-tug6-20,MR6-2026-000020,,0998.SPK/BA.202/BA010102/2026,spk-juli-20,Srikandi Baruna 2206,,,Approved,2026-07-01T08:30:00.000Z,,,0998.SPK/BA.202/BA010102/2026,8,sp-juli-260,RING TEMBAGA CONTAIN 30SET (ISI 568PCS),-,1,1,SET,0,10,Permintaan SPK 0998.SPK/BA.202/BA010102/2026
TUG5_TUG6,mr6-tug6-20,MR6-2026-000020,,0998.SPK/BA.202/BA010102/2026,spk-juli-20,Srikandi Baruna 2206,,,Approved,2026-07-01T08:30:00.000Z,,,0998.SPK/BA.202/BA010102/2026,9,sp-juli-261,AMPLAS ROLL GRIT 40,-,20,20,METER,0,10,Permintaan SPK 0998.SPK/BA.202/BA010102/2026
TUG5_TUG6,mr6-tug6-20,MR6-2026-000020,,0998.SPK/BA.202/BA010102/2026,spk-juli-20,Srikandi Baruna 2206,,,Approved,2026-07-01T08:30:00.000Z,,,0998.SPK/BA.202/BA010102/2026,10,sp-juli-262,AMPLAS ROLL GRIT 60,-,20,20,METER,0,10,Permintaan SPK 0998.SPK/BA.202/BA010102/2026
TUG5_TUG6,mr6-tug6-20,MR6-2026-000020,,0998.SPK/BA.202/BA010102/2026,spk-juli-20,Srikandi Baruna 2206,,,Approved,2026-07-01T08:30:00.000Z,,,0998.SPK/BA.202/BA010102/2026,11,sp-juli-263,AMPLAS ROLL GRIT 80,-,20,20,METER,0,10,Permintaan SPK 0998.SPK/BA.202/BA010102/2026
TUG5_TUG6,mr6-tug6-20,MR6-2026-000020,,0998.SPK/BA.202/BA010102/2026,spk-juli-20,Srikandi Baruna 2206,,,Approved,2026-07-01T08:30:00.000Z,,,0998.SPK/BA.202/BA010102/2026,12,sp-juli-264,AMPLAS ROLL GRIT 100,-,20,20,METER,0,10,Permintaan SPK 0998.SPK/BA.202/BA010102/2026
TUG5_TUG6,mr6-tug6-20,MR6-2026-000020,,0998.SPK/BA.202/BA010102/2026,spk-juli-20,Srikandi Baruna 2206,,,Approved,2026-07-01T08:30:00.000Z,,,0998.SPK/BA.202/BA010102/2026,13,sp-juli-265,AMPLAS ROLL GRIT 120,-,20,20,METER,0,10,Permintaan SPK 0998.SPK/BA.202/BA010102/2026
TUG5_TUG6,mr6-tug6-20,MR6-2026-000020,,0998.SPK/BA.202/BA010102/2026,spk-juli-20,Srikandi Baruna 2206,,,Approved,2026-07-01T08:30:00.000Z,,,0998.SPK/BA.202/BA010102/2026,14,sp-juli-266,AMPLAS ROLL GRIT 150,-,20,20,METER,0,10,Permintaan SPK 0998.SPK/BA.202/BA010102/2026
TUG5_TUG6,mr6-tug6-20,MR6-2026-000020,,0998.SPK/BA.202/BA010102/2026,spk-juli-20,Srikandi Baruna 2206,,,Approved,2026-07-01T08:30:00.000Z,,,0998.SPK/BA.202/BA010102/2026,15,sp-juli-267,AMPLAS ROLL GRIT 180,-,20,20,METER,0,10,Permintaan SPK 0998.SPK/BA.202/BA010102/2026
TUG5_TUG6,mr6-tug6-20,MR6-2026-000020,,0998.SPK/BA.202/BA010102/2026,spk-juli-20,Srikandi Baruna 2206,,,Approved,2026-07-01T08:30:00.000Z,,,0998.SPK/BA.202/BA010102/2026,16,sp-juli-268,AMPLAS ROLL GRIT 240,-,20,20,METER,0,10,Permintaan SPK 0998.SPK/BA.202/BA010102/2026
TUG5_TUG6,mr6-tug6-20,MR6-2026-000020,,0998.SPK/BA.202/BA010102/2026,spk-juli-20,Srikandi Baruna 2206,,,Approved,2026-07-01T08:30:00.000Z,,,0998.SPK/BA.202/BA010102/2026,17,sp-juli-269,AMPLAS ROLL GRIT 320,-,20,20,METER,0,10,Permintaan SPK 0998.SPK/BA.202/BA010102/2026
TUG5_TUG6,mr6-tug6-20,MR6-2026-000020,,0998.SPK/BA.202/BA010102/2026,spk-juli-20,Srikandi Baruna 2206,,,Approved,2026-07-01T08:30:00.000Z,,,0998.SPK/BA.202/BA010102/2026,18,sp-juli-270,AMPLAS ROLL GRIT 400,-,20,20,METER,0,10,Permintaan SPK 0998.SPK/BA.202/BA010102/2026
TUG5_TUG6,mr6-tug6-20,MR6-2026-000020,,0998.SPK/BA.202/BA010102/2026,spk-juli-20,Srikandi Baruna 2206,,,Approved,2026-07-01T08:30:00.000Z,,,0998.SPK/BA.202/BA010102/2026,19,sp-juli-271,AMPLAS ROLL GRIT 500,-,20,20,METER,0,10,Permintaan SPK 0998.SPK/BA.202/BA010102/2026
TUG5_TUG6,mr6-tug6-20,MR6-2026-000020,,0998.SPK/BA.202/BA010102/2026,spk-juli-20,Srikandi Baruna 2206,,,Approved,2026-07-01T08:30:00.000Z,,,0998.SPK/BA.202/BA010102/2026,20,sp-juli-272,AMPLAS ROLL GRIT 800,-,20,20,METER,0,10,Permintaan SPK 0998.SPK/BA.202/BA010102/2026
TUG5_TUG6,mr6-tug6-20,MR6-2026-000020,,0998.SPK/BA.202/BA010102/2026,spk-juli-20,Srikandi Baruna 2206,,,Approved,2026-07-01T08:30:00.000Z,,,0998.SPK/BA.202/BA010102/2026,21,sp-juli-273,AMPLAS ROLL GRIT 1000,-,20,20,METER,0,10,Permintaan SPK 0998.SPK/BA.202/BA010102/2026
TUG5_TUG6,mr6-tug6-20,MR6-2026-000020,,0998.SPK/BA.202/BA010102/2026,spk-juli-20,Srikandi Baruna 2206,,,Approved,2026-07-01T08:30:00.000Z,,,0998.SPK/BA.202/BA010102/2026,22,sp-juli-274,MATA GERGAJI BESI 12,-,20,20,PCS,0,10,Permintaan SPK 0998.SPK/BA.202/BA010102/2026
TUG5_TUG6,mr6-tug6-20,MR6-2026-000020,,0998.SPK/BA.202/BA010102/2026,spk-juli-20,Srikandi Baruna 2206,,,Approved,2026-07-01T08:30:00.000Z,,,0998.SPK/BA.202/BA010102/2026,23,sp-juli-275,OIL SPILL DIPERSANT @20L,-,1,1,PCS,0,10,Permintaan SPK 0998.SPK/BA.202/BA010102/2026
TUG5_TUG6,mr6-tug6-20,MR6-2026-000020,,0998.SPK/BA.202/BA010102/2026,spk-juli-20,Srikandi Baruna 2206,,,Approved,2026-07-01T08:30:00.000Z,,,0998.SPK/BA.202/BA010102/2026,24,sp-juli-276,AVR GENERATOR (DST-100-2FA4),-,2,2,UNIT,0,10,Permintaan SPK 0998.SPK/BA.202/BA010102/2026
TUG5_TUG6,mr6-tug6-20,MR6-2026-000020,,0998.SPK/BA.202/BA010102/2026,spk-juli-20,Srikandi Baruna 2206,,,Approved,2026-07-01T08:30:00.000Z,,,0998.SPK/BA.202/BA010102/2026,25,sp-juli-277,MCCB 100A 3POLE 415V (SCHNEIDER),-,2,2,PCS,0,10,Permintaan SPK 0998.SPK/BA.202/BA010102/2026
TUG5_TUG6,mr6-tug6-20,MR6-2026-000020,,0998.SPK/BA.202/BA010102/2026,spk-juli-20,Srikandi Baruna 2206,,,Approved,2026-07-01T08:30:00.000Z,,,0998.SPK/BA.202/BA010102/2026,26,sp-juli-278,WATER JET CLEANER (KARCHER K2 / 1400W / 120BAR),-,1,1,UNIT,0,10,Permintaan SPK 0998.SPK/BA.202/BA010102/2026
TUG5_TUG6,mr6-tug6-20,MR6-2026-000020,,0998.SPK/BA.202/BA010102/2026,spk-juli-20,Srikandi Baruna 2206,,,Approved,2026-07-01T08:30:00.000Z,,,0998.SPK/BA.202/BA010102/2026,27,sp-juli-279,ELECTRIC BARREL PUMP 220VAC (DYB-60YT-1),-,1,1,UNIT,0,10,Permintaan SPK 0998.SPK/BA.202/BA010102/2026
TUG5_TUG6,mr6-tug6-20,MR6-2026-000020,,0998.SPK/BA.202/BA010102/2026,spk-juli-20,Srikandi Baruna 2206,,,Approved,2026-07-01T08:30:00.000Z,,,0998.SPK/BA.202/BA010102/2026,28,sp-juli-280,TAP & DIE SET 40PCS (TEKIRO),-,1,1,SET,0,10,Permintaan SPK 0998.SPK/BA.202/BA010102/2026
TUG5_TUG6,mr6-tug6-20,MR6-2026-000020,,0998.SPK/BA.202/BA010102/2026,spk-juli-20,Srikandi Baruna 2206,,,Approved,2026-07-01T08:30:00.000Z,,,0998.SPK/BA.202/BA010102/2026,29,sp-juli-281,BATTERY HYDROMETER TESTER,-,3,3,PCS,0,10,Permintaan SPK 0998.SPK/BA.202/BA010102/2026
TUG5_TUG6,mr6-tug6-20,MR6-2026-000020,,0998.SPK/BA.202/BA010102/2026,spk-juli-20,Srikandi Baruna 2206,,,Approved,2026-07-01T08:30:00.000Z,,,0998.SPK/BA.202/BA010102/2026,30,sp-juli-282,MESIN GENSET/LAS (FIRMAN FGW 160C) GASOLINE,-,1,1,UNIT,0,10,Permintaan SPK 0998.SPK/BA.202/BA010102/2026
TUG5_TUG6,mr6-tug6-20,MR6-2026-000020,,0998.SPK/BA.202/BA010102/2026,spk-juli-20,Srikandi Baruna 2206,,,Approved,2026-07-01T08:30:00.000Z,,,0998.SPK/BA.202/BA010102/2026,31,sp-juli-283,EAR MUFF GOSAVE,-,6,6,PCS,0,10,Permintaan SPK 0998.SPK/BA.202/BA010102/2026
TUG5_TUG6,mr6-tug6-20,MR6-2026-000020,,0998.SPK/BA.202/BA010102/2026,spk-juli-20,Srikandi Baruna 2206,,,Approved,2026-07-01T08:30:00.000Z,,,0998.SPK/BA.202/BA010102/2026,32,sp-juli-284,BOSCH IMPACT WRENCH CORDLESS SET (560NM),-,1,1,SET,0,10,Permintaan SPK 0998.SPK/BA.202/BA010102/2026
TUG5_TUG6,mr6-tug6-21,MR6-2026-000021,,0997.SPK/BA.202/BA010102/2026,spk-juli-21,Srikandi Baruna 2206,,,Approved,2026-07-01T08:30:00.000Z,,,0997.SPK/BA.202/BA010102/2026,1,sp-juli-285,RINSO DETERGENT BUBUK (1KG) @12PCS PER BOX,-,15,15,BOX,0,10,Permintaan SPK 0997.SPK/BA.202/BA010102/2026
TUG5_TUG6,mr6-tug6-21,MR6-2026-000021,,0997.SPK/BA.202/BA010102/2026,spk-juli-21,Srikandi Baruna 2206,,,Approved,2026-07-01T08:30:00.000Z,,,0997.SPK/BA.202/BA010102/2026,2,sp-juli-286,SUNLIGHT SABUN CUCI PIRING (1L) @6PCS PER BOX,-,10,10,BOX,0,10,Permintaan SPK 0997.SPK/BA.202/BA010102/2026
TUG5_TUG6,mr6-tug6-21,MR6-2026-000021,,0997.SPK/BA.202/BA010102/2026,spk-juli-21,Srikandi Baruna 2206,,,Approved,2026-07-01T08:30:00.000Z,,,0997.SPK/BA.202/BA010102/2026,3,sp-juli-287,PORSTEX PEMBERSIH LANTAI (1L) @12PCS PER BOX,-,5,5,BOX,0,10,Permintaan SPK 0997.SPK/BA.202/BA010102/2026
TUG5_TUG6,mr6-tug6-21,MR6-2026-000021,,0997.SPK/BA.202/BA010102/2026,spk-juli-21,Srikandi Baruna 2206,,,Approved,2026-07-01T08:30:00.000Z,,,0997.SPK/BA.202/BA010102/2026,4,sp-juli-288,REFILL CLING PEMBERSIH KACA (500ML) @12PCS PER BOX,-,4,4,BOX,0,10,Permintaan SPK 0997.SPK/BA.202/BA010102/2026
TUG5_TUG6,mr6-tug6-21,MR6-2026-000021,,0997.SPK/BA.202/BA010102/2026,spk-juli-21,Srikandi Baruna 2206,,,Approved,2026-07-01T08:30:00.000Z,,,0997.SPK/BA.202/BA010102/2026,5,sp-juli-289,LAKBAN KERTAS 1,-,20,20,LUSIN,0,10,Permintaan SPK 0997.SPK/BA.202/BA010102/2026
TUG5_TUG6,mr6-tug6-21,MR6-2026-000021,,0997.SPK/BA.202/BA010102/2026,spk-juli-21,Srikandi Baruna 2206,,,Approved,2026-07-01T08:30:00.000Z,,,0997.SPK/BA.202/BA010102/2026,6,sp-juli-290,PEL LANTAI + GAGANG (MODEL: SUMBU),-,15,15,PCS,0,10,Permintaan SPK 0997.SPK/BA.202/BA010102/2026
TUG5_TUG6,mr6-tug6-21,MR6-2026-000021,,0997.SPK/BA.202/BA010102/2026,spk-juli-21,Srikandi Baruna 2206,,,Approved,2026-07-01T08:30:00.000Z,,,0997.SPK/BA.202/BA010102/2026,7,sp-juli-291,SIKAT LANTAI + GAGANG (BAHAN: PLASTIK),-,15,15,PCS,0,10,Permintaan SPK 0997.SPK/BA.202/BA010102/2026
TUG5_TUG6,mr6-tug6-21,MR6-2026-000021,,0997.SPK/BA.202/BA010102/2026,spk-juli-21,Srikandi Baruna 2206,,,Approved,2026-07-01T08:30:00.000Z,,,0997.SPK/BA.202/BA010102/2026,8,sp-juli-292,SAPU LANTAI + GAGANG (BAHAN: PLASTIK),-,15,15,PCS,0,10,Permintaan SPK 0997.SPK/BA.202/BA010102/2026
TUG5_TUG6,mr6-tug6-21,MR6-2026-000021,,0997.SPK/BA.202/BA010102/2026,spk-juli-21,Srikandi Baruna 2206,,,Approved,2026-07-01T08:30:00.000Z,,,0997.SPK/BA.202/BA010102/2026,9,sp-juli-293,"BATTERY ALKALINE AA 1,5V @ 72PCS PER BOX",-,2,2,BOX,0,10,Permintaan SPK 0997.SPK/BA.202/BA010102/2026
TUG5_TUG6,mr6-tug6-21,MR6-2026-000021,,0997.SPK/BA.202/BA010102/2026,spk-juli-21,Srikandi Baruna 2206,,,Approved,2026-07-01T08:30:00.000Z,,,0997.SPK/BA.202/BA010102/2026,10,sp-juli-294,"BATTERY ALKALINE AAA 1,5V @72 PCS PER BOX",-,2,2,BOX,0,10,Permintaan SPK 0997.SPK/BA.202/BA010102/2026
TUG5_TUG6,mr6-tug6-21,MR6-2026-000021,,0997.SPK/BA.202/BA010102/2026,spk-juli-21,Srikandi Baruna 2206,,,Approved,2026-07-01T08:30:00.000Z,,,0997.SPK/BA.202/BA010102/2026,11,sp-juli-295,BATTERY ALKALINE D/LR20 @24PCS PER BOX,-,2,2,BOX,0,10,Permintaan SPK 0997.SPK/BA.202/BA010102/2026
TUG5_TUG6,mr6-tug6-21,MR6-2026-000021,,0997.SPK/BA.202/BA010102/2026,spk-juli-21,Srikandi Baruna 2206,,,Approved,2026-07-01T08:30:00.000Z,,,0997.SPK/BA.202/BA010102/2026,12,sp-juli-296,REGULATOR KOMPOR GAS MODEL JEPIT (MERK DESTEC),-,5,5,PCS,0,10,Permintaan SPK 0997.SPK/BA.202/BA010102/2026
TUG5_TUG6,mr6-tug6-21,MR6-2026-000021,,0997.SPK/BA.202/BA010102/2026,spk-juli-21,Srikandi Baruna 2206,,,Approved,2026-07-01T08:30:00.000Z,,,0997.SPK/BA.202/BA010102/2026,13,sp-juli-297,SENTER RECHARGERABLE (DONY MS-309 50WATT),-,10,10,PCS,0,10,Permintaan SPK 0997.SPK/BA.202/BA010102/2026
TUG5_TUG6,mr6-tug6-21,MR6-2026-000021,,0997.SPK/BA.202/BA010102/2026,spk-juli-21,Srikandi Baruna 2206,,,Approved,2026-07-01T08:30:00.000Z,,,0997.SPK/BA.202/BA010102/2026,14,sp-juli-298,BAN DAPRA UK1000/R20 (BEKAS TRUCK),-,10,10,PCS,0,10,Permintaan SPK 0997.SPK/BA.202/BA010102/2026
TUG5_TUG6,mr6-tug6-21,MR6-2026-000021,,0997.SPK/BA.202/BA010102/2026,spk-juli-21,Srikandi Baruna 2206,,,Approved,2026-07-01T08:30:00.000Z,,,0997.SPK/BA.202/BA010102/2026,15,sp-juli-299,DEE SHACKLE 5/8 (GALVANIS),-,50,50,PCS,0,10,Permintaan SPK 0997.SPK/BA.202/BA010102/2026
TUG5_TUG6,mr6-tug6-21,MR6-2026-000021,,0997.SPK/BA.202/BA010102/2026,spk-juli-21,Srikandi Baruna 2206,,,Approved,2026-07-01T08:30:00.000Z,,,0997.SPK/BA.202/BA010102/2026,16,sp-juli-300,REFLECTIVE TAPE PUTIH (2 x 45MTR),-,2,2,PCS,0,10,Permintaan SPK 0997.SPK/BA.202/BA010102/2026
TUG5_TUG6,mr6-tug6-21,MR6-2026-000021,,0997.SPK/BA.202/BA010102/2026,spk-juli-21,Srikandi Baruna 2206,,,Approved,2026-07-01T08:30:00.000Z,,,0997.SPK/BA.202/BA010102/2026,17,sp-juli-301,BAYGON SPRAY 750ML,-,20,20,PCS,0,10,Permintaan SPK 0997.SPK/BA.202/BA010102/2026
TUG5_TUG6,mr6-tug6-21,MR6-2026-000021,,0997.SPK/BA.202/BA010102/2026,spk-juli-21,Srikandi Baruna 2206,,,Approved,2026-07-01T08:30:00.000Z,,,0997.SPK/BA.202/BA010102/2026,18,sp-juli-302,STELLA SPRAY 175ML,-,20,20,PCS,0,10,Permintaan SPK 0997.SPK/BA.202/BA010102/2026
TUG5_TUG6,mr6-tug6-21,MR6-2026-000021,,0997.SPK/BA.202/BA010102/2026,spk-juli-21,Srikandi Baruna 2206,,,Approved,2026-07-01T08:30:00.000Z,,,0997.SPK/BA.202/BA010102/2026,19,sp-juli-303,KESET KAKI,-,20,20,PCS,0,10,Permintaan SPK 0997.SPK/BA.202/BA010102/2026
TUG5_TUG6,mr6-tug6-21,MR6-2026-000021,,0997.SPK/BA.202/BA010102/2026,spk-juli-21,Srikandi Baruna 2206,,,Approved,2026-07-01T08:30:00.000Z,,,0997.SPK/BA.202/BA010102/2026,20,sp-juli-304,LAMPU SINYAL LED TENAGA SURYA (KUNING/MERAH),-,4,4,PCS,0,10,Permintaan SPK 0997.SPK/BA.202/BA010102/2026
TUG5_TUG6,mr6-tug6-21,MR6-2026-000021,,0997.SPK/BA.202/BA010102/2026,spk-juli-21,Srikandi Baruna 2206,,,Approved,2026-07-01T08:30:00.000Z,,,0997.SPK/BA.202/BA010102/2026,21,sp-juli-305,PILOT LADDER 6MTR SOLAS (CCS CERTIFICATE),-,1,1,PCS,0,10,Permintaan SPK 0997.SPK/BA.202/BA010102/2026
TUG5_TUG6,mr6-tug6-21,MR6-2026-000021,,0997.SPK/BA.202/BA010102/2026,spk-juli-21,Srikandi Baruna 2206,,,Approved,2026-07-01T08:30:00.000Z,,,0997.SPK/BA.202/BA010102/2026,22,sp-juli-306,SARUNG TANGAN BINTIK KUNING,-,25,25,LUSIN,0,10,Permintaan SPK 0997.SPK/BA.202/BA010102/2026
TUG5_TUG6,mr6-tug6-22,MR6-2026-000022,,1018.SPK/BA.202/BA010102/2026,spk-juli-22,Kartini Baruna,,,Approved,2026-07-02T08:30:00.000Z,,,1018.SPK/BA.202/BA010102/2026,1,sp-juli-307,Hydraulic Filter (JIMCO) JHC-88004,-,6,6,Pcs,0,10,Permintaan SPK 1018.SPK/BA.202/BA010102/2026
TUG5_TUG6,mr6-tug6-22,MR6-2026-000022,,1018.SPK/BA.202/BA010102/2026,spk-juli-22,Kartini Baruna,,,Approved,2026-07-02T08:30:00.000Z,,,1018.SPK/BA.202/BA010102/2026,2,sp-juli-308,Fuel Filter (JIMCO) JFC-88030,-,24,24,Pcs,0,10,Permintaan SPK 1018.SPK/BA.202/BA010102/2026
TUG5_TUG6,mr6-tug6-22,MR6-2026-000022,,1018.SPK/BA.202/BA010102/2026,spk-juli-22,Kartini Baruna,,,Approved,2026-07-02T08:30:00.000Z,,,1018.SPK/BA.202/BA010102/2026,3,sp-juli-309,V Belt (Mitsuboshi REMF-6310),-,4,4,Pcs,0,10,Permintaan SPK 1018.SPK/BA.202/BA010102/2026
TUG5_TUG6,mr6-tug6-22,MR6-2026-000022,,1018.SPK/BA.202/BA010102/2026,spk-juli-22,Kartini Baruna,,,Approved,2026-07-02T08:30:00.000Z,,,1018.SPK/BA.202/BA010102/2026,4,sp-juli-310,V Belt (Mitsuboshi RECMF-8460),-,2,2,Pcs,0,10,Permintaan SPK 1018.SPK/BA.202/BA010102/2026
TUG5_TUG6,mr6-tug6-22,MR6-2026-000022,,1018.SPK/BA.202/BA010102/2026,spk-juli-22,Kartini Baruna,,,Approved,2026-07-02T08:30:00.000Z,,,1018.SPK/BA.202/BA010102/2026,5,sp-juli-311,V Belt (Bando B-46),-,4,4,Pcs,0,10,Permintaan SPK 1018.SPK/BA.202/BA010102/2026
TUG5_TUG6,mr6-tug6-22,MR6-2026-000022,,1018.SPK/BA.202/BA010102/2026,spk-juli-22,Kartini Baruna,,,Approved,2026-07-02T08:30:00.000Z,,,1018.SPK/BA.202/BA010102/2026,6,sp-juli-312,Kunci Filter Sabuk 9 (Tekiro),-,2,2,Pcs,0,10,Permintaan SPK 1018.SPK/BA.202/BA010102/2026
TUG5_TUG6,mr6-tug6-22,MR6-2026-000022,,1018.SPK/BA.202/BA010102/2026,spk-juli-22,Kartini Baruna,,,Approved,2026-07-02T08:30:00.000Z,,,1018.SPK/BA.202/BA010102/2026,7,sp-juli-313,Oring Repair Kit NBR70 @Ostynn FKM75 JIS B2410 (Metric),-,1,1,Set,0,10,Permintaan SPK 1018.SPK/BA.202/BA010102/2026
TUG5_TUG6,mr6-tug6-22,MR6-2026-000022,,1018.SPK/BA.202/BA010102/2026,spk-juli-22,Kartini Baruna,,,Approved,2026-07-02T08:30:00.000Z,,,1018.SPK/BA.202/BA010102/2026,8,sp-juli-314,Oring Repair Kit NBR70 @Ostynn FKM75 AS568 (Inch),-,1,1,Set,0,10,Permintaan SPK 1018.SPK/BA.202/BA010102/2026
TUG5_TUG6,mr6-tug6-22,MR6-2026-000022,,1018.SPK/BA.202/BA010102/2026,spk-juli-22,Kartini Baruna,,,Approved,2026-07-02T08:30:00.000Z,,,1018.SPK/BA.202/BA010102/2026,9,sp-juli-315,Stop Kontak Kabel Roll 50Meter 220V,-,1,1,Pcs,0,10,Permintaan SPK 1018.SPK/BA.202/BA010102/2026
TUG5_TUG6,mr6-tug6-22,MR6-2026-000022,,1018.SPK/BA.202/BA010102/2026,spk-juli-22,Kartini Baruna,,,Approved,2026-07-02T08:30:00.000Z,,,1018.SPK/BA.202/BA010102/2026,10,sp-juli-316,Injector Diesel Tester 60MPa (Bosch Zexel S60H)  / Equivalent,-,1,1,Unit,0,10,Permintaan SPK 1018.SPK/BA.202/BA010102/2026
TUG5_TUG6,mr6-tug6-22,MR6-2026-000022,,1018.SPK/BA.202/BA010102/2026,spk-juli-22,Kartini Baruna,,,Approved,2026-07-02T08:30:00.000Z,,,1018.SPK/BA.202/BA010102/2026,11,sp-juli-307,Hydraulic Filter (JIMCO) JHC-88004,-,6,6,Pcs,0,10,Permintaan SPK 1018.SPK/BA.202/BA010102/2026
TUG5_TUG6,mr6-tug6-22,MR6-2026-000022,,1018.SPK/BA.202/BA010102/2026,spk-juli-22,Kartini Baruna,,,Approved,2026-07-02T08:30:00.000Z,,,1018.SPK/BA.202/BA010102/2026,12,sp-juli-308,Fuel Filter (JIMCO) JFC-88030,-,24,24,Pcs,0,10,Permintaan SPK 1018.SPK/BA.202/BA010102/2026
TUG5_TUG6,mr6-tug6-22,MR6-2026-000022,,1018.SPK/BA.202/BA010102/2026,spk-juli-22,Kartini Baruna,,,Approved,2026-07-02T08:30:00.000Z,,,1018.SPK/BA.202/BA010102/2026,13,sp-juli-309,V Belt (Mitsuboshi REMF-6310),-,4,4,Pcs,0,10,Permintaan SPK 1018.SPK/BA.202/BA010102/2026
TUG5_TUG6,mr6-tug6-22,MR6-2026-000022,,1018.SPK/BA.202/BA010102/2026,spk-juli-22,Kartini Baruna,,,Approved,2026-07-02T08:30:00.000Z,,,1018.SPK/BA.202/BA010102/2026,14,sp-juli-310,V Belt (Mitsuboshi RECMF-8460),-,2,2,Pcs,0,10,Permintaan SPK 1018.SPK/BA.202/BA010102/2026
TUG5_TUG6,mr6-tug6-22,MR6-2026-000022,,1018.SPK/BA.202/BA010102/2026,spk-juli-22,Kartini Baruna,,,Approved,2026-07-02T08:30:00.000Z,,,1018.SPK/BA.202/BA010102/2026,15,sp-juli-311,V Belt (Bando B-46),-,4,4,Pcs,0,10,Permintaan SPK 1018.SPK/BA.202/BA010102/2026
TUG5_TUG6,mr6-tug6-22,MR6-2026-000022,,1018.SPK/BA.202/BA010102/2026,spk-juli-22,Kartini Baruna,,,Approved,2026-07-02T08:30:00.000Z,,,1018.SPK/BA.202/BA010102/2026,16,sp-juli-317,Ring Tembaga Contain 30Set (568Pcs),-,1,1,Set,0,10,Permintaan SPK 1018.SPK/BA.202/BA010102/2026
TUG5_TUG6,mr6-tug6-22,MR6-2026-000022,,1018.SPK/BA.202/BA010102/2026,spk-juli-22,Kartini Baruna,,,Approved,2026-07-02T08:30:00.000Z,,,1018.SPK/BA.202/BA010102/2026,17,sp-juli-313,Oring Repair Kit NBR70 @Ostynn FKM75 JIS B2410 (Metric),-,1,1,Set,0,10,Permintaan SPK 1018.SPK/BA.202/BA010102/2026
TUG5_TUG6,mr6-tug6-22,MR6-2026-000022,,1018.SPK/BA.202/BA010102/2026,spk-juli-22,Kartini Baruna,,,Approved,2026-07-02T08:30:00.000Z,,,1018.SPK/BA.202/BA010102/2026,18,sp-juli-314,Oring Repair Kit NBR70 @Ostynn FKM75 AS568 (Inch),-,1,1,Set,0,10,Permintaan SPK 1018.SPK/BA.202/BA010102/2026
TUG5_TUG6,mr6-tug6-23,MR6-2026-000023,,0675.SPK/TU.006/BA010102/2026,spk-juli-23,Kartini Baruna,,,Approved,2026-07-02T08:30:00.000Z,,,0675.SPK/TU.006/BA010102/2026,1,sp-juli-318,MERAK (PICK UP),-,2,2,lot,0,10,Permintaan SPK 0675.SPK/TU.006/BA010102/2026
TUG5_TUG6,mr6-tug6-23,MR6-2026-000023,,0675.SPK/TU.006/BA010102/2026,spk-juli-23,Kartini Baruna,,,Approved,2026-07-02T08:30:00.000Z,,,0675.SPK/TU.006/BA010102/2026,2,sp-juli-319,MERAK (CDE),-,2,2,lot,0,10,Permintaan SPK 0675.SPK/TU.006/BA010102/2026
TUG5_TUG6,mr6-tug6-23,MR6-2026-000023,,0675.SPK/TU.006/BA010102/2026,spk-juli-23,Kartini Baruna,,,Approved,2026-07-02T08:30:00.000Z,,,0675.SPK/TU.006/BA010102/2026,3,sp-juli-320,MERAK (CDD),-,3,3,lot,0,10,Permintaan SPK 0675.SPK/TU.006/BA010102/2026
TUG5_TUG6,mr6-tug6-23,MR6-2026-000023,,0675.SPK/TU.006/BA010102/2026,spk-juli-23,Kartini Baruna,,,Approved,2026-07-02T08:30:00.000Z,,,0675.SPK/TU.006/BA010102/2026,4,sp-juli-321,JEPARA (PICK UP),-,2,2,lot,0,10,Permintaan SPK 0675.SPK/TU.006/BA010102/2026
TUG5_TUG6,mr6-tug6-23,MR6-2026-000023,,0675.SPK/TU.006/BA010102/2026,spk-juli-23,Kartini Baruna,,,Approved,2026-07-02T08:30:00.000Z,,,0675.SPK/TU.006/BA010102/2026,5,sp-juli-322,JEPARA (CDE),-,1,1,lot,0,10,Permintaan SPK 0675.SPK/TU.006/BA010102/2026
TUG5_TUG6,mr6-tug6-23,MR6-2026-000023,,0675.SPK/TU.006/BA010102/2026,spk-juli-23,Kartini Baruna,,,Approved,2026-07-02T08:30:00.000Z,,,0675.SPK/TU.006/BA010102/2026,6,sp-juli-323,PAITON (PICK UP),-,2,2,lot,0,10,Permintaan SPK 0675.SPK/TU.006/BA010102/2026
TUG5_TUG6,mr6-tug6-23,MR6-2026-000023,,0675.SPK/TU.006/BA010102/2026,spk-juli-23,Kartini Baruna,,,Approved,2026-07-02T08:30:00.000Z,,,0675.SPK/TU.006/BA010102/2026,7,sp-juli-324,PAITON (CDD),-,6,6,lot,0,10,Permintaan SPK 0675.SPK/TU.006/BA010102/2026
TUG5_TUG6,mr6-tug6-23,MR6-2026-000023,,0675.SPK/TU.006/BA010102/2026,spk-juli-23,Kartini Baruna,,,Approved,2026-07-02T08:30:00.000Z,,,0675.SPK/TU.006/BA010102/2026,8,sp-juli-325,LAMPUNG (PICK UP),-,2,2,lot,0,10,Permintaan SPK 0675.SPK/TU.006/BA010102/2026
TUG5_TUG6,mr6-tug6-23,MR6-2026-000023,,0675.SPK/TU.006/BA010102/2026,spk-juli-23,Kartini Baruna,,,Approved,2026-07-02T08:30:00.000Z,,,0675.SPK/TU.006/BA010102/2026,9,sp-juli-326,LAMPUNG (CDE),-,3,3,lot,0,10,Permintaan SPK 0675.SPK/TU.006/BA010102/2026
TUG5_TUG6,mr6-tug6-23,MR6-2026-000023,,0675.SPK/TU.006/BA010102/2026,spk-juli-23,Kartini Baruna,,,Approved,2026-07-02T08:30:00.000Z,,,0675.SPK/TU.006/BA010102/2026,10,sp-juli-327,LAMPUNG (CDD),-,1,1,lot,0,10,Permintaan SPK 0675.SPK/TU.006/BA010102/2026
TUG5_TUG6,mr6-tug6-23,MR6-2026-000023,,0675.SPK/TU.006/BA010102/2026,spk-juli-23,Kartini Baruna,,,Approved,2026-07-02T08:30:00.000Z,,,0675.SPK/TU.006/BA010102/2026,11,sp-juli-328,TUBAN (PICK UP),-,1,1,lot,0,10,Permintaan SPK 0675.SPK/TU.006/BA010102/2026
TUG5_TUG6,mr6-tug6-23,MR6-2026-000023,,0675.SPK/TU.006/BA010102/2026,spk-juli-23,Kartini Baruna,,,Approved,2026-07-02T08:30:00.000Z,,,0675.SPK/TU.006/BA010102/2026,12,sp-juli-329,CILACAP (PICK UP),-,1,1,lot,0,10,Permintaan SPK 0675.SPK/TU.006/BA010102/2026
TUG5_TUG6,mr6-tug6-23,MR6-2026-000023,,0675.SPK/TU.006/BA010102/2026,spk-juli-23,Kartini Baruna,,,Approved,2026-07-02T08:30:00.000Z,,,0675.SPK/TU.006/BA010102/2026,13,sp-juli-330,PAITON - JEPARA,-,1,1,lot,0,10,Permintaan SPK 0675.SPK/TU.006/BA010102/2026
TUG5_TUG6,mr6-tug6-23,MR6-2026-000023,,0675.SPK/TU.006/BA010102/2026,spk-juli-23,Kartini Baruna,,,Approved,2026-07-02T08:30:00.000Z,,,0675.SPK/TU.006/BA010102/2026,14,sp-juli-331,JABODETABEK,-,53,53,lot,0,10,Permintaan SPK 0675.SPK/TU.006/BA010102/2026
TUG5_TUG6,mr6-tug6-24,MR6-2026-000024,,1003.SPK/BA.302/BA010102/2026,spk-juli-24,Meutia Baruna,,,Approved,2026-07-06T08:30:00.000Z,,,1003.SPK/BA.302/BA010102/2026,1,sp-juli-332,CONCENTRIC VALVE ASSEMBLY (LP),0710-7100-01,1,1,set,0,10,Permintaan SPK 1003.SPK/BA.302/BA010102/2026
TUG5_TUG6,mr6-tug6-25,MR6-2026-000025,,1031.SPK/BA.17/BA010102/2026,spk-juli-25,Meutia Baruna,,,Approved,2026-07-06T08:30:00.000Z,,,1031.SPK/BA.17/BA010102/2026,1,sp-juli-333,JASA NORMALISASI & REWINDING ELMOT FEED PUMP BOILER NO. 1,-,1,1,lot,0,10,Permintaan SPK 1031.SPK/BA.17/BA010102/2026
TUG5_TUG6,mr6-tug6-26,MR6-2026-000026,,1033.SPK/BA.17/BA010102/2026,spk-juli-26,Arimbi Baruna,,,Approved,2026-07-03T08:30:00.000Z,,,1033.SPK/BA.17/BA010102/2026,1,sp-juli-334,TALI PP MULTIFILAMENT,CIR 10,4,4,roll,0,10,Permintaan SPK 1033.SPK/BA.17/BA010102/2026
TUG5_TUG6,mr6-tug6-27,MR6-2026-000027,,1001..SPK/BA.202/BA010102/2026,spk-juli-27,Jayanti Baruna,,,Approved,2026-07-01T08:30:00.000Z,,,1001..SPK/BA.202/BA010102/2026,1,sp-juli-335,BALLAST FOR FL-LAMP,79155,20,20,pcs,0,10,Permintaan SPK 1001..SPK/BA.202/BA010102/2026
TUG5_TUG6,mr6-tug6-28,MR6-2026-000028,,1032.SPK/BA.17/BA010102/2026,spk-juli-28,Zalecha Baruna,,,Approved,2026-07-06T08:30:00.000Z,,,1032.SPK/BA.17/BA010102/2026,1,sp-juli-336,UNTUK PIPA 2INCH ATAU DN50,SOUNDING CAP TST,15,15,pcs,0,10,Permintaan SPK 1032.SPK/BA.17/BA010102/2026
TUG5_TUG6,mr6-tug6-28,MR6-2026-000028,,1032.SPK/BA.17/BA010102/2026,spk-juli-28,Zalecha Baruna,,,Approved,2026-07-06T08:30:00.000Z,,,1032.SPK/BA.17/BA010102/2026,2,sp-juli-337,SOUNDING CAP WTB,-,15,15,pcs,0,10,Permintaan SPK 1032.SPK/BA.17/BA010102/2026
TUG5_TUG6,mr6-tug6-29,MR6-2026-000029,,1048.SPK/BA.7/BA010102/2026,spk-juli-29,Zalecha Baruna,,,Approved,2026-07-07T08:30:00.000Z,,,1048.SPK/BA.7/BA010102/2026,1,sp-juli-338,SERVICE ENGINEER 2,-,2,2,lot,0,10,Permintaan SPK 1048.SPK/BA.7/BA010102/2026
TUG5_TUG6,mr6-tug6-29,MR6-2026-000029,,1048.SPK/BA.7/BA010102/2026,spk-juli-29,Zalecha Baruna,,,Approved,2026-07-07T08:30:00.000Z,,,1048.SPK/BA.7/BA010102/2026,2,sp-juli-339,TRANSPORTASI DAN AKOMODASI,-,1,1,lot,0,10,Permintaan SPK 1048.SPK/BA.7/BA010102/2026
TUG5_TUG6,mr6-tug6-30,MR6-2026-000030,,1042.SPK/BA.17/BA010102/2026,spk-juli-30,Meutia Baruna,,,Approved,2026-07-07T08:30:00.000Z,,,1042.SPK/BA.17/BA010102/2026,1,sp-juli-334,TALI PP MULTIFILAMENT,CIR 10,6,6,roll,0,10,Permintaan SPK 1042.SPK/BA.17/BA010102/2026
TUG5_TUG6,mr6-tug6-31,MR6-2026-000031,,1055.SPK/BA.202/BA010102/2026,spk-juli-31,Meutia Baruna,,,Approved,2026-07-08T08:30:00.000Z,,,1055.SPK/BA.202/BA010102/2026,1,sp-juli-340,Buku Tulis Hard Cover Folio 100 Lbr,-,20,20,Pcs,0,10,Permintaan SPK 1055.SPK/BA.202/BA010102/2026
TUG5_TUG6,mr6-tug6-31,MR6-2026-000031,,1055.SPK/BA.202/BA010102/2026,spk-juli-31,Meutia Baruna,,,Approved,2026-07-08T08:30:00.000Z,,,1055.SPK/BA.202/BA010102/2026,2,sp-juli-341,Buku Tulis Hard Cover Kwarto 100 Lbr,-,20,20,Pcs,0,10,Permintaan SPK 1055.SPK/BA.202/BA010102/2026
TUG5_TUG6,mr6-tug6-31,MR6-2026-000031,,1055.SPK/BA.202/BA010102/2026,spk-juli-31,Meutia Baruna,,,Approved,2026-07-08T08:30:00.000Z,,,1055.SPK/BA.202/BA010102/2026,3,sp-juli-342,Ballpoint Standard AE 7 0.5 mm (Hitam),-,20,20,Pack,0,10,Permintaan SPK 1055.SPK/BA.202/BA010102/2026
TUG5_TUG6,mr6-tug6-31,MR6-2026-000031,,1055.SPK/BA.202/BA010102/2026,spk-juli-31,Meutia Baruna,,,Approved,2026-07-08T08:30:00.000Z,,,1055.SPK/BA.202/BA010102/2026,4,sp-juli-343,Ballpoint Standard AE 7 0.5 mm (Biru),-,10,10,Pack,0,10,Permintaan SPK 1055.SPK/BA.202/BA010102/2026
TUG5_TUG6,mr6-tug6-31,MR6-2026-000031,,1055.SPK/BA.202/BA010102/2026,spk-juli-31,Meutia Baruna,,,Approved,2026-07-08T08:30:00.000Z,,,1055.SPK/BA.202/BA010102/2026,5,sp-juli-344,Pisau Cutter Kenko L-500 Besar,-,20,20,Pcs,0,10,Permintaan SPK 1055.SPK/BA.202/BA010102/2026
TUG5_TUG6,mr6-tug6-31,MR6-2026-000031,,1055.SPK/BA.202/BA010102/2026,spk-juli-31,Meutia Baruna,,,Approved,2026-07-08T08:30:00.000Z,,,1055.SPK/BA.202/BA010102/2026,6,sp-juli-345,Isi Pisau Cutter Kenko L-500 Besar,-,10,10,Box,0,10,Permintaan SPK 1055.SPK/BA.202/BA010102/2026
TUG5_TUG6,mr6-tug6-31,MR6-2026-000031,,1055.SPK/BA.202/BA010102/2026,spk-juli-31,Meutia Baruna,,,Approved,2026-07-08T08:30:00.000Z,,,1055.SPK/BA.202/BA010102/2026,7,sp-juli-346,"Label Tape TZE-211 (6 mm) For P-Touch D610BT, Brother",-,10,10,Pcs,0,10,Permintaan SPK 1055.SPK/BA.202/BA010102/2026
TUG5_TUG6,mr6-tug6-31,MR6-2026-000031,,1055.SPK/BA.202/BA010102/2026,spk-juli-31,Meutia Baruna,,,Approved,2026-07-08T08:30:00.000Z,,,1055.SPK/BA.202/BA010102/2026,8,sp-juli-347,"Label Tape TZE-231 (12 mm) For P-Touch D610BT, Brother",-,10,10,Pcs,0,10,Permintaan SPK 1055.SPK/BA.202/BA010102/2026
TUG5_TUG6,mr6-tug6-31,MR6-2026-000031,,1055.SPK/BA.202/BA010102/2026,spk-juli-31,Meutia Baruna,,,Approved,2026-07-08T08:30:00.000Z,,,1055.SPK/BA.202/BA010102/2026,9,sp-juli-348,"Label Tape TZE-241 (18 mm) For P-Touch D610Bt, Brother",-,10,10,Pcs,0,10,Permintaan SPK 1055.SPK/BA.202/BA010102/2026
TUG5_TUG6,mr6-tug6-31,MR6-2026-000031,,1055.SPK/BA.202/BA010102/2026,spk-juli-31,Meutia Baruna,,,Approved,2026-07-08T08:30:00.000Z,,,1055.SPK/BA.202/BA010102/2026,10,sp-juli-349,Kertas HVS Paper One A4 75 GSM,-,25,25,Rim,0,10,Permintaan SPK 1055.SPK/BA.202/BA010102/2026
TUG5_TUG6,mr6-tug6-31,MR6-2026-000031,,1055.SPK/BA.202/BA010102/2026,spk-juli-31,Meutia Baruna,,,Approved,2026-07-08T08:30:00.000Z,,,1055.SPK/BA.202/BA010102/2026,11,sp-juli-350,Ribbon Cartridge For Printer Epson LQ310,-,10,10,Pcs,0,10,Permintaan SPK 1055.SPK/BA.202/BA010102/2026
TUG5_TUG6,mr6-tug6-31,MR6-2026-000031,,1055.SPK/BA.202/BA010102/2026,spk-juli-31,Meutia Baruna,,,Approved,2026-07-08T08:30:00.000Z,,,1055.SPK/BA.202/BA010102/2026,12,sp-juli-351,Battery ABC 1.5V Uk. AAA,-,50,50,Pcs,0,10,Permintaan SPK 1055.SPK/BA.202/BA010102/2026
TUG5_TUG6,mr6-tug6-31,MR6-2026-000031,,1055.SPK/BA.202/BA010102/2026,spk-juli-31,Meutia Baruna,,,Approved,2026-07-08T08:30:00.000Z,,,1055.SPK/BA.202/BA010102/2026,13,sp-juli-352,Battery ABC Uk. AA,-,50,50,Pcs,0,10,Permintaan SPK 1055.SPK/BA.202/BA010102/2026
TUG5_TUG6,mr6-tug6-31,MR6-2026-000031,,1055.SPK/BA.202/BA010102/2026,spk-juli-31,Meutia Baruna,,,Approved,2026-07-08T08:30:00.000Z,,,1055.SPK/BA.202/BA010102/2026,14,sp-juli-353,Correction Fluid Joyko CF-S209,-,20,20,Pcs,0,10,Permintaan SPK 1055.SPK/BA.202/BA010102/2026
TUG5_TUG6,mr6-tug6-31,MR6-2026-000031,,1055.SPK/BA.202/BA010102/2026,spk-juli-31,Meutia Baruna,,,Approved,2026-07-08T08:30:00.000Z,,,1055.SPK/BA.202/BA010102/2026,15,sp-juli-354,Correction Tape Joyko CT-522 (Tape Roll),-,20,20,Pcs,0,10,Permintaan SPK 1055.SPK/BA.202/BA010102/2026
TUG5_TUG6,mr6-tug6-31,MR6-2026-000031,,1055.SPK/BA.202/BA010102/2026,spk-juli-31,Meutia Baruna,,,Approved,2026-07-08T08:30:00.000Z,,,1055.SPK/BA.202/BA010102/2026,16,sp-juli-355,Amplop Coklat Tali Folio 310,-,10,10,Pack,0,10,Permintaan SPK 1055.SPK/BA.202/BA010102/2026
TUG5_TUG6,mr6-tug6-31,MR6-2026-000031,,1055.SPK/BA.202/BA010102/2026,spk-juli-31,Meutia Baruna,,,Approved,2026-07-08T08:30:00.000Z,,,1055.SPK/BA.202/BA010102/2026,17,sp-juli-356,Amplop Coklat Kabinet ( Uk. 10x24 cm),-,10,10,Pack,0,10,Permintaan SPK 1055.SPK/BA.202/BA010102/2026
TUG5_TUG6,mr6-tug6-31,MR6-2026-000031,,1055.SPK/BA.202/BA010102/2026,spk-juli-31,Meutia Baruna,,,Approved,2026-07-08T08:30:00.000Z,,,1055.SPK/BA.202/BA010102/2026,18,sp-juli-357,Amplop Putih Paperline 104 PPS,-,10,10,Pack,0,10,Permintaan SPK 1055.SPK/BA.202/BA010102/2026
TUG5_TUG6,mr6-tug6-31,MR6-2026-000031,,1055.SPK/BA.202/BA010102/2026,spk-juli-31,Meutia Baruna,,,Approved,2026-07-08T08:30:00.000Z,,,1055.SPK/BA.202/BA010102/2026,19,sp-juli-358,Lakban Bening Lebar 45 mm,-,50,50,Roll,0,10,Permintaan SPK 1055.SPK/BA.202/BA010102/2026
TUG5_TUG6,mr6-tug6-31,MR6-2026-000031,,1055.SPK/BA.202/BA010102/2026,spk-juli-31,Meutia Baruna,,,Approved,2026-07-08T08:30:00.000Z,,,1055.SPK/BA.202/BA010102/2026,20,sp-juli-359,Lakban Coklat Lebar 45 mm,-,50,50,Roll,0,10,Permintaan SPK 1055.SPK/BA.202/BA010102/2026
TUG5_TUG6,mr6-tug6-31,MR6-2026-000031,,1055.SPK/BA.202/BA010102/2026,spk-juli-31,Meutia Baruna,,,Approved,2026-07-08T08:30:00.000Z,,,1055.SPK/BA.202/BA010102/2026,21,sp-juli-360,Tinta Stempel Flash 10 ml (Biru),-,10,10,Botol,0,10,Permintaan SPK 1055.SPK/BA.202/BA010102/2026
TUG5_TUG6,mr6-tug6-31,MR6-2026-000031,,1055.SPK/BA.202/BA010102/2026,spk-juli-31,Meutia Baruna,,,Approved,2026-07-08T08:30:00.000Z,,,1055.SPK/BA.202/BA010102/2026,22,sp-juli-361,Tinta Stempel Flash 10 ml (Ungu),-,10,10,Botol,0,10,Permintaan SPK 1055.SPK/BA.202/BA010102/2026
TUG5_TUG6,mr6-tug6-31,MR6-2026-000031,,1055.SPK/BA.202/BA010102/2026,spk-juli-31,Meutia Baruna,,,Approved,2026-07-08T08:30:00.000Z,,,1055.SPK/BA.202/BA010102/2026,23,sp-juli-362,Spidol Whiteboard Marker Hitam Joyko WM-65,-,10,10,Pack,0,10,Permintaan SPK 1055.SPK/BA.202/BA010102/2026
TUG5_TUG6,mr6-tug6-31,MR6-2026-000031,,1055.SPK/BA.202/BA010102/2026,spk-juli-31,Meutia Baruna,,,Approved,2026-07-08T08:30:00.000Z,,,1055.SPK/BA.202/BA010102/2026,24,sp-juli-363,Spidol Putih Permanen Paint Marker Joyko PTM-37,-,10,10,Pack,0,10,Permintaan SPK 1055.SPK/BA.202/BA010102/2026
TUG5_TUG6,mr6-tug6-31,MR6-2026-000031,,1055.SPK/BA.202/BA010102/2026,spk-juli-31,Meutia Baruna,,,Approved,2026-07-08T08:30:00.000Z,,,1055.SPK/BA.202/BA010102/2026,25,sp-juli-364,Sheet Protector Folio A4 Bening,-,10,10,Pack,0,10,Permintaan SPK 1055.SPK/BA.202/BA010102/2026
TUG5_TUG6,mr6-tug6-32,MR6-2026-000032,,1057.SPK/BA.202/BA010102/2026,spk-juli-32,Srikandi Baruna 2201,,,Approved,2026-07-08T08:30:00.000Z,,,1057.SPK/BA.202/BA010102/2026,1,sp-juli-365,FO Racor filter,2040 MP,60,60,Pcs,0,10,Permintaan SPK 1057.SPK/BA.202/BA010102/2026
TUG5_TUG6,mr6-tug6-32,MR6-2026-000032,,1057.SPK/BA.202/BA010102/2026,spk-juli-32,Srikandi Baruna 2201,,,Approved,2026-07-08T08:30:00.000Z,,,1057.SPK/BA.202/BA010102/2026,2,sp-juli-366,Rellay schneider 24 V DC,-,15,15,pcs,0,10,Permintaan SPK 1057.SPK/BA.202/BA010102/2026
TUG5_TUG6,mr6-tug6-32,MR6-2026-000032,,1057.SPK/BA.202/BA010102/2026,spk-juli-32,Srikandi Baruna 2201,,,Approved,2026-07-08T08:30:00.000Z,,,1057.SPK/BA.202/BA010102/2026,3,sp-juli-367,Rellay schneider 230 V AC 50/60 HZ,-,15,15,pcs,0,10,Permintaan SPK 1057.SPK/BA.202/BA010102/2026
TUG5_TUG6,mr6-tug6-32,MR6-2026-000032,,1057.SPK/BA.202/BA010102/2026,spk-juli-32,Srikandi Baruna 2201,,,Approved,2026-07-08T08:30:00.000Z,,,1057.SPK/BA.202/BA010102/2026,4,sp-juli-368,AVR TAIYO DST-100-2FA4,-,4,4,pcs,0,10,Permintaan SPK 1057.SPK/BA.202/BA010102/2026
TUG5_TUG6,mr6-tug6-32,MR6-2026-000032,,1057.SPK/BA.202/BA010102/2026,spk-juli-32,Srikandi Baruna 2201,,,Approved,2026-07-08T08:30:00.000Z,,,1057.SPK/BA.202/BA010102/2026,5,sp-juli-369,Lampu sorot LED PHILIPS 300 watt (putih),BVP151,4,4,pcs,0,10,Permintaan SPK 1057.SPK/BA.202/BA010102/2026
TUG5_TUG6,mr6-tug6-32,MR6-2026-000032,,1057.SPK/BA.202/BA010102/2026,spk-juli-32,Srikandi Baruna 2201,,,Approved,2026-07-08T08:30:00.000Z,,,1057.SPK/BA.202/BA010102/2026,6,sp-juli-370,Down light PHILIPS 24 watt,-,20,20,pcs,0,10,Permintaan SPK 1057.SPK/BA.202/BA010102/2026
TUG5_TUG6,mr6-tug6-32,MR6-2026-000032,,1057.SPK/BA.202/BA010102/2026,spk-juli-32,Srikandi Baruna 2201,,,Approved,2026-07-08T08:30:00.000Z,,,1057.SPK/BA.202/BA010102/2026,7,sp-juli-371,Selenoid valve PALMARINE 24V DC PEH 400 2-1P,-,1,1,pcs,0,10,Permintaan SPK 1057.SPK/BA.202/BA010102/2026
TUG5_TUG6,mr6-tug6-32,MR6-2026-000032,,1057.SPK/BA.202/BA010102/2026,spk-juli-32,Srikandi Baruna 2201,,,Approved,2026-07-08T08:30:00.000Z,,,1057.SPK/BA.202/BA010102/2026,8,sp-juli-372,PHILIPS ballast TL EB-CI 1-4 18 watt,-,10,10,pcs,0,10,Permintaan SPK 1057.SPK/BA.202/BA010102/2026
TUG5_TUG6,mr6-tug6-32,MR6-2026-000032,,1057.SPK/BA.202/BA010102/2026,spk-juli-32,Srikandi Baruna 2201,,,Approved,2026-07-08T08:30:00.000Z,,,1057.SPK/BA.202/BA010102/2026,9,sp-juli-373,Push button switch mushroom (22MM AVW411 NO/NC),-,4,4,pcs,0,10,Permintaan SPK 1057.SPK/BA.202/BA010102/2026
TUG5_TUG6,mr6-tug6-32,MR6-2026-000032,,1057.SPK/BA.202/BA010102/2026,spk-juli-32,Srikandi Baruna 2201,,,Approved,2026-07-08T08:30:00.000Z,,,1057.SPK/BA.202/BA010102/2026,10,sp-juli-374,Philips master HPI-T plus,400W/645 E40,4,4,pcs,0,10,Permintaan SPK 1057.SPK/BA.202/BA010102/2026
TUG5_TUG6,mr6-tug6-32,MR6-2026-000032,,1057.SPK/BA.202/BA010102/2026,spk-juli-32,Srikandi Baruna 2201,,,Approved,2026-07-08T08:30:00.000Z,,,1057.SPK/BA.202/BA010102/2026,11,sp-juli-375,"Waterproof switch K-2MR 250V 10A (SWITCH ROTARY SMALL WATERTIGHT, TYPE 2MR SYNTHETIC RESIN)",IMPA 793017,4,4,pcs,0,10,Permintaan SPK 1057.SPK/BA.202/BA010102/2026
TUG5_TUG6,mr6-tug6-32,MR6-2026-000032,,1057.SPK/BA.202/BA010102/2026,spk-juli-32,Srikandi Baruna 2201,,,Approved,2026-07-08T08:30:00.000Z,,,1057.SPK/BA.202/BA010102/2026,12,sp-juli-376,Elbow B/S 2.5 inch,-,8,8,pcs,0,10,Permintaan SPK 1057.SPK/BA.202/BA010102/2026
TUG5_TUG6,mr6-tug6-32,MR6-2026-000032,,1057.SPK/BA.202/BA010102/2026,spk-juli-32,Srikandi Baruna 2201,,,Approved,2026-07-08T08:30:00.000Z,,,1057.SPK/BA.202/BA010102/2026,13,sp-juli-377,"Selang Karet/Hose Radiator Bentuk L 1,5 Inch Selang Air Udara Hawa L",-,6,6,pcs,0,10,Permintaan SPK 1057.SPK/BA.202/BA010102/2026
TUG5_TUG6,mr6-tug6-32,MR6-2026-000032,,1057.SPK/BA.202/BA010102/2026,spk-juli-32,Srikandi Baruna 2201,,,Approved,2026-07-08T08:30:00.000Z,,,1057.SPK/BA.202/BA010102/2026,14,sp-juli-378,Selang Karet/Hose Radiator Bentuk L 2 Inch Selang Air Udara Hawa L,-,6,6,pcs,0,10,Permintaan SPK 1057.SPK/BA.202/BA010102/2026
TUG5_TUG6,mr6-tug6-32,MR6-2026-000032,,1057.SPK/BA.202/BA010102/2026,spk-juli-32,Srikandi Baruna 2201,,,Approved,2026-07-08T08:30:00.000Z,,,1057.SPK/BA.202/BA010102/2026,15,sp-juli-379,Selang Karet/Hose Radiator Bentuk L 2.5 Inch Selang Air Udara Hawa L,-,6,6,pcs,0,10,Permintaan SPK 1057.SPK/BA.202/BA010102/2026
TUG5_TUG6,mr6-tug6-32,MR6-2026-000032,,1057.SPK/BA.202/BA010102/2026,spk-juli-32,Srikandi Baruna 2201,,,Approved,2026-07-08T08:30:00.000Z,,,1057.SPK/BA.202/BA010102/2026,16,sp-juli-380,ALDO Selang Kawat 3/4 inch 1roll (50 m),-,1,1,Pcs,0,10,Permintaan SPK 1057.SPK/BA.202/BA010102/2026
TUG5_TUG6,mr6-tug6-32,MR6-2026-000032,,1057.SPK/BA.202/BA010102/2026,spk-juli-32,Srikandi Baruna 2201,,,Approved,2026-07-08T08:30:00.000Z,,,1057.SPK/BA.202/BA010102/2026,17,sp-juli-381,Meteran Minyak Oil Depth Meter SIZE 15 m (SOUNDING TAPE - 10 M seapro),-,1,1,pcs,0,10,Permintaan SPK 1057.SPK/BA.202/BA010102/2026
TUG5_TUG6,mr6-tug6-32,MR6-2026-000032,,1057.SPK/BA.202/BA010102/2026,spk-juli-32,Srikandi Baruna 2201,,,Approved,2026-07-08T08:30:00.000Z,,,1057.SPK/BA.202/BA010102/2026,18,sp-juli-382,Dextone Red Silicone SRK 30g,-,10,10,pcs,0,10,Permintaan SPK 1057.SPK/BA.202/BA010102/2026
TUG5_TUG6,mr6-tug6-32,MR6-2026-000032,,1057.SPK/BA.202/BA010102/2026,spk-juli-32,Srikandi Baruna 2201,,,Approved,2026-07-08T08:30:00.000Z,,,1057.SPK/BA.202/BA010102/2026,19,sp-juli-383,LEM THREEBOND HI TEMP 1DUS isi 20PCS LEM THREEBOND HI TEMP 30Gram,-,10,10,pcs,0,10,Permintaan SPK 1057.SPK/BA.202/BA010102/2026
TUG5_TUG6,mr6-tug6-32,MR6-2026-000032,,1057.SPK/BA.202/BA010102/2026,spk-juli-32,Srikandi Baruna 2201,,,Approved,2026-07-08T08:30:00.000Z,,,1057.SPK/BA.202/BA010102/2026,20,sp-juli-384,paket manifold single + slang analiser + konektor r32,-,1,1,set,0,10,Permintaan SPK 1057.SPK/BA.202/BA010102/2026
TUG5_TUG6,mr6-tug6-32,MR6-2026-000032,,1057.SPK/BA.202/BA010102/2026,spk-juli-32,Srikandi Baruna 2201,,,Approved,2026-07-08T08:30:00.000Z,,,1057.SPK/BA.202/BA010102/2026,21,sp-juli-385,Ball valve 1/2,-,10,10,pcs,0,10,Permintaan SPK 1057.SPK/BA.202/BA010102/2026
TUG5_TUG6,mr6-tug6-32,MR6-2026-000032,,1057.SPK/BA.202/BA010102/2026,spk-juli-32,Srikandi Baruna 2201,,,Approved,2026-07-08T08:30:00.000Z,,,1057.SPK/BA.202/BA010102/2026,22,sp-juli-386,Kran air 1 1/2 (Material : SS),-,10,10,pcs,0,10,Permintaan SPK 1057.SPK/BA.202/BA010102/2026
TUG5_TUG6,mr6-tug6-32,MR6-2026-000032,,1057.SPK/BA.202/BA010102/2026,spk-juli-32,Srikandi Baruna 2201,,,Approved,2026-07-08T08:30:00.000Z,,,1057.SPK/BA.202/BA010102/2026,23,sp-juli-387,Plong Kulit/Packing Set /Hollow Punch Set 1/8(3mm) - 3/4(19mm) 12 pc merek Carrson or Equivalen,-,1,1,set,0,10,Permintaan SPK 1057.SPK/BA.202/BA010102/2026
TUG5_TUG6,mr6-tug6-32,MR6-2026-000032,,1057.SPK/BA.202/BA010102/2026,spk-juli-32,Srikandi Baruna 2201,,,Approved,2026-07-08T08:30:00.000Z,,,1057.SPK/BA.202/BA010102/2026,24,sp-juli-388,Sanwa Multimeter Digital CD800A,-,1,1,pcs,0,10,Permintaan SPK 1057.SPK/BA.202/BA010102/2026
TUG5_TUG6,mr6-tug6-32,MR6-2026-000032,,1057.SPK/BA.202/BA010102/2026,spk-juli-32,Srikandi Baruna 2201,,,Approved,2026-07-08T08:30:00.000Z,,,1057.SPK/BA.202/BA010102/2026,25,sp-juli-389,BOR TEMBOK SET RYU RID 13-1 REB RID13 BOR BETON/ BOR SET 13 MM SET 27 PC (RID13 -1REB),-,1,1,pcs,0,10,Permintaan SPK 1057.SPK/BA.202/BA010102/2026
TUG5_TUG6,mr6-tug6-32,MR6-2026-000032,,1057.SPK/BA.202/BA010102/2026,spk-juli-32,Srikandi Baruna 2201,,,Approved,2026-07-08T08:30:00.000Z,,,1057.SPK/BA.202/BA010102/2026,26,sp-juli-390,RYU RPW 100 JET CLEANER CUCI MOBIL MOTOR AC STEAM PRESSURE WASHER CLEANER (INCLUDE HOSE) (RPW100-400watt),-,1,1,pcs,0,10,Permintaan SPK 1057.SPK/BA.202/BA010102/2026
TUG5_TUG6,mr6-tug6-33,MR6-2026-000033,,1056.SPK/BA.202/BA010102/2026,spk-juli-33,Srikandi Baruna 2201,,,Approved,2026-07-07T08:30:00.000Z,,,1056.SPK/BA.202/BA010102/2026,1,sp-juli-391,"FILTER, LUB.OIL",148620-35450,24,24,Pcs,0,10,Permintaan SPK 1056.SPK/BA.202/BA010102/2026
TUG5_TUG6,mr6-tug6-33,MR6-2026-000033,,1056.SPK/BA.202/BA010102/2026,spk-juli-33,Srikandi Baruna 2201,,,Approved,2026-07-07T08:30:00.000Z,,,1056.SPK/BA.202/BA010102/2026,2,sp-juli-392,FO lement strainer,JOE-88004-1,20,20,Pcs,0,10,Permintaan SPK 1056.SPK/BA.202/BA010102/2026
TUG5_TUG6,mr6-tug6-33,MR6-2026-000033,,1056.SPK/BA.202/BA010102/2026,spk-juli-33,Srikandi Baruna 2201,,,Approved,2026-07-07T08:30:00.000Z,,,1056.SPK/BA.202/BA010102/2026,3,sp-juli-393,Mcb LS 1 phase BKN C16,-,10,10,set,0,10,Permintaan SPK 1056.SPK/BA.202/BA010102/2026
TUG5_TUG6,mr6-tug6-33,MR6-2026-000033,,1056.SPK/BA.202/BA010102/2026,spk-juli-33,Srikandi Baruna 2201,,,Approved,2026-07-07T08:30:00.000Z,,,1056.SPK/BA.202/BA010102/2026,4,sp-juli-394,Mcb LS 2 phase 400V BKN C16,-,4,4,pcs,0,10,Permintaan SPK 1056.SPK/BA.202/BA010102/2026
TUG5_TUG6,mr6-tug6-33,MR6-2026-000033,,1056.SPK/BA.202/BA010102/2026,spk-juli-33,Srikandi Baruna 2201,,,Approved,2026-07-07T08:30:00.000Z,,,1056.SPK/BA.202/BA010102/2026,5,sp-juli-395,Mcb LS 3 phase 400V BKN C32,-,4,4,pcs,0,10,Permintaan SPK 1056.SPK/BA.202/BA010102/2026
TUG5_TUG6,mr6-tug6-33,MR6-2026-000033,,1056.SPK/BA.202/BA010102/2026,spk-juli-33,Srikandi Baruna 2201,,,Approved,2026-07-07T08:30:00.000Z,,,1056.SPK/BA.202/BA010102/2026,6,sp-juli-396,Joy stick controler PALMARINE JC-01,-,2,2,pcs,0,10,Permintaan SPK 1056.SPK/BA.202/BA010102/2026
TUG5_TUG6,mr6-tug6-33,MR6-2026-000033,,1056.SPK/BA.202/BA010102/2026,spk-juli-33,Srikandi Baruna 2201,,,Approved,2026-07-07T08:30:00.000Z,,,1056.SPK/BA.202/BA010102/2026,7,sp-juli-397,Toggle switch 15A-250V AC ( 4 pin ),-,10,10,pcs,0,10,Permintaan SPK 1056.SPK/BA.202/BA010102/2026
TUG5_TUG6,mr6-tug6-33,MR6-2026-000033,,1056.SPK/BA.202/BA010102/2026,spk-juli-33,Srikandi Baruna 2201,,,Approved,2026-07-07T08:30:00.000Z,,,1056.SPK/BA.202/BA010102/2026,8,sp-juli-398,Pitting lampu TL marine base (G13 IMPA 791533),-,20,20,pcs,0,10,Permintaan SPK 1056.SPK/BA.202/BA010102/2026
TUG5_TUG6,mr6-tug6-33,MR6-2026-000033,,1056.SPK/BA.202/BA010102/2026,spk-juli-33,Srikandi Baruna 2201,,,Approved,2026-07-07T08:30:00.000Z,,,1056.SPK/BA.202/BA010102/2026,9,sp-juli-399,Starter lampu TL-D S10-P (PHILIPS STARTER S10-P / STATER LAMPU TL-D NEON PERFORMANCE S-10 4-65 WATT),-,20,20,pcs,0,10,Permintaan SPK 1056.SPK/BA.202/BA010102/2026
TUG5_TUG6,mr6-tug6-33,MR6-2026-000033,,1056.SPK/BA.202/BA010102/2026,spk-juli-33,Srikandi Baruna 2201,,,Approved,2026-07-07T08:30:00.000Z,,,1056.SPK/BA.202/BA010102/2026,10,sp-juli-400,Plat Bordes Besi 5mm / Checkered Plate 5 mm x 1200 x 2400,-,2,2,sheet,0,10,Permintaan SPK 1056.SPK/BA.202/BA010102/2026
TUG5_TUG6,mr6-tug6-33,MR6-2026-000033,,1056.SPK/BA.202/BA010102/2026,spk-juli-33,Srikandi Baruna 2201,,,Approved,2026-07-07T08:30:00.000Z,,,1056.SPK/BA.202/BA010102/2026,11,sp-juli-401,Elbow B/S Galvanis 2.5 inch ( 45 ),-,6,6,pcs,0,10,Permintaan SPK 1056.SPK/BA.202/BA010102/2026
TUG5_TUG6,mr6-tug6-33,MR6-2026-000033,,1056.SPK/BA.202/BA010102/2026,spk-juli-33,Srikandi Baruna 2201,,,Approved,2026-07-07T08:30:00.000Z,,,1056.SPK/BA.202/BA010102/2026,12,sp-juli-402,Fuel oil hose SAE J30 R6 1/4,WP 300 psi,10,10,meter,0,10,Permintaan SPK 1056.SPK/BA.202/BA010102/2026
TUG5_TUG6,mr6-tug6-33,MR6-2026-000033,,1056.SPK/BA.202/BA010102/2026,spk-juli-33,Srikandi Baruna 2201,,,Approved,2026-07-07T08:30:00.000Z,,,1056.SPK/BA.202/BA010102/2026,13,sp-juli-403,Fuel oil hose SAE J30 R6 5/16,WP 300 psi,10,10,meter,0,10,Permintaan SPK 1056.SPK/BA.202/BA010102/2026
TUG5_TUG6,mr6-tug6-33,MR6-2026-000033,,1056.SPK/BA.202/BA010102/2026,spk-juli-33,Srikandi Baruna 2201,,,Approved,2026-07-07T08:30:00.000Z,,,1056.SPK/BA.202/BA010102/2026,14,sp-juli-404,Kolor Kut Gasoline Gauging Paste ASLI ORIGINAL MADE IN USA ORI,-,5,5,pcs,0,10,Permintaan SPK 1056.SPK/BA.202/BA010102/2026
TUG5_TUG6,mr6-tug6-33,MR6-2026-000033,,1056.SPK/BA.202/BA010102/2026,spk-juli-33,Srikandi Baruna 2201,,,Approved,2026-07-07T08:30:00.000Z,,,1056.SPK/BA.202/BA010102/2026,15,sp-juli-405,RISBOW Kepala Aki Kuningan Tipe Jepang Kw21-495,-,12,12,set,0,10,Permintaan SPK 1056.SPK/BA.202/BA010102/2026
TUG5_TUG6,mr6-tug6-33,MR6-2026-000033,,1056.SPK/BA.202/BA010102/2026,spk-juli-33,Srikandi Baruna 2201,,,Approved,2026-07-07T08:30:00.000Z,,,1056.SPK/BA.202/BA010102/2026,16,sp-juli-406,Mur+baut+ring M5 panjang 5 cm (Galvanis),-,50,50,set,0,10,Permintaan SPK 1056.SPK/BA.202/BA010102/2026
TUG5_TUG6,mr6-tug6-33,MR6-2026-000033,,1056.SPK/BA.202/BA010102/2026,spk-juli-33,Srikandi Baruna 2201,,,Approved,2026-07-07T08:30:00.000Z,,,1056.SPK/BA.202/BA010102/2026,17,sp-juli-407,Mur+baut+ring M6 panjang 5 cm (Galvanis),-,50,50,set,0,10,Permintaan SPK 1056.SPK/BA.202/BA010102/2026
TUG5_TUG6,mr6-tug6-33,MR6-2026-000033,,1056.SPK/BA.202/BA010102/2026,spk-juli-33,Srikandi Baruna 2201,,,Approved,2026-07-07T08:30:00.000Z,,,1056.SPK/BA.202/BA010102/2026,18,sp-juli-408,Mur+baut+ring M8 panjang 10 cm (Galvanis),-,50,50,set,0,10,Permintaan SPK 1056.SPK/BA.202/BA010102/2026
TUG5_TUG6,mr6-tug6-33,MR6-2026-000033,,1056.SPK/BA.202/BA010102/2026,spk-juli-33,Srikandi Baruna 2201,,,Approved,2026-07-07T08:30:00.000Z,,,1056.SPK/BA.202/BA010102/2026,19,sp-juli-409,Mur+baut+ring M10 panjang 10 cm (Galvanis),-,50,50,set,0,10,Permintaan SPK 1056.SPK/BA.202/BA010102/2026
TUG5_TUG6,mr6-tug6-33,MR6-2026-000033,,1056.SPK/BA.202/BA010102/2026,spk-juli-33,Srikandi Baruna 2201,,,Approved,2026-07-07T08:30:00.000Z,,,1056.SPK/BA.202/BA010102/2026,20,sp-juli-410,REXCO 18 CONTACT CLEANER 500ml Rexco 18 500 ml,-,20,20,pcs,0,10,Permintaan SPK 1056.SPK/BA.202/BA010102/2026
TUG5_TUG6,mr6-tug6-33,MR6-2026-000033,,1056.SPK/BA.202/BA010102/2026,spk-juli-33,Srikandi Baruna 2201,,,Approved,2026-07-07T08:30:00.000Z,,,1056.SPK/BA.202/BA010102/2026,21,sp-juli-411,Packing karet 1 mm,-,5,5,meter,0,10,Permintaan SPK 1056.SPK/BA.202/BA010102/2026
TUG5_TUG6,mr6-tug6-33,MR6-2026-000033,,1056.SPK/BA.202/BA010102/2026,spk-juli-33,Srikandi Baruna 2201,,,Approved,2026-07-07T08:30:00.000Z,,,1056.SPK/BA.202/BA010102/2026,22,sp-juli-412,Packing karet 3 mm,-,5,5,meter,0,10,Permintaan SPK 1056.SPK/BA.202/BA010102/2026
TUG5_TUG6,mr6-tug6-33,MR6-2026-000033,,1056.SPK/BA.202/BA010102/2026,spk-juli-33,Srikandi Baruna 2201,,,Approved,2026-07-07T08:30:00.000Z,,,1056.SPK/BA.202/BA010102/2026,23,sp-juli-413,Packing karet 5 mm,-,10,10,meter,0,10,Permintaan SPK 1056.SPK/BA.202/BA010102/2026
TUG5_TUG6,mr6-tug6-33,MR6-2026-000033,,1056.SPK/BA.202/BA010102/2026,spk-juli-33,Srikandi Baruna 2201,,,Approved,2026-07-07T08:30:00.000Z,,,1056.SPK/BA.202/BA010102/2026,24,sp-juli-414,"Paking TBA 0,5 mm",-,5,5,meter,0,10,Permintaan SPK 1056.SPK/BA.202/BA010102/2026
TUG5_TUG6,mr6-tug6-33,MR6-2026-000033,,1056.SPK/BA.202/BA010102/2026,spk-juli-33,Srikandi Baruna 2201,,,Approved,2026-07-07T08:30:00.000Z,,,1056.SPK/BA.202/BA010102/2026,25,sp-juli-415,Packing TBA 2 mm,-,5,5,meter,0,10,Permintaan SPK 1056.SPK/BA.202/BA010102/2026
TUG5_TUG6,mr6-tug6-33,MR6-2026-000033,,1056.SPK/BA.202/BA010102/2026,spk-juli-33,Srikandi Baruna 2201,,,Approved,2026-07-07T08:30:00.000Z,,,1056.SPK/BA.202/BA010102/2026,26,sp-juli-416,Packing TBA 3 mm,-,5,5,meter,0,10,Permintaan SPK 1056.SPK/BA.202/BA010102/2026
TUG5_TUG6,mr6-tug6-33,MR6-2026-000033,,1056.SPK/BA.202/BA010102/2026,spk-juli-33,Srikandi Baruna 2201,,,Approved,2026-07-07T08:30:00.000Z,,,1056.SPK/BA.202/BA010102/2026,27,sp-juli-417,Packing klingerit 3 mm,-,5,5,meter,0,10,Permintaan SPK 1056.SPK/BA.202/BA010102/2026
TUG5_TUG6,mr6-tug6-33,MR6-2026-000033,,1056.SPK/BA.202/BA010102/2026,spk-juli-33,Srikandi Baruna 2201,,,Approved,2026-07-07T08:30:00.000Z,,,1056.SPK/BA.202/BA010102/2026,28,sp-juli-418,Sealtape Onda1/2 Inch 10 meter Seal Tape,-,10,10,pcs,0,10,Permintaan SPK 1056.SPK/BA.202/BA010102/2026
TUG5_TUG6,mr6-tug6-33,MR6-2026-000033,,1056.SPK/BA.202/BA010102/2026,spk-juli-33,Srikandi Baruna 2201,,,Approved,2026-07-07T08:30:00.000Z,,,1056.SPK/BA.202/BA010102/2026,29,sp-juli-419,Carbon Remover Coolercare Kaeser Compressor Cleaner Chemical,-,1,1,Jreken,0,10,Permintaan SPK 1056.SPK/BA.202/BA010102/2026
TUG5_TUG6,mr6-tug6-33,MR6-2026-000033,,1056.SPK/BA.202/BA010102/2026,spk-juli-33,Srikandi Baruna 2201,,,Approved,2026-07-07T08:30:00.000Z,,,1056.SPK/BA.202/BA010102/2026,30,sp-juli-420,Refrigerant R32 - 9.5 KG,-,2,2,Pcs,0,10,Permintaan SPK 1056.SPK/BA.202/BA010102/2026
TUG5_TUG6,mr6-tug6-33,MR6-2026-000033,,1056.SPK/BA.202/BA010102/2026,spk-juli-33,Srikandi Baruna 2201,,,Approved,2026-07-07T08:30:00.000Z,,,1056.SPK/BA.202/BA010102/2026,31,sp-juli-421,Non Brand O-Ring Set Viton KBOSSV75 Black,-,1,1,set,0,10,Permintaan SPK 1056.SPK/BA.202/BA010102/2026
TUG5_TUG6,mr6-tug6-33,MR6-2026-000033,,1056.SPK/BA.202/BA010102/2026,spk-juli-33,Srikandi Baruna 2201,,,Approved,2026-07-07T08:30:00.000Z,,,1056.SPK/BA.202/BA010102/2026,32,sp-juli-422,Gate valve 5K 80 (Cast Iron) (Flange to flange = 200 mm),-,1,1,pcs,0,10,Permintaan SPK 1056.SPK/BA.202/BA010102/2026
TUG5_TUG6,mr6-tug6-33,MR6-2026-000033,,1056.SPK/BA.202/BA010102/2026,spk-juli-33,Srikandi Baruna 2201,,,Approved,2026-07-07T08:30:00.000Z,,,1056.SPK/BA.202/BA010102/2026,33,sp-juli-423,WD-40 412 ml,-,10,10,pcs,0,10,Permintaan SPK 1056.SPK/BA.202/BA010102/2026
TUG5_TUG6,mr6-tug6-33,MR6-2026-000033,,1056.SPK/BA.202/BA010102/2026,spk-juli-33,Srikandi Baruna 2201,,,Approved,2026-07-07T08:30:00.000Z,,,1056.SPK/BA.202/BA010102/2026,34,sp-juli-424,Kain Asbes 3 mm Tahan Panas/ Asbestos Cloth,-,10,10,meter,0,10,Permintaan SPK 1056.SPK/BA.202/BA010102/2026
TUG5_TUG6,mr6-tug6-33,MR6-2026-000033,,1056.SPK/BA.202/BA010102/2026,spk-juli-33,Srikandi Baruna 2201,,,Approved,2026-07-07T08:30:00.000Z,,,1056.SPK/BA.202/BA010102/2026,35,sp-juli-425,Fire blanket HT800,-,20,20,meter,0,10,Permintaan SPK 1056.SPK/BA.202/BA010102/2026
TUG5_TUG6,mr6-tug6-33,MR6-2026-000033,,1056.SPK/BA.202/BA010102/2026,spk-juli-33,Srikandi Baruna 2201,,,Approved,2026-07-07T08:30:00.000Z,,,1056.SPK/BA.202/BA010102/2026,36,sp-juli-426,Kabel Handle Gas Kapal 25 Meter/ Kabel Remote Kapal / Cable Remote or Equivalen,-,2,2,pcs,0,10,Permintaan SPK 1056.SPK/BA.202/BA010102/2026
TUG5_TUG6,mr6-tug6-33,MR6-2026-000033,,1056.SPK/BA.202/BA010102/2026,spk-juli-33,Srikandi Baruna 2201,,,Approved,2026-07-07T08:30:00.000Z,,,1056.SPK/BA.202/BA010102/2026,37,sp-juli-427,Presure gauge 25 inHg-15 psi (Without oil Filled),-,4,4,pcs,0,10,Permintaan SPK 1056.SPK/BA.202/BA010102/2026
TUG5_TUG6,mr6-tug6-33,MR6-2026-000033,,1056.SPK/BA.202/BA010102/2026,spk-juli-33,Srikandi Baruna 2201,,,Approved,2026-07-07T08:30:00.000Z,,,1056.SPK/BA.202/BA010102/2026,38,sp-juli-428,Water pump PS 8000 2 L,-,1,1,pcs,0,10,Permintaan SPK 1056.SPK/BA.202/BA010102/2026
TUG5_TUG6,mr6-tug6-33,MR6-2026-000033,,1056.SPK/BA.202/BA010102/2026,spk-juli-33,Srikandi Baruna 2201,,,Approved,2026-07-07T08:30:00.000Z,,,1056.SPK/BA.202/BA010102/2026,39,sp-juli-429,HELL AIR RADIATOR COOLANT/COOLEN LONGLIFE PLUS GREEN/HIJAU (4L/4 L),-,12,12,Jreken,0,10,Permintaan SPK 1056.SPK/BA.202/BA010102/2026
TUG5_TUG6,mr6-tug6-33,MR6-2026-000033,,1056.SPK/BA.202/BA010102/2026,spk-juli-33,Srikandi Baruna 2201,,,Approved,2026-07-07T08:30:00.000Z,,,1056.SPK/BA.202/BA010102/2026,40,sp-juli-430,TEKIRO Impact Driver Set (Obeng Ketok) SD-IM0921 (11pcs),-,1,1,set,0,10,Permintaan SPK 1056.SPK/BA.202/BA010102/2026
TUG5_TUG6,mr6-tug6-33,MR6-2026-000033,,1056.SPK/BA.202/BA010102/2026,spk-juli-33,Srikandi Baruna 2201,,,Approved,2026-07-07T08:30:00.000Z,,,1056.SPK/BA.202/BA010102/2026,41,sp-juli-431,TEKIRO KUNCI RING PUKUL 46 MM,-,2,2,pcs,0,10,Permintaan SPK 1056.SPK/BA.202/BA010102/2026
TUG5_TUG6,mr6-tug6-33,MR6-2026-000033,,1056.SPK/BA.202/BA010102/2026,spk-juli-33,Srikandi Baruna 2201,,,Approved,2026-07-07T08:30:00.000Z,,,1056.SPK/BA.202/BA010102/2026,42,sp-juli-432,Tekiro EX0926 screw extractor set 6 pcs tap balik set 6 pcs,-,2,2,set,0,10,Permintaan SPK 1056.SPK/BA.202/BA010102/2026
TUG5_TUG6,mr6-tug6-33,MR6-2026-000033,,1056.SPK/BA.202/BA010102/2026,spk-juli-33,Srikandi Baruna 2201,,,Approved,2026-07-07T08:30:00.000Z,,,1056.SPK/BA.202/BA010102/2026,43,sp-juli-433,TEKIRO Hex Key Ball Point Short Arm Set (Kunci L) HK-BP1203 1.5-10mm set (9pcs),-,1,1,set,0,10,Permintaan SPK 1056.SPK/BA.202/BA010102/2026
TUG5_TUG6,mr6-tug6-33,MR6-2026-000033,,1056.SPK/BA.202/BA010102/2026,spk-juli-33,Srikandi Baruna 2201,,,Approved,2026-07-07T08:30:00.000Z,,,1056.SPK/BA.202/BA010102/2026,44,sp-juli-434,"TEKIRO FEELER GAUGE 13 BLADES 0,2026-05-01 00:00:00,00 mm SETEL KLEP FULLER AU-FG1292 PULER GAUGE ALAT UKUR CELAH",-,1,1,set,0,10,Permintaan SPK 1056.SPK/BA.202/BA010102/2026
TUG5_TUG6,mr6-tug6-33,MR6-2026-000033,,1056.SPK/BA.202/BA010102/2026,spk-juli-33,Srikandi Baruna 2201,,,Approved,2026-07-07T08:30:00.000Z,,,1056.SPK/BA.202/BA010102/2026,45,sp-juli-435,Tang Ampere Digital Tekiro MS-DC1905 - Digital Clamp Meter Tekiro,-,1,1,pcs,0,10,Permintaan SPK 1056.SPK/BA.202/BA010102/2026
TUG5_TUG6,mr6-tug6-33,MR6-2026-000033,,1056.SPK/BA.202/BA010102/2026,spk-juli-33,Srikandi Baruna 2201,,,Approved,2026-07-07T08:30:00.000Z,,,1056.SPK/BA.202/BA010102/2026,46,sp-juli-436,TEKIRO kunci ring BULAN 10 - 22 mm,-,1,1,set,0,10,Permintaan SPK 1056.SPK/BA.202/BA010102/2026
TUG5_TUG6,mr6-tug6-33,MR6-2026-000033,,1056.SPK/BA.202/BA010102/2026,spk-juli-33,Srikandi Baruna 2201,,,Approved,2026-07-07T08:30:00.000Z,,,1056.SPK/BA.202/BA010102/2026,47,sp-juli-437,Kunci L bintang set TEKIRO 9pcs berlubang,-,1,1,set,0,10,Permintaan SPK 1056.SPK/BA.202/BA010102/2026
TUG5_TUG6,mr6-tug6-33,MR6-2026-000033,,1056.SPK/BA.202/BA010102/2026,spk-juli-33,Srikandi Baruna 2201,,,Approved,2026-07-07T08:30:00.000Z,,,1056.SPK/BA.202/BA010102/2026,48,sp-juli-438,TEKIRO Kunci 8-32 mm Kunci Ring Pas Combination Wrench,-,1,1,set,0,10,Permintaan SPK 1056.SPK/BA.202/BA010102/2026
TUG5_TUG6,mr6-tug6-33,MR6-2026-000033,,1056.SPK/BA.202/BA010102/2026,spk-juli-33,Srikandi Baruna 2201,,,Approved,2026-07-07T08:30:00.000Z,,,1056.SPK/BA.202/BA010102/2026,49,sp-juli-439,Kunci Inggris Chrome 12 inch 300 mm / Adjustable Wrench 12 Tekiro,-,1,1,pcs,0,10,Permintaan SPK 1056.SPK/BA.202/BA010102/2026
TUG5_TUG6,mr6-tug6-33,MR6-2026-000033,,1056.SPK/BA.202/BA010102/2026,spk-juli-33,Srikandi Baruna 2201,,,Approved,2026-07-07T08:30:00.000Z,,,1056.SPK/BA.202/BA010102/2026,50,sp-juli-440,TEKIRO KUNCI INGGRIS 8 200MM - ADJUSTABLE WRENCH 8 INCHI 200 MM - KONCI INCIGRIS 8 IN,-,1,1,pcs,0,10,Permintaan SPK 1056.SPK/BA.202/BA010102/2026
TUG5_TUG6,mr6-tug6-33,MR6-2026-000033,,1056.SPK/BA.202/BA010102/2026,spk-juli-33,Srikandi Baruna 2201,,,Approved,2026-07-07T08:30:00.000Z,,,1056.SPK/BA.202/BA010102/2026,51,sp-juli-441,SANFIX WT380 Infrared Thermogun WT 380 Thermometer Laser,WT550C,1,1,pcs,0,10,Permintaan SPK 1056.SPK/BA.202/BA010102/2026
TUG5_TUG6,mr6-tug6-33,MR6-2026-000033,,1056.SPK/BA.202/BA010102/2026,spk-juli-33,Srikandi Baruna 2201,,,Approved,2026-07-07T08:30:00.000Z,,,1056.SPK/BA.202/BA010102/2026,52,sp-juli-442,Mata Bor Nachi Set 25 Pcs Uk 1 mm s/d 13 mm,-,1,1,set,0,10,Permintaan SPK 1056.SPK/BA.202/BA010102/2026
TUG5_TUG6,mr6-tug6-33,MR6-2026-000033,,1056.SPK/BA.202/BA010102/2026,spk-juli-33,Srikandi Baruna 2201,,,Approved,2026-07-07T08:30:00.000Z,,,1056.SPK/BA.202/BA010102/2026,53,sp-juli-443,Mesin Bor Ryu Bench Drill 13mm RBD13,RDB 13,1,1,pcs,0,10,Permintaan SPK 1056.SPK/BA.202/BA010102/2026
TUG5_TUG6,mr6-tug6-34,MR6-2026-000034,,1047.SPK/BA.17/BA010102/2026,spk-juli-34,Srikandi Baruna 2402,,,Approved,2026-07-09T08:30:00.000Z,,,1047.SPK/BA.17/BA010102/2026,1,sp-juli-444,TALI PP MONOFILAMENT CIR 10,-,1,1,roll,0,10,Permintaan SPK 1047.SPK/BA.17/BA010102/2026
TUG5_TUG6,mr6-tug6-34,MR6-2026-000034,,1047.SPK/BA.17/BA010102/2026,spk-juli-34,Srikandi Baruna 2402,,,Approved,2026-07-09T08:30:00.000Z,,,1047.SPK/BA.17/BA010102/2026,2,sp-juli-445,TALI PP MONOFILAMENT CIR 8,-,1,1,roll,0,10,Permintaan SPK 1047.SPK/BA.17/BA010102/2026
TUG5_TUG6,mr6-tug6-35,MR6-2026-000035,,1044.SPK/BA.302/BA010102/2026,spk-juli-35,Malahayati Baruna,,,Approved,2026-07-07T08:30:00.000Z,,,1044.SPK/BA.302/BA010102/2026,1,sp-juli-446,FLEXIBLE EXHAUST MANIFOLD,-,12,12,pcs,0,10,Permintaan SPK 1044.SPK/BA.302/BA010102/2026
TUG5_TUG6,mr6-tug6-36,MR6-2026-000036,,1029.SPK/BA.17/BA010102/2026,spk-juli-36,Adhiguna Tarahan,,,Approved,2026-07-03T08:30:00.000Z,,,1029.SPK/BA.17/BA010102/2026,1,sp-juli-334,TALI PP MULTIFILAMENT,CIR 10,3,3,roll,0,10,Permintaan SPK 1029.SPK/BA.17/BA010102/2026
TUG5_TUG6,mr6-tug6-37,MR6-2026-000037,,1046.SPK/BA.302/BA010102/2026,spk-juli-37,Sartika Baruna,,,Approved,2026-07-07T08:30:00.000Z,,,1046.SPK/BA.302/BA010102/2026,1,sp-juli-447,INTERMEDIATE SERVICE KIT,546669-10,4,4,set,0,10,Permintaan SPK 1046.SPK/BA.302/BA010102/2026
TUG5_TUG6,mr6-tug6-37,MR6-2026-000037,,1046.SPK/BA.302/BA010102/2026,spk-juli-37,Sartika Baruna,,,Approved,2026-07-07T08:30:00.000Z,,,1046.SPK/BA.302/BA010102/2026,2,sp-juli-448,MAJOR SERVICE KIT 60HZ,546670-08,4,4,set,0,10,Permintaan SPK 1046.SPK/BA.302/BA010102/2026
TUG5_TUG6,mr6-tug6-38,MR6-2026-000038,,1049.SPK/BA.202/BA010102/2026,spk-juli-38,Adhiguna Tarahan,,,Approved,2026-07-07T08:30:00.000Z,,,1049.SPK/BA.202/BA010102/2026,1,sp-juli-449,RUBBER REPAIR STRIP CONVEYOR,-,2,2,roll,0,10,Permintaan SPK 1049.SPK/BA.202/BA010102/2026
TUG5_TUG6,mr6-tug6-38,MR6-2026-000038,,1049.SPK/BA.202/BA010102/2026,spk-juli-38,Adhiguna Tarahan,,,Approved,2026-07-07T08:30:00.000Z,,,1049.SPK/BA.202/BA010102/2026,2,sp-juli-450,LEM DINGIN,-,10,10,pcs,0,10,Permintaan SPK 1049.SPK/BA.202/BA010102/2026
TUG5_TUG6,mr6-tug6-38,MR6-2026-000038,,1049.SPK/BA.202/BA010102/2026,spk-juli-38,Adhiguna Tarahan,,,Approved,2026-07-07T08:30:00.000Z,,,1049.SPK/BA.202/BA010102/2026,3,sp-juli-451,HARDENER LEM,-,10,10,pcs,0,10,Permintaan SPK 1049.SPK/BA.202/BA010102/2026
TUG5_TUG6,mr6-tug6-38,MR6-2026-000038,,1049.SPK/BA.202/BA010102/2026,spk-juli-38,Adhiguna Tarahan,,,Approved,2026-07-07T08:30:00.000Z,,,1049.SPK/BA.202/BA010102/2026,4,sp-juli-452,SOLVENT LEM,-,5,5,pcs,0,10,Permintaan SPK 1049.SPK/BA.202/BA010102/2026
TUG5_TUG6,mr6-tug6-39,MR6-2026-000039,,1058.SPK/BA.17/BA010102/2026,spk-juli-39,Intan Baruna,,,Approved,2026-07-13T08:30:00.000Z,,,1058.SPK/BA.17/BA010102/2026,1,sp-juli-453,LAMP LED PHILIPS,-,50,50,pcs,0,10,Permintaan SPK 1058.SPK/BA.17/BA010102/2026
TUG5_TUG6,mr6-tug6-39,MR6-2026-000039,,1058.SPK/BA.17/BA010102/2026,spk-juli-39,Intan Baruna,,,Approved,2026-07-13T08:30:00.000Z,,,1058.SPK/BA.17/BA010102/2026,2,sp-juli-454,MERCURY LAMP,-,5,5,pcs,0,10,Permintaan SPK 1058.SPK/BA.17/BA010102/2026
TUG5_TUG6,mr6-tug6-39,MR6-2026-000039,,1058.SPK/BA.17/BA010102/2026,spk-juli-39,Intan Baruna,,,Approved,2026-07-13T08:30:00.000Z,,,1058.SPK/BA.17/BA010102/2026,3,sp-juli-455,STARTER FOR FLUORESCENT LAMP,-,60,60,pcs,0,10,Permintaan SPK 1058.SPK/BA.17/BA010102/2026
TUG5_TUG6,mr6-tug6-39,MR6-2026-000039,,1058.SPK/BA.17/BA010102/2026,spk-juli-39,Intan Baruna,,,Approved,2026-07-13T08:30:00.000Z,,,1058.SPK/BA.17/BA010102/2026,4,sp-juli-456,BATTERY ACCU GMDSS,-,12,12,pcs,0,10,Permintaan SPK 1058.SPK/BA.17/BA010102/2026
TUG5_TUG6,mr6-tug6-39,MR6-2026-000039,,1058.SPK/BA.17/BA010102/2026,spk-juli-39,Intan Baruna,,,Approved,2026-07-13T08:30:00.000Z,,,1058.SPK/BA.17/BA010102/2026,5,sp-juli-457,NAVIGATION LAMP SCREW,-,30,30,pcs,0,10,Permintaan SPK 1058.SPK/BA.17/BA010102/2026
TUG5_TUG6,mr6-tug6-39,MR6-2026-000039,,1058.SPK/BA.17/BA010102/2026,spk-juli-39,Intan Baruna,,,Approved,2026-07-13T08:30:00.000Z,,,1058.SPK/BA.17/BA010102/2026,6,sp-juli-36,DISKON,-,1,1,lot,0,10,Permintaan SPK 1058.SPK/BA.17/BA010102/2026
TUG5_TUG6,mr6-tug6-40,MR6-2026-000040,,1028.SPK/BA.17/BA010102/2026,spk-juli-40,Sartika Baruna,,,Approved,2026-07-03T08:30:00.000Z,,,1028.SPK/BA.17/BA010102/2026,1,sp-juli-334,TALI PP MULTIFILAMENT,CIR 10,4,4,roll,0,10,Permintaan SPK 1028.SPK/BA.17/BA010102/2026
TUG5_TUG6,mr6-tug6-41,MR6-2026-000041,,1027.SPK/BA.17/BA010102/2026,spk-juli-41,Kencana Baruna,,,Approved,2026-07-03T08:30:00.000Z,,,1027.SPK/BA.17/BA010102/2026,1,sp-juli-334,TALI PP MULTIFILAMENT,CIR 10,4,4,roll,0,10,Permintaan SPK 1027.SPK/BA.17/BA010102/2026
TUG5_TUG6,mr6-tug6-42,MR6-2026-000042,,1067.SPK/BA.202/BA010102/2026,spk-juli-42,Arimbi Baruna,,,Approved,2026-07-13T08:30:00.000Z,,,1067.SPK/BA.202/BA010102/2026,1,sp-juli-458,Pipe 1.1/2 Inc Galvanis,-,10,10,Btg,0,10,Permintaan SPK 1067.SPK/BA.202/BA010102/2026
TUG5_TUG6,mr6-tug6-42,MR6-2026-000042,,1067.SPK/BA.202/BA010102/2026,spk-juli-42,Arimbi Baruna,,,Approved,2026-07-13T08:30:00.000Z,,,1067.SPK/BA.202/BA010102/2026,2,sp-juli-459,Elbow 1. 1/2 Inc,-,25,25,Pcs,0,10,Permintaan SPK 1067.SPK/BA.202/BA010102/2026
TUG5_TUG6,mr6-tug6-42,MR6-2026-000042,,1067.SPK/BA.202/BA010102/2026,spk-juli-42,Arimbi Baruna,,,Approved,2026-07-13T08:30:00.000Z,,,1067.SPK/BA.202/BA010102/2026,3,sp-juli-460,Elbow 1 Inc,-,25,25,Pcs,0,10,Permintaan SPK 1067.SPK/BA.202/BA010102/2026
TUG5_TUG6,mr6-tug6-42,MR6-2026-000042,,1067.SPK/BA.202/BA010102/2026,spk-juli-42,Arimbi Baruna,,,Approved,2026-07-13T08:30:00.000Z,,,1067.SPK/BA.202/BA010102/2026,4,sp-juli-461,U Bolt 1/2 Inc,-,100,100,Pcs,0,10,Permintaan SPK 1067.SPK/BA.202/BA010102/2026
TUG5_TUG6,mr6-tug6-42,MR6-2026-000042,,1067.SPK/BA.202/BA010102/2026,spk-juli-42,Arimbi Baruna,,,Approved,2026-07-13T08:30:00.000Z,,,1067.SPK/BA.202/BA010102/2026,5,sp-juli-462,U Bolt 1 Inc,-,100,100,Pcs,0,10,Permintaan SPK 1067.SPK/BA.202/BA010102/2026
TUG5_TUG6,mr6-tug6-42,MR6-2026-000042,,1067.SPK/BA.202/BA010102/2026,spk-juli-42,Arimbi Baruna,,,Approved,2026-07-13T08:30:00.000Z,,,1067.SPK/BA.202/BA010102/2026,6,sp-juli-463,U Bolt 1. 1/2 Inc,-,100,100,Pcs,0,10,Permintaan SPK 1067.SPK/BA.202/BA010102/2026
TUG5_TUG6,mr6-tug6-42,MR6-2026-000042,,1067.SPK/BA.202/BA010102/2026,spk-juli-42,Arimbi Baruna,,,Approved,2026-07-13T08:30:00.000Z,,,1067.SPK/BA.202/BA010102/2026,7,sp-juli-464,U Bolt 2 Inc,-,100,100,Pcs,0,10,Permintaan SPK 1067.SPK/BA.202/BA010102/2026
TUG5_TUG6,mr6-tug6-42,MR6-2026-000042,,1067.SPK/BA.202/BA010102/2026,spk-juli-42,Arimbi Baruna,,,Approved,2026-07-13T08:30:00.000Z,,,1067.SPK/BA.202/BA010102/2026,8,sp-juli-465,U Bolt 2.1/2 Inc,-,100,100,Pcs,0,10,Permintaan SPK 1067.SPK/BA.202/BA010102/2026
TUG5_TUG6,mr6-tug6-42,MR6-2026-000042,,1067.SPK/BA.202/BA010102/2026,spk-juli-42,Arimbi Baruna,,,Approved,2026-07-13T08:30:00.000Z,,,1067.SPK/BA.202/BA010102/2026,9,sp-juli-466,Mini Roll 100 Mm,-,20,20,Lsn,0,10,Permintaan SPK 1067.SPK/BA.202/BA010102/2026
TUG5_TUG6,mr6-tug6-42,MR6-2026-000042,,1067.SPK/BA.202/BA010102/2026,spk-juli-42,Arimbi Baruna,,,Approved,2026-07-13T08:30:00.000Z,,,1067.SPK/BA.202/BA010102/2026,10,sp-juli-467,Sarung Tangan,-,50,50,Lsn,0,10,Permintaan SPK 1067.SPK/BA.202/BA010102/2026
TUG5_TUG6,mr6-tug6-42,MR6-2026-000042,,1067.SPK/BA.202/BA010102/2026,spk-juli-42,Arimbi Baruna,,,Approved,2026-07-13T08:30:00.000Z,,,1067.SPK/BA.202/BA010102/2026,11,sp-juli-468,Kuku Macan / Wire Clip,23 08 83,25,25,Pcs,0,10,Permintaan SPK 1067.SPK/BA.202/BA010102/2026
TUG5_TUG6,mr6-tug6-42,MR6-2026-000042,,1067.SPK/BA.202/BA010102/2026,spk-juli-42,Arimbi Baruna,,,Approved,2026-07-13T08:30:00.000Z,,,1067.SPK/BA.202/BA010102/2026,12,sp-juli-469,Smart Tv 40 Inc,-,2,2,Pcs,0,10,Permintaan SPK 1067.SPK/BA.202/BA010102/2026
TUG5_TUG6,mr6-tug6-42,MR6-2026-000042,,1067.SPK/BA.202/BA010102/2026,spk-juli-42,Arimbi Baruna,,,Approved,2026-07-13T08:30:00.000Z,,,1067.SPK/BA.202/BA010102/2026,13,sp-juli-470,Kulkas Mini 1 Pintu,-,2,2,Pcs,0,10,Permintaan SPK 1067.SPK/BA.202/BA010102/2026
TUG5_TUG6,mr6-tug6-42,MR6-2026-000042,,1067.SPK/BA.202/BA010102/2026,spk-juli-42,Arimbi Baruna,,,Approved,2026-07-13T08:30:00.000Z,,,1067.SPK/BA.202/BA010102/2026,14,sp-juli-471,Kulkas 2 Pintu Sharp Sj-14M,-,1,1,Pcs,0,10,Permintaan SPK 1067.SPK/BA.202/BA010102/2026
TUG5_TUG6,mr6-tug6-42,MR6-2026-000042,,1067.SPK/BA.202/BA010102/2026,spk-juli-42,Arimbi Baruna,,,Approved,2026-07-13T08:30:00.000Z,,,1067.SPK/BA.202/BA010102/2026,15,sp-juli-472,Battery Panasonic (Cr2032),-,10,10,Pcs,0,10,Permintaan SPK 1067.SPK/BA.202/BA010102/2026
TUG5_TUG6,mr6-tug6-42,MR6-2026-000042,,1067.SPK/BA.202/BA010102/2026,spk-juli-42,Arimbi Baruna,,,Approved,2026-07-13T08:30:00.000Z,,,1067.SPK/BA.202/BA010102/2026,16,sp-juli-473,Buku Tulis Gelatik A5/100 L,-,10,10,Pcs,0,10,Permintaan SPK 1067.SPK/BA.202/BA010102/2026
TUG5_TUG6,mr6-tug6-42,MR6-2026-000042,,1067.SPK/BA.202/BA010102/2026,spk-juli-42,Arimbi Baruna,,,Approved,2026-07-13T08:30:00.000Z,,,1067.SPK/BA.202/BA010102/2026,17,sp-juli-474,Calculator Citizen Ct-8614,-,2,2,Pcs,0,10,Permintaan SPK 1067.SPK/BA.202/BA010102/2026
TUG5_TUG6,mr6-tug6-42,MR6-2026-000042,,1067.SPK/BA.202/BA010102/2026,spk-juli-42,Arimbi Baruna,,,Approved,2026-07-13T08:30:00.000Z,,,1067.SPK/BA.202/BA010102/2026,18,sp-juli-475,Lakban Hitam 48Mm,-,15,15,Pcs,0,10,Permintaan SPK 1067.SPK/BA.202/BA010102/2026
TUG5_TUG6,mr6-tug6-42,MR6-2026-000042,,1067.SPK/BA.202/BA010102/2026,spk-juli-42,Arimbi Baruna,,,Approved,2026-07-13T08:30:00.000Z,,,1067.SPK/BA.202/BA010102/2026,19,sp-juli-476,Lakban Hitam 24Mm,-,15,15,Pcs,0,10,Permintaan SPK 1067.SPK/BA.202/BA010102/2026
TUG5_TUG6,mr6-tug6-42,MR6-2026-000042,,1067.SPK/BA.202/BA010102/2026,spk-juli-42,Arimbi Baruna,,,Approved,2026-07-13T08:30:00.000Z,,,1067.SPK/BA.202/BA010102/2026,20,sp-juli-477,Plastic Laminating A4,-,3,3,Pack,0,10,Permintaan SPK 1067.SPK/BA.202/BA010102/2026
TUG5_TUG6,mr6-tug6-42,MR6-2026-000042,,1067.SPK/BA.202/BA010102/2026,spk-juli-42,Arimbi Baruna,,,Approved,2026-07-13T08:30:00.000Z,,,1067.SPK/BA.202/BA010102/2026,21,sp-juli-478,Stabilo Boss Original,-,5,5,Pcs,0,10,Permintaan SPK 1067.SPK/BA.202/BA010102/2026
TUG5_TUG6,mr6-tug6-42,MR6-2026-000042,,1067.SPK/BA.202/BA010102/2026,spk-juli-42,Arimbi Baruna,,,Approved,2026-07-13T08:30:00.000Z,,,1067.SPK/BA.202/BA010102/2026,22,sp-juli-479,Refill Spidol Hitam,-,2,2,Pcs,0,10,Permintaan SPK 1067.SPK/BA.202/BA010102/2026
TUG5_TUG6,mr6-tug6-42,MR6-2026-000042,,1067.SPK/BA.202/BA010102/2026,spk-juli-42,Arimbi Baruna,,,Approved,2026-07-13T08:30:00.000Z,,,1067.SPK/BA.202/BA010102/2026,23,sp-juli-480,Refill Spidol Biru,-,2,2,Pcs,0,10,Permintaan SPK 1067.SPK/BA.202/BA010102/2026
TUG5_TUG6,mr6-tug6-42,MR6-2026-000042,,1067.SPK/BA.202/BA010102/2026,spk-juli-42,Arimbi Baruna,,,Approved,2026-07-13T08:30:00.000Z,,,1067.SPK/BA.202/BA010102/2026,24,sp-juli-481,Strapless No.10,-,5,5,Pcs,0,10,Permintaan SPK 1067.SPK/BA.202/BA010102/2026
TUG5_TUG6,mr6-tug6-42,MR6-2026-000042,,1067.SPK/BA.202/BA010102/2026,spk-juli-42,Arimbi Baruna,,,Approved,2026-07-13T08:30:00.000Z,,,1067.SPK/BA.202/BA010102/2026,25,sp-juli-482,Straples No.3-1M,-,5,5,Pcs,0,10,Permintaan SPK 1067.SPK/BA.202/BA010102/2026
TUG5_TUG6,mr6-tug6-42,MR6-2026-000042,,1067.SPK/BA.202/BA010102/2026,spk-juli-42,Arimbi Baruna,,,Approved,2026-07-13T08:30:00.000Z,,,1067.SPK/BA.202/BA010102/2026,26,sp-juli-483,Tinta Printer Epson 664,-,10,10,Pcs,0,10,Permintaan SPK 1067.SPK/BA.202/BA010102/2026
TUG5_TUG6,mr6-tug6-42,MR6-2026-000042,,1067.SPK/BA.202/BA010102/2026,spk-juli-42,Arimbi Baruna,,,Approved,2026-07-13T08:30:00.000Z,,,1067.SPK/BA.202/BA010102/2026,27,sp-juli-484,Tinta Printer Epson 003,-,10,10,Pcs,0,10,Permintaan SPK 1067.SPK/BA.202/BA010102/2026
TUG5_TUG6,mr6-tug6-42,MR6-2026-000042,,1067.SPK/BA.202/BA010102/2026,spk-juli-42,Arimbi Baruna,,,Approved,2026-07-13T08:30:00.000Z,,,1067.SPK/BA.202/BA010102/2026,28,sp-juli-485,Sticky Notes 3M,Ukuran : 76X76 (5 Warna),7,7,Pcs,0,10,Permintaan SPK 1067.SPK/BA.202/BA010102/2026
TUG5_TUG6,mr6-tug6-42,MR6-2026-000042,,1067.SPK/BA.202/BA010102/2026,spk-juli-42,Arimbi Baruna,,,Approved,2026-07-13T08:30:00.000Z,,,1067.SPK/BA.202/BA010102/2026,29,sp-juli-486,Correction Tape / Tipe Ex,-,10,10,Pcs,0,10,Permintaan SPK 1067.SPK/BA.202/BA010102/2026
TUG5_TUG6,mr6-tug6-42,MR6-2026-000042,,1067.SPK/BA.202/BA010102/2026,spk-juli-42,Arimbi Baruna,,,Approved,2026-07-13T08:30:00.000Z,,,1067.SPK/BA.202/BA010102/2026,30,sp-juli-487,Joyko Index & Memo,Ukuran : 4.4Cm X 1.2Cm,7,7,Pcs,0,10,Permintaan SPK 1067.SPK/BA.202/BA010102/2026
TUG5_TUG6,mr6-tug6-43,MR6-2026-000043,,1066.SPK/BA.202/BA010102/2026,spk-juli-43,Arimbi Baruna,,,Approved,2026-07-13T08:30:00.000Z,,,1066.SPK/BA.202/BA010102/2026,1,sp-juli-488,U Bolt Pipa Hydrant 4 Inc,-,20,20,Btg,0,10,Permintaan SPK 1066.SPK/BA.202/BA010102/2026
TUG5_TUG6,mr6-tug6-43,MR6-2026-000043,,1066.SPK/BA.202/BA010102/2026,spk-juli-43,Arimbi Baruna,,,Approved,2026-07-13T08:30:00.000Z,,,1066.SPK/BA.202/BA010102/2026,2,sp-juli-489,U Bolt Pipa Hydrant 5 Inc,-,50,50,Btg,0,10,Permintaan SPK 1066.SPK/BA.202/BA010102/2026
TUG5_TUG6,mr6-tug6-43,MR6-2026-000043,,1066.SPK/BA.202/BA010102/2026,spk-juli-43,Arimbi Baruna,,,Approved,2026-07-13T08:30:00.000Z,,,1066.SPK/BA.202/BA010102/2026,3,sp-juli-490,U Bolt Pipa Kabel 8 Inc,-,50,50,Btg,0,10,Permintaan SPK 1066.SPK/BA.202/BA010102/2026
TUG5_TUG6,mr6-tug6-43,MR6-2026-000043,,1066.SPK/BA.202/BA010102/2026,spk-juli-43,Arimbi Baruna,,,Approved,2026-07-13T08:30:00.000Z,,,1066.SPK/BA.202/BA010102/2026,4,sp-juli-491,Plat Siku 5 X 5,-,10,10,Pcs,0,10,Permintaan SPK 1066.SPK/BA.202/BA010102/2026
TUG5_TUG6,mr6-tug6-43,MR6-2026-000043,,1066.SPK/BA.202/BA010102/2026,spk-juli-43,Arimbi Baruna,,,Approved,2026-07-13T08:30:00.000Z,,,1066.SPK/BA.202/BA010102/2026,5,sp-juli-492,Plat Siku 8 X 8,-,10,10,Pcs,0,10,Permintaan SPK 1066.SPK/BA.202/BA010102/2026
TUG5_TUG6,mr6-tug6-43,MR6-2026-000043,,1066.SPK/BA.202/BA010102/2026,spk-juli-43,Arimbi Baruna,,,Approved,2026-07-13T08:30:00.000Z,,,1066.SPK/BA.202/BA010102/2026,6,sp-juli-493,Stainless Steel Wire Diam 1.8 Mm,-,2,2,Roll,0,10,Permintaan SPK 1066.SPK/BA.202/BA010102/2026
TUG5_TUG6,mr6-tug6-43,MR6-2026-000043,,1066.SPK/BA.202/BA010102/2026,spk-juli-43,Arimbi Baruna,,,Approved,2026-07-13T08:30:00.000Z,,,1066.SPK/BA.202/BA010102/2026,7,sp-juli-494,Wire Rope Thimble,23 36 81,25,25,Pcs,0,10,Permintaan SPK 1066.SPK/BA.202/BA010102/2026
TUG5_TUG6,mr6-tug6-43,MR6-2026-000043,,1066.SPK/BA.202/BA010102/2026,spk-juli-43,Arimbi Baruna,,,Approved,2026-07-13T08:30:00.000Z,,,1066.SPK/BA.202/BA010102/2026,8,sp-juli-495,Grease Kuning 20 L,-,4,4,Pcs,0,10,Permintaan SPK 1066.SPK/BA.202/BA010102/2026
TUG5_TUG6,mr6-tug6-43,MR6-2026-000043,,1066.SPK/BA.202/BA010102/2026,spk-juli-43,Arimbi Baruna,,,Approved,2026-07-13T08:30:00.000Z,,,1066.SPK/BA.202/BA010102/2026,9,sp-juli-496,Tali Uk 1.1/2 Inc 200 M Plastik,-,200,200,Mtr,0,10,Permintaan SPK 1066.SPK/BA.202/BA010102/2026
TUG5_TUG6,mr6-tug6-43,MR6-2026-000043,,1066.SPK/BA.202/BA010102/2026,spk-juli-43,Arimbi Baruna,,,Approved,2026-07-13T08:30:00.000Z,,,1066.SPK/BA.202/BA010102/2026,10,sp-juli-497,Majun Jait,-,200,200,Kg,0,10,Permintaan SPK 1066.SPK/BA.202/BA010102/2026
TUG5_TUG6,mr6-tug6-43,MR6-2026-000043,,1066.SPK/BA.202/BA010102/2026,spk-juli-43,Arimbi Baruna,,,Approved,2026-07-13T08:30:00.000Z,,,1066.SPK/BA.202/BA010102/2026,11,sp-juli-498,Selang Uk 1.1/2 Inc,-,4,4,Roll,0,10,Permintaan SPK 1066.SPK/BA.202/BA010102/2026
TUG5_TUG6,mr6-tug6-43,MR6-2026-000043,,1066.SPK/BA.202/BA010102/2026,spk-juli-43,Arimbi Baruna,,,Approved,2026-07-13T08:30:00.000Z,,,1066.SPK/BA.202/BA010102/2026,12,sp-juli-499,Selang Uk 3/4 Inc,-,2,2,Roll,0,10,Permintaan SPK 1066.SPK/BA.202/BA010102/2026
TUG5_TUG6,mr6-tug6-43,MR6-2026-000043,,1066.SPK/BA.202/BA010102/2026,spk-juli-43,Arimbi Baruna,,,Approved,2026-07-13T08:30:00.000Z,,,1066.SPK/BA.202/BA010102/2026,13,sp-juli-500,Wd 40 412 Ml,-,20,20,Pcs,0,10,Permintaan SPK 1066.SPK/BA.202/BA010102/2026
TUG5_TUG6,mr6-tug6-43,MR6-2026-000043,,1066.SPK/BA.202/BA010102/2026,spk-juli-43,Arimbi Baruna,,,Approved,2026-07-13T08:30:00.000Z,,,1066.SPK/BA.202/BA010102/2026,14,sp-juli-501,Mesin Cuci Otomatis Kapasitas 12 Kg,-,3,3,Pcs,0,10,Permintaan SPK 1066.SPK/BA.202/BA010102/2026
TUG5_TUG6,mr6-tug6-43,MR6-2026-000043,,1066.SPK/BA.202/BA010102/2026,spk-juli-43,Arimbi Baruna,,,Approved,2026-07-13T08:30:00.000Z,,,1066.SPK/BA.202/BA010102/2026,15,sp-juli-502,Dispenser Arashi Multifunction / Dispenser Amd 02 Bc,-,4,4,Pcs,0,10,Permintaan SPK 1066.SPK/BA.202/BA010102/2026
TUG5_TUG6,mr6-tug6-43,MR6-2026-000043,,1066.SPK/BA.202/BA010102/2026,spk-juli-43,Arimbi Baruna,,,Approved,2026-07-13T08:30:00.000Z,,,1066.SPK/BA.202/BA010102/2026,16,sp-juli-503,Kulkas 2 Pintu Sharp Sj-420G,-,1,1,Pcs,0,10,Permintaan SPK 1066.SPK/BA.202/BA010102/2026
TUG5_TUG6,mr6-tug6-43,MR6-2026-000043,,1066.SPK/BA.202/BA010102/2026,spk-juli-43,Arimbi Baruna,,,Approved,2026-07-13T08:30:00.000Z,,,1066.SPK/BA.202/BA010102/2026,17,sp-juli-504,Battery Alkalin AAA,( 1 Box Isi 12 Card ),2,2,Box,0,10,Permintaan SPK 1066.SPK/BA.202/BA010102/2026
TUG5_TUG6,mr6-tug6-43,MR6-2026-000043,,1066.SPK/BA.202/BA010102/2026,spk-juli-43,Arimbi Baruna,,,Approved,2026-07-13T08:30:00.000Z,,,1066.SPK/BA.202/BA010102/2026,18,sp-juli-505,Battery Alkalin AA,( 1 Box Isi 12 Card ),2,2,Box,0,10,Permintaan SPK 1066.SPK/BA.202/BA010102/2026
TUG5_TUG6,mr6-tug6-43,MR6-2026-000043,,1066.SPK/BA.202/BA010102/2026,spk-juli-43,Arimbi Baruna,,,Approved,2026-07-13T08:30:00.000Z,,,1066.SPK/BA.202/BA010102/2026,19,sp-juli-506,Battery Alkalin D 1.5 (Besar),-,10,10,Pack,0,10,Permintaan SPK 1066.SPK/BA.202/BA010102/2026
TUG5_TUG6,mr6-tug6-43,MR6-2026-000043,,1066.SPK/BA.202/BA010102/2026,spk-juli-43,Arimbi Baruna,,,Approved,2026-07-13T08:30:00.000Z,,,1066.SPK/BA.202/BA010102/2026,20,sp-juli-507,Plastic Laminating F4,-,5,5,Pack,0,10,Permintaan SPK 1066.SPK/BA.202/BA010102/2026
TUG5_TUG6,mr6-tug6-43,MR6-2026-000043,,1066.SPK/BA.202/BA010102/2026,spk-juli-43,Arimbi Baruna,,,Approved,2026-07-13T08:30:00.000Z,,,1066.SPK/BA.202/BA010102/2026,21,sp-juli-508,Pullpen Pilot Balliner 0.8,Pulpen (Zebra) Untuk Tanda Tangan,1,1,Pack,0,10,Permintaan SPK 1066.SPK/BA.202/BA010102/2026
TUG5_TUG6,mr6-tug6-43,MR6-2026-000043,,1066.SPK/BA.202/BA010102/2026,spk-juli-43,Arimbi Baruna,,,Approved,2026-07-13T08:30:00.000Z,,,1066.SPK/BA.202/BA010102/2026,22,sp-juli-508,Pullpen Pilot Balliner 0.8,Pulpen (Zebra) Untuk Tanda Tangan,1,1,Pack,0,10,Permintaan SPK 1066.SPK/BA.202/BA010102/2026
TUG5_TUG6,mr6-tug6-43,MR6-2026-000043,,1066.SPK/BA.202/BA010102/2026,spk-juli-43,Arimbi Baruna,,,Approved,2026-07-13T08:30:00.000Z,,,1066.SPK/BA.202/BA010102/2026,23,sp-juli-509,Spidol Snowman (Besar),Water-Based Marker,1,1,Pack,0,10,Permintaan SPK 1066.SPK/BA.202/BA010102/2026
TUG5_TUG6,mr6-tug6-43,MR6-2026-000043,,1066.SPK/BA.202/BA010102/2026,spk-juli-43,Arimbi Baruna,,,Approved,2026-07-13T08:30:00.000Z,,,1066.SPK/BA.202/BA010102/2026,24,sp-juli-510,Lampu(Senter) Led Portable,"10000Mah/3000Lm, 500W",2,2,Pcs,0,10,Permintaan SPK 1066.SPK/BA.202/BA010102/2026
TUG5_TUG6,mr6-tug6-44,MR6-2026-000044,,1102.SPK/BA.7/BA010102/2026,spk-juli-44,Jayanti Baruna,,,Approved,2026-07-13T08:30:00.000Z,,,1102.SPK/BA.7/BA010102/2026,1,sp-juli-511,JASA INSPEKSI CAMSHAFT AE 1,-,1,1,lot,0,10,Permintaan SPK 1102.SPK/BA.7/BA010102/2026
TUG5_TUG6,mr6-tug6-45,MR6-2026-000045,,1114.SPK/BA.202/BA010102/2026,spk-juli-45,Walidah Baruna,,,Approved,2026-07-13T08:30:00.000Z,,,1114.SPK/BA.202/BA010102/2026,1,sp-juli-512,JOTAMASTIC SMART PACK HB RED,-,200,200,liter,0,10,Permintaan SPK 1114.SPK/BA.202/BA010102/2026
TUG5_TUG6,mr6-tug6-45,MR6-2026-000045,,1114.SPK/BA.202/BA010102/2026,spk-juli-45,Walidah Baruna,,,Approved,2026-07-13T08:30:00.000Z,,,1114.SPK/BA.202/BA010102/2026,2,sp-juli-513,PILOT II BLACK,-,25,25,liter,0,10,Permintaan SPK 1114.SPK/BA.202/BA010102/2026
TUG5_TUG6,mr6-tug6-45,MR6-2026-000045,,1114.SPK/BA.202/BA010102/2026,spk-juli-45,Walidah Baruna,,,Approved,2026-07-13T08:30:00.000Z,,,1114.SPK/BA.202/BA010102/2026,3,sp-juli-514,PILOT II STBD 138 BLUE,-,25,25,liter,0,10,Permintaan SPK 1114.SPK/BA.202/BA010102/2026
TUG5_TUG6,mr6-tug6-45,MR6-2026-000045,,1114.SPK/BA.202/BA010102/2026,spk-juli-45,Walidah Baruna,,,Approved,2026-07-13T08:30:00.000Z,,,1114.SPK/BA.202/BA010102/2026,4,sp-juli-515,PILOT II STBD 436 ORANGE,-,50,50,liter,0,10,Permintaan SPK 1114.SPK/BA.202/BA010102/2026
TUG5_TUG6,mr6-tug6-45,MR6-2026-000045,,1114.SPK/BA.202/BA010102/2026,spk-juli-45,Walidah Baruna,,,Approved,2026-07-13T08:30:00.000Z,,,1114.SPK/BA.202/BA010102/2026,5,sp-juli-516,PILOT II BLACK SIGNAL RED STD 256,-,100,100,liter,0,10,Permintaan SPK 1114.SPK/BA.202/BA010102/2026
TUG5_TUG6,mr6-tug6-45,MR6-2026-000045,,1114.SPK/BA.202/BA010102/2026,spk-juli-45,Walidah Baruna,,,Approved,2026-07-13T08:30:00.000Z,,,1114.SPK/BA.202/BA010102/2026,6,sp-juli-517,PILOT II BLACK CREAM STD 002,-,300,300,liter,0,10,Permintaan SPK 1114.SPK/BA.202/BA010102/2026
TUG5_TUG6,mr6-tug6-46,MR6-2026-000046,,1093.SPK/BA.17/BA010102/2026,spk-juli-46,Walidah Baruna,,,Approved,2026-07-13T08:30:00.000Z,,,1093.SPK/BA.17/BA010102/2026,1,sp-juli-518,"AC 1,5 PK",AQUA,2,2,pcs,0,10,Permintaan SPK 1093.SPK/BA.17/BA010102/2026
TUG5_TUG6,mr6-tug6-46,MR6-2026-000046,,1093.SPK/BA.17/BA010102/2026,spk-juli-46,Walidah Baruna,,,Approved,2026-07-13T08:30:00.000Z,,,1093.SPK/BA.17/BA010102/2026,2,sp-juli-519,DISPENSER GALON,ARASHI,6,6,pcs,0,10,Permintaan SPK 1093.SPK/BA.17/BA010102/2026
TUG5_TUG6,mr6-tug6-46,MR6-2026-000046,,1093.SPK/BA.17/BA010102/2026,spk-juli-46,Walidah Baruna,,,Approved,2026-07-13T08:30:00.000Z,,,1093.SPK/BA.17/BA010102/2026,3,sp-juli-520,STEP UP/DOWN 110,DAICHI,10,10,pcs,0,10,Permintaan SPK 1093.SPK/BA.17/BA010102/2026
TUG5_TUG6,mr6-tug6-46,MR6-2026-000046,,1093.SPK/BA.17/BA010102/2026,spk-juli-46,Walidah Baruna,,,Approved,2026-07-13T08:30:00.000Z,,,1093.SPK/BA.17/BA010102/2026,4,sp-juli-521,TV 55 INC,HISENSE,1,1,pcs,0,10,Permintaan SPK 1093.SPK/BA.17/BA010102/2026
TUG5_TUG6,mr6-tug6-46,MR6-2026-000046,,1093.SPK/BA.17/BA010102/2026,spk-juli-46,Walidah Baruna,,,Approved,2026-07-13T08:30:00.000Z,,,1093.SPK/BA.17/BA010102/2026,5,sp-juli-522,TV SPEAKER,JBL,1,1,pcs,0,10,Permintaan SPK 1093.SPK/BA.17/BA010102/2026
TUG5_TUG6,mr6-tug6-46,MR6-2026-000046,,1093.SPK/BA.17/BA010102/2026,spk-juli-46,Walidah Baruna,,,Approved,2026-07-13T08:30:00.000Z,,,1093.SPK/BA.17/BA010102/2026,6,sp-juli-523,ICE CUBE MAKER,-,1,1,pcs,0,10,Permintaan SPK 1093.SPK/BA.17/BA010102/2026
TUG5_TUG6,mr6-tug6-47,MR6-2026-000047,,1070.SPK/BA.302/BA010102/2026,spk-juli-47,Latifah Baruna,,,Approved,2026-07-13T08:30:00.000Z,,,1070.SPK/BA.302/BA010102/2026,1,sp-juli-524,OIL NOZZLE NO 1,612225,3,3,pcs,0,10,Permintaan SPK 1070.SPK/BA.302/BA010102/2026
TUG5_TUG6,mr6-tug6-47,MR6-2026-000047,,1070.SPK/BA.302/BA010102/2026,spk-juli-47,Latifah Baruna,,,Approved,2026-07-13T08:30:00.000Z,,,1070.SPK/BA.302/BA010102/2026,2,sp-juli-525,OIL NOZZLE NO 2,612233,3,3,pcs,0,10,Permintaan SPK 1070.SPK/BA.302/BA010102/2026
TUG5_TUG6,mr6-tug6-47,MR6-2026-000047,,1070.SPK/BA.302/BA010102/2026,spk-juli-47,Latifah Baruna,,,Approved,2026-07-13T08:30:00.000Z,,,1070.SPK/BA.302/BA010102/2026,3,sp-juli-526,FUEL PUMP ASSY,601050,1,1,pcs,0,10,Permintaan SPK 1070.SPK/BA.302/BA010102/2026
TUG5_TUG6,mr6-tug6-47,MR6-2026-000047,,1070.SPK/BA.302/BA010102/2026,spk-juli-47,Latifah Baruna,,,Approved,2026-07-13T08:30:00.000Z,,,1070.SPK/BA.302/BA010102/2026,4,sp-juli-527,FLAME FEELER,1119741201/2,4,4,pcs,0,10,Permintaan SPK 1070.SPK/BA.302/BA010102/2026
TUG5_TUG6,mr6-tug6-47,MR6-2026-000047,,1070.SPK/BA.302/BA010102/2026,spk-juli-47,Latifah Baruna,,,Approved,2026-07-13T08:30:00.000Z,,,1070.SPK/BA.302/BA010102/2026,5,sp-juli-528,FLAME SAFEGUARD,600118,2,2,pcs,0,10,Permintaan SPK 1070.SPK/BA.302/BA010102/2026
TUG5_TUG6,mr6-tug6-48,MR6-2026-000048,,1107.SPK/BA.202/BA010102/2026,spk-juli-48,Walidah Baruna,,,Approved,2026-07-13T08:30:00.000Z,,,1107.SPK/BA.202/BA010102/2026,1,sp-juli-529,"FRENCH KNIFE STEEL BLADE, 250MM RED PLASTIC HANDLE",172290,1,1,PCS,0,10,Permintaan SPK 1107.SPK/BA.202/BA010102/2026
TUG5_TUG6,mr6-tug6-48,MR6-2026-000048,,1107.SPK/BA.202/BA010102/2026,spk-juli-48,Walidah Baruna,,,Approved,2026-07-13T08:30:00.000Z,,,1107.SPK/BA.202/BA010102/2026,2,sp-juli-530,"FRENCH KNIFE STEEL BLADE, 250MM BLUE PLASTIC HANDLE",172298,1,1,PCS,0,10,Permintaan SPK 1107.SPK/BA.202/BA010102/2026
TUG5_TUG6,mr6-tug6-48,MR6-2026-000048,,1107.SPK/BA.202/BA010102/2026,spk-juli-48,Walidah Baruna,,,Approved,2026-07-13T08:30:00.000Z,,,1107.SPK/BA.202/BA010102/2026,3,sp-juli-531,"FRENCH KNIFE STEEL BLADE, 250MM YELLOW PLASTIC HANDLE",172308,1,1,PCS,0,10,Permintaan SPK 1107.SPK/BA.202/BA010102/2026
TUG5_TUG6,mr6-tug6-48,MR6-2026-000048,,1107.SPK/BA.202/BA010102/2026,spk-juli-48,Walidah Baruna,,,Approved,2026-07-13T08:30:00.000Z,,,1107.SPK/BA.202/BA010102/2026,4,sp-juli-532,"FRENCH KNIFE STEEL BLADE, 250MM BROWN PLASTIC HANDLE",172309,1,1,PCS,0,10,Permintaan SPK 1107.SPK/BA.202/BA010102/2026
TUG5_TUG6,mr6-tug6-48,MR6-2026-000048,,1107.SPK/BA.202/BA010102/2026,spk-juli-48,Walidah Baruna,,,Approved,2026-07-13T08:30:00.000Z,,,1107.SPK/BA.202/BA010102/2026,5,sp-juli-533,"FRENCH KNIFE STEEL BLADE, 250MM GREEN PLASTIC HANDLE",172310,1,1,PCS,0,10,Permintaan SPK 1107.SPK/BA.202/BA010102/2026
TUG5_TUG6,mr6-tug6-48,MR6-2026-000048,,1107.SPK/BA.202/BA010102/2026,spk-juli-48,Walidah Baruna,,,Approved,2026-07-13T08:30:00.000Z,,,1107.SPK/BA.202/BA010102/2026,6,sp-juli-534,"FRENCH KNIFE STEEL BLADE, 250MM WHITE PLASTIC HANDLE",172320,1,1,PCS,0,10,Permintaan SPK 1107.SPK/BA.202/BA010102/2026
TUG5_TUG6,mr6-tug6-48,MR6-2026-000048,,1107.SPK/BA.202/BA010102/2026,spk-juli-48,Walidah Baruna,,,Approved,2026-07-13T08:30:00.000Z,,,1107.SPK/BA.202/BA010102/2026,7,sp-juli-535,"CUTTING BOARD PLASTIC COLORED, RED 530X325X20MM",172446,1,1,PCS,0,10,Permintaan SPK 1107.SPK/BA.202/BA010102/2026
TUG5_TUG6,mr6-tug6-48,MR6-2026-000048,,1107.SPK/BA.202/BA010102/2026,spk-juli-48,Walidah Baruna,,,Approved,2026-07-13T08:30:00.000Z,,,1107.SPK/BA.202/BA010102/2026,8,sp-juli-536,"CUTTING BOARD PLASTIC COLORED, BLUE 530X325X20MM",172447,1,1,PCS,0,10,Permintaan SPK 1107.SPK/BA.202/BA010102/2026
TUG5_TUG6,mr6-tug6-48,MR6-2026-000048,,1107.SPK/BA.202/BA010102/2026,spk-juli-48,Walidah Baruna,,,Approved,2026-07-13T08:30:00.000Z,,,1107.SPK/BA.202/BA010102/2026,9,sp-juli-537,"CUTTING BOARD PLASTIC COLORED, YELLOW 530X325X20MM",172448,1,1,PCS,0,10,Permintaan SPK 1107.SPK/BA.202/BA010102/2026
TUG5_TUG6,mr6-tug6-48,MR6-2026-000048,,1107.SPK/BA.202/BA010102/2026,spk-juli-48,Walidah Baruna,,,Approved,2026-07-13T08:30:00.000Z,,,1107.SPK/BA.202/BA010102/2026,10,sp-juli-538,"CUTTING BOARD PLASTIC COLORED, BROWN 530X325X20MM",172449,1,1,PCS,0,10,Permintaan SPK 1107.SPK/BA.202/BA010102/2026
TUG5_TUG6,mr6-tug6-48,MR6-2026-000048,,1107.SPK/BA.202/BA010102/2026,spk-juli-48,Walidah Baruna,,,Approved,2026-07-13T08:30:00.000Z,,,1107.SPK/BA.202/BA010102/2026,11,sp-juli-539,"CUTTING BOARD PLASTIC COLORED, GREEN 530X325X20MM",172450,1,1,PCS,0,10,Permintaan SPK 1107.SPK/BA.202/BA010102/2026
TUG5_TUG6,mr6-tug6-48,MR6-2026-000048,,1107.SPK/BA.202/BA010102/2026,spk-juli-48,Walidah Baruna,,,Approved,2026-07-13T08:30:00.000Z,,,1107.SPK/BA.202/BA010102/2026,12,sp-juli-540,SCUPPER PLUG FOR ACCOMODATION DECK MODEL 50N-100,23.24.85,5,5,PCS,0,10,Permintaan SPK 1107.SPK/BA.202/BA010102/2026
TUG5_TUG6,mr6-tug6-48,MR6-2026-000048,,1107.SPK/BA.202/BA010102/2026,spk-juli-48,Walidah Baruna,,,Approved,2026-07-13T08:30:00.000Z,,,1107.SPK/BA.202/BA010102/2026,13,sp-juli-541,SCUPPER PLUG FOR MAINDECK MODEL 50N-125,23.24.86,10,10,PCS,0,10,Permintaan SPK 1107.SPK/BA.202/BA010102/2026
TUG5_TUG6,mr6-tug6-48,MR6-2026-000048,,1107.SPK/BA.202/BA010102/2026,spk-juli-48,Walidah Baruna,,,Approved,2026-07-13T08:30:00.000Z,,,1107.SPK/BA.202/BA010102/2026,14,sp-juli-542,TEST KIT WATER MARINE PORTABLE,65.28.25,1,1,SET,0,10,Permintaan SPK 1107.SPK/BA.202/BA010102/2026
TUG5_TUG6,mr6-tug6-48,MR6-2026-000048,,1107.SPK/BA.202/BA010102/2026,spk-juli-48,Walidah Baruna,,,Approved,2026-07-13T08:30:00.000Z,,,1107.SPK/BA.202/BA010102/2026,15,sp-juli-543,"PILOT LADDER, FULL SET UK 15 M",-,2,2,SET,0,10,Permintaan SPK 1107.SPK/BA.202/BA010102/2026
TUG5_TUG6,mr6-tug6-49,MR6-2026-000049,,1052.SPK/BA.202/BA010102/2026,spk-juli-49,Srikandi Baruna 2003,,,Approved,2026-07-08T08:30:00.000Z,,,1052.SPK/BA.202/BA010102/2026,1,sp-juli-544,Element LO Catridge,37540 - 21100,24,24,Pcs,0,10,Permintaan SPK 1052.SPK/BA.202/BA010102/2026
TUG5_TUG6,mr6-tug6-49,MR6-2026-000049,,1052.SPK/BA.202/BA010102/2026,spk-juli-49,Srikandi Baruna 2003,,,Approved,2026-07-08T08:30:00.000Z,,,1052.SPK/BA.202/BA010102/2026,2,sp-juli-545,"Cartridge, By - Pass Filter",37540 - 12100,12,12,Pcs,0,10,Permintaan SPK 1052.SPK/BA.202/BA010102/2026
TUG5_TUG6,mr6-tug6-49,MR6-2026-000049,,1052.SPK/BA.202/BA010102/2026,spk-juli-49,Srikandi Baruna 2003,,,Approved,2026-07-08T08:30:00.000Z,,,1052.SPK/BA.202/BA010102/2026,3,sp-juli-546,"Element Assy, Governor",34A40 - 12130,12,12,Pcs,0,10,Permintaan SPK 1052.SPK/BA.202/BA010102/2026
TUG5_TUG6,mr6-tug6-49,MR6-2026-000049,,1052.SPK/BA.202/BA010102/2026,spk-juli-49,Srikandi Baruna 2003,,,Approved,2026-07-08T08:30:00.000Z,,,1052.SPK/BA.202/BA010102/2026,4,sp-juli-547,"Element, Fuel Filter",32562 - 70300,24,24,Pcs,0,10,Permintaan SPK 1052.SPK/BA.202/BA010102/2026
TUG5_TUG6,mr6-tug6-49,MR6-2026-000049,,1052.SPK/BA.202/BA010102/2026,spk-juli-49,Srikandi Baruna 2003,,,Approved,2026-07-08T08:30:00.000Z,,,1052.SPK/BA.202/BA010102/2026,5,sp-juli-548,Impeller,45B53 - 10201,6,6,Pcs,0,10,Permintaan SPK 1052.SPK/BA.202/BA010102/2026
TUG5_TUG6,mr6-tug6-49,MR6-2026-000049,,1052.SPK/BA.202/BA010102/2026,spk-juli-49,Srikandi Baruna 2003,,,Approved,2026-07-08T08:30:00.000Z,,,1052.SPK/BA.202/BA010102/2026,6,sp-juli-549,"V-Belt,Raw Edge ( Alternator )",37549 - 06520,4,4,Pcs,0,10,Permintaan SPK 1052.SPK/BA.202/BA010102/2026
TUG5_TUG6,mr6-tug6-49,MR6-2026-000049,,1052.SPK/BA.202/BA010102/2026,spk-juli-49,Srikandi Baruna 2003,,,Approved,2026-07-08T08:30:00.000Z,,,1052.SPK/BA.202/BA010102/2026,7,sp-juli-550,"V - Belt, 48 Inch",25163 - 004801,6,6,Pcs,0,10,Permintaan SPK 1052.SPK/BA.202/BA010102/2026
TUG5_TUG6,mr6-tug6-49,MR6-2026-000049,,1052.SPK/BA.202/BA010102/2026,spk-juli-49,Srikandi Baruna 2003,,,Approved,2026-07-08T08:30:00.000Z,,,1052.SPK/BA.202/BA010102/2026,8,sp-juli-551,Racord Filter 30 Micron,2010 PM - OR,12,12,Pcs,0,10,Permintaan SPK 1052.SPK/BA.202/BA010102/2026
TUG5_TUG6,mr6-tug6-49,MR6-2026-000049,,1052.SPK/BA.202/BA010102/2026,spk-juli-49,Srikandi Baruna 2003,,,Approved,2026-07-08T08:30:00.000Z,,,1052.SPK/BA.202/BA010102/2026,9,sp-juli-552,Oil Filter,119005 - 35170,14,14,Pcs,0,10,Permintaan SPK 1052.SPK/BA.202/BA010102/2026
TUG5_TUG6,mr6-tug6-49,MR6-2026-000049,,1052.SPK/BA.202/BA010102/2026,spk-juli-49,Srikandi Baruna 2003,,,Approved,2026-07-08T08:30:00.000Z,,,1052.SPK/BA.202/BA010102/2026,10,sp-juli-553,Fuel Filter,129907 - 55801,14,14,Pcs,0,10,Permintaan SPK 1052.SPK/BA.202/BA010102/2026
TUG5_TUG6,mr6-tug6-49,MR6-2026-000049,,1052.SPK/BA.202/BA010102/2026,spk-juli-49,Srikandi Baruna 2003,,,Approved,2026-07-08T08:30:00.000Z,,,1052.SPK/BA.202/BA010102/2026,11,sp-juli-554,Element ( Fuel Filter ) Jimco,JFE 16002,24,24,Pcs,0,10,Permintaan SPK 1052.SPK/BA.202/BA010102/2026
TUG5_TUG6,mr6-tug6-49,MR6-2026-000049,,1052.SPK/BA.202/BA010102/2026,spk-juli-49,Srikandi Baruna 2003,,,Approved,2026-07-08T08:30:00.000Z,,,1052.SPK/BA.202/BA010102/2026,12,sp-juli-555,Pump Assy S.W Rubber Impeller ( KOSHIN ),MF - 40 S/40 mm,2,2,Pcs,0,10,Permintaan SPK 1052.SPK/BA.202/BA010102/2026
TUG5_TUG6,mr6-tug6-49,MR6-2026-000049,,1052.SPK/BA.202/BA010102/2026,spk-juli-49,Srikandi Baruna 2003,,,Approved,2026-07-08T08:30:00.000Z,,,1052.SPK/BA.202/BA010102/2026,13,sp-juli-556,"Pump Assy, Fuel Feed",119225 - 52102,4,4,Pcs,0,10,Permintaan SPK 1052.SPK/BA.202/BA010102/2026
TUG5_TUG6,mr6-tug6-49,MR6-2026-000049,,1052.SPK/BA.202/BA010102/2026,spk-juli-49,Srikandi Baruna 2003,,,Approved,2026-07-08T08:30:00.000Z,,,1052.SPK/BA.202/BA010102/2026,14,sp-juli-557,Rubber Impeller ( PUMP KONSIN ),MF - 40 S,8,8,Pcs,0,10,Permintaan SPK 1052.SPK/BA.202/BA010102/2026
TUG5_TUG6,mr6-tug6-49,MR6-2026-000049,,1052.SPK/BA.202/BA010102/2026,spk-juli-49,Srikandi Baruna 2003,,,Approved,2026-07-08T08:30:00.000Z,,,1052.SPK/BA.202/BA010102/2026,15,sp-juli-558,Oil Filter,JX 0810B,12,12,Pcs,0,10,Permintaan SPK 1052.SPK/BA.202/BA010102/2026
TUG5_TUG6,mr6-tug6-49,MR6-2026-000049,,1052.SPK/BA.202/BA010102/2026,spk-juli-49,Srikandi Baruna 2003,,,Approved,2026-07-08T08:30:00.000Z,,,1052.SPK/BA.202/BA010102/2026,16,sp-juli-559,Fuel Filter,CX0708,12,12,Pcs,0,10,Permintaan SPK 1052.SPK/BA.202/BA010102/2026
TUG5_TUG6,mr6-tug6-49,MR6-2026-000049,,1052.SPK/BA.202/BA010102/2026,spk-juli-49,Srikandi Baruna 2003,,,Approved,2026-07-08T08:30:00.000Z,,,1052.SPK/BA.202/BA010102/2026,17,sp-juli-560,V - Belt,AV 17 x 1215Li,6,6,Pcs,0,10,Permintaan SPK 1052.SPK/BA.202/BA010102/2026
TUG5_TUG6,mr6-tug6-50,MR6-2026-000050,,1112.SPK/BA.302/BA010102/2026,spk-juli-50,Srikandi Baruna 2206,,,Approved,2026-07-13T08:30:00.000Z,,,1112.SPK/BA.302/BA010102/2026,1,sp-juli-561,LUB OIL FILTER,148633-35400,36,36,pcs,0,10,Permintaan SPK 1112.SPK/BA.302/BA010102/2026
TUG5_TUG6,mr6-tug6-51,MR6-2026-000051,,1094.SPK/BA.17/BA010102/2026,spk-juli-51,Latifah Baruna,,,Approved,2026-07-13T08:30:00.000Z,,,1094.SPK/BA.17/BA010102/2026,1,sp-juli-562,REFILL OKSIGEN,-,7,7,botol,0,10,Permintaan SPK 1094.SPK/BA.17/BA010102/2026
TUG5_TUG6,mr6-tug6-51,MR6-2026-000051,,1094.SPK/BA.17/BA010102/2026,spk-juli-51,Latifah Baruna,,,Approved,2026-07-13T08:30:00.000Z,,,1094.SPK/BA.17/BA010102/2026,2,sp-juli-563,"REFILL LPG 12,5KG",-,1,1,botol,0,10,Permintaan SPK 1094.SPK/BA.17/BA010102/2026
TUG5_TUG6,mr6-tug6-51,MR6-2026-000051,,1094.SPK/BA.17/BA010102/2026,spk-juli-51,Latifah Baruna,,,Approved,2026-07-13T08:30:00.000Z,,,1094.SPK/BA.17/BA010102/2026,3,sp-juli-564,PERIZINAN,-,1,1,lot,0,10,Permintaan SPK 1094.SPK/BA.17/BA010102/2026
TUG5_TUG6,mr6-tug6-51,MR6-2026-000051,,1094.SPK/BA.17/BA010102/2026,spk-juli-51,Latifah Baruna,,,Approved,2026-07-13T08:30:00.000Z,,,1094.SPK/BA.17/BA010102/2026,4,sp-juli-565,PENDAMPINGAN AGEN,-,1,1,lot,0,10,Permintaan SPK 1094.SPK/BA.17/BA010102/2026
TUG5_TUG6,mr6-tug6-51,MR6-2026-000051,,1094.SPK/BA.17/BA010102/2026,spk-juli-51,Latifah Baruna,,,Approved,2026-07-13T08:30:00.000Z,,,1094.SPK/BA.17/BA010102/2026,5,sp-juli-339,TRANSPORTASI DAN AKOMODASI,-,1,1,lot,0,10,Permintaan SPK 1094.SPK/BA.17/BA010102/2026
TUG5_TUG6,mr6-tug6-52,MR6-2026-000052,,1120.SPK/BA.302/BA010102/2026,spk-juli-52,Intan Baruna,,,Approved,2026-07-14T08:30:00.000Z,,,1120.SPK/BA.302/BA010102/2026,1,sp-juli-566,Shroud With Buffle Plate聽,A524-327-0004-4,2,2,Pcs,0,10,Permintaan SPK 1120.SPK/BA.302/BA010102/2026
TUG5_TUG6,mr6-tug6-52,MR6-2026-000052,,1120.SPK/BA.302/BA010102/2026,spk-juli-52,Intan Baruna,,,Approved,2026-07-14T08:30:00.000Z,,,1120.SPK/BA.302/BA010102/2026,2,sp-juli-567,Nozzle Tip聽With Cut-Off Valve聽聽,0509-400-0700-0,6,6,Pcs,0,10,Permintaan SPK 1120.SPK/BA.302/BA010102/2026
TUG5_TUG6,mr6-tug6-52,MR6-2026-000052,,1120.SPK/BA.302/BA010102/2026,spk-juli-52,Intan Baruna,,,Approved,2026-07-14T08:30:00.000Z,,,1120.SPK/BA.302/BA010102/2026,3,sp-juli-568,Nozzle Tip聽With Cut-Off Valve聽,0509-600-0200-0,3,3,Pcs,0,10,Permintaan SPK 1120.SPK/BA.302/BA010102/2026
TUG5_TUG6,mr6-tug6-52,MR6-2026-000052,,1120.SPK/BA.302/BA010102/2026,spk-juli-52,Intan Baruna,,,Approved,2026-07-14T08:30:00.000Z,,,1120.SPK/BA.302/BA010102/2026,4,sp-juli-569,Complete Of F.O Pump GD (NK),0000-AA6-4429-4,1,1,Pcs,0,10,Permintaan SPK 1120.SPK/BA.302/BA010102/2026
TUG5_TUG6,mr6-tug6-52,MR6-2026-000052,,1120.SPK/BA.302/BA010102/2026,spk-juli-52,Intan Baruna,,,Approved,2026-07-14T08:30:00.000Z,,,1120.SPK/BA.302/BA010102/2026,5,sp-juli-570,Spark Rod,A524-318-4000-0,3,3,Pcs,0,10,Permintaan SPK 1120.SPK/BA.302/BA010102/2026
TUG5_TUG6,mr6-tug6-52,MR6-2026-000052,,1120.SPK/BA.302/BA010102/2026,spk-juli-52,Intan Baruna,,,Approved,2026-07-14T08:30:00.000Z,,,1120.SPK/BA.302/BA010102/2026,6,sp-juli-571,Lead Insulator聽,0881-102-000-0,6,6,Pcs,0,10,Permintaan SPK 1120.SPK/BA.302/BA010102/2026
TUG5_TUG6,mr6-tug6-52,MR6-2026-000052,,1120.SPK/BA.302/BA010102/2026,spk-juli-52,Intan Baruna,,,Approved,2026-07-14T08:30:00.000Z,,,1120.SPK/BA.302/BA010102/2026,7,sp-juli-572,Flame Eye聽,0807-230-0040-0,2,2,Pcs,0,10,Permintaan SPK 1120.SPK/BA.302/BA010102/2026
TUG5_TUG6,mr6-tug6-52,MR6-2026-000052,,1120.SPK/BA.302/BA010102/2026,spk-juli-52,Intan Baruna,,,Approved,2026-07-14T08:30:00.000Z,,,1120.SPK/BA.302/BA010102/2026,8,sp-juli-573,Insulator Cap,0085-000-0000-0,2,2,Pcs,0,10,Permintaan SPK 1120.SPK/BA.302/BA010102/2026
TUG5_TUG6,mr6-tug6-52,MR6-2026-000052,,1120.SPK/BA.302/BA010102/2026,spk-juli-52,Intan Baruna,,,Approved,2026-07-14T08:30:00.000Z,,,1120.SPK/BA.302/BA010102/2026,9,sp-juli-574,Selenoid Valve聽,0000-AA7-1510-0,2,2,Pcs,0,10,Permintaan SPK 1120.SPK/BA.302/BA010102/2026
TUG5_TUG6,mr6-tug6-52,MR6-2026-000052,,1120.SPK/BA.302/BA010102/2026,spk-juli-52,Intan Baruna,,,Approved,2026-07-14T08:30:00.000Z,,,1120.SPK/BA.302/BA010102/2026,10,sp-juli-575,Electrode Holder聽,0840-200-0013-0,2,2,Pcs,0,10,Permintaan SPK 1120.SPK/BA.302/BA010102/2026
TUG5_TUG6,mr6-tug6-53,MR6-2026-000053,,1002.SPK/BA.302/BA010102/2026,spk-juli-53,Meutia Baruna,,,Approved,2026-07-13T08:30:00.000Z,,,1002.SPK/BA.302/BA010102/2026,1,sp-juli-576,CONCENTRIC VALVE ASSEMBLY (HP),0710-7200-00,1,1,set,0,10,Permintaan SPK 1002.SPK/BA.302/BA010102/2026
TUG5_TUG6,mr6-tug6-54,MR6-2026-000054,,1069.SPK/BA.17/BA010102/2026,spk-juli-54,Srikandi Baruna 2402,,,Approved,2026-07-13T08:30:00.000Z,,,1069.SPK/BA.17/BA010102/2026,1,sp-juli-577,"AC 0,5 PK",-,1,1,unit,0,10,Permintaan SPK 1069.SPK/BA.17/BA010102/2026
TUG5_TUG6,mr6-tug6-54,MR6-2026-000054,,1069.SPK/BA.17/BA010102/2026,spk-juli-54,Srikandi Baruna 2402,,,Approved,2026-07-13T08:30:00.000Z,,,1069.SPK/BA.17/BA010102/2026,2,sp-juli-578,PIPA AC,-,1,1,pcs,0,10,Permintaan SPK 1069.SPK/BA.17/BA010102/2026
TUG5_TUG6,mr6-tug6-54,MR6-2026-000054,,1069.SPK/BA.17/BA010102/2026,spk-juli-54,Srikandi Baruna 2402,,,Approved,2026-07-13T08:30:00.000Z,,,1069.SPK/BA.17/BA010102/2026,3,sp-juli-579,JASA BONGKAR,-,1,1,lot,0,10,Permintaan SPK 1069.SPK/BA.17/BA010102/2026
TUG5_TUG6,mr6-tug6-54,MR6-2026-000054,,1069.SPK/BA.17/BA010102/2026,spk-juli-54,Srikandi Baruna 2402,,,Approved,2026-07-13T08:30:00.000Z,,,1069.SPK/BA.17/BA010102/2026,4,sp-juli-339,TRANSPORTASI DAN AKOMODASI,-,1,1,lot,0,10,Permintaan SPK 1069.SPK/BA.17/BA010102/2026
TUG5_TUG6,mr6-tug6-55,MR6-2026-000055,,1051.SPK/BA.302/BA010102/2026,spk-juli-55,Kartini Baruna,,,Approved,2026-07-08T08:30:00.000Z,,,1051.SPK/BA.302/BA010102/2026,1,sp-juli-580,PISTON RING RIGHT,332B - 5,4,4,PCS,0,10,Permintaan SPK 1051.SPK/BA.302/BA010102/2026
TUG5_TUG6,mr6-tug6-55,MR6-2026-000055,,1051.SPK/BA.302/BA010102/2026,spk-juli-55,Kartini Baruna,,,Approved,2026-07-08T08:30:00.000Z,,,1051.SPK/BA.302/BA010102/2026,2,sp-juli-581,PISTON RING OPPOSITE,332B - 6,8,8,PCS,0,10,Permintaan SPK 1051.SPK/BA.302/BA010102/2026
TUG5_TUG6,mr6-tug6-55,MR6-2026-000055,,1051.SPK/BA.302/BA010102/2026,spk-juli-55,Kartini Baruna,,,Approved,2026-07-08T08:30:00.000Z,,,1051.SPK/BA.302/BA010102/2026,3,sp-juli-582,PISTON RING,332B - 7,4,4,PCS,0,10,Permintaan SPK 1051.SPK/BA.302/BA010102/2026
TUG5_TUG6,mr6-tug6-55,MR6-2026-000055,,1051.SPK/BA.302/BA010102/2026,spk-juli-55,Kartini Baruna,,,Approved,2026-07-08T08:30:00.000Z,,,1051.SPK/BA.302/BA010102/2026,4,sp-juli-583,COOLING JACKET,341A - 12,2,2,PCS,0,10,Permintaan SPK 1051.SPK/BA.302/BA010102/2026
TUG5_TUG6,mr6-tug6-55,MR6-2026-000055,,1051.SPK/BA.302/BA010102/2026,spk-juli-55,Kartini Baruna,,,Approved,2026-07-08T08:30:00.000Z,,,1051.SPK/BA.302/BA010102/2026,5,sp-juli-584,SPINDLE GUIDE COMPLETE,344A - A,8,8,PCS,0,10,Permintaan SPK 1051.SPK/BA.302/BA010102/2026
TUG5_TUG6,mr6-tug6-55,MR6-2026-000055,,1051.SPK/BA.302/BA010102/2026,spk-juli-55,Kartini Baruna,,,Approved,2026-07-08T08:30:00.000Z,,,1051.SPK/BA.302/BA010102/2026,6,sp-juli-585,NON RETURN V/V ASSY,344A - C,8,8,PCS,0,10,Permintaan SPK 1051.SPK/BA.302/BA010102/2026
TUG5_TUG6,mr6-tug6-55,MR6-2026-000055,,1051.SPK/BA.302/BA010102/2026,spk-juli-55,Kartini Baruna,,,Approved,2026-07-08T08:30:00.000Z,,,1051.SPK/BA.302/BA010102/2026,7,sp-juli-586,FOOT PIECE,344A - 4,10,10,PCS,0,10,Permintaan SPK 1051.SPK/BA.302/BA010102/2026
TUG5_TUG6,mr6-tug6-55,MR6-2026-000055,,1051.SPK/BA.302/BA010102/2026,spk-juli-55,Kartini Baruna,,,Approved,2026-07-08T08:30:00.000Z,,,1051.SPK/BA.302/BA010102/2026,8,sp-juli-587,THRUST SPINDLE,344A - 5,10,10,PCS,0,10,Permintaan SPK 1051.SPK/BA.302/BA010102/2026
TUG5_TUG6,mr6-tug6-56,MR6-2026-000056,,1110.SPK/BA.17/BA010102/2026,spk-juli-56,Malahayati Baruna,,,Approved,2026-07-13T08:30:00.000Z,,,1110.SPK/BA.17/BA010102/2026,1,sp-juli-588,KERTAS HVS A4 (MERK SIDU) 70GSM,-,100,100,RIM,0,10,Permintaan SPK 1110.SPK/BA.17/BA010102/2026
TUG5_TUG6,mr6-tug6-56,MR6-2026-000056,,1110.SPK/BA.17/BA010102/2026,spk-juli-56,Malahayati Baruna,,,Approved,2026-07-13T08:30:00.000Z,,,1110.SPK/BA.17/BA010102/2026,2,sp-juli-589,KERTAS HVS A4 (MERK SIDU) 80GSM,-,10,10,RIM,0,10,Permintaan SPK 1110.SPK/BA.17/BA010102/2026
TUG5_TUG6,mr6-tug6-56,MR6-2026-000056,,1110.SPK/BA.17/BA010102/2026,spk-juli-56,Malahayati Baruna,,,Approved,2026-07-13T08:30:00.000Z,,,1110.SPK/BA.17/BA010102/2026,3,sp-juli-590,GUNTING KERTAS SEDANG JOYKO SC-838,-,5,5,PCS,0,10,Permintaan SPK 1110.SPK/BA.17/BA010102/2026
TUG5_TUG6,mr6-tug6-56,MR6-2026-000056,,1110.SPK/BA.17/BA010102/2026,spk-juli-56,Malahayati Baruna,,,Approved,2026-07-13T08:30:00.000Z,,,1110.SPK/BA.17/BA010102/2026,4,sp-juli-591,GUNTING KERTAS BESAR JOYKO SC-848,-,5,5,PCS,0,10,Permintaan SPK 1110.SPK/BA.17/BA010102/2026
TUG5_TUG6,mr6-tug6-56,MR6-2026-000056,,1110.SPK/BA.17/BA010102/2026,spk-juli-56,Malahayati Baruna,,,Approved,2026-07-13T08:30:00.000Z,,,1110.SPK/BA.17/BA010102/2026,5,sp-juli-592,SPIDOL PERMANEN HITAM SNOWMAN,-,5,5,LUSIN,0,10,Permintaan SPK 1110.SPK/BA.17/BA010102/2026
TUG5_TUG6,mr6-tug6-56,MR6-2026-000056,,1110.SPK/BA.17/BA010102/2026,spk-juli-56,Malahayati Baruna,,,Approved,2026-07-13T08:30:00.000Z,,,1110.SPK/BA.17/BA010102/2026,6,sp-juli-593,SPIDOL PERMANEN BIRU SNOWMAN,-,5,5,LUSIN,0,10,Permintaan SPK 1110.SPK/BA.17/BA010102/2026
TUG5_TUG6,mr6-tug6-56,MR6-2026-000056,,1110.SPK/BA.17/BA010102/2026,spk-juli-56,Malahayati Baruna,,,Approved,2026-07-13T08:30:00.000Z,,,1110.SPK/BA.17/BA010102/2026,7,sp-juli-594,SPIDOL PERMANEN MERAH SNOWMAN,-,5,5,LUSIN,0,10,Permintaan SPK 1110.SPK/BA.17/BA010102/2026
TUG5_TUG6,mr6-tug6-56,MR6-2026-000056,,1110.SPK/BA.17/BA010102/2026,spk-juli-56,Malahayati Baruna,,,Approved,2026-07-13T08:30:00.000Z,,,1110.SPK/BA.17/BA010102/2026,8,sp-juli-595,SPIDOL PERMANEN HIJAU SNOWMAN,-,5,5,LUSIN,0,10,Permintaan SPK 1110.SPK/BA.17/BA010102/2026
TUG5_TUG6,mr6-tug6-56,MR6-2026-000056,,1110.SPK/BA.17/BA010102/2026,spk-juli-56,Malahayati Baruna,,,Approved,2026-07-13T08:30:00.000Z,,,1110.SPK/BA.17/BA010102/2026,9,sp-juli-596,SPIDOL WHITE BOARD (MERAH) SNOWMAN,-,5,5,LUSIN,0,10,Permintaan SPK 1110.SPK/BA.17/BA010102/2026
TUG5_TUG6,mr6-tug6-56,MR6-2026-000056,,1110.SPK/BA.17/BA010102/2026,spk-juli-56,Malahayati Baruna,,,Approved,2026-07-13T08:30:00.000Z,,,1110.SPK/BA.17/BA010102/2026,10,sp-juli-597,SPIDOL WHITE BOARD (HITAM) SNOWMAN,-,5,5,LUSIN,0,10,Permintaan SPK 1110.SPK/BA.17/BA010102/2026
TUG5_TUG6,mr6-tug6-56,MR6-2026-000056,,1110.SPK/BA.17/BA010102/2026,spk-juli-56,Malahayati Baruna,,,Approved,2026-07-13T08:30:00.000Z,,,1110.SPK/BA.17/BA010102/2026,11,sp-juli-598,SPIDOL WHITE BOARD (BIRU) SNOWMAN,-,5,5,LUSIN,0,10,Permintaan SPK 1110.SPK/BA.17/BA010102/2026
TUG5_TUG6,mr6-tug6-56,MR6-2026-000056,,1110.SPK/BA.17/BA010102/2026,spk-juli-56,Malahayati Baruna,,,Approved,2026-07-13T08:30:00.000Z,,,1110.SPK/BA.17/BA010102/2026,12,sp-juli-599,SPIDOL WHITE BOARD (HIJAU) SNOWMAN,-,5,5,LUSIN,0,10,Permintaan SPK 1110.SPK/BA.17/BA010102/2026
TUG5_TUG6,mr6-tug6-56,MR6-2026-000056,,1110.SPK/BA.17/BA010102/2026,spk-juli-56,Malahayati Baruna,,,Approved,2026-07-13T08:30:00.000Z,,,1110.SPK/BA.17/BA010102/2026,13,sp-juli-600,PERMANENT MARKER PUTIH SNOWMAN,-,10,10,LUSIN,0,10,Permintaan SPK 1110.SPK/BA.17/BA010102/2026
TUG5_TUG6,mr6-tug6-56,MR6-2026-000056,,1110.SPK/BA.17/BA010102/2026,spk-juli-56,Malahayati Baruna,,,Approved,2026-07-13T08:30:00.000Z,,,1110.SPK/BA.17/BA010102/2026,14,sp-juli-601,SPIDOL KECIL (1 PACK = 12WARNA) SNOWMAN,-,10,10,SET,0,10,Permintaan SPK 1110.SPK/BA.17/BA010102/2026
TUG5_TUG6,mr6-tug6-56,MR6-2026-000056,,1110.SPK/BA.17/BA010102/2026,spk-juli-56,Malahayati Baruna,,,Approved,2026-07-13T08:30:00.000Z,,,1110.SPK/BA.17/BA010102/2026,15,sp-juli-602,HIGHLIGHTER STABILO (MIX COLOUR),-,20,20,PCS,0,10,Permintaan SPK 1110.SPK/BA.17/BA010102/2026
TUG5_TUG6,mr6-tug6-56,MR6-2026-000056,,1110.SPK/BA.17/BA010102/2026,spk-juli-56,Malahayati Baruna,,,Approved,2026-07-13T08:30:00.000Z,,,1110.SPK/BA.17/BA010102/2026,16,sp-juli-603,LAMINATING FILM A4 (ISI 100 PCS PER PACK),-,2,2,PACK,0,10,Permintaan SPK 1110.SPK/BA.17/BA010102/2026
TUG5_TUG6,mr6-tug6-56,MR6-2026-000056,,1110.SPK/BA.17/BA010102/2026,spk-juli-56,Malahayati Baruna,,,Approved,2026-07-13T08:30:00.000Z,,,1110.SPK/BA.17/BA010102/2026,17,sp-juli-604,KENKO L-500 WORKING CUTTER,-,20,20,PCS,0,10,Permintaan SPK 1110.SPK/BA.17/BA010102/2026
TUG5_TUG6,mr6-tug6-56,MR6-2026-000056,,1110.SPK/BA.17/BA010102/2026,spk-juli-56,Malahayati Baruna,,,Approved,2026-07-13T08:30:00.000Z,,,1110.SPK/BA.17/BA010102/2026,18,sp-juli-605,KENKO L-150 REFILL MATA CUTTER,-,5,5,LUSIN,0,10,Permintaan SPK 1110.SPK/BA.17/BA010102/2026
TUG5_TUG6,mr6-tug6-56,MR6-2026-000056,,1110.SPK/BA.17/BA010102/2026,spk-juli-56,Malahayati Baruna,,,Approved,2026-07-13T08:30:00.000Z,,,1110.SPK/BA.17/BA010102/2026,19,sp-juli-606,KENKO A-300 WORKING CUTTER KECIL,-,20,20,PCS,0,10,Permintaan SPK 1110.SPK/BA.17/BA010102/2026
TUG5_TUG6,mr6-tug6-56,MR6-2026-000056,,1110.SPK/BA.17/BA010102/2026,spk-juli-56,Malahayati Baruna,,,Approved,2026-07-13T08:30:00.000Z,,,1110.SPK/BA.17/BA010102/2026,20,sp-juli-607,KENKO A-100 REFILL MATA CUTTER,-,10,10,LUSIN,0,10,Permintaan SPK 1110.SPK/BA.17/BA010102/2026
TUG5_TUG6,mr6-tug6-56,MR6-2026-000056,,1110.SPK/BA.17/BA010102/2026,spk-juli-56,Malahayati Baruna,,,Approved,2026-07-13T08:30:00.000Z,,,1110.SPK/BA.17/BA010102/2026,21,sp-juli-608,"BATERAI AAA (ALKALINE) 1,5V (72 PCS PER BOX)",-,10,10,BOX,0,10,Permintaan SPK 1110.SPK/BA.17/BA010102/2026
TUG5_TUG6,mr6-tug6-56,MR6-2026-000056,,1110.SPK/BA.17/BA010102/2026,spk-juli-56,Malahayati Baruna,,,Approved,2026-07-13T08:30:00.000Z,,,1110.SPK/BA.17/BA010102/2026,22,sp-juli-609,"BATERAI AA (ALKALINE) 1,5V (72 PCS PER BOX)",-,10,10,BOX,0,10,Permintaan SPK 1110.SPK/BA.17/BA010102/2026
TUG5_TUG6,mr6-tug6-56,MR6-2026-000056,,1110.SPK/BA.17/BA010102/2026,spk-juli-56,Malahayati Baruna,,,Approved,2026-07-13T08:30:00.000Z,,,1110.SPK/BA.17/BA010102/2026,23,sp-juli-610,MAGNETIC PIN WHITEBOARD 30MM (MIX COLOUR),-,50,50,PCS,0,10,Permintaan SPK 1110.SPK/BA.17/BA010102/2026
TUG5_TUG6,mr6-tug6-56,MR6-2026-000056,,1110.SPK/BA.17/BA010102/2026,spk-juli-56,Malahayati Baruna,,,Approved,2026-07-13T08:30:00.000Z,,,1110.SPK/BA.17/BA010102/2026,24,sp-juli-611,CORRECTION PEN LIQUID KENKO KE-107,-,20,20,PCS,0,10,Permintaan SPK 1110.SPK/BA.17/BA010102/2026
TUG5_TUG6,mr6-tug6-56,MR6-2026-000056,,1110.SPK/BA.17/BA010102/2026,spk-juli-56,Malahayati Baruna,,,Approved,2026-07-13T08:30:00.000Z,,,1110.SPK/BA.17/BA010102/2026,25,sp-juli-612,CORRECTION TAPE JOYKO CT-522,-,20,20,PCS,0,10,Permintaan SPK 1110.SPK/BA.17/BA010102/2026
TUG5_TUG6,mr6-tug6-56,MR6-2026-000056,,1110.SPK/BA.17/BA010102/2026,spk-juli-56,Malahayati Baruna,,,Approved,2026-07-13T08:30:00.000Z,,,1110.SPK/BA.17/BA010102/2026,26,sp-juli-613,STAPLER JILID MAX HD-12L/17,-,1,1,PCS,0,10,Permintaan SPK 1110.SPK/BA.17/BA010102/2026
TUG5_TUG6,mr6-tug6-56,MR6-2026-000056,,1110.SPK/BA.17/BA010102/2026,spk-juli-56,Malahayati Baruna,,,Approved,2026-07-13T08:30:00.000Z,,,1110.SPK/BA.17/BA010102/2026,27,sp-juli-614,ISI STAPLES NO 1217 FA-H (ISI 1000),-,5,5,PCS,0,10,Permintaan SPK 1110.SPK/BA.17/BA010102/2026
TUG5_TUG6,mr6-tug6-56,MR6-2026-000056,,1110.SPK/BA.17/BA010102/2026,spk-juli-56,Malahayati Baruna,,,Approved,2026-07-13T08:30:00.000Z,,,1110.SPK/BA.17/BA010102/2026,28,sp-juli-615,STAPLER JOYKO HD-50,-,2,2,PCS,0,10,Permintaan SPK 1110.SPK/BA.17/BA010102/2026
TUG5_TUG6,mr6-tug6-56,MR6-2026-000056,,1110.SPK/BA.17/BA010102/2026,spk-juli-56,Malahayati Baruna,,,Approved,2026-07-13T08:30:00.000Z,,,1110.SPK/BA.17/BA010102/2026,29,sp-juli-616,STAPLER JOYKO HD-10,-,10,10,PCS,0,10,Permintaan SPK 1110.SPK/BA.17/BA010102/2026
TUG5_TUG6,mr6-tug6-56,MR6-2026-000056,,1110.SPK/BA.17/BA010102/2026,spk-juli-56,Malahayati Baruna,,,Approved,2026-07-13T08:30:00.000Z,,,1110.SPK/BA.17/BA010102/2026,30,sp-juli-617,ISI STAPLES NO 3-1M (SIZE 24/6) ISI 1000,-,60,60,PCS,0,10,Permintaan SPK 1110.SPK/BA.17/BA010102/2026
TUG5_TUG6,mr6-tug6-56,MR6-2026-000056,,1110.SPK/BA.17/BA010102/2026,spk-juli-56,Malahayati Baruna,,,Approved,2026-07-13T08:30:00.000Z,,,1110.SPK/BA.17/BA010102/2026,31,sp-juli-618,ISI STAPLES NO 10-1M (ISI 1000),-,60,60,PCS,0,10,Permintaan SPK 1110.SPK/BA.17/BA010102/2026
TUG5_TUG6,mr6-tug6-56,MR6-2026-000056,,1110.SPK/BA.17/BA010102/2026,spk-juli-56,Malahayati Baruna,,,Approved,2026-07-13T08:30:00.000Z,,,1110.SPK/BA.17/BA010102/2026,32,sp-juli-619,MAP L-BENING A4,-,200,200,PCS,0,10,Permintaan SPK 1110.SPK/BA.17/BA010102/2026
TUG5_TUG6,mr6-tug6-56,MR6-2026-000056,,1110.SPK/BA.17/BA010102/2026,spk-juli-56,Malahayati Baruna,,,Approved,2026-07-13T08:30:00.000Z,,,1110.SPK/BA.17/BA010102/2026,33,sp-juli-620,SHEET PROTECTOR A4,-,200,200,PCS,0,10,Permintaan SPK 1110.SPK/BA.17/BA010102/2026
TUG5_TUG6,mr6-tug6-56,MR6-2026-000056,,1110.SPK/BA.17/BA010102/2026,spk-juli-56,Malahayati Baruna,,,Approved,2026-07-13T08:30:00.000Z,,,1110.SPK/BA.17/BA010102/2026,34,sp-juli-621,ORDNER BANTEX A4 1450,-,30,30,PCS,0,10,Permintaan SPK 1110.SPK/BA.17/BA010102/2026
TUG5_TUG6,mr6-tug6-56,MR6-2026-000056,,1110.SPK/BA.17/BA010102/2026,spk-juli-56,Malahayati Baruna,,,Approved,2026-07-13T08:30:00.000Z,,,1110.SPK/BA.17/BA010102/2026,35,sp-juli-622,ORDNER BANTEX F4 1465,-,30,30,PCS,0,10,Permintaan SPK 1110.SPK/BA.17/BA010102/2026
TUG5_TUG6,mr6-tug6-56,MR6-2026-000056,,1110.SPK/BA.17/BA010102/2026,spk-juli-56,Malahayati Baruna,,,Approved,2026-07-13T08:30:00.000Z,,,1110.SPK/BA.17/BA010102/2026,36,sp-juli-623,BUKU FOLIO PAPERLINE 200 LEMBAR HARD COVER,-,50,50,PCS,0,10,Permintaan SPK 1110.SPK/BA.17/BA010102/2026
TUG5_TUG6,mr6-tug6-56,MR6-2026-000056,,1110.SPK/BA.17/BA010102/2026,spk-juli-56,Malahayati Baruna,,,Approved,2026-07-13T08:30:00.000Z,,,1110.SPK/BA.17/BA010102/2026,37,sp-juli-624,BUKU KUARTO PAPERLINE 100 LEMBAR HARD COVER,-,50,50,PCS,0,10,Permintaan SPK 1110.SPK/BA.17/BA010102/2026
TUG5_TUG6,mr6-tug6-56,MR6-2026-000056,,1110.SPK/BA.17/BA010102/2026,spk-juli-56,Malahayati Baruna,,,Approved,2026-07-13T08:30:00.000Z,,,1110.SPK/BA.17/BA010102/2026,38,sp-juli-625,NOTE BOOK A6 PAPERLINE 100 LEMBAR HARD COVER,-,50,50,PCS,0,10,Permintaan SPK 1110.SPK/BA.17/BA010102/2026
TUG5_TUG6,mr6-tug6-56,MR6-2026-000056,,1110.SPK/BA.17/BA010102/2026,spk-juli-56,Malahayati Baruna,,,Approved,2026-07-13T08:30:00.000Z,,,1110.SPK/BA.17/BA010102/2026,39,sp-juli-626,SIDU BUKU TULIS CRAFT 60 LEMBAR (16x21CM),-,50,50,PCS,0,10,Permintaan SPK 1110.SPK/BA.17/BA010102/2026
TUG5_TUG6,mr6-tug6-56,MR6-2026-000056,,1110.SPK/BA.17/BA010102/2026,spk-juli-56,Malahayati Baruna,,,Approved,2026-07-13T08:30:00.000Z,,,1110.SPK/BA.17/BA010102/2026,40,sp-juli-627,PENGHAPUS SPIDOL WHITE BOARD,-,10,10,PCS,0,10,Permintaan SPK 1110.SPK/BA.17/BA010102/2026
TUG5_TUG6,mr6-tug6-56,MR6-2026-000056,,1110.SPK/BA.17/BA010102/2026,spk-juli-56,Malahayati Baruna,,,Approved,2026-07-13T08:30:00.000Z,,,1110.SPK/BA.17/BA010102/2026,41,sp-juli-628,PENGGARIS BESI 1 METER,-,5,5,PCS,0,10,Permintaan SPK 1110.SPK/BA.17/BA010102/2026
TUG5_TUG6,mr6-tug6-56,MR6-2026-000056,,1110.SPK/BA.17/BA010102/2026,spk-juli-56,Malahayati Baruna,,,Approved,2026-07-13T08:30:00.000Z,,,1110.SPK/BA.17/BA010102/2026,42,sp-juli-629,PENGGARIS PLASTIK 1 METER,-,5,5,PCS,0,10,Permintaan SPK 1110.SPK/BA.17/BA010102/2026
TUG5_TUG6,mr6-tug6-56,MR6-2026-000056,,1110.SPK/BA.17/BA010102/2026,spk-juli-56,Malahayati Baruna,,,Approved,2026-07-13T08:30:00.000Z,,,1110.SPK/BA.17/BA010102/2026,43,sp-juli-630,TAPE DISPENSER ISOLASI 1/2 INCH JOYKO TD-103,-,5,5,PCS,0,10,Permintaan SPK 1110.SPK/BA.17/BA010102/2026
TUG5_TUG6,mr6-tug6-56,MR6-2026-000056,,1110.SPK/BA.17/BA010102/2026,spk-juli-56,Malahayati Baruna,,,Approved,2026-07-13T08:30:00.000Z,,,1110.SPK/BA.17/BA010102/2026,44,sp-juli-631,DOUBLE TAPE 2 INCH,-,20,20,PCS,0,10,Permintaan SPK 1110.SPK/BA.17/BA010102/2026
TUG5_TUG6,mr6-tug6-56,MR6-2026-000056,,1110.SPK/BA.17/BA010102/2026,spk-juli-56,Malahayati Baruna,,,Approved,2026-07-13T08:30:00.000Z,,,1110.SPK/BA.17/BA010102/2026,45,sp-juli-632,DOUBLE TAPE 1 INCH,-,20,20,PCS,0,10,Permintaan SPK 1110.SPK/BA.17/BA010102/2026
TUG5_TUG6,mr6-tug6-56,MR6-2026-000056,,1110.SPK/BA.17/BA010102/2026,spk-juli-56,Malahayati Baruna,,,Approved,2026-07-13T08:30:00.000Z,,,1110.SPK/BA.17/BA010102/2026,46,sp-juli-633,DOUBLE TAPE 1/2 INCH,-,20,20,PCS,0,10,Permintaan SPK 1110.SPK/BA.17/BA010102/2026
TUG5_TUG6,mr6-tug6-56,MR6-2026-000056,,1110.SPK/BA.17/BA010102/2026,spk-juli-56,Malahayati Baruna,,,Approved,2026-07-13T08:30:00.000Z,,,1110.SPK/BA.17/BA010102/2026,47,sp-juli-634,LAKBAN KERTAS 2 INCH,-,50,50,PCS,0,10,Permintaan SPK 1110.SPK/BA.17/BA010102/2026
TUG5_TUG6,mr6-tug6-56,MR6-2026-000056,,1110.SPK/BA.17/BA010102/2026,spk-juli-56,Malahayati Baruna,,,Approved,2026-07-13T08:30:00.000Z,,,1110.SPK/BA.17/BA010102/2026,48,sp-juli-635,LAKBAN KERTAS 1 INCH,-,50,50,PCS,0,10,Permintaan SPK 1110.SPK/BA.17/BA010102/2026
TUG5_TUG6,mr6-tug6-56,MR6-2026-000056,,1110.SPK/BA.17/BA010102/2026,spk-juli-56,Malahayati Baruna,,,Approved,2026-07-13T08:30:00.000Z,,,1110.SPK/BA.17/BA010102/2026,49,sp-juli-636,LAKBAN PLASTIK BENING 2 INCH,-,15,15,PCS,0,10,Permintaan SPK 1110.SPK/BA.17/BA010102/2026
TUG5_TUG6,mr6-tug6-56,MR6-2026-000056,,1110.SPK/BA.17/BA010102/2026,spk-juli-56,Malahayati Baruna,,,Approved,2026-07-13T08:30:00.000Z,,,1110.SPK/BA.17/BA010102/2026,50,sp-juli-637,LAKBAN PLASTIK BENING 1 INCH,-,15,15,PCS,0,10,Permintaan SPK 1110.SPK/BA.17/BA010102/2026
TUG5_TUG6,mr6-tug6-56,MR6-2026-000056,,1110.SPK/BA.17/BA010102/2026,spk-juli-56,Malahayati Baruna,,,Approved,2026-07-13T08:30:00.000Z,,,1110.SPK/BA.17/BA010102/2026,51,sp-juli-638,LAKBAN PLASTIK BENING 1/2 INCH,-,15,15,PCS,0,10,Permintaan SPK 1110.SPK/BA.17/BA010102/2026
TUG5_TUG6,mr6-tug6-56,MR6-2026-000056,,1110.SPK/BA.17/BA010102/2026,spk-juli-56,Malahayati Baruna,,,Approved,2026-07-13T08:30:00.000Z,,,1110.SPK/BA.17/BA010102/2026,52,sp-juli-639,LAKBAN PLASTIK COKLAT 2 INCH,-,15,15,PCS,0,10,Permintaan SPK 1110.SPK/BA.17/BA010102/2026
TUG5_TUG6,mr6-tug6-56,MR6-2026-000056,,1110.SPK/BA.17/BA010102/2026,spk-juli-56,Malahayati Baruna,,,Approved,2026-07-13T08:30:00.000Z,,,1110.SPK/BA.17/BA010102/2026,53,sp-juli-640,LAKBAN KAIN HITAM 2 INCH,-,100,100,PCS,0,10,Permintaan SPK 1110.SPK/BA.17/BA010102/2026
TUG5_TUG6,mr6-tug6-56,MR6-2026-000056,,1110.SPK/BA.17/BA010102/2026,spk-juli-56,Malahayati Baruna,,,Approved,2026-07-13T08:30:00.000Z,,,1110.SPK/BA.17/BA010102/2026,54,sp-juli-641,LAKBAN KAIN KUNING 2 INCH,-,25,25,PCS,0,10,Permintaan SPK 1110.SPK/BA.17/BA010102/2026
TUG5_TUG6,mr6-tug6-56,MR6-2026-000056,,1110.SPK/BA.17/BA010102/2026,spk-juli-56,Malahayati Baruna,,,Approved,2026-07-13T08:30:00.000Z,,,1110.SPK/BA.17/BA010102/2026,55,sp-juli-642,LAKBAN POLICE LINE 2 INCH,-,10,10,PCS,0,10,Permintaan SPK 1110.SPK/BA.17/BA010102/2026
TUG5_TUG6,mr6-tug6-56,MR6-2026-000056,,1110.SPK/BA.17/BA010102/2026,spk-juli-56,Malahayati Baruna,,,Approved,2026-07-13T08:30:00.000Z,,,1110.SPK/BA.17/BA010102/2026,56,sp-juli-643,"KENKO GEL PEN K-1 0,5MM (HITAM)",-,25,25,LUSIN,0,10,Permintaan SPK 1110.SPK/BA.17/BA010102/2026
TUG5_TUG6,mr6-tug6-56,MR6-2026-000056,,1110.SPK/BA.17/BA010102/2026,spk-juli-56,Malahayati Baruna,,,Approved,2026-07-13T08:30:00.000Z,,,1110.SPK/BA.17/BA010102/2026,57,sp-juli-644,"KENKO GEL PEN K-1 0,5MM (BIRU)",-,25,25,LUSIN,0,10,Permintaan SPK 1110.SPK/BA.17/BA010102/2026
TUG5_TUG6,mr6-tug6-56,MR6-2026-000056,,1110.SPK/BA.17/BA010102/2026,spk-juli-56,Malahayati Baruna,,,Approved,2026-07-13T08:30:00.000Z,,,1110.SPK/BA.17/BA010102/2026,58,sp-juli-645,PENSIL 2B STAEDTLER,-,15,15,LUSIN,0,10,Permintaan SPK 1110.SPK/BA.17/BA010102/2026
TUG5_TUG6,mr6-tug6-56,MR6-2026-000056,,1110.SPK/BA.17/BA010102/2026,spk-juli-56,Malahayati Baruna,,,Approved,2026-07-13T08:30:00.000Z,,,1110.SPK/BA.17/BA010102/2026,59,sp-juli-646,STICKY NOTES (1 PACK = 3-6 PAD),-,10,10,PACK,0,10,Permintaan SPK 1110.SPK/BA.17/BA010102/2026
TUG5_TUG6,mr6-tug6-56,MR6-2026-000056,,1110.SPK/BA.17/BA010102/2026,spk-juli-56,Malahayati Baruna,,,Approved,2026-07-13T08:30:00.000Z,,,1110.SPK/BA.17/BA010102/2026,60,sp-juli-647,KERTAS FOTO GLOSSY F4 230 GSM (20 LEMBAR),-,5,5,PACK,0,10,Permintaan SPK 1110.SPK/BA.17/BA010102/2026
TUG5_TUG6,mr6-tug6-56,MR6-2026-000056,,1110.SPK/BA.17/BA010102/2026,spk-juli-56,Malahayati Baruna,,,Approved,2026-07-13T08:30:00.000Z,,,1110.SPK/BA.17/BA010102/2026,61,sp-juli-648,KERTAS FOTO GLOSSY A4 230 GSM (20 LEMBAR),-,5,5,PACK,0,10,Permintaan SPK 1110.SPK/BA.17/BA010102/2026
TUG5_TUG6,mr6-tug6-56,MR6-2026-000056,,1110.SPK/BA.17/BA010102/2026,spk-juli-56,Malahayati Baruna,,,Approved,2026-07-13T08:30:00.000Z,,,1110.SPK/BA.17/BA010102/2026,62,sp-juli-649,PVC BANTEX CLIPBOARD F4 / PAPAN JALAN,-,20,20,PCS,0,10,Permintaan SPK 1110.SPK/BA.17/BA010102/2026
TUG5_TUG6,mr6-tug6-56,MR6-2026-000056,,1110.SPK/BA.17/BA010102/2026,spk-juli-56,Malahayati Baruna,,,Approved,2026-07-13T08:30:00.000Z,,,1110.SPK/BA.17/BA010102/2026,63,sp-juli-650,BINDER CLIP NO 260 (12 PCS),-,20,20,PACK,0,10,Permintaan SPK 1110.SPK/BA.17/BA010102/2026
TUG5_TUG6,mr6-tug6-56,MR6-2026-000056,,1110.SPK/BA.17/BA010102/2026,spk-juli-56,Malahayati Baruna,,,Approved,2026-07-13T08:30:00.000Z,,,1110.SPK/BA.17/BA010102/2026,64,sp-juli-651,BINDER CLIP NO 155 (12 PCS),-,20,20,PACK,0,10,Permintaan SPK 1110.SPK/BA.17/BA010102/2026
TUG5_TUG6,mr6-tug6-56,MR6-2026-000056,,1110.SPK/BA.17/BA010102/2026,spk-juli-56,Malahayati Baruna,,,Approved,2026-07-13T08:30:00.000Z,,,1110.SPK/BA.17/BA010102/2026,65,sp-juli-652,BINDER CLIP NO 111 (12 PCS),-,20,20,PACK,0,10,Permintaan SPK 1110.SPK/BA.17/BA010102/2026
TUG5_TUG6,mr6-tug6-56,MR6-2026-000056,,1110.SPK/BA.17/BA010102/2026,spk-juli-56,Malahayati Baruna,,,Approved,2026-07-13T08:30:00.000Z,,,1110.SPK/BA.17/BA010102/2026,66,sp-juli-653,LEM AICA AIBON 601 (700 GRAM),-,50,50,PCS,0,10,Permintaan SPK 1110.SPK/BA.17/BA010102/2026
TUG5_TUG6,mr6-tug6-56,MR6-2026-000056,,1110.SPK/BA.17/BA010102/2026,spk-juli-56,Malahayati Baruna,,,Approved,2026-07-13T08:30:00.000Z,,,1110.SPK/BA.17/BA010102/2026,67,sp-juli-654,LEM KERTAS STICK (15GRAM),-,24,24,PCS,0,10,Permintaan SPK 1110.SPK/BA.17/BA010102/2026
TUG5_TUG6,mr6-tug6-56,MR6-2026-000056,,1110.SPK/BA.17/BA010102/2026,spk-juli-56,Malahayati Baruna,,,Approved,2026-07-13T08:30:00.000Z,,,1110.SPK/BA.17/BA010102/2026,68,sp-juli-655,LEM G / KOREA,-,60,60,PCS,0,10,Permintaan SPK 1110.SPK/BA.17/BA010102/2026
TUG5_TUG6,mr6-tug6-56,MR6-2026-000056,,1110.SPK/BA.17/BA010102/2026,spk-juli-56,Malahayati Baruna,,,Approved,2026-07-13T08:30:00.000Z,,,1110.SPK/BA.17/BA010102/2026,69,sp-juli-656,"TINTA PRINTER SET (C,M,Y,BK) EPSON SERI 003",-,20,20,SET,0,10,Permintaan SPK 1110.SPK/BA.17/BA010102/2026
TUG5_TUG6,mr6-tug6-56,MR6-2026-000056,,1110.SPK/BA.17/BA010102/2026,spk-juli-56,Malahayati Baruna,,,Approved,2026-07-13T08:30:00.000Z,,,1110.SPK/BA.17/BA010102/2026,70,sp-juli-657,PYLOX KUNING,-,10,10,BOTOL,0,10,Permintaan SPK 1110.SPK/BA.17/BA010102/2026
TUG5_TUG6,mr6-tug6-56,MR6-2026-000056,,1110.SPK/BA.17/BA010102/2026,spk-juli-56,Malahayati Baruna,,,Approved,2026-07-13T08:30:00.000Z,,,1110.SPK/BA.17/BA010102/2026,71,sp-juli-658,PYLOX MERAH,-,10,10,BOTOL,0,10,Permintaan SPK 1110.SPK/BA.17/BA010102/2026
TUG5_TUG6,mr6-tug6-56,MR6-2026-000056,,1110.SPK/BA.17/BA010102/2026,spk-juli-56,Malahayati Baruna,,,Approved,2026-07-13T08:30:00.000Z,,,1110.SPK/BA.17/BA010102/2026,72,sp-juli-659,PYLOX BIRU,-,10,10,BOTOL,0,10,Permintaan SPK 1110.SPK/BA.17/BA010102/2026
TUG5_TUG6,mr6-tug6-56,MR6-2026-000056,,1110.SPK/BA.17/BA010102/2026,spk-juli-56,Malahayati Baruna,,,Approved,2026-07-13T08:30:00.000Z,,,1110.SPK/BA.17/BA010102/2026,73,sp-juli-660,PYLOX HITAM,-,10,10,BOTOL,0,10,Permintaan SPK 1110.SPK/BA.17/BA010102/2026
TUG5_TUG6,mr6-tug6-56,MR6-2026-000056,,1110.SPK/BA.17/BA010102/2026,spk-juli-56,Malahayati Baruna,,,Approved,2026-07-13T08:30:00.000Z,,,1110.SPK/BA.17/BA010102/2026,74,sp-juli-661,PYLOX PUTIH,-,10,10,BOTOL,0,10,Permintaan SPK 1110.SPK/BA.17/BA010102/2026
TUG5_TUG6,mr6-tug6-56,MR6-2026-000056,,1110.SPK/BA.17/BA010102/2026,spk-juli-56,Malahayati Baruna,,,Approved,2026-07-13T08:30:00.000Z,,,1110.SPK/BA.17/BA010102/2026,75,sp-juli-662,PYLOX ORANGE,-,10,10,BOTOL,0,10,Permintaan SPK 1110.SPK/BA.17/BA010102/2026
TUG5_TUG6,mr6-tug6-56,MR6-2026-000056,,1110.SPK/BA.17/BA010102/2026,spk-juli-56,Malahayati Baruna,,,Approved,2026-07-13T08:30:00.000Z,,,1110.SPK/BA.17/BA010102/2026,76,sp-juli-663,JANGKA JOYKO MS-407,-,5,5,PCS,0,10,Permintaan SPK 1110.SPK/BA.17/BA010102/2026
TUG5_TUG6,mr6-tug6-56,MR6-2026-000056,,1110.SPK/BA.17/BA010102/2026,spk-juli-56,Malahayati Baruna,,,Approved,2026-07-13T08:30:00.000Z,,,1110.SPK/BA.17/BA010102/2026,77,sp-juli-664,"JANGKA WHITE BOARD BESAR (45,4CM)",-,5,5,PCS,0,10,Permintaan SPK 1110.SPK/BA.17/BA010102/2026
TUG5_TUG6,mr6-tug6-56,MR6-2026-000056,,1110.SPK/BA.17/BA010102/2026,spk-juli-56,Malahayati Baruna,,,Approved,2026-07-13T08:30:00.000Z,,,1110.SPK/BA.17/BA010102/2026,78,sp-juli-665,LABEL PRINTER (CASIO KL-820),-,1,1,UNIT,0,10,Permintaan SPK 1110.SPK/BA.17/BA010102/2026
TUG5_TUG6,mr6-tug6-56,MR6-2026-000056,,1110.SPK/BA.17/BA010102/2026,spk-juli-56,Malahayati Baruna,,,Approved,2026-07-13T08:30:00.000Z,,,1110.SPK/BA.17/BA010102/2026,79,sp-juli-666,TAPE CATRIDGE 12MM FOR CASIO KL-820 WHITE,-,10,10,PCS,0,10,Permintaan SPK 1110.SPK/BA.17/BA010102/2026
TUG5_TUG6,mr6-tug6-56,MR6-2026-000056,,1110.SPK/BA.17/BA010102/2026,spk-juli-56,Malahayati Baruna,,,Approved,2026-07-13T08:30:00.000Z,,,1110.SPK/BA.17/BA010102/2026,80,sp-juli-667,AMPLOP COKLAT FOLIO AIRMAIL 310 (TALI),-,150,150,PCS,0,10,Permintaan SPK 1110.SPK/BA.17/BA010102/2026
TUG5_TUG6,mr6-tug6-56,MR6-2026-000056,,1110.SPK/BA.17/BA010102/2026,spk-juli-56,Malahayati Baruna,,,Approved,2026-07-13T08:30:00.000Z,,,1110.SPK/BA.17/BA010102/2026,81,sp-juli-668,AMPLOP COKLAT FOLIO AIRMAIL 310 (TANPA TALI),-,50,50,PCS,0,10,Permintaan SPK 1110.SPK/BA.17/BA010102/2026
TUG5_TUG6,mr6-tug6-56,MR6-2026-000056,,1110.SPK/BA.17/BA010102/2026,spk-juli-56,Malahayati Baruna,,,Approved,2026-07-13T08:30:00.000Z,,,1110.SPK/BA.17/BA010102/2026,82,sp-juli-669,AMPLOP PUTIH PAPERLINE 90PPS (100 PCS),-,5,5,BOX,0,10,Permintaan SPK 1110.SPK/BA.17/BA010102/2026
TUG5_TUG6,mr6-tug6-56,MR6-2026-000056,,1110.SPK/BA.17/BA010102/2026,spk-juli-56,Malahayati Baruna,,,Approved,2026-07-13T08:30:00.000Z,,,1110.SPK/BA.17/BA010102/2026,83,sp-juli-670,AMPLOP PUTIH PAPERLINE 110PPS (100 PCS),-,5,5,BOX,0,10,Permintaan SPK 1110.SPK/BA.17/BA010102/2026
TUG5_TUG6,mr6-tug6-56,MR6-2026-000056,,1110.SPK/BA.17/BA010102/2026,spk-juli-56,Malahayati Baruna,,,Approved,2026-07-13T08:30:00.000Z,,,1110.SPK/BA.17/BA010102/2026,84,sp-juli-671,AMPLOP PUTIH PAPERLINE 104PPS (100 PCS),-,5,5,BOX,0,10,Permintaan SPK 1110.SPK/BA.17/BA010102/2026
TUG5_TUG6,mr6-tug6-57,MR6-2026-000057,,1108.SPK/BA.17/BA010102/2026,spk-juli-57,Srikandi Baruna 2206,,,Approved,2026-07-13T08:30:00.000Z,,,1108.SPK/BA.17/BA010102/2026,1,sp-juli-672,MAJUN PUTIH,-,100,100,KG,0,10,Permintaan SPK 1108.SPK/BA.17/BA010102/2026
TUG5_TUG6,mr6-tug6-57,MR6-2026-000057,,1108.SPK/BA.17/BA010102/2026,spk-juli-57,Srikandi Baruna 2206,,,Approved,2026-07-13T08:30:00.000Z,,,1108.SPK/BA.17/BA010102/2026,2,sp-juli-673,DEXTONE PLASTIC STEEL EPOXY 5-MINUTE (48GRAM),-,20,20,SET,0,10,Permintaan SPK 1108.SPK/BA.17/BA010102/2026
TUG5_TUG6,mr6-tug6-57,MR6-2026-000057,,1108.SPK/BA.17/BA010102/2026,spk-juli-57,Srikandi Baruna 2206,,,Approved,2026-07-13T08:30:00.000Z,,,1108.SPK/BA.17/BA010102/2026,3,sp-juli-674,YUASA WATER ACCU (1LITER),-,50,50,PCS,0,10,Permintaan SPK 1108.SPK/BA.17/BA010102/2026
TUG5_TUG6,mr6-tug6-57,MR6-2026-000057,,1108.SPK/BA.17/BA010102/2026,spk-juli-57,Srikandi Baruna 2206,,,Approved,2026-07-13T08:30:00.000Z,,,1108.SPK/BA.17/BA010102/2026,4,sp-juli-675,YUASA ZUUR WATER ACCU (1LITER),-,10,10,PCS,0,10,Permintaan SPK 1108.SPK/BA.17/BA010102/2026
TUG5_TUG6,mr6-tug6-57,MR6-2026-000057,,1108.SPK/BA.17/BA010102/2026,spk-juli-57,Srikandi Baruna 2206,,,Approved,2026-07-13T08:30:00.000Z,,,1108.SPK/BA.17/BA010102/2026,5,sp-juli-676,SHELL RADIATOR COOLANT (4LITER),-,20,20,PCS,0,10,Permintaan SPK 1108.SPK/BA.17/BA010102/2026
TUG5_TUG6,mr6-tug6-57,MR6-2026-000057,,1108.SPK/BA.17/BA010102/2026,spk-juli-57,Srikandi Baruna 2206,,,Approved,2026-07-13T08:30:00.000Z,,,1108.SPK/BA.17/BA010102/2026,6,sp-juli-677,BEARING 6205ZZ,-,12,12,PCS,0,10,Permintaan SPK 1108.SPK/BA.17/BA010102/2026
TUG5_TUG6,mr6-tug6-57,MR6-2026-000057,,1108.SPK/BA.17/BA010102/2026,spk-juli-57,Srikandi Baruna 2206,,,Approved,2026-07-13T08:30:00.000Z,,,1108.SPK/BA.17/BA010102/2026,7,sp-juli-678,FUEL FILTER CX0708,-,12,12,PCS,0,10,Permintaan SPK 1108.SPK/BA.17/BA010102/2026
TUG5_TUG6,mr6-tug6-57,MR6-2026-000057,,1108.SPK/BA.17/BA010102/2026,spk-juli-57,Srikandi Baruna 2206,,,Approved,2026-07-13T08:30:00.000Z,,,1108.SPK/BA.17/BA010102/2026,8,sp-juli-679,OIL FILTER JX0810B (WB202),-,12,12,PCS,0,10,Permintaan SPK 1108.SPK/BA.17/BA010102/2026
TUG5_TUG6,mr6-tug6-57,MR6-2026-000057,,1108.SPK/BA.17/BA010102/2026,spk-juli-57,Srikandi Baruna 2206,,,Approved,2026-07-13T08:30:00.000Z,,,1108.SPK/BA.17/BA010102/2026,9,sp-juli-680,OIL FILTER SAKURA C5605,-,12,12,PCS,0,10,Permintaan SPK 1108.SPK/BA.17/BA010102/2026
TUG5_TUG6,mr6-tug6-58,MR6-2026-000058,,1145.SPK/BA.101/BA010102/2026,spk-juli-58,Baruna Power 3301,,,Approved,2026-07-17T08:30:00.000Z,,,1145.SPK/BA.101/BA010102/2026,1,sp-juli-681,ANODE BARUNA POWER 3301,-,58,58,pcs,0,10,Permintaan SPK 1145.SPK/BA.101/BA010102/2026
TUG5_TUG6,mr6-tug6-58,MR6-2026-000058,,1145.SPK/BA.101/BA010102/2026,spk-juli-58,Baruna Power 3301,,,Approved,2026-07-17T08:30:00.000Z,,,1145.SPK/BA.101/BA010102/2026,2,sp-juli-36,DISKON,-,1,1,lot,0,10,Permintaan SPK 1145.SPK/BA.101/BA010102/2026
TUG5_TUG6,mr6-tug6-59,MR6-2026-000059,,1122.SPK/PR.202/BA010102/2026,spk-juli-59,Meutia Baruna,,,Approved,2026-07-20T08:30:00.000Z,,,1122.SPK/PR.202/BA010102/2026,1,sp-juli-682,REWENDING ELMOT,-,1,1,lot,0,10,Permintaan SPK 1122.SPK/PR.202/BA010102/2026
TUG5_TUG6,mr6-tug6-60,MR6-2026-000060,,1147.SPK/BA.17/BA010102/2026,spk-juli-60,Intan Baruna,,,Approved,2026-07-20T08:30:00.000Z,,,1147.SPK/BA.17/BA010102/2026,1,sp-juli-683,NUT OD,-,16,16,pcs,0,10,Permintaan SPK 1147.SPK/BA.17/BA010102/2026
TUG5_TUG6,mr6-tug6-60,MR6-2026-000060,,1147.SPK/BA.17/BA010102/2026,spk-juli-60,Intan Baruna,,,Approved,2026-07-20T08:30:00.000Z,,,1147.SPK/BA.17/BA010102/2026,2,sp-juli-684,LOCK NUT OD,-,8,8,pcs,0,10,Permintaan SPK 1147.SPK/BA.17/BA010102/2026
TUG5_TUG6,mr6-tug6-60,MR6-2026-000060,,1147.SPK/BA.17/BA010102/2026,spk-juli-60,Intan Baruna,,,Approved,2026-07-20T08:30:00.000Z,,,1147.SPK/BA.17/BA010102/2026,3,sp-juli-685,RING OD,-,8,8,pcs,0,10,Permintaan SPK 1147.SPK/BA.17/BA010102/2026
TUG5_TUG6,mr6-tug6-61,MR6-2026-000061,,1127.SPK/BA.17/BA010102/2026,spk-juli-61,Jayanti Baruna,,,Approved,2026-07-15T08:30:00.000Z,,,1127.SPK/BA.17/BA010102/2026,1,sp-juli-686,LAMP HOLDER FOR LED,-,156,156,set,0,10,Permintaan SPK 1127.SPK/BA.17/BA010102/2026
TUG5_TUG6,mr6-tug6-61,MR6-2026-000061,,1127.SPK/BA.17/BA010102/2026,spk-juli-61,Jayanti Baruna,,,Approved,2026-07-15T08:30:00.000Z,,,1127.SPK/BA.17/BA010102/2026,2,sp-juli-687,fuse holder,-,156,156,pcs,0,10,Permintaan SPK 1127.SPK/BA.17/BA010102/2026
TUG5_TUG6,mr6-tug6-61,MR6-2026-000061,,1127.SPK/BA.17/BA010102/2026,spk-juli-61,Jayanti Baruna,,,Approved,2026-07-15T08:30:00.000Z,,,1127.SPK/BA.17/BA010102/2026,3,sp-juli-688,CABLE SINGLE,"UK 0,8",1,1,roll,0,10,Permintaan SPK 1127.SPK/BA.17/BA010102/2026
TUG5_TUG6,mr6-tug6-61,MR6-2026-000061,,1127.SPK/BA.17/BA010102/2026,spk-juli-61,Jayanti Baruna,,,Approved,2026-07-15T08:30:00.000Z,,,1127.SPK/BA.17/BA010102/2026,4,sp-juli-689,CABLE SHOE CONNECT,"UK0,8",200,200,pcs,0,10,Permintaan SPK 1127.SPK/BA.17/BA010102/2026
TUG5_TUG6,mr6-tug6-62,MR6-2026-000062,,1144.SPK/BA.202/BA010102/2026,spk-juli-62,Zalecha Baruna,,,Approved,2026-07-21T08:30:00.000Z,,,1144.SPK/BA.202/BA010102/2026,1,sp-juli-690,JOTUN PILOT STD 257 GREEN 20 LTR,-,50,50,LTR,0,10,Permintaan SPK 1144.SPK/BA.202/BA010102/2026
TUG5_TUG6,mr6-tug6-62,MR6-2026-000062,,1144.SPK/BA.202/BA010102/2026,spk-juli-62,Zalecha Baruna,,,Approved,2026-07-21T08:30:00.000Z,,,1144.SPK/BA.202/BA010102/2026,2,sp-juli-691,HARDTOP BLACK 20 LTR,-,54,54,LTR,0,10,Permintaan SPK 1144.SPK/BA.202/BA010102/2026
TUG5_TUG6,mr6-tug6-62,MR6-2026-000062,,1144.SPK/BA.202/BA010102/2026,spk-juli-62,Zalecha Baruna,,,Approved,2026-07-21T08:30:00.000Z,,,1144.SPK/BA.202/BA010102/2026,3,sp-juli-692,HARDTOP GREY/PILOT 20 LTR,-,54,54,LTR,0,10,Permintaan SPK 1144.SPK/BA.202/BA010102/2026
TUG5_TUG6,mr6-tug6-62,MR6-2026-000062,,1144.SPK/BA.202/BA010102/2026,spk-juli-62,Zalecha Baruna,,,Approved,2026-07-21T08:30:00.000Z,,,1144.SPK/BA.202/BA010102/2026,4,sp-juli-693,HARDTOP YELLOW 258/PILOT 20 LTR,-,50,50,LTR,0,10,Permintaan SPK 1144.SPK/BA.202/BA010102/2026
TUG5_TUG6,mr6-tug6-62,MR6-2026-000062,,1144.SPK/BA.202/BA010102/2026,spk-juli-62,Zalecha Baruna,,,Approved,2026-07-21T08:30:00.000Z,,,1144.SPK/BA.202/BA010102/2026,5,sp-juli-694,PILOT RED 20 LTR,-,50,50,LTR,0,10,Permintaan SPK 1144.SPK/BA.202/BA010102/2026
TUG5_TUG6,mr6-tug6-62,MR6-2026-000062,,1144.SPK/BA.202/BA010102/2026,spk-juli-62,Zalecha Baruna,,,Approved,2026-07-21T08:30:00.000Z,,,1144.SPK/BA.202/BA010102/2026,6,sp-juli-695,PILOT GREEN 437 50 LTR,-,50,50,LTR,0,10,Permintaan SPK 1144.SPK/BA.202/BA010102/2026
TUG5_TUG6,mr6-tug6-62,MR6-2026-000062,,1144.SPK/BA.202/BA010102/2026,spk-juli-62,Zalecha Baruna,,,Approved,2026-07-21T08:30:00.000Z,,,1144.SPK/BA.202/BA010102/2026,7,sp-juli-696,HARDTOP WHITE 100 LTR,-,99,99,LTR,0,10,Permintaan SPK 1144.SPK/BA.202/BA010102/2026
TUG5_TUG6,mr6-tug6-62,MR6-2026-000062,,1144.SPK/BA.202/BA010102/2026,spk-juli-62,Zalecha Baruna,,,Approved,2026-07-21T08:30:00.000Z,,,1144.SPK/BA.202/BA010102/2026,8,sp-juli-697,PILOT BLUE 20 LTR,-,20,20,LTR,0,10,Permintaan SPK 1144.SPK/BA.202/BA010102/2026
TUG5_TUG6,mr6-tug6-62,MR6-2026-000062,,1144.SPK/BA.202/BA010102/2026,spk-juli-62,Zalecha Baruna,,,Approved,2026-07-21T08:30:00.000Z,,,1144.SPK/BA.202/BA010102/2026,9,sp-juli-698,HARDTOP SMART PACK RAL3000 5L,-,54,54,LTR,0,10,Permintaan SPK 1144.SPK/BA.202/BA010102/2026
TUG5_TUG6,mr6-tug6-62,MR6-2026-000062,,1144.SPK/BA.202/BA010102/2026,spk-juli-62,Zalecha Baruna,,,Approved,2026-07-21T08:30:00.000Z,,,1144.SPK/BA.202/BA010102/2026,10,sp-juli-699,JOTAMASTIC 90 STD049 A 16 L YELLOW,-,100,100,LTR,0,10,Permintaan SPK 1144.SPK/BA.202/BA010102/2026
TUG5_TUG6,mr6-tug6-62,MR6-2026-000062,,1144.SPK/BA.202/BA010102/2026,spk-juli-62,Zalecha Baruna,,,Approved,2026-07-21T08:30:00.000Z,,,1144.SPK/BA.202/BA010102/2026,11,sp-juli-700,HARDTOP SMART PACK STD137 GREEN (3) A 5L,-,54,54,LTR,0,10,Permintaan SPK 1144.SPK/BA.202/BA010102/2026
TUG5_TUG6,mr6-tug6-62,MR6-2026-000062,,1144.SPK/BA.202/BA010102/2026,spk-juli-62,Zalecha Baruna,,,Approved,2026-07-21T08:30:00.000Z,,,1144.SPK/BA.202/BA010102/2026,12,sp-juli-701,HARDTOP SMART PACK WHITE 5L,-,54,54,LTR,0,10,Permintaan SPK 1144.SPK/BA.202/BA010102/2026
TUG5_TUG6,mr6-tug6-62,MR6-2026-000062,,1144.SPK/BA.202/BA010102/2026,spk-juli-62,Zalecha Baruna,,,Approved,2026-07-21T08:30:00.000Z,,,1144.SPK/BA.202/BA010102/2026,13,sp-juli-702,HARDTOP SMART PACK BLACK (3) A 5L,-,54,54,LTR,0,10,Permintaan SPK 1144.SPK/BA.202/BA010102/2026
TUG5_TUG6,mr6-tug6-62,MR6-2026-000062,,1144.SPK/BA.202/BA010102/2026,spk-juli-62,Zalecha Baruna,,,Approved,2026-07-21T08:30:00.000Z,,,1144.SPK/BA.202/BA010102/2026,14,sp-juli-703,HIJAU LANTAI CS-514,-,100,100,LTR,0,10,Permintaan SPK 1144.SPK/BA.202/BA010102/2026
TUG5_TUG6,mr6-tug6-62,MR6-2026-000062,,1144.SPK/BA.202/BA010102/2026,spk-juli-62,Zalecha Baruna,,,Approved,2026-07-21T08:30:00.000Z,,,1144.SPK/BA.202/BA010102/2026,15,sp-juli-704,HIJAU MESIN CS-632,-,60,60,LTR,0,10,Permintaan SPK 1144.SPK/BA.202/BA010102/2026
TUG5_TUG6,mr6-tug6-62,MR6-2026-000062,,1144.SPK/BA.202/BA010102/2026,spk-juli-62,Zalecha Baruna,,,Approved,2026-07-21T08:30:00.000Z,,,1144.SPK/BA.202/BA010102/2026,16,sp-juli-705,PUTIH 1A,-,120,120,LTR,0,10,Permintaan SPK 1144.SPK/BA.202/BA010102/2026
TUG5_TUG6,mr6-tug6-62,MR6-2026-000062,,1144.SPK/BA.202/BA010102/2026,spk-juli-62,Zalecha Baruna,,,Approved,2026-07-21T08:30:00.000Z,,,1144.SPK/BA.202/BA010102/2026,17,sp-juli-706,SILVER/ALUMINIUM (HEAT RESISTANT),-,20,20,LTR,0,10,Permintaan SPK 1144.SPK/BA.202/BA010102/2026
TUG5_TUG6,mr6-tug6-62,MR6-2026-000062,,1144.SPK/BA.202/BA010102/2026,spk-juli-62,Zalecha Baruna,,,Approved,2026-07-21T08:30:00.000Z,,,1144.SPK/BA.202/BA010102/2026,18,sp-juli-707,KUNING CS-620,-,20,20,LTR,0,10,Permintaan SPK 1144.SPK/BA.202/BA010102/2026
TUG5_TUG6,mr6-tug6-62,MR6-2026-000062,,1144.SPK/BA.202/BA010102/2026,spk-juli-62,Zalecha Baruna,,,Approved,2026-07-21T08:30:00.000Z,,,1144.SPK/BA.202/BA010102/2026,19,sp-juli-708,ABU-ABU,-,20,20,LTR,0,10,Permintaan SPK 1144.SPK/BA.202/BA010102/2026
TUG5_TUG6,mr6-tug6-62,MR6-2026-000062,,1144.SPK/BA.202/BA010102/2026,spk-juli-62,Zalecha Baruna,,,Approved,2026-07-21T08:30:00.000Z,,,1144.SPK/BA.202/BA010102/2026,20,sp-juli-709,BIRU 0138,-,10,10,LTR,0,10,Permintaan SPK 1144.SPK/BA.202/BA010102/2026
TUG5_TUG6,mr6-tug6-62,MR6-2026-000062,,1144.SPK/BA.202/BA010102/2026,spk-juli-62,Zalecha Baruna,,,Approved,2026-07-21T08:30:00.000Z,,,1144.SPK/BA.202/BA010102/2026,21,sp-juli-710,HITAM,-,20,20,LTR,0,10,Permintaan SPK 1144.SPK/BA.202/BA010102/2026
TUG5_TUG6,mr6-tug6-62,MR6-2026-000062,,1144.SPK/BA.202/BA010102/2026,spk-juli-62,Zalecha Baruna,,,Approved,2026-07-21T08:30:00.000Z,,,1144.SPK/BA.202/BA010102/2026,22,sp-juli-711,MERAH 3A,-,10,10,LTR,0,10,Permintaan SPK 1144.SPK/BA.202/BA010102/2026
TUG5_TUG6,mr6-tug6-62,MR6-2026-000062,,1144.SPK/BA.202/BA010102/2026,spk-juli-62,Zalecha Baruna,,,Approved,2026-07-21T08:30:00.000Z,,,1144.SPK/BA.202/BA010102/2026,23,sp-juli-712,JOTAMASTIC SMARTP HB RED A 5L,-,60,60,LTR,0,10,Permintaan SPK 1144.SPK/BA.202/BA010102/2026
TUG5_TUG6,mr6-tug6-63,MR6-2026-000063,,1142.SPK/BA.202/BA010102/2026,spk-juli-63,Walidah Baruna,,,Approved,2026-07-16T08:30:00.000Z,,,1142.SPK/BA.202/BA010102/2026,1,sp-juli-713,Chain block (3 Ton),-,2,2,Set,0,10,Permintaan SPK 1142.SPK/BA.202/BA010102/2026
TUG5_TUG6,mr6-tug6-63,MR6-2026-000063,,1142.SPK/BA.202/BA010102/2026,spk-juli-63,Walidah Baruna,,,Approved,2026-07-16T08:30:00.000Z,,,1142.SPK/BA.202/BA010102/2026,2,sp-juli-714,Water Jet Cleaner,-,1,1,Set,0,10,Permintaan SPK 1142.SPK/BA.202/BA010102/2026
TUG5_TUG6,mr6-tug6-63,MR6-2026-000063,,1142.SPK/BA.202/BA010102/2026,spk-juli-63,Walidah Baruna,,,Approved,2026-07-16T08:30:00.000Z,,,1142.SPK/BA.202/BA010102/2026,3,sp-juli-715,"Electric Scalling Machine (Belalai Listrik), Full set",-,1,1,Set,0,10,Permintaan SPK 1142.SPK/BA.202/BA010102/2026
TUG5_TUG6,mr6-tug6-63,MR6-2026-000063,,1142.SPK/BA.202/BA010102/2026,spk-juli-63,Walidah Baruna,,,Approved,2026-07-16T08:30:00.000Z,,,1142.SPK/BA.202/BA010102/2026,4,sp-juli-716,Pneumatic Jet Hammer,-,2,2,Set,0,10,Permintaan SPK 1142.SPK/BA.202/BA010102/2026
TUG5_TUG6,mr6-tug6-63,MR6-2026-000063,,1142.SPK/BA.202/BA010102/2026,spk-juli-63,Walidah Baruna,,,Approved,2026-07-16T08:30:00.000Z,,,1142.SPK/BA.202/BA010102/2026,5,sp-juli-717,Kabel Roll (Heavy Duty) 25 mtr,-,1,1,Set,0,10,Permintaan SPK 1142.SPK/BA.202/BA010102/2026
TUG5_TUG6,mr6-tug6-63,MR6-2026-000063,,1142.SPK/BA.202/BA010102/2026,spk-juli-63,Walidah Baruna,,,Approved,2026-07-16T08:30:00.000Z,,,1142.SPK/BA.202/BA010102/2026,6,sp-juli-718,"Obeng ( + ), medium size",-,3,3,Pcs,0,10,Permintaan SPK 1142.SPK/BA.202/BA010102/2026
TUG5_TUG6,mr6-tug6-63,MR6-2026-000063,,1142.SPK/BA.202/BA010102/2026,spk-juli-63,Walidah Baruna,,,Approved,2026-07-16T08:30:00.000Z,,,1142.SPK/BA.202/BA010102/2026,7,sp-juli-719,"Obeng ( - ), medium size",-,3,3,Pcs,0,10,Permintaan SPK 1142.SPK/BA.202/BA010102/2026
TUG5_TUG6,mr6-tug6-63,MR6-2026-000063,,1142.SPK/BA.202/BA010102/2026,spk-juli-63,Walidah Baruna,,,Approved,2026-07-16T08:30:00.000Z,,,1142.SPK/BA.202/BA010102/2026,8,sp-juli-720,Meteran ( 50 mtr ),-,3,3,Pcs,0,10,Permintaan SPK 1142.SPK/BA.202/BA010102/2026
TUG5_TUG6,mr6-tug6-63,MR6-2026-000063,,1142.SPK/BA.202/BA010102/2026,spk-juli-63,Walidah Baruna,,,Approved,2026-07-16T08:30:00.000Z,,,1142.SPK/BA.202/BA010102/2026,9,sp-juli-721,Kunci L bintang,-,1,1,Set,0,10,Permintaan SPK 1142.SPK/BA.202/BA010102/2026
TUG5_TUG6,mr6-tug6-63,MR6-2026-000063,,1142.SPK/BA.202/BA010102/2026,spk-juli-63,Walidah Baruna,,,Approved,2026-07-16T08:30:00.000Z,,,1142.SPK/BA.202/BA010102/2026,10,sp-juli-722,Kunci Shock,-,1,1,Set,0,10,Permintaan SPK 1142.SPK/BA.202/BA010102/2026
TUG5_TUG6,mr6-tug6-63,MR6-2026-000063,,1142.SPK/BA.202/BA010102/2026,spk-juli-63,Walidah Baruna,,,Approved,2026-07-16T08:30:00.000Z,,,1142.SPK/BA.202/BA010102/2026,11,sp-juli-723,Mata Bor,-,1,1,Set,0,10,Permintaan SPK 1142.SPK/BA.202/BA010102/2026
TUG5_TUG6,mr6-tug6-63,MR6-2026-000063,,1142.SPK/BA.202/BA010102/2026,spk-juli-63,Walidah Baruna,,,Approved,2026-07-16T08:30:00.000Z,,,1142.SPK/BA.202/BA010102/2026,12,sp-juli-724,"Shackle, small",-,10,10,Pcs,0,10,Permintaan SPK 1142.SPK/BA.202/BA010102/2026
TUG5_TUG6,mr6-tug6-63,MR6-2026-000063,,1142.SPK/BA.202/BA010102/2026,spk-juli-63,Walidah Baruna,,,Approved,2026-07-16T08:30:00.000Z,,,1142.SPK/BA.202/BA010102/2026,13,sp-juli-725,Sekop kecil,-,5,5,Pcs,0,10,Permintaan SPK 1142.SPK/BA.202/BA010102/2026
TUG5_TUG6,mr6-tug6-63,MR6-2026-000063,,1142.SPK/BA.202/BA010102/2026,spk-juli-63,Walidah Baruna,,,Approved,2026-07-16T08:30:00.000Z,,,1142.SPK/BA.202/BA010102/2026,14,sp-juli-726,Scrap,-,10,10,Pcs,0,10,Permintaan SPK 1142.SPK/BA.202/BA010102/2026
TUG5_TUG6,mr6-tug6-63,MR6-2026-000063,,1142.SPK/BA.202/BA010102/2026,spk-juli-63,Walidah Baruna,,,Approved,2026-07-16T08:30:00.000Z,,,1142.SPK/BA.202/BA010102/2026,15,sp-juli-727,Tang Jepit,-,3,3,Pcs,0,10,Permintaan SPK 1142.SPK/BA.202/BA010102/2026
TUG5_TUG6,mr6-tug6-63,MR6-2026-000063,,1142.SPK/BA.202/BA010102/2026,spk-juli-63,Walidah Baruna,,,Approved,2026-07-16T08:30:00.000Z,,,1142.SPK/BA.202/BA010102/2026,16,sp-juli-728,Tang Buaya,-,3,3,Pcs,0,10,Permintaan SPK 1142.SPK/BA.202/BA010102/2026
TUG5_TUG6,mr6-tug6-63,MR6-2026-000063,,1142.SPK/BA.202/BA010102/2026,spk-juli-63,Walidah Baruna,,,Approved,2026-07-16T08:30:00.000Z,,,1142.SPK/BA.202/BA010102/2026,17,sp-juli-729,Mapring Besi,-,3,3,Pcs,0,10,Permintaan SPK 1142.SPK/BA.202/BA010102/2026
TUG5_TUG6,mr6-tug6-63,MR6-2026-000063,,1142.SPK/BA.202/BA010102/2026,spk-juli-63,Walidah Baruna,,,Approved,2026-07-16T08:30:00.000Z,,,1142.SPK/BA.202/BA010102/2026,18,sp-juli-730,Mapring Kayu,-,3,3,Pcs,0,10,Permintaan SPK 1142.SPK/BA.202/BA010102/2026
TUG5_TUG6,mr6-tug6-63,MR6-2026-000063,,1142.SPK/BA.202/BA010102/2026,spk-juli-63,Walidah Baruna,,,Approved,2026-07-16T08:30:00.000Z,,,1142.SPK/BA.202/BA010102/2026,19,sp-juli-731,Tang Kombinasi,-,3,3,Pcs,0,10,Permintaan SPK 1142.SPK/BA.202/BA010102/2026
TUG5_TUG6,mr6-tug6-63,MR6-2026-000063,,1142.SPK/BA.202/BA010102/2026,spk-juli-63,Walidah Baruna,,,Approved,2026-07-16T08:30:00.000Z,,,1142.SPK/BA.202/BA010102/2026,20,sp-juli-732,Gergaji Besi + Handle,-,3,3,Pcs,0,10,Permintaan SPK 1142.SPK/BA.202/BA010102/2026
TUG5_TUG6,mr6-tug6-63,MR6-2026-000063,,1142.SPK/BA.202/BA010102/2026,spk-juli-63,Walidah Baruna,,,Approved,2026-07-16T08:30:00.000Z,,,1142.SPK/BA.202/BA010102/2026,21,sp-juli-733,"Selang air 1/2 inch, 50 mtr",-,1,1,Roll,0,10,Permintaan SPK 1142.SPK/BA.202/BA010102/2026
TUG5_TUG6,mr6-tug6-63,MR6-2026-000063,,1142.SPK/BA.202/BA010102/2026,spk-juli-63,Walidah Baruna,,,Approved,2026-07-16T08:30:00.000Z,,,1142.SPK/BA.202/BA010102/2026,22,sp-juli-734,"Kuku macan besar, 32mm",-,12,12,Pcs,0,10,Permintaan SPK 1142.SPK/BA.202/BA010102/2026
TUG5_TUG6,mr6-tug6-63,MR6-2026-000063,,1142.SPK/BA.202/BA010102/2026,spk-juli-63,Walidah Baruna,,,Approved,2026-07-16T08:30:00.000Z,,,1142.SPK/BA.202/BA010102/2026,23,sp-juli-735,Kunci T,-,1,1,Set,0,10,Permintaan SPK 1142.SPK/BA.202/BA010102/2026
TUG5_TUG6,mr6-tug6-63,MR6-2026-000063,,1142.SPK/BA.202/BA010102/2026,spk-juli-63,Walidah Baruna,,,Approved,2026-07-16T08:30:00.000Z,,,1142.SPK/BA.202/BA010102/2026,24,sp-juli-736,Impact,-,1,1,Set,0,10,Permintaan SPK 1142.SPK/BA.202/BA010102/2026
TUG5_TUG6,mr6-tug6-63,MR6-2026-000063,,1142.SPK/BA.202/BA010102/2026,spk-juli-63,Walidah Baruna,,,Approved,2026-07-16T08:30:00.000Z,,,1142.SPK/BA.202/BA010102/2026,25,sp-juli-737,Sapu plastik,-,24,24,Pcs,0,10,Permintaan SPK 1142.SPK/BA.202/BA010102/2026
TUG5_TUG6,mr6-tug6-63,MR6-2026-000063,,1142.SPK/BA.202/BA010102/2026,spk-juli-63,Walidah Baruna,,,Approved,2026-07-16T08:30:00.000Z,,,1142.SPK/BA.202/BA010102/2026,26,sp-juli-738,Belting 10 T,-,2,2,Pcs,0,10,Permintaan SPK 1142.SPK/BA.202/BA010102/2026
TUG5_TUG6,mr6-tug6-63,MR6-2026-000063,,1142.SPK/BA.202/BA010102/2026,spk-juli-63,Walidah Baruna,,,Approved,2026-07-16T08:30:00.000Z,,,1142.SPK/BA.202/BA010102/2026,27,sp-juli-739,Karet ban dalam,-,12,12,Pcs,0,10,Permintaan SPK 1142.SPK/BA.202/BA010102/2026
TUG5_TUG6,mr6-tug6-63,MR6-2026-000063,,1142.SPK/BA.202/BA010102/2026,spk-juli-63,Walidah Baruna,,,Approved,2026-07-16T08:30:00.000Z,,,1142.SPK/BA.202/BA010102/2026,28,sp-juli-740,"Electric Vacuum Cleaner, 110V",17-46-71,2,2,Set,0,10,Permintaan SPK 1142.SPK/BA.202/BA010102/2026
TUG5_TUG6,mr6-tug6-63,MR6-2026-000063,,1142.SPK/BA.202/BA010102/2026,spk-juli-63,Walidah Baruna,,,Approved,2026-07-16T08:30:00.000Z,,,1142.SPK/BA.202/BA010102/2026,29,sp-juli-741,"High Pressure Water Jet, Krisbow",-,1,1,Set,0,10,Permintaan SPK 1142.SPK/BA.202/BA010102/2026
TUG5_TUG6,mr6-tug6-63,MR6-2026-000063,,1142.SPK/BA.202/BA010102/2026,spk-juli-63,Walidah Baruna,,,Approved,2026-07-16T08:30:00.000Z,,,1142.SPK/BA.202/BA010102/2026,30,sp-juli-742,Ironing / Setrika Philiips,-,3,3,Pcs,0,10,Permintaan SPK 1142.SPK/BA.202/BA010102/2026
TUG5_TUG6,mr6-tug6-63,MR6-2026-000063,,1142.SPK/BA.202/BA010102/2026,spk-juli-63,Walidah Baruna,,,Approved,2026-07-16T08:30:00.000Z,,,1142.SPK/BA.202/BA010102/2026,31,sp-juli-743,"AC, Standing",-,1,1,Pcs,0,10,Permintaan SPK 1142.SPK/BA.202/BA010102/2026
TUG5_TUG6,mr6-tug6-63,MR6-2026-000063,,1142.SPK/BA.202/BA010102/2026,spk-juli-63,Walidah Baruna,,,Approved,2026-07-16T08:30:00.000Z,,,1142.SPK/BA.202/BA010102/2026,32,sp-juli-744,Ice maker,-,1,1,Pcs,0,10,Permintaan SPK 1142.SPK/BA.202/BA010102/2026
TUG5_TUG6,mr6-tug6-63,MR6-2026-000063,,1142.SPK/BA.202/BA010102/2026,spk-juli-63,Walidah Baruna,,,Approved,2026-07-16T08:30:00.000Z,,,1142.SPK/BA.202/BA010102/2026,33,sp-juli-745,"Android TV, 55 inch",-,2,2,Pcs,0,10,Permintaan SPK 1142.SPK/BA.202/BA010102/2026
TUG5_TUG6,mr6-tug6-63,MR6-2026-000063,,1142.SPK/BA.202/BA010102/2026,spk-juli-63,Walidah Baruna,,,Approved,2026-07-16T08:30:00.000Z,,,1142.SPK/BA.202/BA010102/2026,34,sp-juli-746,Regular Noodle Bowl / Mangkok Sup,17-31-31,24,24,Pcs,0,10,Permintaan SPK 1142.SPK/BA.202/BA010102/2026
TUG5_TUG6,mr6-tug6-63,MR6-2026-000063,,1142.SPK/BA.202/BA010102/2026,spk-juli-63,Walidah Baruna,,,Approved,2026-07-16T08:30:00.000Z,,,1142.SPK/BA.202/BA010102/2026,35,sp-juli-747,Table Spoon / Sendok Makan,17-01-03,24,24,Pcs,0,10,Permintaan SPK 1142.SPK/BA.202/BA010102/2026
TUG5_TUG6,mr6-tug6-63,MR6-2026-000063,,1142.SPK/BA.202/BA010102/2026,spk-juli-63,Walidah Baruna,,,Approved,2026-07-16T08:30:00.000Z,,,1142.SPK/BA.202/BA010102/2026,36,sp-juli-748,Table Fork / Garpu Makan,17-01-02,24,24,Pcs,0,10,Permintaan SPK 1142.SPK/BA.202/BA010102/2026
TUG5_TUG6,mr6-tug6-63,MR6-2026-000063,,1142.SPK/BA.202/BA010102/2026,spk-juli-63,Walidah Baruna,,,Approved,2026-07-16T08:30:00.000Z,,,1142.SPK/BA.202/BA010102/2026,37,sp-juli-749,Dinner Plate / Piring Makan,17-03-10,24,24,Pcs,0,10,Permintaan SPK 1142.SPK/BA.202/BA010102/2026
TUG5_TUG6,mr6-tug6-63,MR6-2026-000063,,1142.SPK/BA.202/BA010102/2026,spk-juli-63,Walidah Baruna,,,Approved,2026-07-16T08:30:00.000Z,,,1142.SPK/BA.202/BA010102/2026,38,sp-juli-750,Mug / Gelas Kopi,17-03-37,24,24,Pcs,0,10,Permintaan SPK 1142.SPK/BA.202/BA010102/2026
TUG5_TUG6,mr6-tug6-63,MR6-2026-000063,,1142.SPK/BA.202/BA010102/2026,spk-juli-63,Walidah Baruna,,,Approved,2026-07-16T08:30:00.000Z,,,1142.SPK/BA.202/BA010102/2026,39,sp-juli-751,Disposable Cup / Gelas Kertas @10s,17-06-82,25,25,Pack,0,10,Permintaan SPK 1142.SPK/BA.202/BA010102/2026
TUG5_TUG6,mr6-tug6-63,MR6-2026-000063,,1142.SPK/BA.202/BA010102/2026,spk-juli-63,Walidah Baruna,,,Approved,2026-07-16T08:30:00.000Z,,,1142.SPK/BA.202/BA010102/2026,40,sp-juli-752,Aluminium Boiling Pans,17-32-01,2,2,Pcs,0,10,Permintaan SPK 1142.SPK/BA.202/BA010102/2026
TUG5_TUG6,mr6-tug6-63,MR6-2026-000063,,1142.SPK/BA.202/BA010102/2026,spk-juli-63,Walidah Baruna,,,Approved,2026-07-16T08:30:00.000Z,,,1142.SPK/BA.202/BA010102/2026,41,sp-juli-753,Computer Set ( Monitor + Mini PC + Wireless Keyboard + Wireless Mouse ),-,3,3,Set,0,10,Permintaan SPK 1142.SPK/BA.202/BA010102/2026
TUG5_TUG6,mr6-tug6-63,MR6-2026-000063,,1142.SPK/BA.202/BA010102/2026,spk-juli-63,Walidah Baruna,,,Approved,2026-07-16T08:30:00.000Z,,,1142.SPK/BA.202/BA010102/2026,42,sp-juli-754,"Laptop, 14 inch",-,1,1,Set,0,10,Permintaan SPK 1142.SPK/BA.202/BA010102/2026
TUG5_TUG6,mr6-tug6-63,MR6-2026-000063,,1142.SPK/BA.202/BA010102/2026,spk-juli-63,Walidah Baruna,,,Approved,2026-07-16T08:30:00.000Z,,,1142.SPK/BA.202/BA010102/2026,43,sp-juli-755,Walkie Talkie Radio Motorolla VHF Frequencies,-,6,6,Set,0,10,Permintaan SPK 1142.SPK/BA.202/BA010102/2026
TUG5_TUG6,mr6-tug6-63,MR6-2026-000063,,1142.SPK/BA.202/BA010102/2026,spk-juli-63,Walidah Baruna,,,Approved,2026-07-16T08:30:00.000Z,,,1142.SPK/BA.202/BA010102/2026,44,sp-juli-756,Printer EPSON L3210 EcoTank,-,3,3,Set,0,10,Permintaan SPK 1142.SPK/BA.202/BA010102/2026
TUG5_TUG6,mr6-tug6-63,MR6-2026-000063,,1142.SPK/BA.202/BA010102/2026,spk-juli-63,Walidah Baruna,,,Approved,2026-07-16T08:30:00.000Z,,,1142.SPK/BA.202/BA010102/2026,45,sp-juli-757,"Refill Ink for EPSON Printer, Black",-,10,10,Bottle,0,10,Permintaan SPK 1142.SPK/BA.202/BA010102/2026
TUG5_TUG6,mr6-tug6-63,MR6-2026-000063,,1142.SPK/BA.202/BA010102/2026,spk-juli-63,Walidah Baruna,,,Approved,2026-07-16T08:30:00.000Z,,,1142.SPK/BA.202/BA010102/2026,46,sp-juli-758,"Refill Ink for EPSON Printer, Magenta",-,3,3,Bottle,0,10,Permintaan SPK 1142.SPK/BA.202/BA010102/2026
TUG5_TUG6,mr6-tug6-63,MR6-2026-000063,,1142.SPK/BA.202/BA010102/2026,spk-juli-63,Walidah Baruna,,,Approved,2026-07-16T08:30:00.000Z,,,1142.SPK/BA.202/BA010102/2026,47,sp-juli-759,"Refill Ink for EPSON Printer, Cyan",-,3,3,Bottle,0,10,Permintaan SPK 1142.SPK/BA.202/BA010102/2026
TUG5_TUG6,mr6-tug6-63,MR6-2026-000063,,1142.SPK/BA.202/BA010102/2026,spk-juli-63,Walidah Baruna,,,Approved,2026-07-16T08:30:00.000Z,,,1142.SPK/BA.202/BA010102/2026,48,sp-juli-760,"Refill Ink for EPSON Printer, Yellow",-,3,3,Bottle,0,10,Permintaan SPK 1142.SPK/BA.202/BA010102/2026
TUG5_TUG6,mr6-tug6-63,MR6-2026-000063,,1142.SPK/BA.202/BA010102/2026,spk-juli-63,Walidah Baruna,,,Approved,2026-07-16T08:30:00.000Z,,,1142.SPK/BA.202/BA010102/2026,49,sp-juli-761,Backpack for Document / Tas Dokumen,-,1,1,Pcs,0,10,Permintaan SPK 1142.SPK/BA.202/BA010102/2026
TUG5_TUG6,mr6-tug6-63,MR6-2026-000063,,1142.SPK/BA.202/BA010102/2026,spk-juli-63,Walidah Baruna,,,Approved,2026-07-16T08:30:00.000Z,,,1142.SPK/BA.202/BA010102/2026,50,sp-juli-762,"Ballpoint, Regular, Black",47-06-03,4,4,Box,0,10,Permintaan SPK 1142.SPK/BA.202/BA010102/2026
TUG5_TUG6,mr6-tug6-63,MR6-2026-000063,,1142.SPK/BA.202/BA010102/2026,spk-juli-63,Walidah Baruna,,,Approved,2026-07-16T08:30:00.000Z,,,1142.SPK/BA.202/BA010102/2026,51,sp-juli-763,"Ballpoint, Regular, Blue",47-06-01,2,2,Box,0,10,Permintaan SPK 1142.SPK/BA.202/BA010102/2026
TUG5_TUG6,mr6-tug6-63,MR6-2026-000063,,1142.SPK/BA.202/BA010102/2026,spk-juli-63,Walidah Baruna,,,Approved,2026-07-16T08:30:00.000Z,,,1142.SPK/BA.202/BA010102/2026,52,sp-juli-764,"Ballpoint, Regular, Red",47-06-02,1,1,Box,0,10,Permintaan SPK 1142.SPK/BA.202/BA010102/2026
TUG5_TUG6,mr6-tug6-63,MR6-2026-000063,,1142.SPK/BA.202/BA010102/2026,spk-juli-63,Walidah Baruna,,,Approved,2026-07-16T08:30:00.000Z,,,1142.SPK/BA.202/BA010102/2026,53,sp-juli-765,"Plain Paper A4, 70gsm",47-21-86,30,30,Rim,0,10,Permintaan SPK 1142.SPK/BA.202/BA010102/2026
TUG5_TUG6,mr6-tug6-63,MR6-2026-000063,,1142.SPK/BA.202/BA010102/2026,spk-juli-63,Walidah Baruna,,,Approved,2026-07-16T08:30:00.000Z,,,1142.SPK/BA.202/BA010102/2026,54,sp-juli-766,"White Paper Envelopes, small",47-04-51,5,5,Box,0,10,Permintaan SPK 1142.SPK/BA.202/BA010102/2026
TUG5_TUG6,mr6-tug6-63,MR6-2026-000063,,1142.SPK/BA.202/BA010102/2026,spk-juli-63,Walidah Baruna,,,Approved,2026-07-16T08:30:00.000Z,,,1142.SPK/BA.202/BA010102/2026,55,sp-juli-767,"Hard Cover Letter File (BANTEX), Tebal, A4",47-02-01,30,30,Pcs,0,10,Permintaan SPK 1142.SPK/BA.202/BA010102/2026
TUG5_TUG6,mr6-tug6-63,MR6-2026-000063,,1142.SPK/BA.202/BA010102/2026,spk-juli-63,Walidah Baruna,,,Approved,2026-07-16T08:30:00.000Z,,,1142.SPK/BA.202/BA010102/2026,56,sp-juli-768,"Cellphone Tape, 12 mm",47-12-51,12,12,Roll,0,10,Permintaan SPK 1142.SPK/BA.202/BA010102/2026
TUG5_TUG6,mr6-tug6-63,MR6-2026-000063,,1142.SPK/BA.202/BA010102/2026,spk-juli-63,Walidah Baruna,,,Approved,2026-07-16T08:30:00.000Z,,,1142.SPK/BA.202/BA010102/2026,57,sp-juli-769,"Cellphone Tape, 50 mm",-,12,12,Roll,0,10,Permintaan SPK 1142.SPK/BA.202/BA010102/2026
TUG5_TUG6,mr6-tug6-63,MR6-2026-000063,,1142.SPK/BA.202/BA010102/2026,spk-juli-63,Walidah Baruna,,,Approved,2026-07-16T08:30:00.000Z,,,1142.SPK/BA.202/BA010102/2026,58,sp-juli-770,"Double Side Tape Gummed, 15 MM",47-12-68,24,24,Roll,0,10,Permintaan SPK 1142.SPK/BA.202/BA010102/2026
TUG5_TUG6,mr6-tug6-63,MR6-2026-000063,,1142.SPK/BA.202/BA010102/2026,spk-juli-63,Walidah Baruna,,,Approved,2026-07-16T08:30:00.000Z,,,1142.SPK/BA.202/BA010102/2026,59,sp-juli-771,"Double Side Tape Gummed, 50 MM",47-12-70,24,24,Rim,0,10,Permintaan SPK 1142.SPK/BA.202/BA010102/2026
TUG5_TUG6,mr6-tug6-63,MR6-2026-000063,,1142.SPK/BA.202/BA010102/2026,spk-juli-63,Walidah Baruna,,,Approved,2026-07-16T08:30:00.000Z,,,1142.SPK/BA.202/BA010102/2026,60,sp-juli-772,Scientific Calculator,47-18-51,2,2,Pcs,0,10,Permintaan SPK 1142.SPK/BA.202/BA010102/2026
TUG5_TUG6,mr6-tug6-63,MR6-2026-000063,,1142.SPK/BA.202/BA010102/2026,spk-juli-63,Walidah Baruna,,,Approved,2026-07-16T08:30:00.000Z,,,1142.SPK/BA.202/BA010102/2026,61,sp-juli-773,Simple / Common Calculator,47-18-16,2,2,Pcs,0,10,Permintaan SPK 1142.SPK/BA.202/BA010102/2026
TUG5_TUG6,mr6-tug6-63,MR6-2026-000063,,1142.SPK/BA.202/BA010102/2026,spk-juli-63,Walidah Baruna,,,Approved,2026-07-16T08:30:00.000Z,,,1142.SPK/BA.202/BA010102/2026,62,sp-juli-774,"Paint Marker, BLACK",-,2,2,Box,0,10,Permintaan SPK 1142.SPK/BA.202/BA010102/2026
TUG5_TUG6,mr6-tug6-63,MR6-2026-000063,,1142.SPK/BA.202/BA010102/2026,spk-juli-63,Walidah Baruna,,,Approved,2026-07-16T08:30:00.000Z,,,1142.SPK/BA.202/BA010102/2026,63,sp-juli-775,"Paint Marker, WHITE",-,2,2,Box,0,10,Permintaan SPK 1142.SPK/BA.202/BA010102/2026
TUG5_TUG6,mr6-tug6-63,MR6-2026-000063,,1142.SPK/BA.202/BA010102/2026,spk-juli-63,Walidah Baruna,,,Approved,2026-07-16T08:30:00.000Z,,,1142.SPK/BA.202/BA010102/2026,64,sp-juli-776,"White Board Marker, Black",47-16-48,2,2,Box,0,10,Permintaan SPK 1142.SPK/BA.202/BA010102/2026
TUG5_TUG6,mr6-tug6-63,MR6-2026-000063,,1142.SPK/BA.202/BA010102/2026,spk-juli-63,Walidah Baruna,,,Approved,2026-07-16T08:30:00.000Z,,,1142.SPK/BA.202/BA010102/2026,65,sp-juli-777,"White Board Marker, Blue",47-16-45,2,2,Box,0,10,Permintaan SPK 1142.SPK/BA.202/BA010102/2026
TUG5_TUG6,mr6-tug6-63,MR6-2026-000063,,1142.SPK/BA.202/BA010102/2026,spk-juli-63,Walidah Baruna,,,Approved,2026-07-16T08:30:00.000Z,,,1142.SPK/BA.202/BA010102/2026,66,sp-juli-778,"Permanent Marker, Black",47-06-43,2,2,Box,0,10,Permintaan SPK 1142.SPK/BA.202/BA010102/2026
TUG5_TUG6,mr6-tug6-63,MR6-2026-000063,,1142.SPK/BA.202/BA010102/2026,spk-juli-63,Walidah Baruna,,,Approved,2026-07-16T08:30:00.000Z,,,1142.SPK/BA.202/BA010102/2026,67,sp-juli-779,"Paper Scissors, 200 MM",47-10-03,5,5,Pcs,0,10,Permintaan SPK 1142.SPK/BA.202/BA010102/2026
TUG5_TUG6,mr6-tug6-63,MR6-2026-000063,,1142.SPK/BA.202/BA010102/2026,spk-juli-63,Walidah Baruna,,,Approved,2026-07-16T08:30:00.000Z,,,1142.SPK/BA.202/BA010102/2026,68,sp-juli-780,"Handy Cutter, Medium Duty Job",47-10-13,10,10,Pcs,0,10,Permintaan SPK 1142.SPK/BA.202/BA010102/2026
TUG5_TUG6,mr6-tug6-63,MR6-2026-000063,,1142.SPK/BA.202/BA010102/2026,spk-juli-63,Walidah Baruna,,,Approved,2026-07-16T08:30:00.000Z,,,1142.SPK/BA.202/BA010102/2026,69,sp-juli-781,Spare Blade for Handy Cutter,47-10-14,5,5,Box,0,10,Permintaan SPK 1142.SPK/BA.202/BA010102/2026
TUG5_TUG6,mr6-tug6-64,MR6-2026-000064,,1169.SPK/BA.17/BA010102/2026,spk-juli-64,Arimbi Baruna,,,Approved,2026-07-21T08:30:00.000Z,,,1169.SPK/BA.17/BA010102/2026,1,sp-juli-782,INTERSPEED 6200 RED,BQA624,100,100,liter,0,10,Permintaan SPK 1169.SPK/BA.17/BA010102/2026
TUG5_TUG6,mr6-tug6-64,MR6-2026-000064,,1169.SPK/BA.17/BA010102/2026,spk-juli-64,Arimbi Baruna,,,Approved,2026-07-21T08:30:00.000Z,,,1169.SPK/BA.17/BA010102/2026,2,sp-juli-783,INTERNATIONAL THINNER,GTA220,20,20,liter,0,10,Permintaan SPK 1169.SPK/BA.17/BA010102/2026
TUG5_TUG6,mr6-tug6-65,MR6-2026-000065,,1168.SPK/BA.17/BA010102/2026,spk-juli-65,Arimbi Baruna,,,Approved,2026-07-21T08:30:00.000Z,,,1168.SPK/BA.17/BA010102/2026,1,sp-juli-512,JOTAMASTIC SMART PACK HB RED,-,200,200,liter,0,10,Permintaan SPK 1168.SPK/BA.17/BA010102/2026
TUG5_TUG6,mr6-tug6-65,MR6-2026-000065,,1168.SPK/BA.17/BA010102/2026,spk-juli-65,Arimbi Baruna,,,Approved,2026-07-21T08:30:00.000Z,,,1168.SPK/BA.17/BA010102/2026,2,sp-juli-784,JOTAMASTIC SMART PACK HB GREY,-,200,200,liter,0,10,Permintaan SPK 1168.SPK/BA.17/BA010102/2026
TUG5_TUG6,mr6-tug6-65,MR6-2026-000065,,1168.SPK/BA.17/BA010102/2026,spk-juli-65,Arimbi Baruna,,,Approved,2026-07-21T08:30:00.000Z,,,1168.SPK/BA.17/BA010102/2026,3,sp-juli-785,JOTAFLIX PU TC STD 257 GREEN,-,300,300,liter,0,10,Permintaan SPK 1168.SPK/BA.17/BA010102/2026
TUG5_TUG6,mr6-tug6-65,MR6-2026-000065,,1168.SPK/BA.17/BA010102/2026,spk-juli-65,Arimbi Baruna,,,Approved,2026-07-21T08:30:00.000Z,,,1168.SPK/BA.17/BA010102/2026,4,sp-juli-786,THINNER NO 10,-,30,30,liter,0,10,Permintaan SPK 1168.SPK/BA.17/BA010102/2026
TUG5_TUG6,mr6-tug6-65,MR6-2026-000065,,1168.SPK/BA.17/BA010102/2026,spk-juli-65,Arimbi Baruna,,,Approved,2026-07-21T08:30:00.000Z,,,1168.SPK/BA.17/BA010102/2026,5,sp-juli-787,THINNER NO.17,-,40,40,liter,0,10,Permintaan SPK 1168.SPK/BA.17/BA010102/2026
TUG5_TUG6,mr6-tug6-66,MR6-2026-000066,,1164.SPK/BA.17/BA010102/2026,spk-juli-66,Meutia Baruna,,,Approved,2026-07-20T08:30:00.000Z,,,1164.SPK/BA.17/BA010102/2026,1,sp-juli-784,JOTAMASTIC SMART PACK HB GREY,-,400,400,liter,0,10,Permintaan SPK 1164.SPK/BA.17/BA010102/2026
TUG5_TUG6,mr6-tug6-66,MR6-2026-000066,,1164.SPK/BA.17/BA010102/2026,spk-juli-66,Meutia Baruna,,,Approved,2026-07-20T08:30:00.000Z,,,1164.SPK/BA.17/BA010102/2026,2,sp-juli-788,JOTAFIX PU TC STD 049 RED,-,450,450,liter,0,10,Permintaan SPK 1164.SPK/BA.17/BA010102/2026
TUG5_TUG6,mr6-tug6-66,MR6-2026-000066,,1164.SPK/BA.17/BA010102/2026,spk-juli-66,Meutia Baruna,,,Approved,2026-07-20T08:30:00.000Z,,,1164.SPK/BA.17/BA010102/2026,3,sp-juli-789,PILOT II CREAM STD 002,-,500,500,liter,0,10,Permintaan SPK 1164.SPK/BA.17/BA010102/2026
TUG5_TUG6,mr6-tug6-66,MR6-2026-000066,,1164.SPK/BA.17/BA010102/2026,spk-juli-66,Meutia Baruna,,,Approved,2026-07-20T08:30:00.000Z,,,1164.SPK/BA.17/BA010102/2026,4,sp-juli-513,PILOT II BLACK,-,200,200,liter,0,10,Permintaan SPK 1164.SPK/BA.17/BA010102/2026
TUG5_TUG6,mr6-tug6-66,MR6-2026-000066,,1164.SPK/BA.17/BA010102/2026,spk-juli-66,Meutia Baruna,,,Approved,2026-07-20T08:30:00.000Z,,,1164.SPK/BA.17/BA010102/2026,5,sp-juli-790,PILOT II WHITE,-,50,50,liter,0,10,Permintaan SPK 1164.SPK/BA.17/BA010102/2026
TUG5_TUG6,mr6-tug6-66,MR6-2026-000066,,1164.SPK/BA.17/BA010102/2026,spk-juli-66,Meutia Baruna,,,Approved,2026-07-20T08:30:00.000Z,,,1164.SPK/BA.17/BA010102/2026,6,sp-juli-787,THINNER NO.17,-,250,250,liter,0,10,Permintaan SPK 1164.SPK/BA.17/BA010102/2026
TUG5_TUG6,mr6-tug6-66,MR6-2026-000066,,1164.SPK/BA.17/BA010102/2026,spk-juli-66,Meutia Baruna,,,Approved,2026-07-20T08:30:00.000Z,,,1164.SPK/BA.17/BA010102/2026,7,sp-juli-791,THINNER NO 2,-,250,250,liter,0,10,Permintaan SPK 1164.SPK/BA.17/BA010102/2026
TUG5_TUG6,mr6-tug6-67,MR6-2026-000067,,1163.SPK/BA.302/BA010102/2026,spk-juli-67,Meutia Baruna,,,Approved,2026-07-22T08:30:00.000Z,,,1163.SPK/BA.302/BA010102/2026,1,sp-juli-792,CONNECTING ROD,1710-4100-00,1,1,set,0,10,Permintaan SPK 1163.SPK/BA.302/BA010102/2026
TUG5_TUG6,mr6-tug6-67,MR6-2026-000067,,1163.SPK/BA.302/BA010102/2026,spk-juli-67,Meutia Baruna,,,Approved,2026-07-22T08:30:00.000Z,,,1163.SPK/BA.302/BA010102/2026,2,sp-juli-793,CYLINDER LINER 1ST STAGE,1710-3102-00,1,1,set,0,10,Permintaan SPK 1163.SPK/BA.302/BA010102/2026
TUG5_TUG6,mr6-tug6-67,MR6-2026-000067,,1163.SPK/BA.302/BA010102/2026,spk-juli-67,Meutia Baruna,,,Approved,2026-07-22T08:30:00.000Z,,,1163.SPK/BA.302/BA010102/2026,3,sp-juli-794,CYLINDER LINER 2ND,1710-3102-00,1,1,set,0,10,Permintaan SPK 1163.SPK/BA.302/BA010102/2026
TUG5_TUG6,mr6-tug6-68,MR6-2026-000068,,C.1510/PR.103/Div.Rendalhar-2026,spk-juli-68,Srikandi Baruna 2402,,,Approved,2026-07-07T08:30:00.000Z,,,C.1510/PR.103/Div.Rendalhar-2026,1,sp-juli-795,PENGURUSAN DISPENSASI SEKALI JALAN,-,1,1,lot,0,10,Permintaan SPK C.1510/PR.103/Div.Rendalhar-2026
TUG5_TUG6,mr6-tug6-69,MR6-2026-000069,,1161.SPK/BA.17/BA010102/2026,spk-juli-69,Kartini Baruna,,,Approved,2026-07-23T08:30:00.000Z,,,1161.SPK/BA.17/BA010102/2026,1,sp-juli-334,TALI PP MULTIFILAMENT,CIR 10,2,2,roll,0,10,Permintaan SPK 1161.SPK/BA.17/BA010102/2026
TUG5_TUG6,mr6-tug6-70,MR6-2026-000070,,1129.SPK/BA.101/BA010102/2026,spk-juli-70,Martha Baruna,,,Approved,2026-07-22T08:30:00.000Z,,,1129.SPK/BA.101/BA010102/2026,1,sp-juli-796,ANCHOR CHAIN 70MM,-,2,2,lot,0,10,Permintaan SPK 1129.SPK/BA.101/BA010102/2026
TUG5_TUG6,mr6-tug6-70,MR6-2026-000070,,1129.SPK/BA.101/BA010102/2026,spk-juli-70,Martha Baruna,,,Approved,2026-07-22T08:30:00.000Z,,,1129.SPK/BA.101/BA010102/2026,2,sp-juli-797,KENTER SHACKLE 70MM,-,6,6,pcs,0,10,Permintaan SPK 1129.SPK/BA.101/BA010102/2026
TUG5_TUG6,mr6-tug6-71,MR6-2026-000071,,1170.SPK/BA.302/BA010102/2026,spk-juli-71,Arimbi Baruna,,,Approved,2026-07-22T08:30:00.000Z,,,1170.SPK/BA.302/BA010102/2026,1,sp-juli-798,SELENOID VALVE NABCO EGMS,73794222-14,6,6,set,0,10,Permintaan SPK 1170.SPK/BA.302/BA010102/2026
TUG5_TUG6,mr6-tug6-71,MR6-2026-000071,,1170.SPK/BA.302/BA010102/2026,spk-juli-71,Arimbi Baruna,,,Approved,2026-07-22T08:30:00.000Z,,,1170.SPK/BA.302/BA010102/2026,2,sp-juli-799,REPAIR KIT,74Y59166-01,6,6,set,0,10,Permintaan SPK 1170.SPK/BA.302/BA010102/2026
TUG5_TUG6,mr6-tug6-72,MR6-2026-000072,,1160.SPK/BA.17/BA010102/2026,spk-juli-72,Srikandi Baruna 2001,,,Approved,2026-07-23T08:30:00.000Z,,,1160.SPK/BA.17/BA010102/2026,1,sp-juli-800,JASA PERBAIKAN DAN FABRIKASI KEBUTUHAN KAPAL,-,1,1,lot,0,10,Permintaan SPK 1160.SPK/BA.17/BA010102/2026
TUG5_TUG6,mr6-tug6-72,MR6-2026-000072,,1160.SPK/BA.17/BA010102/2026,spk-juli-72,Srikandi Baruna 2001,,,Approved,2026-07-23T08:30:00.000Z,,,1160.SPK/BA.17/BA010102/2026,2,sp-juli-339,TRANSPORTASI DAN AKOMODASI,-,1,1,lot,0,10,Permintaan SPK 1160.SPK/BA.17/BA010102/2026
TUG5_TUG6,mr6-tug6-73,MR6-2026-000073,,1150.SPK/BA.17/BA010102/2026,spk-juli-73,Rasuna Baruna,,,Approved,2026-07-23T08:30:00.000Z,,,1150.SPK/BA.17/BA010102/2026,1,sp-juli-801,COMPRESSOR AC,-,2,2,unit,0,10,Permintaan SPK 1150.SPK/BA.17/BA010102/2026
TUG5_TUG6,mr6-tug6-73,MR6-2026-000073,,1150.SPK/BA.17/BA010102/2026,spk-juli-73,Rasuna Baruna,,,Approved,2026-07-23T08:30:00.000Z,,,1150.SPK/BA.17/BA010102/2026,2,sp-juli-802,FREON R404A,-,3,3,pcs,0,10,Permintaan SPK 1150.SPK/BA.17/BA010102/2026
TUG5_TUG6,mr6-tug6-73,MR6-2026-000073,,1150.SPK/BA.17/BA010102/2026,spk-juli-73,Rasuna Baruna,,,Approved,2026-07-23T08:30:00.000Z,,,1150.SPK/BA.17/BA010102/2026,3,sp-juli-339,TRANSPORTASI DAN AKOMODASI,-,1,1,lot,0,10,Permintaan SPK 1150.SPK/BA.17/BA010102/2026
TUG5_TUG6,mr6-tug6-74,MR6-2026-000074,,1159.SPK/BA.202/BA010102/2026,spk-juli-74,Kartini Baruna,,,Approved,2026-07-23T08:30:00.000Z,,,1159.SPK/BA.202/BA010102/2026,1,sp-juli-803,CUTTER BLADE ASSEMBLY,-,20,20,set,0,10,Permintaan SPK 1159.SPK/BA.202/BA010102/2026
TUG5_TUG6,mr6-tug6-74,MR6-2026-000074,,1159.SPK/BA.202/BA010102/2026,spk-juli-74,Kartini Baruna,,,Approved,2026-07-23T08:30:00.000Z,,,1159.SPK/BA.202/BA010102/2026,2,sp-juli-804,CHAIN DRUM ASSEMBLY,-,20,20,set,0,10,Permintaan SPK 1159.SPK/BA.202/BA010102/2026
TUG5_TUG6,mr6-tug6-74,MR6-2026-000074,,1159.SPK/BA.202/BA010102/2026,spk-juli-74,Kartini Baruna,,,Approved,2026-07-23T08:30:00.000Z,,,1159.SPK/BA.202/BA010102/2026,3,sp-juli-805,FLANGE COVER WITH SCREW,KP 202,40,40,pcs,0,10,Permintaan SPK 1159.SPK/BA.202/BA010102/2026
TUG5_TUG6,mr6-tug6-74,MR6-2026-000074,,1159.SPK/BA.202/BA010102/2026,spk-juli-74,Kartini Baruna,,,Approved,2026-07-23T08:30:00.000Z,,,1159.SPK/BA.202/BA010102/2026,4,sp-juli-806,CUTTER BLADE,KP 207,300,300,pcs,0,10,Permintaan SPK 1159.SPK/BA.202/BA010102/2026
TUG5_TUG6,mr6-tug6-74,MR6-2026-000074,,1159.SPK/BA.202/BA010102/2026,spk-juli-74,Kartini Baruna,,,Approved,2026-07-23T08:30:00.000Z,,,1159.SPK/BA.202/BA010102/2026,5,sp-juli-807,V BELT,A 560 LI,10,10,pcs,0,10,Permintaan SPK 1159.SPK/BA.202/BA010102/2026
TUG5_TUG6,mr6-tug6-74,MR6-2026-000074,,1159.SPK/BA.202/BA010102/2026,spk-juli-74,Kartini Baruna,,,Approved,2026-07-23T08:30:00.000Z,,,1159.SPK/BA.202/BA010102/2026,6,sp-juli-808,V BELT,A 520 LI,10,10,pcs,0,10,Permintaan SPK 1159.SPK/BA.202/BA010102/2026
TUG5_TUG6,mr6-tug6-75,MR6-2026-000075,,C.1511/PR.103/DIV.RENDALHAR-2026,spk-juli-75,Arimbi Baruna,,,Approved,2026-07-23T08:30:00.000Z,,,C.1511/PR.103/DIV.RENDALHAR-2026,1,sp-juli-809,KACA ANJUNGAN UK 194 X 88,-,1,1,unit,0,10,Permintaan SPK C.1511/PR.103/DIV.RENDALHAR-2026
TUG5_TUG6,mr6-tug6-75,MR6-2026-000075,,C.1511/PR.103/DIV.RENDALHAR-2026,spk-juli-75,Arimbi Baruna,,,Approved,2026-07-23T08:30:00.000Z,,,C.1511/PR.103/DIV.RENDALHAR-2026,2,sp-juli-339,TRANSPORTASI DAN AKOMODASI,-,1,1,lot,0,10,Permintaan SPK C.1511/PR.103/DIV.RENDALHAR-2026
TUG5_TUG6,mr6-tug6-76,MR6-2026-000076,,1187.SPK/BA.202/BA010102/2026,spk-juli-76,Zalecha Baruna,,,Approved,2026-07-23T08:30:00.000Z,,,1187.SPK/BA.202/BA010102/2026,1,sp-juli-810,FORGED CHAIN SHACKLE SCREW PIN TYPE 38 MM WLL 4.5 TON 304 STAINLESS FOR LASHING ANCHOR,-,4,4,pcs,0,10,Permintaan SPK 1187.SPK/BA.202/BA010102/2026
TUG5_TUG6,mr6-tug6-76,MR6-2026-000076,,1187.SPK/BA.202/BA010102/2026,spk-juli-76,Zalecha Baruna,,,Approved,2026-07-23T08:30:00.000Z,,,1187.SPK/BA.202/BA010102/2026,2,sp-juli-811,"INGERSOLL-RAND 236 AIR IMPACT WRENCH, 1/2 INCH DRIVE, 7400 RPM, ALUMINIUM HOUSING, FOR BOLT MANHOLE",-,2,2,pcs,0,10,Permintaan SPK 1187.SPK/BA.202/BA010102/2026
TUG5_TUG6,mr6-tug6-76,MR6-2026-000076,,1187.SPK/BA.202/BA010102/2026,spk-juli-76,Zalecha Baruna,,,Approved,2026-07-23T08:30:00.000Z,,,1187.SPK/BA.202/BA010102/2026,3,sp-juli-812,RUBBER PACKING SHEET FOR MANHOLE,-,20,20,set,0,10,Permintaan SPK 1187.SPK/BA.202/BA010102/2026
TUG5_TUG6,mr6-tug6-76,MR6-2026-000076,,1187.SPK/BA.202/BA010102/2026,spk-juli-76,Zalecha Baruna,,,Approved,2026-07-23T08:30:00.000Z,,,1187.SPK/BA.202/BA010102/2026,4,sp-juli-813,"GALVANIZED, 16MM X 50M, INNER END SECURED TO DRUM,OUTER END WEDGE SOCKET AND SAFETY WIRE TO DRUM. FOR FREE FALL LIFEBOAT",-,1,1,pcs,0,10,Permintaan SPK 1187.SPK/BA.202/BA010102/2026
TUG5_TUG6,mr6-tug6-76,MR6-2026-000076,,1187.SPK/BA.202/BA010102/2026,spk-juli-76,Zalecha Baruna,,,Approved,2026-07-23T08:30:00.000Z,,,1187.SPK/BA.202/BA010102/2026,5,sp-juli-814,"GALVANIZED AND ANTI-ROTATING ROPE, 14MM X 30M, INNER WIRE END SECURED TO DRUM. FOR RESCUE BOAT DAVID",-,1,1,pcs,0,10,Permintaan SPK 1187.SPK/BA.202/BA010102/2026
TUG5_TUG6,mr6-tug6-76,MR6-2026-000076,,1187.SPK/BA.202/BA010102/2026,spk-juli-76,Zalecha Baruna,,,Approved,2026-07-23T08:30:00.000Z,,,1187.SPK/BA.202/BA010102/2026,6,sp-juli-815,OIL SOUNDING PASTA. CHECK OIL FOR BALLAST TANK,-,3,3,pcs,0,10,Permintaan SPK 1187.SPK/BA.202/BA010102/2026
TUG5_TUG6,mr6-tug6-76,MR6-2026-000076,,1187.SPK/BA.202/BA010102/2026,spk-juli-76,Zalecha Baruna,,,Approved,2026-07-23T08:30:00.000Z,,,1187.SPK/BA.202/BA010102/2026,7,sp-juli-816,SHACKLE D STAINLESS STEEL SCREW PIN BODY DIAMETER 7 MM OPEN 14 MM CLEAR LENGTH 23 MM PIN DIAMETER 7 MM SWL 0.17 TON,-,50,50,pcs,0,10,Permintaan SPK 1187.SPK/BA.202/BA010102/2026
TUG5_TUG6,mr6-tug6-76,MR6-2026-000076,,1187.SPK/BA.202/BA010102/2026,spk-juli-76,Zalecha Baruna,,,Approved,2026-07-23T08:30:00.000Z,,,1187.SPK/BA.202/BA010102/2026,8,sp-juli-817,HAND TOOLS SET,-,1,1,set,0,10,Permintaan SPK 1187.SPK/BA.202/BA010102/2026
TUG5_TUG6,mr6-tug6-76,MR6-2026-000076,,1187.SPK/BA.202/BA010102/2026,spk-juli-76,Zalecha Baruna,,,Approved,2026-07-23T08:30:00.000Z,,,1187.SPK/BA.202/BA010102/2026,9,sp-juli-818,SILICONE RED,-,50,50,pcs,0,10,Permintaan SPK 1187.SPK/BA.202/BA010102/2026
TUG5_TUG6,mr6-tug6-76,MR6-2026-000076,,1187.SPK/BA.202/BA010102/2026,spk-juli-76,Zalecha Baruna,,,Approved,2026-07-23T08:30:00.000Z,,,1187.SPK/BA.202/BA010102/2026,10,sp-juli-819,DEVCON,-,5,5,pcs,0,10,Permintaan SPK 1187.SPK/BA.202/BA010102/2026
TUG5_TUG6,mr6-tug6-76,MR6-2026-000076,,1187.SPK/BA.202/BA010102/2026,spk-juli-76,Zalecha Baruna,,,Approved,2026-07-23T08:30:00.000Z,,,1187.SPK/BA.202/BA010102/2026,11,sp-juli-820,"ROL CAT, LENGTH: 66 CM",-,60,60,pcs,0,10,Permintaan SPK 1187.SPK/BA.202/BA010102/2026
TUG5_TUG6,mr6-tug6-76,MR6-2026-000076,,1187.SPK/BA.202/BA010102/2026,spk-juli-76,Zalecha Baruna,,,Approved,2026-07-23T08:30:00.000Z,,,1187.SPK/BA.202/BA010102/2026,12,sp-juli-821,HOLLOW PUNCH,-,1,1,set,0,10,Permintaan SPK 1187.SPK/BA.202/BA010102/2026
TUG5_TUG6,mr6-tug6-76,MR6-2026-000076,,1187.SPK/BA.202/BA010102/2026,spk-juli-76,Zalecha Baruna,,,Approved,2026-07-23T08:30:00.000Z,,,1187.SPK/BA.202/BA010102/2026,13,sp-juli-822,"GALVANIZED BRAIDED STEEL WIRE ROPE, (35X7), 13 MM X 72 M (2 SETS), BREAKING LOAD 168.7 KN. FOR PROVISION CRANE",-,2,2,set,0,10,Permintaan SPK 1187.SPK/BA.202/BA010102/2026
TUG5_TUG6,mr6-tug6-76,MR6-2026-000076,,1187.SPK/BA.202/BA010102/2026,spk-juli-76,Zalecha Baruna,,,Approved,2026-07-23T08:30:00.000Z,,,1187.SPK/BA.202/BA010102/2026,14,sp-juli-823,KERTAS HVS A4,-,6,6,rim,0,10,Permintaan SPK 1187.SPK/BA.202/BA010102/2026
TUG5_TUG6,mr6-tug6-76,MR6-2026-000076,,1187.SPK/BA.202/BA010102/2026,spk-juli-76,Zalecha Baruna,,,Approved,2026-07-23T08:30:00.000Z,,,1187.SPK/BA.202/BA010102/2026,15,sp-juli-824,SOUNDING TAPE FOR WATER SOUNDING MATERIAL : STAINLEES STEEL LENGTH : 20 METER,-,4,4,pcs,0,10,Permintaan SPK 1187.SPK/BA.202/BA010102/2026
TUG5_TUG6,mr6-tug6-77,MR6-2026-000077,,0936.SPK/BA.202/BA010102/2026,spk-juli-77,Kartini Baruna,,,Approved,2026-07-23T08:30:00.000Z,,,0936.SPK/BA.202/BA010102/2026,1,sp-juli-825,HAMMER HEAD WIRE RUSTING,591266,20,20,pcs,0,10,Permintaan SPK 0936.SPK/BA.202/BA010102/2026
TUG5_TUG6,mr6-tug6-77,MR6-2026-000077,,0936.SPK/BA.202/BA010102/2026,spk-juli-77,Kartini Baruna,,,Approved,2026-07-23T08:30:00.000Z,,,0936.SPK/BA.202/BA010102/2026,2,sp-juli-826,FOR HAMMER HEAD / HAMMER BLADE,591267,600,600,pcs,0,10,Permintaan SPK 0936.SPK/BA.202/BA010102/2026
TUG5_TUG6,mr6-tug6-77,MR6-2026-000077,,0936.SPK/BA.202/BA010102/2026,spk-juli-77,Kartini Baruna,,,Approved,2026-07-23T08:30:00.000Z,,,0936.SPK/BA.202/BA010102/2026,3,sp-juli-827,FOR HAMMER HEAD DISC PIN,591268,200,200,pcs,0,10,Permintaan SPK 0936.SPK/BA.202/BA010102/2026
TUG5_TUG6,mr6-tug6-77,MR6-2026-000077,,0936.SPK/BA.202/BA010102/2026,spk-juli-77,Kartini Baruna,,,Approved,2026-07-23T08:30:00.000Z,,,0936.SPK/BA.202/BA010102/2026,4,sp-juli-828,CENTER BOLD AND NUT,591269,50,50,pcs,0,10,Permintaan SPK 0936.SPK/BA.202/BA010102/2026
TUG5_TUG6,mr6-tug6-77,MR6-2026-000077,,0936.SPK/BA.202/BA010102/2026,spk-juli-77,Kartini Baruna,,,Approved,2026-07-23T08:30:00.000Z,,,0936.SPK/BA.202/BA010102/2026,5,sp-juli-829,FOR HAMMER HEAD DISK,591270,100,100,pcs,0,10,Permintaan SPK 0936.SPK/BA.202/BA010102/2026
TUG5_TUG6,mr6-tug6-77,MR6-2026-000077,,0936.SPK/BA.202/BA010102/2026,spk-juli-77,Kartini Baruna,,,Approved,2026-07-23T08:30:00.000Z,,,0936.SPK/BA.202/BA010102/2026,6,sp-juli-830,CUP BRUSH / LIGHT RUSTING,591265,20,20,pcs,0,10,Permintaan SPK 0936.SPK/BA.202/BA010102/2026
TUG5_TUG6,mr6-tug6-77,MR6-2026-000077,,0936.SPK/BA.202/BA010102/2026,spk-juli-77,Kartini Baruna,,,Approved,2026-07-23T08:30:00.000Z,,,0936.SPK/BA.202/BA010102/2026,7,sp-juli-831,FINISHING WIRE WHEEL BRUSH,591273,50,50,pcs,0,10,Permintaan SPK 0936.SPK/BA.202/BA010102/2026
TUG5_TUG6,mr6-tug6-77,MR6-2026-000077,,0936.SPK/BA.202/BA010102/2026,spk-juli-77,Kartini Baruna,,,Approved,2026-07-23T08:30:00.000Z,,,0936.SPK/BA.202/BA010102/2026,8,sp-juli-832,FLEXIBLE SHAFTS AND TUBE FOR SCALLING MACHINE-,591253,6,6,set,0,10,Permintaan SPK 0936.SPK/BA.202/BA010102/2026
TUG5_TUG6,mr6-tug6-77,MR6-2026-000077,,0936.SPK/BA.202/BA010102/2026,spk-juli-77,Kartini Baruna,,,Approved,2026-07-23T08:30:00.000Z,,,0936.SPK/BA.202/BA010102/2026,9,sp-juli-833,NO. 1 HD TOOL HEAD,591255,20,20,set,0,10,Permintaan SPK 0936.SPK/BA.202/BA010102/2026
TUG5_TUG6,mr6-tug6-77,MR6-2026-000077,,0936.SPK/BA.202/BA010102/2026,spk-juli-77,Kartini Baruna,,,Approved,2026-07-23T08:30:00.000Z,,,0936.SPK/BA.202/BA010102/2026,10,sp-juli-834,NO 1-1 CUTTER FOR HD TOOL,591256,1000,1000,pcs,0,10,Permintaan SPK 0936.SPK/BA.202/BA010102/2026
TUG5_TUG6,mr6-tug6-77,MR6-2026-000077,,0936.SPK/BA.202/BA010102/2026,spk-juli-77,Kartini Baruna,,,Approved,2026-07-23T08:30:00.000Z,,,0936.SPK/BA.202/BA010102/2026,11,sp-juli-835,NO 1-2 DISC PIN FOR HD TOOL,591257,300,300,pcs,0,10,Permintaan SPK 0936.SPK/BA.202/BA010102/2026
TUG5_TUG6,mr6-tug6-77,MR6-2026-000077,,0936.SPK/BA.202/BA010102/2026,spk-juli-77,Kartini Baruna,,,Approved,2026-07-23T08:30:00.000Z,,,0936.SPK/BA.202/BA010102/2026,12,sp-juli-836,NO 1-3 CENTER BOLT AND NUT FOR HD TOOL,591258,100,100,pcs,0,10,Permintaan SPK 0936.SPK/BA.202/BA010102/2026
TUG5_TUG6,mr6-tug6-77,MR6-2026-000077,,0936.SPK/BA.202/BA010102/2026,spk-juli-77,Kartini Baruna,,,Approved,2026-07-23T08:30:00.000Z,,,0936.SPK/BA.202/BA010102/2026,13,sp-juli-837,NO 1-4 DISK FOR HD TOOL,591259,600,600,pcs,0,10,Permintaan SPK 0936.SPK/BA.202/BA010102/2026
TUG5_TUG6,mr6-tug6-77,MR6-2026-000077,,0936.SPK/BA.202/BA010102/2026,spk-juli-77,Kartini Baruna,,,Approved,2026-07-23T08:30:00.000Z,,,0936.SPK/BA.202/BA010102/2026,14,sp-juli-838,NO 2 LG BRUSH HEAD LIGHT RUSTING,591260,20,20,set,0,10,Permintaan SPK 0936.SPK/BA.202/BA010102/2026
TUG5_TUG6,mr6-tug6-77,MR6-2026-000077,,0936.SPK/BA.202/BA010102/2026,spk-juli-77,Kartini Baruna,,,Approved,2026-07-23T08:30:00.000Z,,,0936.SPK/BA.202/BA010102/2026,15,sp-juli-839,NO 2-1 LG BLADE FOR LG BRUSH,591261,1500,1500,pcs,0,10,Permintaan SPK 0936.SPK/BA.202/BA010102/2026
TUG5_TUG6,mr6-tug6-77,MR6-2026-000077,,0936.SPK/BA.202/BA010102/2026,spk-juli-77,Kartini Baruna,,,Approved,2026-07-23T08:30:00.000Z,,,0936.SPK/BA.202/BA010102/2026,16,sp-juli-840,NO 2-2 DISC PIN FOR LG BRUSH,591262,600,600,pcs,0,10,Permintaan SPK 0936.SPK/BA.202/BA010102/2026
TUG5_TUG6,mr6-tug6-77,MR6-2026-000077,,0936.SPK/BA.202/BA010102/2026,spk-juli-77,Kartini Baruna,,,Approved,2026-07-23T08:30:00.000Z,,,0936.SPK/BA.202/BA010102/2026,17,sp-juli-841,NO 2-3 CENTER BOLT AND NUT FOR LG BRUSH,591263,200,200,pcs,0,10,Permintaan SPK 0936.SPK/BA.202/BA010102/2026
TUG5_TUG6,mr6-tug6-77,MR6-2026-000077,,0936.SPK/BA.202/BA010102/2026,spk-juli-77,Kartini Baruna,,,Approved,2026-07-23T08:30:00.000Z,,,0936.SPK/BA.202/BA010102/2026,18,sp-juli-842,NO 4 HAMMER HEAD WIDE RUSHING,591266,20,20,set,0,10,Permintaan SPK 0936.SPK/BA.202/BA010102/2026
TUG5_TUG6,mr6-tug6-77,MR6-2026-000077,,0936.SPK/BA.202/BA010102/2026,spk-juli-77,Kartini Baruna,,,Approved,2026-07-23T08:30:00.000Z,,,0936.SPK/BA.202/BA010102/2026,19,sp-juli-843,NO 4-1 HAMMER BLADE FOR HAMMER HEAD,591267,1000,1000,pcs,0,10,Permintaan SPK 0936.SPK/BA.202/BA010102/2026
TUG5_TUG6,mr6-tug6-77,MR6-2026-000077,,0936.SPK/BA.202/BA010102/2026,spk-juli-77,Kartini Baruna,,,Approved,2026-07-23T08:30:00.000Z,,,0936.SPK/BA.202/BA010102/2026,20,sp-juli-844,NO 4-2 DISC PIN FOR HAMMER HEAD,591268,200,200,pcs,0,10,Permintaan SPK 0936.SPK/BA.202/BA010102/2026
TUG5_TUG6,mr6-tug6-77,MR6-2026-000077,,0936.SPK/BA.202/BA010102/2026,spk-juli-77,Kartini Baruna,,,Approved,2026-07-23T08:30:00.000Z,,,0936.SPK/BA.202/BA010102/2026,21,sp-juli-845,NO 4-4 DISK FOR HAMMER HEAD,591270,300,300,pcs,0,10,Permintaan SPK 0936.SPK/BA.202/BA010102/2026
TUG5_TUG6,mr6-tug6-77,MR6-2026-000077,,0936.SPK/BA.202/BA010102/2026,spk-juli-77,Kartini Baruna,,,Approved,2026-07-23T08:30:00.000Z,,,0936.SPK/BA.202/BA010102/2026,22,sp-juli-846,NO 4-5 COLLAR FOR HAMMER HEAD,591271,200,200,pcs,0,10,Permintaan SPK 0936.SPK/BA.202/BA010102/2026
TUG5_TUG6,mr6-tug6-77,MR6-2026-000077,,0936.SPK/BA.202/BA010102/2026,spk-juli-77,Kartini Baruna,,,Approved,2026-07-23T08:30:00.000Z,,,0936.SPK/BA.202/BA010102/2026,23,sp-juli-847,NO 4-6 WASHER FOR HAMMER HEAD,591272,300,300,pcs,0,10,Permintaan SPK 0936.SPK/BA.202/BA010102/2026
TUG5_TUG6,mr6-tug6-77,MR6-2026-000077,,0936.SPK/BA.202/BA010102/2026,spk-juli-77,Kartini Baruna,,,Approved,2026-07-23T08:30:00.000Z,,,0936.SPK/BA.202/BA010102/2026,24,sp-juli-848,NO 3 CUP BRUSH LIGHT RUSHING,591265,50,50,pcs,0,10,Permintaan SPK 0936.SPK/BA.202/BA010102/2026
TUG5_TUG6,mr6-tug6-77,MR6-2026-000077,,0936.SPK/BA.202/BA010102/2026,spk-juli-77,Kartini Baruna,,,Approved,2026-07-23T08:30:00.000Z,,,0936.SPK/BA.202/BA010102/2026,25,sp-juli-849,NO 5 WIRE WHEEL FINISHING,591273,50,50,pcs,0,10,Permintaan SPK 0936.SPK/BA.202/BA010102/2026
TUG5_TUG6,mr6-tug6-78,MR6-2026-000078,,1109.SPK/BA.302/BA010102/2026,spk-juli-78,Malahayati Baruna,,,Approved,2026-07-24T08:30:00.000Z,,,1109.SPK/BA.302/BA010102/2026,1,sp-juli-850,AUX. BLOWER M/E,6212 ZZ C3,4,4,pcs,0,10,Permintaan SPK 1109.SPK/BA.302/BA010102/2026
TUG5_TUG6,mr6-tug6-78,MR6-2026-000078,,1109.SPK/BA.302/BA010102/2026,spk-juli-78,Malahayati Baruna,,,Approved,2026-07-24T08:30:00.000Z,,,1109.SPK/BA.302/BA010102/2026,2,sp-juli-851,AUX. BLOWER M/E,6312 ZZ C3,4,4,pcs,0,10,Permintaan SPK 1109.SPK/BA.302/BA010102/2026
TUG5_TUG6,mr6-tug6-78,MR6-2026-000078,,1109.SPK/BA.302/BA010102/2026,spk-juli-78,Malahayati Baruna,,,Approved,2026-07-24T08:30:00.000Z,,,1109.SPK/BA.302/BA010102/2026,3,sp-juli-852,E/R VENT FAN,6312 ZZ,4,4,pcs,0,10,Permintaan SPK 1109.SPK/BA.302/BA010102/2026
TUG5_TUG6,mr6-tug6-78,MR6-2026-000078,,1109.SPK/BA.302/BA010102/2026,spk-juli-78,Malahayati Baruna,,,Approved,2026-07-24T08:30:00.000Z,,,1109.SPK/BA.302/BA010102/2026,4,sp-juli-852,E/R VENT FAN,6312 ZZ,4,4,pcs,0,10,Permintaan SPK 1109.SPK/BA.302/BA010102/2026
TUG5_TUG6,mr6-tug6-78,MR6-2026-000078,,1109.SPK/BA.302/BA010102/2026,spk-juli-78,Malahayati Baruna,,,Approved,2026-07-24T08:30:00.000Z,,,1109.SPK/BA.302/BA010102/2026,5,sp-juli-853,MAIN COOLING SW PUMP,6314 ZZ C3,2,2,pcs,0,10,Permintaan SPK 1109.SPK/BA.302/BA010102/2026
TUG5_TUG6,mr6-tug6-78,MR6-2026-000078,,1109.SPK/BA.302/BA010102/2026,spk-juli-78,Malahayati Baruna,,,Approved,2026-07-24T08:30:00.000Z,,,1109.SPK/BA.302/BA010102/2026,6,sp-juli-854,MAIN COOLING SW PUMP,6212 ZZ C3,2,2,pcs,0,10,Permintaan SPK 1109.SPK/BA.302/BA010102/2026
TUG5_TUG6,mr6-tug6-78,MR6-2026-000078,,1109.SPK/BA.302/BA010102/2026,spk-juli-78,Malahayati Baruna,,,Approved,2026-07-24T08:30:00.000Z,,,1109.SPK/BA.302/BA010102/2026,7,sp-juli-855,AUX. COOLING SW PUMP,6311 ZZ,2,2,pcs,0,10,Permintaan SPK 1109.SPK/BA.302/BA010102/2026
TUG5_TUG6,mr6-tug6-78,MR6-2026-000078,,1109.SPK/BA.302/BA010102/2026,spk-juli-78,Malahayati Baruna,,,Approved,2026-07-24T08:30:00.000Z,,,1109.SPK/BA.302/BA010102/2026,8,sp-juli-856,AUX. COOLING SW PUMP,6310 ZZ,2,2,pcs,0,10,Permintaan SPK 1109.SPK/BA.302/BA010102/2026
TUG5_TUG6,mr6-tug6-78,MR6-2026-000078,,1109.SPK/BA.302/BA010102/2026,spk-juli-78,Malahayati Baruna,,,Approved,2026-07-24T08:30:00.000Z,,,1109.SPK/BA.302/BA010102/2026,9,sp-juli-857,MAIN LO PUMP M/E,6315 ZZ,4,4,pcs,0,10,Permintaan SPK 1109.SPK/BA.302/BA010102/2026
TUG5_TUG6,mr6-tug6-78,MR6-2026-000078,,1109.SPK/BA.302/BA010102/2026,spk-juli-78,Malahayati Baruna,,,Approved,2026-07-24T08:30:00.000Z,,,1109.SPK/BA.302/BA010102/2026,10,sp-juli-858,MAIN LO PUMP M/E,6213 ZZ,4,4,pcs,0,10,Permintaan SPK 1109.SPK/BA.302/BA010102/2026
TUG5_TUG6,mr6-tug6-78,MR6-2026-000078,,1109.SPK/BA.302/BA010102/2026,spk-juli-78,Malahayati Baruna,,,Approved,2026-07-24T08:30:00.000Z,,,1109.SPK/BA.302/BA010102/2026,11,sp-juli-859,MAIN AIR COMPRESSOR,6314 ZZ C3,4,4,pcs,0,10,Permintaan SPK 1109.SPK/BA.302/BA010102/2026
TUG5_TUG6,mr6-tug6-78,MR6-2026-000078,,1109.SPK/BA.302/BA010102/2026,spk-juli-78,Malahayati Baruna,,,Approved,2026-07-24T08:30:00.000Z,,,1109.SPK/BA.302/BA010102/2026,12,sp-juli-860,MAIN AIR COMPRESSOR,6212 ZZ C3,4,4,pcs,0,10,Permintaan SPK 1109.SPK/BA.302/BA010102/2026
TUG5_TUG6,mr6-tug6-78,MR6-2026-000078,,1109.SPK/BA.302/BA010102/2026,spk-juli-78,Malahayati Baruna,,,Approved,2026-07-24T08:30:00.000Z,,,1109.SPK/BA.302/BA010102/2026,13,sp-juli-861,MAIN COOLING FW PUMP,6309 ZZ,2,2,pcs,0,10,Permintaan SPK 1109.SPK/BA.302/BA010102/2026
TUG5_TUG6,mr6-tug6-78,MR6-2026-000078,,1109.SPK/BA.302/BA010102/2026,spk-juli-78,Malahayati Baruna,,,Approved,2026-07-24T08:30:00.000Z,,,1109.SPK/BA.302/BA010102/2026,14,sp-juli-862,MAIN COOLING FW PUMP,6307 ZZ,2,2,pcs,0,10,Permintaan SPK 1109.SPK/BA.302/BA010102/2026
TUG5_TUG6,mr6-tug6-78,MR6-2026-000078,,1109.SPK/BA.302/BA010102/2026,spk-juli-78,Malahayati Baruna,,,Approved,2026-07-24T08:30:00.000Z,,,1109.SPK/BA.302/BA010102/2026,15,sp-juli-863,BALLAST PUMP,6313 ZZ,2,2,pcs,0,10,Permintaan SPK 1109.SPK/BA.302/BA010102/2026
TUG5_TUG6,mr6-tug6-78,MR6-2026-000078,,1109.SPK/BA.302/BA010102/2026,spk-juli-78,Malahayati Baruna,,,Approved,2026-07-24T08:30:00.000Z,,,1109.SPK/BA.302/BA010102/2026,16,sp-juli-864,BALLAST PUMP,6218,2,2,pcs,0,10,Permintaan SPK 1109.SPK/BA.302/BA010102/2026
TUG5_TUG6,mr6-tug6-78,MR6-2026-000078,,1109.SPK/BA.302/BA010102/2026,spk-juli-78,Malahayati Baruna,,,Approved,2026-07-24T08:30:00.000Z,,,1109.SPK/BA.302/BA010102/2026,17,sp-juli-865,FIRE & GS PUMP NO 1 & NO 2,6312 ZZ,4,4,pcs,0,10,Permintaan SPK 1109.SPK/BA.302/BA010102/2026
TUG5_TUG6,mr6-tug6-78,MR6-2026-000078,,1109.SPK/BA.302/BA010102/2026,spk-juli-78,Malahayati Baruna,,,Approved,2026-07-24T08:30:00.000Z,,,1109.SPK/BA.302/BA010102/2026,18,sp-juli-866,FIRE & GS PUMP NO 1 & NO 2,6310 ZZ,4,4,pcs,0,10,Permintaan SPK 1109.SPK/BA.302/BA010102/2026
TUG5_TUG6,mr6-tug6-78,MR6-2026-000078,,1109.SPK/BA.302/BA010102/2026,spk-juli-78,Malahayati Baruna,,,Approved,2026-07-24T08:30:00.000Z,,,1109.SPK/BA.302/BA010102/2026,19,sp-juli-867,BALLAS & SPARE COOL,6313 ZZ,2,2,pcs,0,10,Permintaan SPK 1109.SPK/BA.302/BA010102/2026
TUG5_TUG6,mr6-tug6-78,MR6-2026-000078,,1109.SPK/BA.302/BA010102/2026,spk-juli-78,Malahayati Baruna,,,Approved,2026-07-24T08:30:00.000Z,,,1109.SPK/BA.302/BA010102/2026,20,sp-juli-868,BALLAS & SPARE COOL,6218,2,2,pcs,0,10,Permintaan SPK 1109.SPK/BA.302/BA010102/2026
TUG5_TUG6,mr6-tug6-78,MR6-2026-000078,,1109.SPK/BA.302/BA010102/2026,spk-juli-78,Malahayati Baruna,,,Approved,2026-07-24T08:30:00.000Z,,,1109.SPK/BA.302/BA010102/2026,21,sp-juli-869,CIRCULATION FO PUMP,6308 ZZ,2,2,pcs,0,10,Permintaan SPK 1109.SPK/BA.302/BA010102/2026
TUG5_TUG6,mr6-tug6-78,MR6-2026-000078,,1109.SPK/BA.302/BA010102/2026,spk-juli-78,Malahayati Baruna,,,Approved,2026-07-24T08:30:00.000Z,,,1109.SPK/BA.302/BA010102/2026,22,sp-juli-870,CIRCULATION FO PUMP,6306 ZZ,2,2,pcs,0,10,Permintaan SPK 1109.SPK/BA.302/BA010102/2026
TUG5_TUG6,mr6-tug6-78,MR6-2026-000078,,1109.SPK/BA.302/BA010102/2026,spk-juli-78,Malahayati Baruna,,,Approved,2026-07-24T08:30:00.000Z,,,1109.SPK/BA.302/BA010102/2026,23,sp-juli-871,BOOSTER FO PUMP,6206 ZZ,2,2,pcs,0,10,Permintaan SPK 1109.SPK/BA.302/BA010102/2026
TUG5_TUG6,mr6-tug6-78,MR6-2026-000078,,1109.SPK/BA.302/BA010102/2026,spk-juli-78,Malahayati Baruna,,,Approved,2026-07-24T08:30:00.000Z,,,1109.SPK/BA.302/BA010102/2026,24,sp-juli-872,BOOSTER FO PUMP,6305 ZZ,2,2,pcs,0,10,Permintaan SPK 1109.SPK/BA.302/BA010102/2026
TUG5_TUG6,mr6-tug6-78,MR6-2026-000078,,1109.SPK/BA.302/BA010102/2026,spk-juli-78,Malahayati Baruna,,,Approved,2026-07-24T08:30:00.000Z,,,1109.SPK/BA.302/BA010102/2026,25,sp-juli-873,FEED PUMP,6308 ZZ,2,2,pcs,0,10,Permintaan SPK 1109.SPK/BA.302/BA010102/2026
TUG5_TUG6,mr6-tug6-78,MR6-2026-000078,,1109.SPK/BA.302/BA010102/2026,spk-juli-78,Malahayati Baruna,,,Approved,2026-07-24T08:30:00.000Z,,,1109.SPK/BA.302/BA010102/2026,26,sp-juli-874,FEED PUMP,6306 ZZ,2,2,pcs,0,10,Permintaan SPK 1109.SPK/BA.302/BA010102/2026
TUG5_TUG6,mr6-tug6-78,MR6-2026-000078,,1109.SPK/BA.302/BA010102/2026,spk-juli-78,Malahayati Baruna,,,Approved,2026-07-24T08:30:00.000Z,,,1109.SPK/BA.302/BA010102/2026,27,sp-juli-875,FO PURIFIER & LO PURIFIER,6308 ZZ,4,4,pcs,0,10,Permintaan SPK 1109.SPK/BA.302/BA010102/2026
TUG5_TUG6,mr6-tug6-78,MR6-2026-000078,,1109.SPK/BA.302/BA010102/2026,spk-juli-78,Malahayati Baruna,,,Approved,2026-07-24T08:30:00.000Z,,,1109.SPK/BA.302/BA010102/2026,28,sp-juli-876,FO PURIFIER & LO PURIFIER,6306 ZZ,4,4,pcs,0,10,Permintaan SPK 1109.SPK/BA.302/BA010102/2026
TUG5_TUG6,mr6-tug6-78,MR6-2026-000078,,1109.SPK/BA.302/BA010102/2026,spk-juli-78,Malahayati Baruna,,,Approved,2026-07-24T08:30:00.000Z,,,1109.SPK/BA.302/BA010102/2026,29,sp-juli-877,FW HYDROPHORE PUMP NO 1 & 2,6206 ZZ,4,4,pcs,0,10,Permintaan SPK 1109.SPK/BA.302/BA010102/2026
TUG5_TUG6,mr6-tug6-78,MR6-2026-000078,,1109.SPK/BA.302/BA010102/2026,spk-juli-78,Malahayati Baruna,,,Approved,2026-07-24T08:30:00.000Z,,,1109.SPK/BA.302/BA010102/2026,30,sp-juli-878,FW HYDROPHORE PUMP NO 1 & 2,6305 ZZ,4,4,pcs,0,10,Permintaan SPK 1109.SPK/BA.302/BA010102/2026
TUG5_TUG6,mr6-tug6-78,MR6-2026-000078,,1109.SPK/BA.302/BA010102/2026,spk-juli-78,Malahayati Baruna,,,Approved,2026-07-24T08:30:00.000Z,,,1109.SPK/BA.302/BA010102/2026,31,sp-juli-879,BLOWER BOILER,6205 ZZ,2,2,pcs,0,10,Permintaan SPK 1109.SPK/BA.302/BA010102/2026
TUG5_TUG6,mr6-tug6-78,MR6-2026-000078,,1109.SPK/BA.302/BA010102/2026,spk-juli-78,Malahayati Baruna,,,Approved,2026-07-24T08:30:00.000Z,,,1109.SPK/BA.302/BA010102/2026,32,sp-juli-879,BLOWER BOILER,6205 ZZ,2,2,pcs,0,10,Permintaan SPK 1109.SPK/BA.302/BA010102/2026
TUG5_TUG6,mr6-tug6-78,MR6-2026-000078,,1109.SPK/BA.302/BA010102/2026,spk-juli-78,Malahayati Baruna,,,Approved,2026-07-24T08:30:00.000Z,,,1109.SPK/BA.302/BA010102/2026,33,sp-juli-880,BLOWER INCINERATOR,6204 ZZ,2,2,pcs,0,10,Permintaan SPK 1109.SPK/BA.302/BA010102/2026
TUG5_TUG6,mr6-tug6-78,MR6-2026-000078,,1109.SPK/BA.302/BA010102/2026,spk-juli-78,Malahayati Baruna,,,Approved,2026-07-24T08:30:00.000Z,,,1109.SPK/BA.302/BA010102/2026,34,sp-juli-881,BLOWER INCINERATOR,6203 ZZ,2,2,pcs,0,10,Permintaan SPK 1109.SPK/BA.302/BA010102/2026
TUG5_TUG6,mr6-tug6-78,MR6-2026-000078,,1109.SPK/BA.302/BA010102/2026,spk-juli-78,Malahayati Baruna,,,Approved,2026-07-24T08:30:00.000Z,,,1109.SPK/BA.302/BA010102/2026,35,sp-juli-882,EXH. FAN PURIFIER,6204 ZZ,2,2,pcs,0,10,Permintaan SPK 1109.SPK/BA.302/BA010102/2026
TUG5_TUG6,mr6-tug6-78,MR6-2026-000078,,1109.SPK/BA.302/BA010102/2026,spk-juli-78,Malahayati Baruna,,,Approved,2026-07-24T08:30:00.000Z,,,1109.SPK/BA.302/BA010102/2026,36,sp-juli-883,EXH. FAN PURIFIER,6203 ZZ,2,2,pcs,0,10,Permintaan SPK 1109.SPK/BA.302/BA010102/2026
TUG5_TUG6,mr6-tug6-78,MR6-2026-000078,,1109.SPK/BA.302/BA010102/2026,spk-juli-78,Malahayati Baruna,,,Approved,2026-07-24T08:30:00.000Z,,,1109.SPK/BA.302/BA010102/2026,37,sp-juli-884,SEWAGE AIR PUMP,6204 ZZ,2,2,pcs,0,10,Permintaan SPK 1109.SPK/BA.302/BA010102/2026
TUG5_TUG6,mr6-tug6-78,MR6-2026-000078,,1109.SPK/BA.302/BA010102/2026,spk-juli-78,Malahayati Baruna,,,Approved,2026-07-24T08:30:00.000Z,,,1109.SPK/BA.302/BA010102/2026,38,sp-juli-885,SEWAGE AIR PUMP,6203 ZZ,2,2,pcs,0,10,Permintaan SPK 1109.SPK/BA.302/BA010102/2026
TUG5_TUG6,mr6-tug6-78,MR6-2026-000078,,1109.SPK/BA.302/BA010102/2026,spk-juli-78,Malahayati Baruna,,,Approved,2026-07-24T08:30:00.000Z,,,1109.SPK/BA.302/BA010102/2026,39,sp-juli-886,SEWAGE WATER PUMP,6205 ZZ,2,2,pcs,0,10,Permintaan SPK 1109.SPK/BA.302/BA010102/2026
TUG5_TUG6,mr6-tug6-78,MR6-2026-000078,,1109.SPK/BA.302/BA010102/2026,spk-juli-78,Malahayati Baruna,,,Approved,2026-07-24T08:30:00.000Z,,,1109.SPK/BA.302/BA010102/2026,40,sp-juli-886,SEWAGE WATER PUMP,6205 ZZ,2,2,pcs,0,10,Permintaan SPK 1109.SPK/BA.302/BA010102/2026
TUG5_TUG6,mr6-tug6-78,MR6-2026-000078,,1109.SPK/BA.302/BA010102/2026,spk-juli-78,Malahayati Baruna,,,Approved,2026-07-24T08:30:00.000Z,,,1109.SPK/BA.302/BA010102/2026,41,sp-juli-887,EXH. BLOWER SANITARY,6202 RS,2,2,pcs,0,10,Permintaan SPK 1109.SPK/BA.302/BA010102/2026
TUG5_TUG6,mr6-tug6-78,MR6-2026-000078,,1109.SPK/BA.302/BA010102/2026,spk-juli-78,Malahayati Baruna,,,Approved,2026-07-24T08:30:00.000Z,,,1109.SPK/BA.302/BA010102/2026,42,sp-juli-887,EXH. BLOWER SANITARY,6202 RS,2,2,pcs,0,10,Permintaan SPK 1109.SPK/BA.302/BA010102/2026
TUG5_TUG6,mr6-tug6-78,MR6-2026-000078,,1109.SPK/BA.302/BA010102/2026,spk-juli-78,Malahayati Baruna,,,Approved,2026-07-24T08:30:00.000Z,,,1109.SPK/BA.302/BA010102/2026,43,sp-juli-888,DECK CRANE NO 1-4,6220 C3,8,8,pcs,0,10,Permintaan SPK 1109.SPK/BA.302/BA010102/2026
TUG5_TUG6,mr6-tug6-78,MR6-2026-000078,,1109.SPK/BA.302/BA010102/2026,spk-juli-78,Malahayati Baruna,,,Approved,2026-07-24T08:30:00.000Z,,,1109.SPK/BA.302/BA010102/2026,44,sp-juli-889,DECK CRANE NO 1-4,6313 ZZ M,8,8,pcs,0,10,Permintaan SPK 1109.SPK/BA.302/BA010102/2026
TUG5_TUG6,mr6-tug6-78,MR6-2026-000078,,1109.SPK/BA.302/BA010102/2026,spk-juli-78,Malahayati Baruna,,,Approved,2026-07-24T08:30:00.000Z,,,1109.SPK/BA.302/BA010102/2026,45,sp-juli-890,FO TRANSFER PUMP,6309 ZZ,2,2,pcs,0,10,Permintaan SPK 1109.SPK/BA.302/BA010102/2026
TUG5_TUG6,mr6-tug6-78,MR6-2026-000078,,1109.SPK/BA.302/BA010102/2026,spk-juli-78,Malahayati Baruna,,,Approved,2026-07-24T08:30:00.000Z,,,1109.SPK/BA.302/BA010102/2026,46,sp-juli-891,FO TRANSFER PUMP,6307 ZZ,2,2,pcs,0,10,Permintaan SPK 1109.SPK/BA.302/BA010102/2026
TUG5_TUG6,mr6-tug6-78,MR6-2026-000078,,1109.SPK/BA.302/BA010102/2026,spk-juli-78,Malahayati Baruna,,,Approved,2026-07-24T08:30:00.000Z,,,1109.SPK/BA.302/BA010102/2026,47,sp-juli-892,DO TRANSFER PUMP,6306 ZZ,2,2,pcs,0,10,Permintaan SPK 1109.SPK/BA.302/BA010102/2026
TUG5_TUG6,mr6-tug6-78,MR6-2026-000078,,1109.SPK/BA.302/BA010102/2026,spk-juli-78,Malahayati Baruna,,,Approved,2026-07-24T08:30:00.000Z,,,1109.SPK/BA.302/BA010102/2026,48,sp-juli-892,DO TRANSFER PUMP,6306 ZZ,2,2,pcs,0,10,Permintaan SPK 1109.SPK/BA.302/BA010102/2026
TUG5_TUG6,mr6-tug6-78,MR6-2026-000078,,1109.SPK/BA.302/BA010102/2026,spk-juli-78,Malahayati Baruna,,,Approved,2026-07-24T08:30:00.000Z,,,1109.SPK/BA.302/BA010102/2026,49,sp-juli-873,FEED PUMP,6308 ZZ,4,4,pcs,0,10,Permintaan SPK 1109.SPK/BA.302/BA010102/2026
TUG5_TUG6,mr6-tug6-78,MR6-2026-000078,,1109.SPK/BA.302/BA010102/2026,spk-juli-78,Malahayati Baruna,,,Approved,2026-07-24T08:30:00.000Z,,,1109.SPK/BA.302/BA010102/2026,50,sp-juli-874,FEED PUMP,6306 ZZ,4,4,pcs,0,10,Permintaan SPK 1109.SPK/BA.302/BA010102/2026
TUG5_TUG6,mr6-tug6-78,MR6-2026-000078,,1109.SPK/BA.302/BA010102/2026,spk-juli-78,Malahayati Baruna,,,Approved,2026-07-24T08:30:00.000Z,,,1109.SPK/BA.302/BA010102/2026,51,sp-juli-893,HOT WATER CIRCULATION PUMP,6205 ZZ,2,2,pcs,0,10,Permintaan SPK 1109.SPK/BA.302/BA010102/2026
TUG5_TUG6,mr6-tug6-78,MR6-2026-000078,,1109.SPK/BA.302/BA010102/2026,spk-juli-78,Malahayati Baruna,,,Approved,2026-07-24T08:30:00.000Z,,,1109.SPK/BA.302/BA010102/2026,52,sp-juli-893,HOT WATER CIRCULATION PUMP,6205 ZZ,2,2,pcs,0,10,Permintaan SPK 1109.SPK/BA.302/BA010102/2026
TUG5_TUG6,mr6-tug6-78,MR6-2026-000078,,1109.SPK/BA.302/BA010102/2026,spk-juli-78,Malahayati Baruna,,,Approved,2026-07-24T08:30:00.000Z,,,1109.SPK/BA.302/BA010102/2026,53,sp-juli-894,BILGE WATER,6204 ZZ,2,2,pcs,0,10,Permintaan SPK 1109.SPK/BA.302/BA010102/2026
TUG5_TUG6,mr6-tug6-78,MR6-2026-000078,,1109.SPK/BA.302/BA010102/2026,spk-juli-78,Malahayati Baruna,,,Approved,2026-07-24T08:30:00.000Z,,,1109.SPK/BA.302/BA010102/2026,54,sp-juli-894,BILGE WATER,6204 ZZ,2,2,pcs,0,10,Permintaan SPK 1109.SPK/BA.302/BA010102/2026
TUG5_TUG6,mr6-tug6-78,MR6-2026-000078,,1109.SPK/BA.302/BA010102/2026,spk-juli-78,Malahayati Baruna,,,Approved,2026-07-24T08:30:00.000Z,,,1109.SPK/BA.302/BA010102/2026,55,sp-juli-895,SLUDGE PUMP,6206 ZZ,2,2,pcs,0,10,Permintaan SPK 1109.SPK/BA.302/BA010102/2026
TUG5_TUG6,mr6-tug6-78,MR6-2026-000078,,1109.SPK/BA.302/BA010102/2026,spk-juli-78,Malahayati Baruna,,,Approved,2026-07-24T08:30:00.000Z,,,1109.SPK/BA.302/BA010102/2026,56,sp-juli-896,SLUDGE PUMP,6305 ZZ,2,2,pcs,0,10,Permintaan SPK 1109.SPK/BA.302/BA010102/2026
TUG5_TUG6,mr6-tug6-78,MR6-2026-000078,,1109.SPK/BA.302/BA010102/2026,spk-juli-78,Malahayati Baruna,,,Approved,2026-07-24T08:30:00.000Z,,,1109.SPK/BA.302/BA010102/2026,57,sp-juli-897,E/H PUMP FOR DECK MACHINERY,6314 ZZ,8,8,pcs,0,10,Permintaan SPK 1109.SPK/BA.302/BA010102/2026
TUG5_TUG6,mr6-tug6-78,MR6-2026-000078,,1109.SPK/BA.302/BA010102/2026,spk-juli-78,Malahayati Baruna,,,Approved,2026-07-24T08:30:00.000Z,,,1109.SPK/BA.302/BA010102/2026,58,sp-juli-898,E/H PUMP FOR DECK MACHINERY,6212 ZZ,8,8,pcs,0,10,Permintaan SPK 1109.SPK/BA.302/BA010102/2026
TUG5_TUG6,mr6-tug6-78,MR6-2026-000078,,1109.SPK/BA.302/BA010102/2026,spk-juli-78,Malahayati Baruna,,,Approved,2026-07-24T08:30:00.000Z,,,1109.SPK/BA.302/BA010102/2026,59,sp-juli-899,E/R VENT FAN,6202 ZZ,2,2,pcs,0,10,Permintaan SPK 1109.SPK/BA.302/BA010102/2026
TUG5_TUG6,mr6-tug6-78,MR6-2026-000078,,1109.SPK/BA.302/BA010102/2026,spk-juli-78,Malahayati Baruna,,,Approved,2026-07-24T08:30:00.000Z,,,1109.SPK/BA.302/BA010102/2026,60,sp-juli-900,E/R VENT FAN,6310 ZZ,4,4,pcs,0,10,Permintaan SPK 1109.SPK/BA.302/BA010102/2026
TUG5_TUG6,mr6-tug6-78,MR6-2026-000078,,1109.SPK/BA.302/BA010102/2026,spk-juli-78,Malahayati Baruna,,,Approved,2026-07-24T08:30:00.000Z,,,1109.SPK/BA.302/BA010102/2026,61,sp-juli-901,E/R VENT FAN,6204 ZZ,2,2,pcs,0,10,Permintaan SPK 1109.SPK/BA.302/BA010102/2026
TUG5_TUG6,mr6-tug6-78,MR6-2026-000078,,1109.SPK/BA.302/BA010102/2026,spk-juli-78,Malahayati Baruna,,,Approved,2026-07-24T08:30:00.000Z,,,1109.SPK/BA.302/BA010102/2026,62,sp-juli-902,DECK CRANE ELMOT FAN,6208 ZZ,8,8,pcs,0,10,Permintaan SPK 1109.SPK/BA.302/BA010102/2026
TUG5_TUG6,mr6-tug6-78,MR6-2026-000078,,1109.SPK/BA.302/BA010102/2026,spk-juli-78,Malahayati Baruna,,,Approved,2026-07-24T08:30:00.000Z,,,1109.SPK/BA.302/BA010102/2026,63,sp-juli-902,DECK CRANE ELMOT FAN,6208 ZZ,8,8,pcs,0,10,Permintaan SPK 1109.SPK/BA.302/BA010102/2026
TUG5_TUG6,mr6-tug6-78,MR6-2026-000078,,1109.SPK/BA.302/BA010102/2026,spk-juli-78,Malahayati Baruna,,,Approved,2026-07-24T08:30:00.000Z,,,1109.SPK/BA.302/BA010102/2026,64,sp-juli-903,E/H PUMP HATCH COVER,6311 ZZ,4,4,pcs,0,10,Permintaan SPK 1109.SPK/BA.302/BA010102/2026
TUG5_TUG6,mr6-tug6-78,MR6-2026-000078,,1109.SPK/BA.302/BA010102/2026,spk-juli-78,Malahayati Baruna,,,Approved,2026-07-24T08:30:00.000Z,,,1109.SPK/BA.302/BA010102/2026,65,sp-juli-904,E/H PUMP HATCH COVER,6310 ZZ,4,4,pcs,0,10,Permintaan SPK 1109.SPK/BA.302/BA010102/2026
TUG5_TUG6,mr6-tug6-78,MR6-2026-000078,,1109.SPK/BA.302/BA010102/2026,spk-juli-78,Malahayati Baruna,,,Approved,2026-07-24T08:30:00.000Z,,,1109.SPK/BA.302/BA010102/2026,66,sp-juli-905,E/H PUMP STEERING GEAR NO 1 & NO 2,6311 ZZ,4,4,pcs,0,10,Permintaan SPK 1109.SPK/BA.302/BA010102/2026
TUG5_TUG6,mr6-tug6-78,MR6-2026-000078,,1109.SPK/BA.302/BA010102/2026,spk-juli-78,Malahayati Baruna,,,Approved,2026-07-24T08:30:00.000Z,,,1109.SPK/BA.302/BA010102/2026,67,sp-juli-906,E/H PUMP STEERING GEAR NO 1 & NO 2,7311 DB,4,4,pcs,0,10,Permintaan SPK 1109.SPK/BA.302/BA010102/2026
TUG5_TUG6,mr6-tug6-79,MR6-2026-000079,,1224.SPK/BA.202/BA010102/2026,spk-juli-79,Zalecha Baruna,,,Approved,2026-07-28T08:30:00.000Z,,,1224.SPK/BA.202/BA010102/2026,1,sp-juli-907,SAW DUST,25KG,20,20,pack,0,10,Permintaan SPK 1224.SPK/BA.202/BA010102/2026
TUG5_TUG6,mr6-tug6-79,MR6-2026-000079,,1224.SPK/BA.202/BA010102/2026,spk-juli-79,Zalecha Baruna,,,Approved,2026-07-28T08:30:00.000Z,,,1224.SPK/BA.202/BA010102/2026,2,sp-juli-908,BOHLAM CARGO,-,20,20,pcs,0,10,Permintaan SPK 1224.SPK/BA.202/BA010102/2026
TUG5_TUG6,mr6-tug6-79,MR6-2026-000079,,1224.SPK/BA.202/BA010102/2026,spk-juli-79,Zalecha Baruna,,,Approved,2026-07-28T08:30:00.000Z,,,1224.SPK/BA.202/BA010102/2026,3,sp-juli-909,KIPAS ANGIN,-,4,4,pcs,0,10,Permintaan SPK 1224.SPK/BA.202/BA010102/2026
TUG5_TUG6,mr6-tug6-79,MR6-2026-000079,,1224.SPK/BA.202/BA010102/2026,spk-juli-79,Zalecha Baruna,,,Approved,2026-07-28T08:30:00.000Z,,,1224.SPK/BA.202/BA010102/2026,4,sp-juli-910,WIRE FOR GRAB JANUS,-,8,8,set,0,10,Permintaan SPK 1224.SPK/BA.202/BA010102/2026
TUG5_TUG6,mr6-tug6-80,MR6-2026-000080,,1198.SPK/BA.302/BA010102/2026,spk-juli-80,Zalecha Baruna,,,Approved,2026-07-28T08:30:00.000Z,,,1198.SPK/BA.302/BA010102/2026,1,sp-juli-911,SOUNDING CAP & PIPE BILGES,"OD 60,5",22,22,pcs,0,10,Permintaan SPK 1198.SPK/BA.302/BA010102/2026
TUG5_TUG6,mr6-tug6-80,MR6-2026-000080,,1198.SPK/BA.302/BA010102/2026,spk-juli-80,Zalecha Baruna,,,Approved,2026-07-28T08:30:00.000Z,,,1198.SPK/BA.302/BA010102/2026,2,sp-juli-912,PIPE TST,"60,5",10,10,pcs,0,10,Permintaan SPK 1198.SPK/BA.302/BA010102/2026
TUG5_TUG6,mr6-tug6-81,MR6-2026-000081,,1217.SPK/BA.202/BA010102/2026,spk-juli-81,Zalecha Baruna,,,Approved,2026-07-28T08:30:00.000Z,,,1217.SPK/BA.202/BA010102/2026,1,sp-juli-913,REFILL OKSIGEN,-,12,12,lot,0,10,Permintaan SPK 1217.SPK/BA.202/BA010102/2026
TUG5_TUG6,mr6-tug6-81,MR6-2026-000081,,1217.SPK/BA.202/BA010102/2026,spk-juli-81,Zalecha Baruna,,,Approved,2026-07-28T08:30:00.000Z,,,1217.SPK/BA.202/BA010102/2026,2,sp-juli-914,REFILL LPG,-,1,1,lot,0,10,Permintaan SPK 1217.SPK/BA.202/BA010102/2026
TUG5_TUG6,mr6-tug6-81,MR6-2026-000081,,1217.SPK/BA.202/BA010102/2026,spk-juli-81,Zalecha Baruna,,,Approved,2026-07-28T08:30:00.000Z,,,1217.SPK/BA.202/BA010102/2026,3,sp-juli-564,PERIZINAN,-,1,1,lot,0,10,Permintaan SPK 1217.SPK/BA.202/BA010102/2026
TUG5_TUG6,mr6-tug6-81,MR6-2026-000081,,1217.SPK/BA.202/BA010102/2026,spk-juli-81,Zalecha Baruna,,,Approved,2026-07-28T08:30:00.000Z,,,1217.SPK/BA.202/BA010102/2026,4,sp-juli-915,PEMAKAIAN PICK UP,-,1,1,lot,0,10,Permintaan SPK 1217.SPK/BA.202/BA010102/2026
TUG5_TUG6,mr6-tug6-81,MR6-2026-000081,,1217.SPK/BA.202/BA010102/2026,spk-juli-81,Zalecha Baruna,,,Approved,2026-07-28T08:30:00.000Z,,,1217.SPK/BA.202/BA010102/2026,5,sp-juli-565,PENDAMPINGAN AGEN,-,1,1,lot,0,10,Permintaan SPK 1217.SPK/BA.202/BA010102/2026
TUG5_TUG6,mr6-tug6-82,MR6-2026-000082,,1204.SPK/BA.17/BA010102/2026,spk-juli-82,Zalecha Baruna,,,Approved,2026-07-28T08:30:00.000Z,,,1204.SPK/BA.17/BA010102/2026,1,sp-juli-916,LAMPU JTT HALOGEN LAMP 500W 230V,-,30,30,PCS,0,10,Permintaan SPK 1204.SPK/BA.17/BA010102/2026
TUG5_TUG6,mr6-tug6-82,MR6-2026-000082,,1204.SPK/BA.17/BA010102/2026,spk-juli-82,Zalecha Baruna,,,Approved,2026-07-28T08:30:00.000Z,,,1204.SPK/BA.17/BA010102/2026,2,sp-juli-917,LAMPU JTT HALOGEN LAMP 1000W 230V,-,30,30,PCS,0,10,Permintaan SPK 1204.SPK/BA.17/BA010102/2026
TUG5_TUG6,mr6-tug6-82,MR6-2026-000082,,1204.SPK/BA.17/BA010102/2026,spk-juli-82,Zalecha Baruna,,,Approved,2026-07-28T08:30:00.000Z,,,1204.SPK/BA.17/BA010102/2026,3,sp-juli-918,"KAP LAMPU TKI AKRILIK BENING 2X18W
(AKRILIK LEMBARAN 3 MM. PXL=67X24CM)",-,25,25,PCS,0,10,Permintaan SPK 1204.SPK/BA.17/BA010102/2026
TUG5_TUG6,mr6-tug6-82,MR6-2026-000082,,1204.SPK/BA.17/BA010102/2026,spk-juli-82,Zalecha Baruna,,,Approved,2026-07-28T08:30:00.000Z,,,1204.SPK/BA.17/BA010102/2026,4,sp-juli-919,"STARTER LAMPU NEON TL F-6-4P, 4-65W 220-240V",-,75,75,PCS,0,10,Permintaan SPK 1204.SPK/BA.17/BA010102/2026
TUG5_TUG6,mr6-tug6-82,MR6-2026-000082,,1204.SPK/BA.17/BA010102/2026,spk-juli-82,Zalecha Baruna,,,Approved,2026-07-28T08:30:00.000Z,,,1204.SPK/BA.17/BA010102/2026,5,sp-juli-920,"FREON R404A REFRIGERANT (10,9KG)",-,5,5,BOTOL,0,10,Permintaan SPK 1204.SPK/BA.17/BA010102/2026
TUG5_TUG6,mr6-tug6-82,MR6-2026-000082,,1204.SPK/BA.17/BA010102/2026,spk-juli-82,Zalecha Baruna,,,Approved,2026-07-28T08:30:00.000Z,,,1204.SPK/BA.17/BA010102/2026,6,sp-juli-921,KABEL SERABUT NYMHY/NYYHY 3X2.5,-,100,100,METER,0,10,Permintaan SPK 1204.SPK/BA.17/BA010102/2026
TUG5_TUG6,mr6-tug6-82,MR6-2026-000082,,1204.SPK/BA.17/BA010102/2026,spk-juli-82,Zalecha Baruna,,,Approved,2026-07-28T08:30:00.000Z,,,1204.SPK/BA.17/BA010102/2026,7,sp-juli-922,RED INSULATING VARNISH/SIRLAK/ VARNISH GULUNGAN DINAMO (400 ML),-,10,10,BOTOL,0,10,Permintaan SPK 1204.SPK/BA.17/BA010102/2026
TUG5_TUG6,mr6-tug6-82,MR6-2026-000082,,1204.SPK/BA.17/BA010102/2026,spk-juli-82,Zalecha Baruna,,,Approved,2026-07-28T08:30:00.000Z,,,1204.SPK/BA.17/BA010102/2026,8,sp-juli-923,"FLARING SWAGING TOOLS/FLARING PIPA AC
(UNTUK UKURAN PIPA 1/8-3/4)",-,2,2,SET,0,10,Permintaan SPK 1204.SPK/BA.17/BA010102/2026
TUG5_TUG6,mr6-tug6-82,MR6-2026-000082,,1204.SPK/BA.17/BA010102/2026,spk-juli-82,Zalecha Baruna,,,Approved,2026-07-28T08:30:00.000Z,,,1204.SPK/BA.17/BA010102/2026,9,sp-juli-924,BEARING 6205 ZZ,-,20,20,PCS,0,10,Permintaan SPK 1204.SPK/BA.17/BA010102/2026
TUG5_TUG6,mr6-tug6-82,MR6-2026-000082,,1204.SPK/BA.17/BA010102/2026,spk-juli-82,Zalecha Baruna,,,Approved,2026-07-28T08:30:00.000Z,,,1204.SPK/BA.17/BA010102/2026,10,sp-juli-925,STOP KONTAK 4 LUBANG 15A/250V,-,15,15,PCS,0,10,Permintaan SPK 1204.SPK/BA.17/BA010102/2026
TUG5_TUG6,mr6-tug6-82,MR6-2026-000082,,1204.SPK/BA.17/BA010102/2026,spk-juli-82,Zalecha Baruna,,,Approved,2026-07-28T08:30:00.000Z,,,1204.SPK/BA.17/BA010102/2026,11,sp-juli-926,STEKER/COLOKAN ARDE S-28 R. (B) (BENTUK BULAT),-,15,15,PCS,0,10,Permintaan SPK 1204.SPK/BA.17/BA010102/2026
TUG5_TUG6,mr6-tug6-82,MR6-2026-000082,,1204.SPK/BA.17/BA010102/2026,spk-juli-82,Zalecha Baruna,,,Approved,2026-07-28T08:30:00.000Z,,,1204.SPK/BA.17/BA010102/2026,12,sp-juli-927,TOOL BAGS 19/TAS PERKAKAS 19,-,2,2,PCS,0,10,Permintaan SPK 1204.SPK/BA.17/BA010102/2026
TUG5_TUG6,mr6-tug6-82,MR6-2026-000082,,1204.SPK/BA.17/BA010102/2026,spk-juli-82,Zalecha Baruna,,,Approved,2026-07-28T08:30:00.000Z,,,1204.SPK/BA.17/BA010102/2026,13,sp-juli-928,TELEPON KABEL SAHITEL S-37S. (12 DIGITS LCD DISPLAY),-,3,3,PCS,0,10,Permintaan SPK 1204.SPK/BA.17/BA010102/2026
TUG5_TUG6,mr6-tug6-83,MR6-2026-000083,,1197.SPK/PR.202/BA010102/2026,spk-juli-83,Srikandi Baruna 2001,,,Approved,2026-07-24T08:30:00.000Z,,,1197.SPK/PR.202/BA010102/2026,1,sp-juli-929,JASA PERBAIKAN BOLDER,-,1,1,lot,0,10,Permintaan SPK 1197.SPK/PR.202/BA010102/2026
TUG5_TUG6,mr6-tug6-83,MR6-2026-000083,,1197.SPK/PR.202/BA010102/2026,spk-juli-83,Srikandi Baruna 2001,,,Approved,2026-07-24T08:30:00.000Z,,,1197.SPK/PR.202/BA010102/2026,2,sp-juli-930,PLAT 120CMX100CMX10MM,-,1,1,lot,0,10,Permintaan SPK 1197.SPK/PR.202/BA010102/2026
TUG5_TUG6,mr6-tug6-83,MR6-2026-000083,,1197.SPK/PR.202/BA010102/2026,spk-juli-83,Srikandi Baruna 2001,,,Approved,2026-07-24T08:30:00.000Z,,,1197.SPK/PR.202/BA010102/2026,3,sp-juli-931,KAWAT LAS,-,1,1,lot,0,10,Permintaan SPK 1197.SPK/PR.202/BA010102/2026
TUG5_TUG6,mr6-tug6-83,MR6-2026-000083,,1197.SPK/PR.202/BA010102/2026,spk-juli-83,Srikandi Baruna 2001,,,Approved,2026-07-24T08:30:00.000Z,,,1197.SPK/PR.202/BA010102/2026,4,sp-juli-36,DISKON,-,1,1,lot,0,10,Permintaan SPK 1197.SPK/PR.202/BA010102/2026
TUG5_TUG6,mr6-tug6-84,MR6-2026-000084,,1196.SPK/BP.103/BA010102/2026,spk-juli-84,Martha Baruna,,,Approved,2026-07-28T08:30:00.000Z,,,1196.SPK/BP.103/BA010102/2026,1,sp-juli-932,JASA INSPEKSI ALAT DAN PELATIHAN LAPANGAN,-,1,1,lot,0,10,Permintaan SPK 1196.SPK/BP.103/BA010102/2026
TUG5_TUG6,mr6-tug6-84,MR6-2026-000084,,1196.SPK/BP.103/BA010102/2026,spk-juli-84,Martha Baruna,,,Approved,2026-07-28T08:30:00.000Z,,,1196.SPK/BP.103/BA010102/2026,2,sp-juli-339,TRANSPORTASI DAN AKOMODASI,-,1,1,lot,0,10,Permintaan SPK 1196.SPK/BP.103/BA010102/2026
TUG5_TUG6,mr6-tug6-85,MR6-2026-000085,,1149.SPK/BA.17/BA010102/2026,spk-juli-85,Kartini Baruna,,,Approved,2026-07-23T08:30:00.000Z,,,1149.SPK/BA.17/BA010102/2026,1,sp-juli-933,PLAT STRIP TEBAL 12mm X L 10 cm X P 6 m,-,20,20,batang,0,10,Permintaan SPK 1149.SPK/BA.17/BA010102/2026
TUG5_TUG6,mr6-tug6-85,MR6-2026-000085,,1149.SPK/BA.17/BA010102/2026,spk-juli-85,Kartini Baruna,,,Approved,2026-07-23T08:30:00.000Z,,,1149.SPK/BA.17/BA010102/2026,2,sp-juli-934,PIPA GALVANIS 3 INCH SC 80 mm X 6 m,-,16,16,batang,0,10,Permintaan SPK 1149.SPK/BA.17/BA010102/2026
TUG5_TUG6,mr6-tug6-85,MR6-2026-000085,,1149.SPK/BA.17/BA010102/2026,spk-juli-85,Kartini Baruna,,,Approved,2026-07-23T08:30:00.000Z,,,1149.SPK/BA.17/BA010102/2026,3,sp-juli-935,PIPA GLAVANIS 1 INCH SC 80 mm X 6 m,-,30,30,batang,0,10,Permintaan SPK 1149.SPK/BA.17/BA010102/2026
TUG5_TUG6,mr6-tug6-85,MR6-2026-000085,,1149.SPK/BA.17/BA010102/2026,spk-juli-85,Kartini Baruna,,,Approved,2026-07-23T08:30:00.000Z,,,1149.SPK/BA.17/BA010102/2026,4,sp-juli-936,PLAT TEBAL 10 mm X L 1.2 M X 2.4 M,LEMBAR,5,5,pcs,0,10,Permintaan SPK 1149.SPK/BA.17/BA010102/2026
TUG5_TUG6,mr6-tug6-85,MR6-2026-000085,,1149.SPK/BA.17/BA010102/2026,spk-juli-85,Kartini Baruna,,,Approved,2026-07-23T08:30:00.000Z,,,1149.SPK/BA.17/BA010102/2026,5,sp-juli-937,PLAT SIKU TEBAL 3 mm X 5 cm X 5 cm X 6 m,-,30,30,batang,0,10,Permintaan SPK 1149.SPK/BA.17/BA010102/2026
TUG5_TUG6,mr6-tug6-85,MR6-2026-000085,,1149.SPK/BA.17/BA010102/2026,spk-juli-85,Kartini Baruna,,,Approved,2026-07-23T08:30:00.000Z,,,1149.SPK/BA.17/BA010102/2026,6,sp-juli-938,PLAT SIKU TEBAL 3 mm X 8 cm X 8 cm X 6 m,-,20,20,batang,0,10,Permintaan SPK 1149.SPK/BA.17/BA010102/2026
TUG5_TUG6,mr6-tug6-86,MR6-2026-000086,,1250.SPK/BA.302/BA010102/2026,spk-juli-86,Walidah Baruna,,,Approved,2026-07-30T08:30:00.000Z,,,1250.SPK/BA.302/BA010102/2026,1,sp-juli-939,"SHEAVE PULLEY CRANE PCD700, S35C, S25C",-,11,11,pcs,0,10,Permintaan SPK 1250.SPK/BA.302/BA010102/2026
TUG5_TUG6,mr6-tug6-87,MR6-2026-000087,,1203.SPK/BA.202/BA010102/2026,spk-juli-87,Zalecha Baruna,,,Approved,2026-07-23T08:30:00.000Z,,,1203.SPK/BA.202/BA010102/2026,1,sp-juli-940,MAJUN,-,300,300,kg,0,10,Permintaan SPK 1203.SPK/BA.202/BA010102/2026
TUG5_TUG6,mr6-tug6-87,MR6-2026-000087,,1203.SPK/BA.202/BA010102/2026,spk-juli-87,Zalecha Baruna,,,Approved,2026-07-23T08:30:00.000Z,,,1203.SPK/BA.202/BA010102/2026,2,sp-juli-941,HAND GLOVES / SARUNG TANGAN KAOS,-,100,100,lusin,0,10,Permintaan SPK 1203.SPK/BA.202/BA010102/2026
TUG5_TUG6,mr6-tug6-87,MR6-2026-000087,,1203.SPK/BA.202/BA010102/2026,spk-juli-87,Zalecha Baruna,,,Approved,2026-07-23T08:30:00.000Z,,,1203.SPK/BA.202/BA010102/2026,3,sp-juli-942,DETERJEN POWDER (RINSO),-,10,10,pcs,0,10,Permintaan SPK 1203.SPK/BA.202/BA010102/2026
TUG5_TUG6,mr6-tug6-87,MR6-2026-000087,,1203.SPK/BA.202/BA010102/2026,spk-juli-87,Zalecha Baruna,,,Approved,2026-07-23T08:30:00.000Z,,,1203.SPK/BA.202/BA010102/2026,4,sp-juli-943,SOAP CREAM (SABUN COLEK),-,5,5,pcs,0,10,Permintaan SPK 1203.SPK/BA.202/BA010102/2026
TUG5_TUG6,mr6-tug6-87,MR6-2026-000087,,1203.SPK/BA.202/BA010102/2026,spk-juli-87,Zalecha Baruna,,,Approved,2026-07-23T08:30:00.000Z,,,1203.SPK/BA.202/BA010102/2026,5,sp-juli-944,WD 40,-,48,48,pcs,0,10,Permintaan SPK 1203.SPK/BA.202/BA010102/2026
TUG5_TUG6,mr6-tug6-87,MR6-2026-000087,,1203.SPK/BA.202/BA010102/2026,spk-juli-87,Zalecha Baruna,,,Approved,2026-07-23T08:30:00.000Z,,,1203.SPK/BA.202/BA010102/2026,6,sp-juli-945,PENETRAN (PERONTOK KARAT) STP AP-75,-,48,48,pcs,0,10,Permintaan SPK 1203.SPK/BA.202/BA010102/2026
TUG5_TUG6,mr6-tug6-87,MR6-2026-000087,,1203.SPK/BA.202/BA010102/2026,spk-juli-87,Zalecha Baruna,,,Approved,2026-07-23T08:30:00.000Z,,,1203.SPK/BA.202/BA010102/2026,7,sp-juli-946,HOSE FOR OXIGEN-ACITELIN,-,1,1,roll,0,10,Permintaan SPK 1203.SPK/BA.202/BA010102/2026
TUG5_TUG6,mr6-tug6-87,MR6-2026-000087,,1203.SPK/BA.202/BA010102/2026,spk-juli-87,Zalecha Baruna,,,Approved,2026-07-23T08:30:00.000Z,,,1203.SPK/BA.202/BA010102/2026,8,sp-juli-947,RED SILICON,-,36,36,pcs,0,10,Permintaan SPK 1203.SPK/BA.202/BA010102/2026
TUG5_TUG6,mr6-tug6-87,MR6-2026-000087,,1203.SPK/BA.202/BA010102/2026,spk-juli-87,Zalecha Baruna,,,Approved,2026-07-23T08:30:00.000Z,,,1203.SPK/BA.202/BA010102/2026,9,sp-juli-948,SENTER MEREK PELIKAN,-,4,4,pcs,0,10,Permintaan SPK 1203.SPK/BA.202/BA010102/2026
TUG5_TUG6,mr6-tug6-87,MR6-2026-000087,,1203.SPK/BA.202/BA010102/2026,spk-juli-87,Zalecha Baruna,,,Approved,2026-07-23T08:30:00.000Z,,,1203.SPK/BA.202/BA010102/2026,10,sp-juli-125,SENTER KEPALA,-,12,12,pcs,0,10,Permintaan SPK 1203.SPK/BA.202/BA010102/2026
TUG5_TUG6,mr6-tug6-87,MR6-2026-000087,,1203.SPK/BA.202/BA010102/2026,spk-juli-87,Zalecha Baruna,,,Approved,2026-07-23T08:30:00.000Z,,,1203.SPK/BA.202/BA010102/2026,11,sp-juli-949,TREEBOND 1104,-,6,6,pcs,0,10,Permintaan SPK 1203.SPK/BA.202/BA010102/2026
TUG5_TUG6,mr6-tug6-87,MR6-2026-000087,,1203.SPK/BA.202/BA010102/2026,spk-juli-87,Zalecha Baruna,,,Approved,2026-07-23T08:30:00.000Z,,,1203.SPK/BA.202/BA010102/2026,12,sp-juli-950,CORDOBON,-,10,10,pcs,0,10,Permintaan SPK 1203.SPK/BA.202/BA010102/2026
TUG5_TUG6,mr6-tug6-87,MR6-2026-000087,,1203.SPK/BA.202/BA010102/2026,spk-juli-87,Zalecha Baruna,,,Approved,2026-07-23T08:30:00.000Z,,,1203.SPK/BA.202/BA010102/2026,13,sp-juli-951,SERAT FIBER (LEBARAN),-,24,24,meter,0,10,Permintaan SPK 1203.SPK/BA.202/BA010102/2026
TUG5_TUG6,mr6-tug6-87,MR6-2026-000087,,1203.SPK/BA.202/BA010102/2026,spk-juli-87,Zalecha Baruna,,,Approved,2026-07-23T08:30:00.000Z,,,1203.SPK/BA.202/BA010102/2026,14,sp-juli-952,RESIN + KATALIS,-,3,3,liter,0,10,Permintaan SPK 1203.SPK/BA.202/BA010102/2026
TUG5_TUG6,mr6-tug6-87,MR6-2026-000087,,1203.SPK/BA.202/BA010102/2026,spk-juli-87,Zalecha Baruna,,,Approved,2026-07-23T08:30:00.000Z,,,1203.SPK/BA.202/BA010102/2026,15,sp-juli-953,KARUNG GONI,-,50,50,pcs,0,10,Permintaan SPK 1203.SPK/BA.202/BA010102/2026
TUG5_TUG6,mr6-tug6-87,MR6-2026-000087,,1203.SPK/BA.202/BA010102/2026,spk-juli-87,Zalecha Baruna,,,Approved,2026-07-23T08:30:00.000Z,,,1203.SPK/BA.202/BA010102/2026,16,sp-juli-954,EXTENSION OFFSET SOCK LY,-,2,2,pcs,0,10,Permintaan SPK 1203.SPK/BA.202/BA010102/2026
TUG5_TUG6,mr6-tug6-87,MR6-2026-000087,,1203.SPK/BA.202/BA010102/2026,spk-juli-87,Zalecha Baruna,,,Approved,2026-07-23T08:30:00.000Z,,,1203.SPK/BA.202/BA010102/2026,17,sp-juli-955,DRESSING BELT,-,12,12,pcs,0,10,Permintaan SPK 1203.SPK/BA.202/BA010102/2026
TUG5_TUG6,mr6-tug6-87,MR6-2026-000087,,1203.SPK/BA.202/BA010102/2026,spk-juli-87,Zalecha Baruna,,,Approved,2026-07-23T08:30:00.000Z,,,1203.SPK/BA.202/BA010102/2026,18,sp-juli-956,TRACKBELT 5 CM X 10 METER,-,3,3,pcs,0,10,Permintaan SPK 1203.SPK/BA.202/BA010102/2026
TUG5_TUG6,mr6-tug6-87,MR6-2026-000087,,1203.SPK/BA.202/BA010102/2026,spk-juli-87,Zalecha Baruna,,,Approved,2026-07-23T08:30:00.000Z,,,1203.SPK/BA.202/BA010102/2026,19,sp-juli-957,TRACKBELT 5 CM X 15 METER,-,2,2,pcs,0,10,Permintaan SPK 1203.SPK/BA.202/BA010102/2026
TUG5_TUG6,mr6-tug6-87,MR6-2026-000087,,1203.SPK/BA.202/BA010102/2026,spk-juli-87,Zalecha Baruna,,,Approved,2026-07-23T08:30:00.000Z,,,1203.SPK/BA.202/BA010102/2026,20,sp-juli-958,KUNCI L,-,2,2,pcs,0,10,Permintaan SPK 1203.SPK/BA.202/BA010102/2026
TUG5_TUG6,mr6-tug6-87,MR6-2026-000087,,1203.SPK/BA.202/BA010102/2026,spk-juli-87,Zalecha Baruna,,,Approved,2026-07-23T08:30:00.000Z,,,1203.SPK/BA.202/BA010102/2026,21,sp-juli-959,GUNTING SENG,-,3,3,pcs,0,10,Permintaan SPK 1203.SPK/BA.202/BA010102/2026
TUG5_TUG6,mr6-tug6-87,MR6-2026-000087,,1203.SPK/BA.202/BA010102/2026,spk-juli-87,Zalecha Baruna,,,Approved,2026-07-23T08:30:00.000Z,,,1203.SPK/BA.202/BA010102/2026,22,sp-juli-960,GUNTING PACKING,-,3,3,pcs,0,10,Permintaan SPK 1203.SPK/BA.202/BA010102/2026
TUG5_TUG6,mr6-tug6-87,MR6-2026-000087,,1203.SPK/BA.202/BA010102/2026,spk-juli-87,Zalecha Baruna,,,Approved,2026-07-23T08:30:00.000Z,,,1203.SPK/BA.202/BA010102/2026,23,sp-juli-961,VALVE GRINDING MACHINE TYPE TS 88,-,2,2,unit,0,10,Permintaan SPK 1203.SPK/BA.202/BA010102/2026
TUG5_TUG6,mr6-tug6-87,MR6-2026-000087,,1203.SPK/BA.202/BA010102/2026,spk-juli-87,Zalecha Baruna,,,Approved,2026-07-23T08:30:00.000Z,,,1203.SPK/BA.202/BA010102/2026,24,sp-juli-962,HYDROTESTER P/P MODEL KYOWA T60KP,-,1,1,unit,0,10,Permintaan SPK 1203.SPK/BA.202/BA010102/2026
TUG5_TUG6,mr6-tug6-87,MR6-2026-000087,,1203.SPK/BA.202/BA010102/2026,spk-juli-87,Zalecha Baruna,,,Approved,2026-07-23T08:30:00.000Z,,,1203.SPK/BA.202/BA010102/2026,25,sp-juli-963,DRILL BIT / MATA BOR MADE JERMAN,-,2,2,set,0,10,Permintaan SPK 1203.SPK/BA.202/BA010102/2026
TUG5_TUG6,mr6-tug6-87,MR6-2026-000087,,1203.SPK/BA.202/BA010102/2026,spk-juli-87,Zalecha Baruna,,,Approved,2026-07-23T08:30:00.000Z,,,1203.SPK/BA.202/BA010102/2026,26,sp-juli-964,KASSA NYAMUK,-,1,1,roll,0,10,Permintaan SPK 1203.SPK/BA.202/BA010102/2026
TUG5_TUG6,mr6-tug6-87,MR6-2026-000087,,1203.SPK/BA.202/BA010102/2026,spk-juli-87,Zalecha Baruna,,,Approved,2026-07-23T08:30:00.000Z,,,1203.SPK/BA.202/BA010102/2026,27,sp-juli-965,LONG DRAT M10,-,4,4,batang,0,10,Permintaan SPK 1203.SPK/BA.202/BA010102/2026
TUG5_TUG6,mr6-tug6-87,MR6-2026-000087,,1203.SPK/BA.202/BA010102/2026,spk-juli-87,Zalecha Baruna,,,Approved,2026-07-23T08:30:00.000Z,,,1203.SPK/BA.202/BA010102/2026,28,sp-juli-966,LONG DRAT M12,-,4,4,batang,0,10,Permintaan SPK 1203.SPK/BA.202/BA010102/2026
TUG5_TUG6,mr6-tug6-87,MR6-2026-000087,,1203.SPK/BA.202/BA010102/2026,spk-juli-87,Zalecha Baruna,,,Approved,2026-07-23T08:30:00.000Z,,,1203.SPK/BA.202/BA010102/2026,29,sp-juli-967,LONG DRAT M 14,-,2,2,batang,0,10,Permintaan SPK 1203.SPK/BA.202/BA010102/2026
TUG5_TUG6,mr6-tug6-87,MR6-2026-000087,,1203.SPK/BA.202/BA010102/2026,spk-juli-87,Zalecha Baruna,,,Approved,2026-07-23T08:30:00.000Z,,,1203.SPK/BA.202/BA010102/2026,30,sp-juli-968,LONG DRAT M 16,-,2,2,batang,0,10,Permintaan SPK 1203.SPK/BA.202/BA010102/2026
TUG5_TUG6,mr6-tug6-87,MR6-2026-000087,,1203.SPK/BA.202/BA010102/2026,spk-juli-87,Zalecha Baruna,,,Approved,2026-07-23T08:30:00.000Z,,,1203.SPK/BA.202/BA010102/2026,31,sp-juli-969,KAPUR LAS,-,1,1,pcs,0,10,Permintaan SPK 1203.SPK/BA.202/BA010102/2026
TUG5_TUG6,mr6-tug6-87,MR6-2026-000087,,1203.SPK/BA.202/BA010102/2026,spk-juli-87,Zalecha Baruna,,,Approved,2026-07-23T08:30:00.000Z,,,1203.SPK/BA.202/BA010102/2026,32,sp-juli-970,KACA LAS HITAM NO.10,-,20,20,pcs,0,10,Permintaan SPK 1203.SPK/BA.202/BA010102/2026
TUG5_TUG6,mr6-tug6-87,MR6-2026-000087,,1203.SPK/BA.202/BA010102/2026,spk-juli-87,Zalecha Baruna,,,Approved,2026-07-23T08:30:00.000Z,,,1203.SPK/BA.202/BA010102/2026,33,sp-juli-971,TOPENG LAS FULL FACE,-,2,2,pcs,0,10,Permintaan SPK 1203.SPK/BA.202/BA010102/2026
TUG5_TUG6,mr6-tug6-87,MR6-2026-000087,,1203.SPK/BA.202/BA010102/2026,spk-juli-87,Zalecha Baruna,,,Approved,2026-07-23T08:30:00.000Z,,,1203.SPK/BA.202/BA010102/2026,34,sp-juli-972,"KUNCI PIPA UK 8"" INCHI",-,2,2,pcs,0,10,Permintaan SPK 1203.SPK/BA.202/BA010102/2026
TUG5_TUG6,mr6-tug6-87,MR6-2026-000087,,1203.SPK/BA.202/BA010102/2026,spk-juli-87,Zalecha Baruna,,,Approved,2026-07-23T08:30:00.000Z,,,1203.SPK/BA.202/BA010102/2026,35,sp-juli-973,"KUNCI PIPA UK 10"" INCHI",-,2,2,pcs,0,10,Permintaan SPK 1203.SPK/BA.202/BA010102/2026
TUG5_TUG6,mr6-tug6-87,MR6-2026-000087,,1203.SPK/BA.202/BA010102/2026,spk-juli-87,Zalecha Baruna,,,Approved,2026-07-23T08:30:00.000Z,,,1203.SPK/BA.202/BA010102/2026,36,sp-juli-974,HYDROLIK JACK BENDING PIPE,-,1,1,set,0,10,Permintaan SPK 1203.SPK/BA.202/BA010102/2026
TUG5_TUG6,mr6-tug6-87,MR6-2026-000087,,1203.SPK/BA.202/BA010102/2026,spk-juli-87,Zalecha Baruna,,,Approved,2026-07-23T08:30:00.000Z,,,1203.SPK/BA.202/BA010102/2026,37,sp-juli-975,DONGKRAK BOTOL CAP 1 TON,-,2,2,pcs,0,10,Permintaan SPK 1203.SPK/BA.202/BA010102/2026
TUG5_TUG6,mr6-tug6-87,MR6-2026-000087,,1203.SPK/BA.202/BA010102/2026,spk-juli-87,Zalecha Baruna,,,Approved,2026-07-23T08:30:00.000Z,,,1203.SPK/BA.202/BA010102/2026,38,sp-juli-976,DONGKRAK BOTOL CAP 5 TON,-,2,2,pcs,0,10,Permintaan SPK 1203.SPK/BA.202/BA010102/2026
TUG5_TUG6,mr6-tug6-87,MR6-2026-000087,,1203.SPK/BA.202/BA010102/2026,spk-juli-87,Zalecha Baruna,,,Approved,2026-07-23T08:30:00.000Z,,,1203.SPK/BA.202/BA010102/2026,39,sp-juli-977,COUPLER SOCKET AIR PLUG,-,12,12,set,0,10,Permintaan SPK 1203.SPK/BA.202/BA010102/2026
TUG5_TUG6,mr6-tug6-87,MR6-2026-000087,,1203.SPK/BA.202/BA010102/2026,spk-juli-87,Zalecha Baruna,,,Approved,2026-07-23T08:30:00.000Z,,,1203.SPK/BA.202/BA010102/2026,40,sp-juli-978,DRUM LIFTER,-,4,4,set,0,10,Permintaan SPK 1203.SPK/BA.202/BA010102/2026
TUG5_TUG6,mr6-tug6-87,MR6-2026-000087,,1203.SPK/BA.202/BA010102/2026,spk-juli-87,Zalecha Baruna,,,Approved,2026-07-23T08:30:00.000Z,,,1203.SPK/BA.202/BA010102/2026,41,sp-juli-979,"KUNCI INGGRIS 12"" INCH",-,4,4,pcs,0,10,Permintaan SPK 1203.SPK/BA.202/BA010102/2026
TUG5_TUG6,mr6-tug6-87,MR6-2026-000087,,1203.SPK/BA.202/BA010102/2026,spk-juli-87,Zalecha Baruna,,,Approved,2026-07-23T08:30:00.000Z,,,1203.SPK/BA.202/BA010102/2026,42,sp-juli-980,"KUNCI INGGRIS 8"" INCH",-,4,4,pcs,0,10,Permintaan SPK 1203.SPK/BA.202/BA010102/2026
TUG5_TUG6,mr6-tug6-87,MR6-2026-000087,,1203.SPK/BA.202/BA010102/2026,spk-juli-87,Zalecha Baruna,,,Approved,2026-07-23T08:30:00.000Z,,,1203.SPK/BA.202/BA010102/2026,43,sp-juli-981,KUNCI RACHET SCAFFOLDING UK 46,-,2,2,pcs,0,10,Permintaan SPK 1203.SPK/BA.202/BA010102/2026
TUG5_TUG6,mr6-tug6-87,MR6-2026-000087,,1203.SPK/BA.202/BA010102/2026,spk-juli-87,Zalecha Baruna,,,Approved,2026-07-23T08:30:00.000Z,,,1203.SPK/BA.202/BA010102/2026,44,sp-juli-982,IMPACT Merk DONG CHENG Type DCPB1218,-,2,2,set,0,10,Permintaan SPK 1203.SPK/BA.202/BA010102/2026
TUG5_TUG6,mr6-tug6-87,MR6-2026-000087,,1203.SPK/BA.202/BA010102/2026,spk-juli-87,Zalecha Baruna,,,Approved,2026-07-23T08:30:00.000Z,,,1203.SPK/BA.202/BA010102/2026,45,sp-juli-983,KAWAT LAS LB (4.mm),-,20,20,kg,0,10,Permintaan SPK 1203.SPK/BA.202/BA010102/2026
TUG5_TUG6,mr6-tug6-87,MR6-2026-000087,,1203.SPK/BA.202/BA010102/2026,spk-juli-87,Zalecha Baruna,,,Approved,2026-07-23T08:30:00.000Z,,,1203.SPK/BA.202/BA010102/2026,46,sp-juli-984,"KAWAT LAS LB (3,2mm)",-,20,20,kg,0,10,Permintaan SPK 1203.SPK/BA.202/BA010102/2026
TUG5_TUG6,mr6-tug6-87,MR6-2026-000087,,1203.SPK/BA.202/BA010102/2026,spk-juli-87,Zalecha Baruna,,,Approved,2026-07-23T08:30:00.000Z,,,1203.SPK/BA.202/BA010102/2026,47,sp-juli-985,KAWAT LAS LB (2.6 mm),-,20,20,kg,0,10,Permintaan SPK 1203.SPK/BA.202/BA010102/2026
TUG5_TUG6,mr6-tug6-87,MR6-2026-000087,,1203.SPK/BA.202/BA010102/2026,spk-juli-87,Zalecha Baruna,,,Approved,2026-07-23T08:30:00.000Z,,,1203.SPK/BA.202/BA010102/2026,48,sp-juli-986,WIRE ROPE Dia. 10mm panjang 100cm with eye splice,-,4,4,pcs,0,10,Permintaan SPK 1203.SPK/BA.202/BA010102/2026
TUG5_TUG6,mr6-tug6-87,MR6-2026-000087,,1203.SPK/BA.202/BA010102/2026,spk-juli-87,Zalecha Baruna,,,Approved,2026-07-23T08:30:00.000Z,,,1203.SPK/BA.202/BA010102/2026,49,sp-juli-987,WIRE ROPE Dia. 16mm panjang 150cm with eye splice,-,4,4,pcs,0,10,Permintaan SPK 1203.SPK/BA.202/BA010102/2026
TUG5_TUG6,mr6-tug6-87,MR6-2026-000087,,1203.SPK/BA.202/BA010102/2026,spk-juli-87,Zalecha Baruna,,,Approved,2026-07-23T08:30:00.000Z,,,1203.SPK/BA.202/BA010102/2026,50,sp-juli-988,EYE BOLT M12,-,6,6,pcs,0,10,Permintaan SPK 1203.SPK/BA.202/BA010102/2026
TUG5_TUG6,mr6-tug6-87,MR6-2026-000087,,1203.SPK/BA.202/BA010102/2026,spk-juli-87,Zalecha Baruna,,,Approved,2026-07-23T08:30:00.000Z,,,1203.SPK/BA.202/BA010102/2026,51,sp-juli-989,EYE BOLT M14,-,6,6,pcs,0,10,Permintaan SPK 1203.SPK/BA.202/BA010102/2026
TUG5_TUG6,mr6-tug6-87,MR6-2026-000087,,1203.SPK/BA.202/BA010102/2026,spk-juli-87,Zalecha Baruna,,,Approved,2026-07-23T08:30:00.000Z,,,1203.SPK/BA.202/BA010102/2026,52,sp-juli-990,EYE BOLT M16,-,6,6,pcs,0,10,Permintaan SPK 1203.SPK/BA.202/BA010102/2026
TUG5_TUG6,mr6-tug6-87,MR6-2026-000087,,1203.SPK/BA.202/BA010102/2026,spk-juli-87,Zalecha Baruna,,,Approved,2026-07-23T08:30:00.000Z,,,1203.SPK/BA.202/BA010102/2026,53,sp-juli-991,STRAIGHT SHACKLES 1 Ton,-,6,6,pcs,0,10,Permintaan SPK 1203.SPK/BA.202/BA010102/2026
TUG5_TUG6,mr6-tug6-87,MR6-2026-000087,,1203.SPK/BA.202/BA010102/2026,spk-juli-87,Zalecha Baruna,,,Approved,2026-07-23T08:30:00.000Z,,,1203.SPK/BA.202/BA010102/2026,54,sp-juli-992,STRAIGHT SHACKLES 2 Ton,-,6,6,pcs,0,10,Permintaan SPK 1203.SPK/BA.202/BA010102/2026
TUG5_TUG6,mr6-tug6-87,MR6-2026-000087,,1203.SPK/BA.202/BA010102/2026,spk-juli-87,Zalecha Baruna,,,Approved,2026-07-23T08:30:00.000Z,,,1203.SPK/BA.202/BA010102/2026,55,sp-juli-993,STRAIGHT SHACKLES 4 Ton,-,6,6,pcs,0,10,Permintaan SPK 1203.SPK/BA.202/BA010102/2026
TUG5_TUG6,mr6-tug6-87,MR6-2026-000087,,1203.SPK/BA.202/BA010102/2026,spk-juli-87,Zalecha Baruna,,,Approved,2026-07-23T08:30:00.000Z,,,1203.SPK/BA.202/BA010102/2026,56,sp-juli-994,MASKER GAS RESPIRATOR KN95 + kacamata,-,4,4,pcs,0,10,Permintaan SPK 1203.SPK/BA.202/BA010102/2026
TUG5_TUG6,mr6-tug6-87,MR6-2026-000087,,1203.SPK/BA.202/BA010102/2026,spk-juli-87,Zalecha Baruna,,,Approved,2026-07-23T08:30:00.000Z,,,1203.SPK/BA.202/BA010102/2026,57,sp-juli-995,BOLT & NUT M8 X 5 CM,-,200,200,pcs,0,10,Permintaan SPK 1203.SPK/BA.202/BA010102/2026
TUG5_TUG6,mr6-tug6-87,MR6-2026-000087,,1203.SPK/BA.202/BA010102/2026,spk-juli-87,Zalecha Baruna,,,Approved,2026-07-23T08:30:00.000Z,,,1203.SPK/BA.202/BA010102/2026,58,sp-juli-996,BOLT & NUT M10 X 7 CM,-,200,200,pcs,0,10,Permintaan SPK 1203.SPK/BA.202/BA010102/2026
TUG5_TUG6,mr6-tug6-87,MR6-2026-000087,,1203.SPK/BA.202/BA010102/2026,spk-juli-87,Zalecha Baruna,,,Approved,2026-07-23T08:30:00.000Z,,,1203.SPK/BA.202/BA010102/2026,59,sp-juli-997,BOLT & NUT M12 X 7 CM,-,200,200,pcs,0,10,Permintaan SPK 1203.SPK/BA.202/BA010102/2026
TUG5_TUG6,mr6-tug6-87,MR6-2026-000087,,1203.SPK/BA.202/BA010102/2026,spk-juli-87,Zalecha Baruna,,,Approved,2026-07-23T08:30:00.000Z,,,1203.SPK/BA.202/BA010102/2026,60,sp-juli-998,BOLT & NUT M14 X 7 CM,-,200,200,pcs,0,10,Permintaan SPK 1203.SPK/BA.202/BA010102/2026
TUG5_TUG6,mr6-tug6-87,MR6-2026-000087,,1203.SPK/BA.202/BA010102/2026,spk-juli-87,Zalecha Baruna,,,Approved,2026-07-23T08:30:00.000Z,,,1203.SPK/BA.202/BA010102/2026,61,sp-juli-999,BOLT & NUT M16 X 10 CM,-,200,200,pcs,0,10,Permintaan SPK 1203.SPK/BA.202/BA010102/2026
TUG5_TUG6,mr6-tug6-87,MR6-2026-000087,,1203.SPK/BA.202/BA010102/2026,spk-juli-87,Zalecha Baruna,,,Approved,2026-07-23T08:30:00.000Z,,,1203.SPK/BA.202/BA010102/2026,62,sp-juli-1000,"FOOT VALVE / TUSSEN KLEP 1"" INCHI",-,2,2,pcs,0,10,Permintaan SPK 1203.SPK/BA.202/BA010102/2026
TUG5_TUG6,mr6-tug6-87,MR6-2026-000087,,1203.SPK/BA.202/BA010102/2026,spk-juli-87,Zalecha Baruna,,,Approved,2026-07-23T08:30:00.000Z,,,1203.SPK/BA.202/BA010102/2026,63,sp-juli-1001,KAIN PEL REFFIL,-,40,40,pcs,0,10,Permintaan SPK 1203.SPK/BA.202/BA010102/2026
TUG5_TUG6,mr6-tug6-87,MR6-2026-000087,,1203.SPK/BA.202/BA010102/2026,spk-juli-87,Zalecha Baruna,,,Approved,2026-07-23T08:30:00.000Z,,,1203.SPK/BA.202/BA010102/2026,64,sp-juli-1002,CORONG PLASTIK UK 10,-,5,5,pcs,0,10,Permintaan SPK 1203.SPK/BA.202/BA010102/2026
TUG5_TUG6,mr6-tug6-87,MR6-2026-000087,,1203.SPK/BA.202/BA010102/2026,spk-juli-87,Zalecha Baruna,,,Approved,2026-07-23T08:30:00.000Z,,,1203.SPK/BA.202/BA010102/2026,65,sp-juli-1003,"CORONG PLASTIK UK 3""",-,5,5,pcs,0,10,Permintaan SPK 1203.SPK/BA.202/BA010102/2026
TUG5_TUG6,mr6-tug6-87,MR6-2026-000087,,1203.SPK/BA.202/BA010102/2026,spk-juli-87,Zalecha Baruna,,,Approved,2026-07-23T08:30:00.000Z,,,1203.SPK/BA.202/BA010102/2026,66,sp-juli-1004,O RING KIT SET,-,1,1,set,0,10,Permintaan SPK 1203.SPK/BA.202/BA010102/2026
TUG5_TUG6,mr6-tug6-87,MR6-2026-000087,,1203.SPK/BA.202/BA010102/2026,spk-juli-87,Zalecha Baruna,,,Approved,2026-07-23T08:30:00.000Z,,,1203.SPK/BA.202/BA010102/2026,67,sp-juli-1005,COPPER KIT SET,-,1,1,set,0,10,Permintaan SPK 1203.SPK/BA.202/BA010102/2026
TUG5_TUG6,mr6-tug6-87,MR6-2026-000087,,1203.SPK/BA.202/BA010102/2026,spk-juli-87,Zalecha Baruna,,,Approved,2026-07-23T08:30:00.000Z,,,1203.SPK/BA.202/BA010102/2026,68,sp-juli-1006,POMPA PNEUMATIC OIL STICK DRUM,-,1,1,unit,0,10,Permintaan SPK 1203.SPK/BA.202/BA010102/2026
TUG5_TUG6,mr6-tug6-87,MR6-2026-000087,,1203.SPK/BA.202/BA010102/2026,spk-juli-87,Zalecha Baruna,,,Approved,2026-07-23T08:30:00.000Z,,,1203.SPK/BA.202/BA010102/2026,69,sp-juli-1007,MESIN BOR,-,1,1,unit,0,10,Permintaan SPK 1203.SPK/BA.202/BA010102/2026
TUG5_TUG6,mr6-tug6-87,MR6-2026-000087,,1203.SPK/BA.202/BA010102/2026,spk-juli-87,Zalecha Baruna,,,Approved,2026-07-23T08:30:00.000Z,,,1203.SPK/BA.202/BA010102/2026,70,sp-juli-1008,"KUNCI 8"" INCHI",-,3,3,pcs,0,10,Permintaan SPK 1203.SPK/BA.202/BA010102/2026
TUG5_TUG6,mr6-tug6-87,MR6-2026-000087,,1203.SPK/BA.202/BA010102/2026,spk-juli-87,Zalecha Baruna,,,Approved,2026-07-23T08:30:00.000Z,,,1203.SPK/BA.202/BA010102/2026,71,sp-juli-1009,WRAPPING LEBAR 60 CM,-,5,5,roll,0,10,Permintaan SPK 1203.SPK/BA.202/BA010102/2026
TUG5_TUG6,mr6-tug6-87,MR6-2026-000087,,1203.SPK/BA.202/BA010102/2026,spk-juli-87,Zalecha Baruna,,,Approved,2026-07-23T08:30:00.000Z,,,1203.SPK/BA.202/BA010102/2026,72,sp-juli-1010,SEROKAN SAMPAH,-,10,10,pcs,0,10,Permintaan SPK 1203.SPK/BA.202/BA010102/2026
TUG5_TUG6,mr6-tug6-88,MR6-2026-000088,,1246.SPK/BA.17/BA010102/2026,spk-juli-88,Srikandi Baruna 2205,,,Approved,2026-07-29T08:30:00.000Z,,,1246.SPK/BA.17/BA010102/2026,1,sp-juli-790,PILOT II WHITE,-,100,100,liter,0,10,Permintaan SPK 1246.SPK/BA.17/BA010102/2026
TUG5_TUG6,mr6-tug6-88,MR6-2026-000088,,1246.SPK/BA.17/BA010102/2026,spk-juli-88,Srikandi Baruna 2205,,,Approved,2026-07-29T08:30:00.000Z,,,1246.SPK/BA.17/BA010102/2026,2,sp-juli-1011,PILOT II STD 7075 GREEN,-,100,100,liter,0,10,Permintaan SPK 1246.SPK/BA.17/BA010102/2026
TUG5_TUG6,mr6-tug6-88,MR6-2026-000088,,1246.SPK/BA.17/BA010102/2026,spk-juli-88,Srikandi Baruna 2205,,,Approved,2026-07-29T08:30:00.000Z,,,1246.SPK/BA.17/BA010102/2026,3,sp-juli-1012,THINNER NO. 02,-,100,100,liter,0,10,Permintaan SPK 1246.SPK/BA.17/BA010102/2026
TUG5_TUG6,mr6-tug6-88,MR6-2026-000088,,1246.SPK/BA.17/BA010102/2026,spk-juli-88,Srikandi Baruna 2205,,,Approved,2026-07-29T08:30:00.000Z,,,1246.SPK/BA.17/BA010102/2026,4,sp-juli-1013,PILOT II STD 258 YELLOW,-,60,60,liter,0,10,Permintaan SPK 1246.SPK/BA.17/BA010102/2026
TUG5_TUG6,mr6-tug6-88,MR6-2026-000088,,1246.SPK/BA.17/BA010102/2026,spk-juli-88,Srikandi Baruna 2205,,,Approved,2026-07-29T08:30:00.000Z,,,1246.SPK/BA.17/BA010102/2026,5,sp-juli-1014,PILOT II STD 439 ORANGE,-,60,60,liter,0,10,Permintaan SPK 1246.SPK/BA.17/BA010102/2026
TUG5_TUG6,mr6-tug6-88,MR6-2026-000088,,1246.SPK/BA.17/BA010102/2026,spk-juli-88,Srikandi Baruna 2205,,,Approved,2026-07-29T08:30:00.000Z,,,1246.SPK/BA.17/BA010102/2026,6,sp-juli-1015,PILOT II STD 926 RED,-,60,60,liter,0,10,Permintaan SPK 1246.SPK/BA.17/BA010102/2026
TUG5_TUG6,mr6-tug6-88,MR6-2026-000088,,1246.SPK/BA.17/BA010102/2026,spk-juli-88,Srikandi Baruna 2205,,,Approved,2026-07-29T08:30:00.000Z,,,1246.SPK/BA.17/BA010102/2026,7,sp-juli-1016,PILOT II GREY STD 403,-,60,60,liter,0,10,Permintaan SPK 1246.SPK/BA.17/BA010102/2026
TUG5_TUG6,mr6-tug6-88,MR6-2026-000088,,1246.SPK/BA.17/BA010102/2026,spk-juli-88,Srikandi Baruna 2205,,,Approved,2026-07-29T08:30:00.000Z,,,1246.SPK/BA.17/BA010102/2026,8,sp-juli-513,PILOT II BLACK,-,60,60,liter,0,10,Permintaan SPK 1246.SPK/BA.17/BA010102/2026
TUG5_TUG6,mr6-tug6-88,MR6-2026-000088,,1246.SPK/BA.17/BA010102/2026,spk-juli-88,Srikandi Baruna 2205,,,Approved,2026-07-29T08:30:00.000Z,,,1246.SPK/BA.17/BA010102/2026,9,sp-juli-1017,PILOT II STD 2175 BROWN,-,60,60,liter,0,10,Permintaan SPK 1246.SPK/BA.17/BA010102/2026
TUG5_TUG6,mr6-tug6-88,MR6-2026-000088,,1246.SPK/BA.17/BA010102/2026,spk-juli-88,Srikandi Baruna 2205,,,Approved,2026-07-29T08:30:00.000Z,,,1246.SPK/BA.17/BA010102/2026,10,sp-juli-1018,SOLVALITT ALUMINIUM,-,10,10,liter,0,10,Permintaan SPK 1246.SPK/BA.17/BA010102/2026
TUG5_TUG6,mr6-tug6-88,MR6-2026-000088,,1246.SPK/BA.17/BA010102/2026,spk-juli-88,Srikandi Baruna 2205,,,Approved,2026-07-29T08:30:00.000Z,,,1246.SPK/BA.17/BA010102/2026,11,sp-juli-1019,ALKYDPRIMER RED,-,60,60,liter,0,10,Permintaan SPK 1246.SPK/BA.17/BA010102/2026
TUG5_TUG6,mr6-tug6-88,MR6-2026-000088,,1246.SPK/BA.17/BA010102/2026,spk-juli-88,Srikandi Baruna 2205,,,Approved,2026-07-29T08:30:00.000Z,,,1246.SPK/BA.17/BA010102/2026,12,sp-juli-1020,PILOT II PARROT BLUE STD 4202,-,40,40,liter,0,10,Permintaan SPK 1246.SPK/BA.17/BA010102/2026
TUG5_TUG6,mr6-tug6-88,MR6-2026-000088,,1246.SPK/BA.17/BA010102/2026,spk-juli-88,Srikandi Baruna 2205,,,Approved,2026-07-29T08:30:00.000Z,,,1246.SPK/BA.17/BA010102/2026,13,sp-juli-1021,PILOT II BROWN STD 1441,-,40,40,liter,0,10,Permintaan SPK 1246.SPK/BA.17/BA010102/2026
TUG5_TUG6,mr6-tug6-89,MR6-2026-000089,,1237.SPK/BA.17/BA010102/2026,spk-juli-89,Srikandi Baruna 2205,,,Approved,2026-07-28T08:30:00.000Z,,,1237.SPK/BA.17/BA010102/2026,1,sp-juli-444,TALI PP MONOFILAMENT CIR 10,-,1,1,roll,0,10,Permintaan SPK 1237.SPK/BA.17/BA010102/2026
TUG5_TUG6,mr6-tug6-90,MR6-2026-000090,,1148.SPK/BA.202/BA010102/2026,spk-juli-90,Kartini Baruna,,,Approved,2026-07-28T08:30:00.000Z,,,1148.SPK/BA.202/BA010102/2026,1,sp-juli-1022,ELECTRIC SCALING MACHINE KC-50E 110V/60,591217,2,2,unit,0,10,Permintaan SPK 1148.SPK/BA.202/BA010102/2026
TUG5_TUG6,mr6-tug6-90,MR6-2026-000090,,1148.SPK/BA.202/BA010102/2026,spk-juli-90,Kartini Baruna,,,Approved,2026-07-28T08:30:00.000Z,,,1148.SPK/BA.202/BA010102/2026,2,sp-juli-1023,"MESIN CAT SPRAY GUN AIRLESS PAINT SPAYER MERK : TSZUMI, TYPE : X20HD, POWER : 110W VOLTAGE : 220",-,1,1,pcs,0,10,Permintaan SPK 1148.SPK/BA.202/BA010102/2026
TUG5_TUG6,mr6-tug6-90,MR6-2026-000090,,1148.SPK/BA.202/BA010102/2026,spk-juli-90,Kartini Baruna,,,Approved,2026-07-28T08:30:00.000Z,,,1148.SPK/BA.202/BA010102/2026,3,sp-juli-1024,GERINDA TANGAN MERK MAKITA 4 INCH,TYPE 9553B,2,2,pcs,0,10,Permintaan SPK 1148.SPK/BA.202/BA010102/2026
TUG5_TUG6,mr6-tug6-90,MR6-2026-000090,,1148.SPK/BA.202/BA010102/2026,spk-juli-90,Kartini Baruna,,,Approved,2026-07-28T08:30:00.000Z,,,1148.SPK/BA.202/BA010102/2026,4,sp-juli-1025,SAPU LANTAI,-,50,50,pcs,0,10,Permintaan SPK 1148.SPK/BA.202/BA010102/2026
TUG5_TUG6,mr6-tug6-90,MR6-2026-000090,,1148.SPK/BA.202/BA010102/2026,spk-juli-90,Kartini Baruna,,,Approved,2026-07-28T08:30:00.000Z,,,1148.SPK/BA.202/BA010102/2026,5,sp-juli-1026,SEROK SAMPAH / PENGKI / DUSTPAN,-,50,50,pcs,0,10,Permintaan SPK 1148.SPK/BA.202/BA010102/2026
TUG5_TUG6,mr6-tug6-90,MR6-2026-000090,,1148.SPK/BA.202/BA010102/2026,spk-juli-90,Kartini Baruna,,,Approved,2026-07-28T08:30:00.000Z,,,1148.SPK/BA.202/BA010102/2026,6,sp-juli-1027,PEL LATAI + GAGANG,-,50,50,pcs,0,10,Permintaan SPK 1148.SPK/BA.202/BA010102/2026
TUG5_TUG6,mr6-tug6-90,MR6-2026-000090,,1148.SPK/BA.202/BA010102/2026,spk-juli-90,Kartini Baruna,,,Approved,2026-07-28T08:30:00.000Z,,,1148.SPK/BA.202/BA010102/2026,7,sp-juli-1028,SEROKAN AIR / LEWA,-,20,20,pcs,0,10,Permintaan SPK 1148.SPK/BA.202/BA010102/2026
TUG5_TUG6,mr6-tug6-90,MR6-2026-000090,,1148.SPK/BA.202/BA010102/2026,spk-juli-90,Kartini Baruna,,,Approved,2026-07-28T08:30:00.000Z,,,1148.SPK/BA.202/BA010102/2026,8,sp-juli-1029,SAPU LIDI,-,20,20,pcs,0,10,Permintaan SPK 1148.SPK/BA.202/BA010102/2026
TUG5_TUG6,mr6-tug6-90,MR6-2026-000090,,1148.SPK/BA.202/BA010102/2026,spk-juli-90,Kartini Baruna,,,Approved,2026-07-28T08:30:00.000Z,,,1148.SPK/BA.202/BA010102/2026,9,sp-juli-1030,SEKOP,-,20,20,pcs,0,10,Permintaan SPK 1148.SPK/BA.202/BA010102/2026
TUG5_TUG6,mr6-tug6-90,MR6-2026-000090,,1148.SPK/BA.202/BA010102/2026,spk-juli-90,Kartini Baruna,,,Approved,2026-07-28T08:30:00.000Z,,,1148.SPK/BA.202/BA010102/2026,10,sp-juli-1031,KUAS BENGKOK 2 INCH,-,30,30,pcs,0,10,Permintaan SPK 1148.SPK/BA.202/BA010102/2026
TUG5_TUG6,mr6-tug6-90,MR6-2026-000090,,1148.SPK/BA.202/BA010102/2026,spk-juli-90,Kartini Baruna,,,Approved,2026-07-28T08:30:00.000Z,,,1148.SPK/BA.202/BA010102/2026,11,sp-juli-1032,REFILL KUAS ROLL MINYAK 4 INCH,-,10,10,lusin,0,10,Permintaan SPK 1148.SPK/BA.202/BA010102/2026
TUG5_TUG6,mr6-tug6-90,MR6-2026-000090,,1148.SPK/BA.202/BA010102/2026,spk-juli-90,Kartini Baruna,,,Approved,2026-07-28T08:30:00.000Z,,,1148.SPK/BA.202/BA010102/2026,12,sp-juli-1033,KUAS ROLL MINYAK (BULU) 10 CM DENGAN GAGANG,-,20,20,pcs,0,10,Permintaan SPK 1148.SPK/BA.202/BA010102/2026
TUG5_TUG6,mr6-tug6-90,MR6-2026-000090,,1148.SPK/BA.202/BA010102/2026,spk-juli-90,Kartini Baruna,,,Approved,2026-07-28T08:30:00.000Z,,,1148.SPK/BA.202/BA010102/2026,13,sp-juli-1034,"KUAS ROLL MINYAK (BULU) BESAR 9"" DENGAN GAGANG",-,20,20,pcs,0,10,Permintaan SPK 1148.SPK/BA.202/BA010102/2026
TUG5_TUG6,mr6-tug6-90,MR6-2026-000090,,1148.SPK/BA.202/BA010102/2026,spk-juli-90,Kartini Baruna,,,Approved,2026-07-28T08:30:00.000Z,,,1148.SPK/BA.202/BA010102/2026,14,sp-juli-1035,KUAS ROLL MINYAK REFILL 10 CM,-,50,50,lusin,0,10,Permintaan SPK 1148.SPK/BA.202/BA010102/2026
TUG5_TUG6,mr6-tug6-90,MR6-2026-000090,,1148.SPK/BA.202/BA010102/2026,spk-juli-90,Kartini Baruna,,,Approved,2026-07-28T08:30:00.000Z,,,1148.SPK/BA.202/BA010102/2026,15,sp-juli-1036,KUAS ROLL MINYAK REFILL 9 INCH,-,30,30,pcs,0,10,Permintaan SPK 1148.SPK/BA.202/BA010102/2026
TUG5_TUG6,mr6-tug6-90,MR6-2026-000090,,1148.SPK/BA.202/BA010102/2026,spk-juli-90,Kartini Baruna,,,Approved,2026-07-28T08:30:00.000Z,,,1148.SPK/BA.202/BA010102/2026,16,sp-juli-1037,"TONGKAT CAT EXTENSION POLE 1,1 M - 3 M",-,8,8,pcs,0,10,Permintaan SPK 1148.SPK/BA.202/BA010102/2026
TUG5_TUG6,mr6-tug6-90,MR6-2026-000090,,1148.SPK/BA.202/BA010102/2026,spk-juli-90,Kartini Baruna,,,Approved,2026-07-28T08:30:00.000Z,,,1148.SPK/BA.202/BA010102/2026,17,sp-juli-1038,"KABEL TIES STAINLESS 4,6 X 200 mm",-,200,200,pcs,0,10,Permintaan SPK 1148.SPK/BA.202/BA010102/2026
TUG5_TUG6,mr6-tug6-90,MR6-2026-000090,,1148.SPK/BA.202/BA010102/2026,spk-juli-90,Kartini Baruna,,,Approved,2026-07-28T08:30:00.000Z,,,1148.SPK/BA.202/BA010102/2026,18,sp-juli-1039,"KABEL TIES STAINLESS 4,6 X 300 mm",-,200,200,pcs,0,10,Permintaan SPK 1148.SPK/BA.202/BA010102/2026
TUG5_TUG6,mr6-tug6-90,MR6-2026-000090,,1148.SPK/BA.202/BA010102/2026,spk-juli-90,Kartini Baruna,,,Approved,2026-07-28T08:30:00.000Z,,,1148.SPK/BA.202/BA010102/2026,19,sp-juli-1040,"KABEL TIES NILON 4,8 X 300 mm",-,200,200,pcs,0,10,Permintaan SPK 1148.SPK/BA.202/BA010102/2026
TUG5_TUG6,mr6-tug6-90,MR6-2026-000090,,1148.SPK/BA.202/BA010102/2026,spk-juli-90,Kartini Baruna,,,Approved,2026-07-28T08:30:00.000Z,,,1148.SPK/BA.202/BA010102/2026,20,sp-juli-1041,SENTER KEPALA 100 WATT MERK KAWACHI / PUTIH,-,10,10,pcs,0,10,Permintaan SPK 1148.SPK/BA.202/BA010102/2026
TUG5_TUG6,mr6-tug6-90,MR6-2026-000090,,1148.SPK/BA.202/BA010102/2026,spk-juli-90,Kartini Baruna,,,Approved,2026-07-28T08:30:00.000Z,,,1148.SPK/BA.202/BA010102/2026,21,sp-juli-1042,COTTON GLOVE WITH NON SLIP/SARUNG TANGAN BINTIK,1901103,150,150,lusin,0,10,Permintaan SPK 1148.SPK/BA.202/BA010102/2026
TUG5_TUG6,mr6-tug6-90,MR6-2026-000090,,1148.SPK/BA.202/BA010102/2026,spk-juli-90,Kartini Baruna,,,Approved,2026-07-28T08:30:00.000Z,,,1148.SPK/BA.202/BA010102/2026,22,sp-juli-1043,WIRE CUP BRUSH KEPANG STAINLESS 3 INCH,-,100,100,pcs,0,10,Permintaan SPK 1148.SPK/BA.202/BA010102/2026
TUG5_TUG6,mr6-tug6-90,MR6-2026-000090,,1148.SPK/BA.202/BA010102/2026,spk-juli-90,Kartini Baruna,,,Approved,2026-07-28T08:30:00.000Z,,,1148.SPK/BA.202/BA010102/2026,23,sp-juli-1044,CHIPING HAMMER LAS 500 Gram,-,30,30,pcs,0,10,Permintaan SPK 1148.SPK/BA.202/BA010102/2026
TUG5_TUG6,mr6-tug6-90,MR6-2026-000090,,1148.SPK/BA.202/BA010102/2026,spk-juli-90,Kartini Baruna,,,Approved,2026-07-28T08:30:00.000Z,,,1148.SPK/BA.202/BA010102/2026,24,sp-juli-1045,BLACKMITHS SLEDGE HAMMER (DOUBLE FACE) WITH HADLE 3.6 KG,612526,2,2,pcs,0,10,Permintaan SPK 1148.SPK/BA.202/BA010102/2026
TUG5_TUG6,mr6-tug6-90,MR6-2026-000090,,1148.SPK/BA.202/BA010102/2026,spk-juli-90,Kartini Baruna,,,Approved,2026-07-28T08:30:00.000Z,,,1148.SPK/BA.202/BA010102/2026,25,sp-juli-1046,"SMOTH + CROSS PEIN HAMMER WITH HANDLE 1,8 KG",612563,4,4,pcs,0,10,Permintaan SPK 1148.SPK/BA.202/BA010102/2026
TUG5_TUG6,mr6-tug6-90,MR6-2026-000090,,1148.SPK/BA.202/BA010102/2026,spk-juli-90,Kartini Baruna,,,Approved,2026-07-28T08:30:00.000Z,,,1148.SPK/BA.202/BA010102/2026,26,sp-juli-1047,STELLA SPRAT PENGHARUM RUANGAN 400 ML,-,5,5,lusin,0,10,Permintaan SPK 1148.SPK/BA.202/BA010102/2026
TUG5_TUG6,mr6-tug6-90,MR6-2026-000090,,1148.SPK/BA.202/BA010102/2026,spk-juli-90,Kartini Baruna,,,Approved,2026-07-28T08:30:00.000Z,,,1148.SPK/BA.202/BA010102/2026,27,sp-juli-1048,KAPUR BARUS SWALLOW / KAMPER TOILET ISI 5 PCS,-,50,50,pack,0,10,Permintaan SPK 1148.SPK/BA.202/BA010102/2026
TUG5_TUG6,mr6-tug6-90,MR6-2026-000090,,1148.SPK/BA.202/BA010102/2026,spk-juli-90,Kartini Baruna,,,Approved,2026-07-28T08:30:00.000Z,,,1148.SPK/BA.202/BA010102/2026,28,sp-juli-1049,RESIN,-,10,10,kg,0,10,Permintaan SPK 1148.SPK/BA.202/BA010102/2026
TUG5_TUG6,mr6-tug6-90,MR6-2026-000090,,1148.SPK/BA.202/BA010102/2026,spk-juli-90,Kartini Baruna,,,Approved,2026-07-28T08:30:00.000Z,,,1148.SPK/BA.202/BA010102/2026,29,sp-juli-1050,KATALIS 50 ml,-,6,6,botol,0,10,Permintaan SPK 1148.SPK/BA.202/BA010102/2026
TUG5_TUG6,mr6-tug6-90,MR6-2026-000090,,1148.SPK/BA.202/BA010102/2026,spk-juli-90,Kartini Baruna,,,Approved,2026-07-28T08:30:00.000Z,,,1148.SPK/BA.202/BA010102/2026,30,sp-juli-1051,"SLING BELT POLYESTER PANJANG 1,5 m SWL 5 ton",-,6,6,pcs,0,10,Permintaan SPK 1148.SPK/BA.202/BA010102/2026
TUG5_TUG6,mr6-tug6-90,MR6-2026-000090,,1148.SPK/BA.202/BA010102/2026,spk-juli-90,Kartini Baruna,,,Approved,2026-07-28T08:30:00.000Z,,,1148.SPK/BA.202/BA010102/2026,31,sp-juli-1052,SLING BELT POLYESTER PANJANG 3 m SWL 3 ton,-,6,6,pcs,0,10,Permintaan SPK 1148.SPK/BA.202/BA010102/2026
TUG5_TUG6,mr6-tug6-90,MR6-2026-000090,,1148.SPK/BA.202/BA010102/2026,spk-juli-90,Kartini Baruna,,,Approved,2026-07-28T08:30:00.000Z,,,1148.SPK/BA.202/BA010102/2026,32,sp-juli-1053,SLING BELT POLYESTER PANJANG 6 m SWL 5 ton,-,6,6,pcs,0,10,Permintaan SPK 1148.SPK/BA.202/BA010102/2026
TUG5_TUG6,mr6-tug6-90,MR6-2026-000090,,1148.SPK/BA.202/BA010102/2026,spk-juli-90,Kartini Baruna,,,Approved,2026-07-28T08:30:00.000Z,,,1148.SPK/BA.202/BA010102/2026,33,sp-juli-1054,WEBBING SLING BELT 3 TON X 1.5 M,-,8,8,pcs,0,10,Permintaan SPK 1148.SPK/BA.202/BA010102/2026
TUG5_TUG6,mr6-tug6-90,MR6-2026-000090,,1148.SPK/BA.202/BA010102/2026,spk-juli-90,Kartini Baruna,,,Approved,2026-07-28T08:30:00.000Z,,,1148.SPK/BA.202/BA010102/2026,34,sp-juli-1055,WEBBING SLING BELT 5 TON X 3 M,-,10,10,pcs,0,10,Permintaan SPK 1148.SPK/BA.202/BA010102/2026
TUG5_TUG6,mr6-tug6-90,MR6-2026-000090,,1148.SPK/BA.202/BA010102/2026,spk-juli-90,Kartini Baruna,,,Approved,2026-07-28T08:30:00.000Z,,,1148.SPK/BA.202/BA010102/2026,35,sp-juli-1056,WEBBING SLING BELT 10 TON X 6 M,-,5,5,pcs,0,10,Permintaan SPK 1148.SPK/BA.202/BA010102/2026
TUG5_TUG6,mr6-tug6-90,MR6-2026-000090,,1148.SPK/BA.202/BA010102/2026,spk-juli-90,Kartini Baruna,,,Approved,2026-07-28T08:30:00.000Z,,,1148.SPK/BA.202/BA010102/2026,36,sp-juli-1057,JAS HUJAN UKURAN L,-,10,10,pcs,0,10,Permintaan SPK 1148.SPK/BA.202/BA010102/2026
TUG5_TUG6,mr6-tug6-90,MR6-2026-000090,,1148.SPK/BA.202/BA010102/2026,spk-juli-90,Kartini Baruna,,,Approved,2026-07-28T08:30:00.000Z,,,1148.SPK/BA.202/BA010102/2026,37,sp-juli-1058,JAS HUJAN UKURAN XL,-,10,10,pcs,0,10,Permintaan SPK 1148.SPK/BA.202/BA010102/2026
TUG5_TUG6,mr6-tug6-90,MR6-2026-000090,,1148.SPK/BA.202/BA010102/2026,spk-juli-90,Kartini Baruna,,,Approved,2026-07-28T08:30:00.000Z,,,1148.SPK/BA.202/BA010102/2026,38,sp-juli-1059,SPLIT PIN 20 MM,-,100,100,pcs,0,10,Permintaan SPK 1148.SPK/BA.202/BA010102/2026
TUG5_TUG6,mr6-tug6-90,MR6-2026-000090,,1148.SPK/BA.202/BA010102/2026,spk-juli-90,Kartini Baruna,,,Approved,2026-07-28T08:30:00.000Z,,,1148.SPK/BA.202/BA010102/2026,39,sp-juli-1060,SPLIT PIN 30 MM,-,200,200,pcs,0,10,Permintaan SPK 1148.SPK/BA.202/BA010102/2026
TUG5_TUG6,mr6-tug6-90,MR6-2026-000090,,1148.SPK/BA.202/BA010102/2026,spk-juli-90,Kartini Baruna,,,Approved,2026-07-28T08:30:00.000Z,,,1148.SPK/BA.202/BA010102/2026,40,sp-juli-1061,SPLIT PIN 50 MM,-,100,100,pcs,0,10,Permintaan SPK 1148.SPK/BA.202/BA010102/2026
TUG5_TUG6,mr6-tug6-90,MR6-2026-000090,,1148.SPK/BA.202/BA010102/2026,spk-juli-90,Kartini Baruna,,,Approved,2026-07-28T08:30:00.000Z,,,1148.SPK/BA.202/BA010102/2026,41,sp-juli-1062,SPLIT PIN 70 MM,-,50,50,pcs,0,10,Permintaan SPK 1148.SPK/BA.202/BA010102/2026
TUG5_TUG6,mr6-tug6-90,MR6-2026-000090,,1148.SPK/BA.202/BA010102/2026,spk-juli-90,Kartini Baruna,,,Approved,2026-07-28T08:30:00.000Z,,,1148.SPK/BA.202/BA010102/2026,42,sp-juli-1063,SPLIT PIN 100 MM,-,50,50,pcs,0,10,Permintaan SPK 1148.SPK/BA.202/BA010102/2026
TUG5_TUG6,mr6-tug6-90,MR6-2026-000090,,1148.SPK/BA.202/BA010102/2026,spk-juli-90,Kartini Baruna,,,Approved,2026-07-28T08:30:00.000Z,,,1148.SPK/BA.202/BA010102/2026,43,sp-juli-1064,GEMBOK STANLESS PALOMA SIZE 70 MM,-,20,20,pcs,0,10,Permintaan SPK 1148.SPK/BA.202/BA010102/2026
TUG5_TUG6,mr6-tug6-90,MR6-2026-000090,,1148.SPK/BA.202/BA010102/2026,spk-juli-90,Kartini Baruna,,,Approved,2026-07-28T08:30:00.000Z,,,1148.SPK/BA.202/BA010102/2026,44,sp-juli-1065,TANGGA PANDU 25 M INCLUDE CERTIFICATE,-,2,2,roll,0,10,Permintaan SPK 1148.SPK/BA.202/BA010102/2026
TUG5_TUG6,mr6-tug6-90,MR6-2026-000090,,1148.SPK/BA.202/BA010102/2026,spk-juli-90,Kartini Baruna,,,Approved,2026-07-28T08:30:00.000Z,,,1148.SPK/BA.202/BA010102/2026,45,sp-juli-940,MAJUN,-,300,300,kg,0,10,Permintaan SPK 1148.SPK/BA.202/BA010102/2026
TUG5_TUG6,mr6-tug6-90,MR6-2026-000090,,1148.SPK/BA.202/BA010102/2026,spk-juli-90,Kartini Baruna,,,Approved,2026-07-28T08:30:00.000Z,,,1148.SPK/BA.202/BA010102/2026,46,sp-juli-1066,SERBUK GERGAJI,-,200,200,kg,0,10,Permintaan SPK 1148.SPK/BA.202/BA010102/2026
TUG5_TUG6,mr6-tug6-90,MR6-2026-000090,,1148.SPK/BA.202/BA010102/2026,spk-juli-90,Kartini Baruna,,,Approved,2026-07-28T08:30:00.000Z,,,1148.SPK/BA.202/BA010102/2026,47,sp-juli-1067,STEP UP STEP DOWN 3000 W MERK DAICHI,-,4,4,unit,0,10,Permintaan SPK 1148.SPK/BA.202/BA010102/2026
TUG5_TUG6,mr6-tug6-90,MR6-2026-000090,,1148.SPK/BA.202/BA010102/2026,spk-juli-90,Kartini Baruna,,,Approved,2026-07-28T08:30:00.000Z,,,1148.SPK/BA.202/BA010102/2026,48,sp-juli-1068,STEP UP STEP DOWN 2000 W MERK DAICHI,-,2,2,unit,0,10,Permintaan SPK 1148.SPK/BA.202/BA010102/2026
TUG5_TUG6,mr6-tug6-90,MR6-2026-000090,,1148.SPK/BA.202/BA010102/2026,spk-juli-90,Kartini Baruna,,,Approved,2026-07-28T08:30:00.000Z,,,1148.SPK/BA.202/BA010102/2026,49,sp-juli-1069,RODA TROLI NILON 4 INCH (HIDUP),-,10,10,pcs,0,10,Permintaan SPK 1148.SPK/BA.202/BA010102/2026
TUG5_TUG6,mr6-tug6-90,MR6-2026-000090,,1148.SPK/BA.202/BA010102/2026,spk-juli-90,Kartini Baruna,,,Approved,2026-07-28T08:30:00.000Z,,,1148.SPK/BA.202/BA010102/2026,50,sp-juli-1070,RODA TROLI NILON 4 INCH (MATI),-,10,10,pcs,0,10,Permintaan SPK 1148.SPK/BA.202/BA010102/2026
TUG5_TUG6,mr6-tug6-90,MR6-2026-000090,,1148.SPK/BA.202/BA010102/2026,spk-juli-90,Kartini Baruna,,,Approved,2026-07-28T08:30:00.000Z,,,1148.SPK/BA.202/BA010102/2026,51,sp-juli-1071,MATA GERINDA POTONG 4 INCH,-,100,100,pcs,0,10,Permintaan SPK 1148.SPK/BA.202/BA010102/2026
TUG5_TUG6,mr6-tug6-90,MR6-2026-000090,,1148.SPK/BA.202/BA010102/2026,spk-juli-90,Kartini Baruna,,,Approved,2026-07-28T08:30:00.000Z,,,1148.SPK/BA.202/BA010102/2026,52,sp-juli-1072,MATA GERINDA POLES 4 INCH,-,50,50,pcs,0,10,Permintaan SPK 1148.SPK/BA.202/BA010102/2026
TUG5_TUG6,mr6-tug6-90,MR6-2026-000090,,1148.SPK/BA.202/BA010102/2026,spk-juli-90,Kartini Baruna,,,Approved,2026-07-28T08:30:00.000Z,,,1148.SPK/BA.202/BA010102/2026,53,sp-juli-1073,KAWAT LAS RB 2.6 MM,-,15,15,kg,0,10,Permintaan SPK 1148.SPK/BA.202/BA010102/2026
TUG5_TUG6,mr6-tug6-90,MR6-2026-000090,,1148.SPK/BA.202/BA010102/2026,spk-juli-90,Kartini Baruna,,,Approved,2026-07-28T08:30:00.000Z,,,1148.SPK/BA.202/BA010102/2026,54,sp-juli-1074,KAWAT LAS RB 4 MM,-,15,15,kg,0,10,Permintaan SPK 1148.SPK/BA.202/BA010102/2026
TUG5_TUG6,mr6-tug6-90,MR6-2026-000090,,1148.SPK/BA.202/BA010102/2026,spk-juli-90,Kartini Baruna,,,Approved,2026-07-28T08:30:00.000Z,,,1148.SPK/BA.202/BA010102/2026,55,sp-juli-1075,"KAWAT LAS LB 3,2 MM",-,15,15,kg,0,10,Permintaan SPK 1148.SPK/BA.202/BA010102/2026
TUG5_TUG6,mr6-tug6-90,MR6-2026-000090,,1148.SPK/BA.202/BA010102/2026,spk-juli-90,Kartini Baruna,,,Approved,2026-07-28T08:30:00.000Z,,,1148.SPK/BA.202/BA010102/2026,56,sp-juli-1076,KAWAT LAS LB 4 MM,-,10,10,kg,0,10,Permintaan SPK 1148.SPK/BA.202/BA010102/2026
TUG5_TUG6,mr6-tug6-90,MR6-2026-000090,,1148.SPK/BA.202/BA010102/2026,spk-juli-90,Kartini Baruna,,,Approved,2026-07-28T08:30:00.000Z,,,1148.SPK/BA.202/BA010102/2026,57,sp-juli-1077,DONGKRAK BOTOL MERK TEKIRO 50 T,-,2,2,pcs,0,10,Permintaan SPK 1148.SPK/BA.202/BA010102/2026
TUG5_TUG6,mr6-tug6-90,MR6-2026-000090,,1148.SPK/BA.202/BA010102/2026,spk-juli-90,Kartini Baruna,,,Approved,2026-07-28T08:30:00.000Z,,,1148.SPK/BA.202/BA010102/2026,58,sp-juli-1078,RILUIN HIPREX 3/4 INCH x 100 m,-,2,2,roll,0,10,Permintaan SPK 1148.SPK/BA.202/BA010102/2026
TUG5_TUG6,mr6-tug6-90,MR6-2026-000090,,1148.SPK/BA.202/BA010102/2026,spk-juli-90,Kartini Baruna,,,Approved,2026-07-28T08:30:00.000Z,,,1148.SPK/BA.202/BA010102/2026,59,sp-juli-1079,SELANG BENANG MERK TRILIUN HIPREX 1 INCH x 100 m,-,1,1,roll,0,10,Permintaan SPK 1148.SPK/BA.202/BA010102/2026
TUG5_TUG6,mr6-tug6-90,MR6-2026-000090,,1148.SPK/BA.202/BA010102/2026,spk-juli-90,Kartini Baruna,,,Approved,2026-07-28T08:30:00.000Z,,,1148.SPK/BA.202/BA010102/2026,60,sp-juli-1080,SELANG BENANG MERK TRILIUN HIPREX 2 INCH x 100 m,-,3,3,roll,0,10,Permintaan SPK 1148.SPK/BA.202/BA010102/2026
TUG5_TUG6,mr6-tug6-90,MR6-2026-000090,,1148.SPK/BA.202/BA010102/2026,spk-juli-90,Kartini Baruna,,,Approved,2026-07-28T08:30:00.000Z,,,1148.SPK/BA.202/BA010102/2026,61,sp-juli-1081,EMBER 10 L,-,25,25,pcs,0,10,Permintaan SPK 1148.SPK/BA.202/BA010102/2026
TUG5_TUG6,mr6-tug6-90,MR6-2026-000090,,1148.SPK/BA.202/BA010102/2026,spk-juli-90,Kartini Baruna,,,Approved,2026-07-28T08:30:00.000Z,,,1148.SPK/BA.202/BA010102/2026,62,sp-juli-1082,GAYUNG,-,25,25,pcs,0,10,Permintaan SPK 1148.SPK/BA.202/BA010102/2026
TUG5_TUG6,mr6-tug6-90,MR6-2026-000090,,1148.SPK/BA.202/BA010102/2026,spk-juli-90,Kartini Baruna,,,Approved,2026-07-28T08:30:00.000Z,,,1148.SPK/BA.202/BA010102/2026,63,sp-juli-149,SODA API,-,30,30,kg,0,10,Permintaan SPK 1148.SPK/BA.202/BA010102/2026
TUG5_TUG6,mr6-tug6-90,MR6-2026-000090,,1148.SPK/BA.202/BA010102/2026,spk-juli-90,Kartini Baruna,,,Approved,2026-07-28T08:30:00.000Z,,,1148.SPK/BA.202/BA010102/2026,64,sp-juli-1083,BATTERY KERING 12V 100Ah,-,3,3,pcs,0,10,Permintaan SPK 1148.SPK/BA.202/BA010102/2026
TUG5_TUG6,mr6-tug6-90,MR6-2026-000090,,1148.SPK/BA.202/BA010102/2026,spk-juli-90,Kartini Baruna,,,Approved,2026-07-28T08:30:00.000Z,,,1148.SPK/BA.202/BA010102/2026,65,sp-juli-1084,BETON ESER POLOS 18 mm X 12 m,-,15,15,batang,0,10,Permintaan SPK 1148.SPK/BA.202/BA010102/2026
TUG5_TUG6,mr6-tug6-90,MR6-2026-000090,,1148.SPK/BA.202/BA010102/2026,spk-juli-90,Kartini Baruna,,,Approved,2026-07-28T08:30:00.000Z,,,1148.SPK/BA.202/BA010102/2026,66,sp-juli-1085,MCCB 3 PHASE (MITSUBISHI MODEL : NF 30-CS 10A),-,2,2,pcs,0,10,Permintaan SPK 1148.SPK/BA.202/BA010102/2026
TUG5_TUG6,mr6-tug6-90,MR6-2026-000090,,1148.SPK/BA.202/BA010102/2026,spk-juli-90,Kartini Baruna,,,Approved,2026-07-28T08:30:00.000Z,,,1148.SPK/BA.202/BA010102/2026,67,sp-juli-1086,MCCB 2 PHASE (MITSUBISHI MODEL : NF 30-CS 20A),-,2,2,pcs,0,10,Permintaan SPK 1148.SPK/BA.202/BA010102/2026
TUG5_TUG6,mr6-tug6-91,MR6-2026-000091,,1223.SPK/BA.202/BA010102/2026,spk-juli-91,Kartini Baruna,,,Approved,2026-07-27T08:30:00.000Z,,,1223.SPK/BA.202/BA010102/2026,1,sp-juli-1087,MEJA KANTOR DENVER,-,1,1,pcs,0,10,Permintaan SPK 1223.SPK/BA.202/BA010102/2026
TUG5_TUG6,mr6-tug6-91,MR6-2026-000091,,1223.SPK/BA.202/BA010102/2026,spk-juli-91,Kartini Baruna,,,Approved,2026-07-27T08:30:00.000Z,,,1223.SPK/BA.202/BA010102/2026,2,sp-juli-1088,KURSI KANTOR,-,1,1,pcs,0,10,Permintaan SPK 1223.SPK/BA.202/BA010102/2026
TUG5_TUG6,mr6-tug6-91,MR6-2026-000091,,1223.SPK/BA.202/BA010102/2026,spk-juli-91,Kartini Baruna,,,Approved,2026-07-27T08:30:00.000Z,,,1223.SPK/BA.202/BA010102/2026,3,sp-juli-1089,KURSI TAMU KANTOR,-,3,3,pcs,0,10,Permintaan SPK 1223.SPK/BA.202/BA010102/2026
TUG5_TUG6,mr6-tug6-91,MR6-2026-000091,,1223.SPK/BA.202/BA010102/2026,spk-juli-91,Kartini Baruna,,,Approved,2026-07-27T08:30:00.000Z,,,1223.SPK/BA.202/BA010102/2026,4,sp-juli-1090,AC 1 PK DAIKIN,-,1,1,pcs,0,10,Permintaan SPK 1223.SPK/BA.202/BA010102/2026
TUG5_TUG6,mr6-tug6-91,MR6-2026-000091,,1223.SPK/BA.202/BA010102/2026,spk-juli-91,Kartini Baruna,,,Approved,2026-07-27T08:30:00.000Z,,,1223.SPK/BA.202/BA010102/2026,5,sp-juli-1091,REUTER WIFI,-,1,1,pcs,0,10,Permintaan SPK 1223.SPK/BA.202/BA010102/2026
TUG5_TUG6,mr6-tug6-91,MR6-2026-000091,,1223.SPK/BA.202/BA010102/2026,spk-juli-91,Kartini Baruna,,,Approved,2026-07-27T08:30:00.000Z,,,1223.SPK/BA.202/BA010102/2026,6,sp-juli-1092,KABEL ROLL,-,2,2,pcs,0,10,Permintaan SPK 1223.SPK/BA.202/BA010102/2026
TUG5_TUG6,mr6-tug6-91,MR6-2026-000091,,1223.SPK/BA.202/BA010102/2026,spk-juli-91,Kartini Baruna,,,Approved,2026-07-27T08:30:00.000Z,,,1223.SPK/BA.202/BA010102/2026,7,sp-juli-1093,LAPTOP,-,1,1,pcs,0,10,Permintaan SPK 1223.SPK/BA.202/BA010102/2026
TUG5_TUG6,mr6-tug6-91,MR6-2026-000091,,1223.SPK/BA.202/BA010102/2026,spk-juli-91,Kartini Baruna,,,Approved,2026-07-27T08:30:00.000Z,,,1223.SPK/BA.202/BA010102/2026,8,sp-juli-1094,PRINTER HP,-,1,1,pcs,0,10,Permintaan SPK 1223.SPK/BA.202/BA010102/2026
TUG5_TUG6,mr6-tug6-91,MR6-2026-000091,,1223.SPK/BA.202/BA010102/2026,spk-juli-91,Kartini Baruna,,,Approved,2026-07-27T08:30:00.000Z,,,1223.SPK/BA.202/BA010102/2026,9,sp-juli-1095,SAPU IJUK SET,-,1,1,pcs,0,10,Permintaan SPK 1223.SPK/BA.202/BA010102/2026
TUG5_TUG6,mr6-tug6-91,MR6-2026-000091,,1223.SPK/BA.202/BA010102/2026,spk-juli-91,Kartini Baruna,,,Approved,2026-07-27T08:30:00.000Z,,,1223.SPK/BA.202/BA010102/2026,10,sp-juli-1096,SAPU LIDI SET,-,1,1,pcs,0,10,Permintaan SPK 1223.SPK/BA.202/BA010102/2026
TUG5_TUG6,mr6-tug6-91,MR6-2026-000091,,1223.SPK/BA.202/BA010102/2026,spk-juli-91,Kartini Baruna,,,Approved,2026-07-27T08:30:00.000Z,,,1223.SPK/BA.202/BA010102/2026,11,sp-juli-1097,PENGKI BESAR,-,1,1,pcs,0,10,Permintaan SPK 1223.SPK/BA.202/BA010102/2026
TUG5_TUG6,mr6-tug6-91,MR6-2026-000091,,1223.SPK/BA.202/BA010102/2026,spk-juli-91,Kartini Baruna,,,Approved,2026-07-27T08:30:00.000Z,,,1223.SPK/BA.202/BA010102/2026,12,sp-juli-1098,PERALATAN PEL,-,1,1,pcs,0,10,Permintaan SPK 1223.SPK/BA.202/BA010102/2026
TUG5_TUG6,mr6-tug6-91,MR6-2026-000091,,1223.SPK/BA.202/BA010102/2026,spk-juli-91,Kartini Baruna,,,Approved,2026-07-27T08:30:00.000Z,,,1223.SPK/BA.202/BA010102/2026,13,sp-juli-1099,PIRING & GELAS MELAMIN ISI 6 (SET),-,1,1,pcs,0,10,Permintaan SPK 1223.SPK/BA.202/BA010102/2026
TUG5_TUG6,mr6-tug6-91,MR6-2026-000091,,1223.SPK/BA.202/BA010102/2026,spk-juli-91,Kartini Baruna,,,Approved,2026-07-27T08:30:00.000Z,,,1223.SPK/BA.202/BA010102/2026,14,sp-juli-1100,SENDOK GARPU ISI 12 (SET),-,1,1,pcs,0,10,Permintaan SPK 1223.SPK/BA.202/BA010102/2026
TUG5_TUG6,mr6-tug6-91,MR6-2026-000091,,1223.SPK/BA.202/BA010102/2026,spk-juli-91,Kartini Baruna,,,Approved,2026-07-27T08:30:00.000Z,,,1223.SPK/BA.202/BA010102/2026,15,sp-juli-1101,SIKAT WC,-,1,1,pcs,0,10,Permintaan SPK 1223.SPK/BA.202/BA010102/2026
TUG5_TUG6,mr6-tug6-91,MR6-2026-000091,,1223.SPK/BA.202/BA010102/2026,spk-juli-91,Kartini Baruna,,,Approved,2026-07-27T08:30:00.000Z,,,1223.SPK/BA.202/BA010102/2026,16,sp-juli-1102,HELM PROYEK,-,4,4,pcs,0,10,Permintaan SPK 1223.SPK/BA.202/BA010102/2026
TUG5_TUG6,mr6-tug6-91,MR6-2026-000091,,1223.SPK/BA.202/BA010102/2026,spk-juli-91,Kartini Baruna,,,Approved,2026-07-27T08:30:00.000Z,,,1223.SPK/BA.202/BA010102/2026,17,sp-juli-1103,ROMPI PROYEK,-,4,4,pcs,0,10,Permintaan SPK 1223.SPK/BA.202/BA010102/2026
TUG5_TUG6,mr6-tug6-91,MR6-2026-000091,,1223.SPK/BA.202/BA010102/2026,spk-juli-91,Kartini Baruna,,,Approved,2026-07-27T08:30:00.000Z,,,1223.SPK/BA.202/BA010102/2026,18,sp-juli-1104,TEMPAT SAMPAH BESAR,-,1,1,pcs,0,10,Permintaan SPK 1223.SPK/BA.202/BA010102/2026
TUG5_TUG6,mr6-tug6-91,MR6-2026-000091,,1223.SPK/BA.202/BA010102/2026,spk-juli-91,Kartini Baruna,,,Approved,2026-07-27T08:30:00.000Z,,,1223.SPK/BA.202/BA010102/2026,19,sp-juli-1105,TEMPAT SAMPAH KECIL,-,2,2,pcs,0,10,Permintaan SPK 1223.SPK/BA.202/BA010102/2026
TUG5_TUG6,mr6-tug6-91,MR6-2026-000091,,1223.SPK/BA.202/BA010102/2026,spk-juli-91,Kartini Baruna,,,Approved,2026-07-27T08:30:00.000Z,,,1223.SPK/BA.202/BA010102/2026,20,sp-juli-1106,GAYUNG & EMBER,-,1,1,pcs,0,10,Permintaan SPK 1223.SPK/BA.202/BA010102/2026
TUG5_TUG6,mr6-tug6-91,MR6-2026-000091,,1223.SPK/BA.202/BA010102/2026,spk-juli-91,Kartini Baruna,,,Approved,2026-07-27T08:30:00.000Z,,,1223.SPK/BA.202/BA010102/2026,21,sp-juli-1107,KOTAK P3K,-,1,1,pcs,0,10,Permintaan SPK 1223.SPK/BA.202/BA010102/2026
TUG5_TUG6,mr6-tug6-91,MR6-2026-000091,,1223.SPK/BA.202/BA010102/2026,spk-juli-91,Kartini Baruna,,,Approved,2026-07-27T08:30:00.000Z,,,1223.SPK/BA.202/BA010102/2026,22,sp-juli-1108,JAM DINDING,-,1,1,pcs,0,10,Permintaan SPK 1223.SPK/BA.202/BA010102/2026
TUG5_TUG6,mr6-tug6-91,MR6-2026-000091,,1223.SPK/BA.202/BA010102/2026,spk-juli-91,Kartini Baruna,,,Approved,2026-07-27T08:30:00.000Z,,,1223.SPK/BA.202/BA010102/2026,23,sp-juli-1109,RAK SEPATU BESI,-,1,1,pcs,0,10,Permintaan SPK 1223.SPK/BA.202/BA010102/2026
TUG5_TUG6,mr6-tug6-91,MR6-2026-000091,,1223.SPK/BA.202/BA010102/2026,spk-juli-91,Kartini Baruna,,,Approved,2026-07-27T08:30:00.000Z,,,1223.SPK/BA.202/BA010102/2026,24,sp-juli-1110,LEMARI ARSIP METAL PINTU METAL NON KACA,-,2,2,pcs,0,10,Permintaan SPK 1223.SPK/BA.202/BA010102/2026
TUG5_TUG6,mr6-tug6-91,MR6-2026-000091,,1223.SPK/BA.202/BA010102/2026,spk-juli-91,Kartini Baruna,,,Approved,2026-07-27T08:30:00.000Z,,,1223.SPK/BA.202/BA010102/2026,25,sp-juli-1111,SMART TV MULTI FUNCTION,-,1,1,pcs,0,10,Permintaan SPK 1223.SPK/BA.202/BA010102/2026
TUG5_TUG6,mr6-tug6-91,MR6-2026-000091,,1223.SPK/BA.202/BA010102/2026,spk-juli-91,Kartini Baruna,,,Approved,2026-07-27T08:30:00.000Z,,,1223.SPK/BA.202/BA010102/2026,26,sp-juli-1112,ADJUSTABLE BRACKET TV,-,1,1,pcs,0,10,Permintaan SPK 1223.SPK/BA.202/BA010102/2026
TUG5_TUG6,mr6-tug6-91,MR6-2026-000091,,1223.SPK/BA.202/BA010102/2026,spk-juli-91,Kartini Baruna,,,Approved,2026-07-27T08:30:00.000Z,,,1223.SPK/BA.202/BA010102/2026,27,sp-juli-1113,KOMPOR INDUKSI,-,1,1,pcs,0,10,Permintaan SPK 1223.SPK/BA.202/BA010102/2026
TUG5_TUG6,mr6-tug6-91,MR6-2026-000091,,1223.SPK/BA.202/BA010102/2026,spk-juli-91,Kartini Baruna,,,Approved,2026-07-27T08:30:00.000Z,,,1223.SPK/BA.202/BA010102/2026,28,sp-juli-1114,KABEL LAN,-,1,1,pcs,0,10,Permintaan SPK 1223.SPK/BA.202/BA010102/2026
TUG5_TUG6,mr6-tug6-91,MR6-2026-000091,,1223.SPK/BA.202/BA010102/2026,spk-juli-91,Kartini Baruna,,,Approved,2026-07-27T08:30:00.000Z,,,1223.SPK/BA.202/BA010102/2026,29,sp-juli-1115,PERALATAN MASAK INDUKSI,-,1,1,pcs,0,10,Permintaan SPK 1223.SPK/BA.202/BA010102/2026
TUG5_TUG6,mr6-tug6-92,MR6-2026-000092,,1257.SPK/BA.302/BA010102/2026,spk-juli-92,Martha Baruna,,,Approved,2026-07-31T08:30:00.000Z,,,1257.SPK/BA.302/BA010102/2026,1,sp-juli-1116,FILTER ELEMENT,1348493,60,60,pcs,0,10,Permintaan SPK 1257.SPK/BA.302/BA010102/2026
TUG5_TUG6,mr6-tug6-92,MR6-2026-000092,,1257.SPK/BA.302/BA010102/2026,spk-juli-92,Martha Baruna,,,Approved,2026-07-31T08:30:00.000Z,,,1257.SPK/BA.302/BA010102/2026,2,sp-juli-1117,O-RING,3035134,10,10,pcs,0,10,Permintaan SPK 1257.SPK/BA.302/BA010102/2026
TUG5_TUG6,mr6-tug6-92,MR6-2026-000092,,1257.SPK/BA.302/BA010102/2026,spk-juli-92,Martha Baruna,,,Approved,2026-07-31T08:30:00.000Z,,,1257.SPK/BA.302/BA010102/2026,3,sp-juli-1118,O-RING,3040109,10,10,pcs,0,10,Permintaan SPK 1257.SPK/BA.302/BA010102/2026
TUG5_TUG6,mr6-tug6-92,MR6-2026-000092,,1257.SPK/BA.302/BA010102/2026,spk-juli-92,Martha Baruna,,,Approved,2026-07-31T08:30:00.000Z,,,1257.SPK/BA.302/BA010102/2026,4,sp-juli-1119,O-RING,3040108,10,10,pcs,0,10,Permintaan SPK 1257.SPK/BA.302/BA010102/2026
TUG5_TUG6,mr6-tug6-92,MR6-2026-000092,,1257.SPK/BA.302/BA010102/2026,spk-juli-92,Martha Baruna,,,Approved,2026-07-31T08:30:00.000Z,,,1257.SPK/BA.302/BA010102/2026,5,sp-juli-1120,GASKET,3030012,180,180,pcs,0,10,Permintaan SPK 1257.SPK/BA.302/BA010102/2026
TUG5_TUG6,mr6-tug6-93,MR6-2026-000093,,1218.SPK/BA.202/BA010102/2026,spk-juli-93,Adhiguna Tarahan,,,Approved,2026-07-31T08:30:00.000Z,,,1218.SPK/BA.202/BA010102/2026,1,sp-juli-1121,REFILL LPG 50KG,-,1,1,pcs,0,10,Permintaan SPK 1218.SPK/BA.202/BA010102/2026
TUG5_TUG6,mr6-tug6-93,MR6-2026-000093,,1218.SPK/BA.202/BA010102/2026,spk-juli-93,Adhiguna Tarahan,,,Approved,2026-07-31T08:30:00.000Z,,,1218.SPK/BA.202/BA010102/2026,2,sp-juli-1122,REFILL OXYGEN,-,5,5,pcs,0,10,Permintaan SPK 1218.SPK/BA.202/BA010102/2026
TUG5_TUG6,mr6-tug6-94,MR6-2026-000094,,1219.SPK/BA.202/BA010102/2026,spk-juli-94,Sartika Baruna,,,Approved,2026-07-31T08:30:00.000Z,,,1219.SPK/BA.202/BA010102/2026,1,sp-juli-1123,REFILL LPG 12KG,-,1,1,pcs,0,10,Permintaan SPK 1219.SPK/BA.202/BA010102/2026
TUG5_TUG6,mr6-tug6-94,MR6-2026-000094,,1219.SPK/BA.202/BA010102/2026,spk-juli-94,Sartika Baruna,,,Approved,2026-07-31T08:30:00.000Z,,,1219.SPK/BA.202/BA010102/2026,2,sp-juli-1122,REFILL OXYGEN,-,5,5,pcs,0,10,Permintaan SPK 1219.SPK/BA.202/BA010102/2026
TUG5_TUG6,mr6-tug6-95,MR6-2026-000095,,1216.SPK/BA.17/BA010102/2026,spk-juli-95,Malahayati Baruna,,,Approved,2026-07-31T08:30:00.000Z,,,1216.SPK/BA.17/BA010102/2026,1,sp-juli-1124,HARDTOP SMART PACK II STD 049 RED,9 L,396,396,liter,0,10,Permintaan SPK 1216.SPK/BA.17/BA010102/2026
TUG5_TUG6,mr6-tug6-95,MR6-2026-000095,,1216.SPK/BA.17/BA010102/2026,spk-juli-95,Malahayati Baruna,,,Approved,2026-07-31T08:30:00.000Z,,,1216.SPK/BA.17/BA010102/2026,2,sp-juli-1125,SOLVALITT ALUMUNIUM,5 L,50,50,liter,0,10,Permintaan SPK 1216.SPK/BA.17/BA010102/2026
TUG5_TUG6,mr6-tug6-95,MR6-2026-000095,,1216.SPK/BA.17/BA010102/2026,spk-juli-95,Malahayati Baruna,,,Approved,2026-07-31T08:30:00.000Z,,,1216.SPK/BA.17/BA010102/2026,3,sp-juli-1126,PILOT II STD 258 YELLOW,5 L,50,50,liter,0,10,Permintaan SPK 1216.SPK/BA.17/BA010102/2026
TUG5_TUG6,mr6-tug6-95,MR6-2026-000095,,1216.SPK/BA.17/BA010102/2026,spk-juli-95,Malahayati Baruna,,,Approved,2026-07-31T08:30:00.000Z,,,1216.SPK/BA.17/BA010102/2026,4,sp-juli-1127,HARDTOP SMART PACK II STD 258 YELLOW,9 L,54,54,liter,0,10,Permintaan SPK 1216.SPK/BA.17/BA010102/2026
TUG5_TUG6,mr6-tug6-95,MR6-2026-000095,,1216.SPK/BA.17/BA010102/2026,spk-juli-95,Malahayati Baruna,,,Approved,2026-07-31T08:30:00.000Z,,,1216.SPK/BA.17/BA010102/2026,5,sp-juli-1128,PILOT II WHITE,5 L,200,200,liter,0,10,Permintaan SPK 1216.SPK/BA.17/BA010102/2026
TUG5_TUG6,mr6-tug6-95,MR6-2026-000095,,1216.SPK/BA.17/BA010102/2026,spk-juli-95,Malahayati Baruna,,,Approved,2026-07-31T08:30:00.000Z,,,1216.SPK/BA.17/BA010102/2026,6,sp-juli-1129,THINNER NO 02,5 L,100,100,liter,0,10,Permintaan SPK 1216.SPK/BA.17/BA010102/2026
TUG5_TUG6,mr6-tug6-95,MR6-2026-000095,,1216.SPK/BA.17/BA010102/2026,spk-juli-95,Malahayati Baruna,,,Approved,2026-07-31T08:30:00.000Z,,,1216.SPK/BA.17/BA010102/2026,7,sp-juli-1130,THINNER NO 07,5 L,25,25,liter,0,10,Permintaan SPK 1216.SPK/BA.17/BA010102/2026
TUG5_TUG6,mr6-tug6-95,MR6-2026-000095,,1216.SPK/BA.17/BA010102/2026,spk-juli-95,Malahayati Baruna,,,Approved,2026-07-31T08:30:00.000Z,,,1216.SPK/BA.17/BA010102/2026,8,sp-juli-1131,THINNER NO 17,5 L,25,25,liter,0,10,Permintaan SPK 1216.SPK/BA.17/BA010102/2026
TUG5_TUG6,mr6-tug6-96,MR6-2026-000096,,1174.SPK/BA.302/BA010102/2026,spk-juli-96,Sartika Baruna,,,Approved,2026-07-31T08:30:00.000Z,,,1174.SPK/BA.302/BA010102/2026,1,sp-juli-1132,End Plate I (Titanium),-,1,1,pcs,0,10,Permintaan SPK 1174.SPK/BA.302/BA010102/2026
TUG5_TUG6,mr6-tug6-96,MR6-2026-000096,,1174.SPK/BA.302/BA010102/2026,spk-juli-96,Sartika Baruna,,,Approved,2026-07-31T08:30:00.000Z,,,1174.SPK/BA.302/BA010102/2026,2,sp-juli-1133,End Plate II (Titanium),-,1,1,pcs,0,10,Permintaan SPK 1174.SPK/BA.302/BA010102/2026
TUG5_TUG6,mr6-tug6-96,MR6-2026-000096,,1174.SPK/BA.302/BA010102/2026,spk-juli-96,Sartika Baruna,,,Approved,2026-07-31T08:30:00.000Z,,,1174.SPK/BA.302/BA010102/2026,3,sp-juli-1134,Channel Plate (Titanium),-,50,50,pcs,0,10,Permintaan SPK 1174.SPK/BA.302/BA010102/2026
TUG5_TUG6,mr6-tug6-96,MR6-2026-000096,,1174.SPK/BA.302/BA010102/2026,spk-juli-96,Sartika Baruna,,,Approved,2026-07-31T08:30:00.000Z,,,1174.SPK/BA.302/BA010102/2026,4,sp-juli-1135,Gasket Rubber for End Plate I (EPDM),-,2,2,pcs,0,10,Permintaan SPK 1174.SPK/BA.302/BA010102/2026
TUG5_TUG6,mr6-tug6-96,MR6-2026-000096,,1174.SPK/BA.302/BA010102/2026,spk-juli-96,Sartika Baruna,,,Approved,2026-07-31T08:30:00.000Z,,,1174.SPK/BA.302/BA010102/2026,5,sp-juli-1136,Gasket Rubber for End Plate II (EPDM),-,2,2,pcs,0,10,Permintaan SPK 1174.SPK/BA.302/BA010102/2026
TUG5_TUG6,mr6-tug6-96,MR6-2026-000096,,1174.SPK/BA.302/BA010102/2026,spk-juli-96,Sartika Baruna,,,Approved,2026-07-31T08:30:00.000Z,,,1174.SPK/BA.302/BA010102/2026,6,sp-juli-1137,Gasket Rubber for Channel Plate (EPDM),-,50,50,pcs,0,10,Permintaan SPK 1174.SPK/BA.302/BA010102/2026
TUG5_TUG6,mr6-tug6-97,MR6-2026-000097,,1241.SPK/BA.7/BA010102/2026,spk-juli-97,Sartika Baruna,,,Approved,2026-07-31T08:30:00.000Z,,,1241.SPK/BA.7/BA010102/2026,1,sp-juli-1138,Pengurusan dispensasi sekali jalan sertifikat klasifikasi lambung dan sertifikat klasifikasi mesin untuk clearence out ke PLTU 1 Suralaya,-,1,1,lot,0,10,Permintaan SPK 1241.SPK/BA.7/BA010102/2026
TUG5_TUG6,mr6-tug6-98,MR6-2026-000098,,1220.SPK/BA.302/BA010102/2026,spk-juli-98,Malahayati Baruna,,,Approved,2026-07-31T08:30:00.000Z,,,1220.SPK/BA.302/BA010102/2026,1,sp-juli-1139,METAL SEAT GASKET,5013,1,1,pcs,0,10,Permintaan SPK 1220.SPK/BA.302/BA010102/2026
TUG5_TUG6,mr6-tug6-98,MR6-2026-000098,,1220.SPK/BA.302/BA010102/2026,spk-juli-98,Malahayati Baruna,,,Approved,2026-07-31T08:30:00.000Z,,,1220.SPK/BA.302/BA010102/2026,2,sp-juli-1140,BEARING CASING,5001,1,1,pcs,0,10,Permintaan SPK 1220.SPK/BA.302/BA010102/2026
TUG5_TUG6,mr6-tug6-98,MR6-2026-000098,,1220.SPK/BA.302/BA010102/2026,spk-juli-98,Malahayati Baruna,,,Approved,2026-07-31T08:30:00.000Z,,,1220.SPK/BA.302/BA010102/2026,3,sp-juli-1141,SET OF GASKET AND BOLT,-,1,1,set,0,10,Permintaan SPK 1220.SPK/BA.302/BA010102/2026
TUG5_TUG6,mr6-tug6-98,MR6-2026-000098,,1220.SPK/BA.302/BA010102/2026,spk-juli-98,Malahayati Baruna,,,Approved,2026-07-31T08:30:00.000Z,,,1220.SPK/BA.302/BA010102/2026,4,sp-juli-1142,TURBINE SHAFT,1001,1,1,pcs,0,10,Permintaan SPK 1220.SPK/BA.302/BA010102/2026
TUG5_TUG6,mr6-tug6-98,MR6-2026-000098,,1220.SPK/BA.302/BA010102/2026,spk-juli-98,Malahayati Baruna,,,Approved,2026-07-31T08:30:00.000Z,,,1220.SPK/BA.302/BA010102/2026,5,sp-juli-1143,COMPRESSOR WHEEL,2001,1,1,pcs,0,10,Permintaan SPK 1220.SPK/BA.302/BA010102/2026
TUG5_TUG6,mr6-tug6-99,MR6-2026-000099,,1236.SPK/BA.17/BA010102/2026,spk-juli-99,Srikandi Baruna 2206,,,Approved,2026-07-31T08:30:00.000Z,,,1236.SPK/BA.17/BA010102/2026,1,sp-juli-444,TALI PP MONOFILAMENT CIR 10,-,1,1,roll,0,10,Permintaan SPK 1236.SPK/BA.17/BA010102/2026
TUG5_TUG6,mr6-tug6-100,MR6-2026-000100,,1221.SPK/BA.17/BA010102/2026,spk-juli-100,Malahayati Baruna,,,Approved,2026-07-31T08:30:00.000Z,,,1221.SPK/BA.17/BA010102/2026,1,sp-juli-1144,Wire Rope Hoisting,-,4,4,pcs,0,10,Permintaan SPK 1221.SPK/BA.17/BA010102/2026
TUG5_TUG6,mr6-tug6-100,MR6-2026-000100,,1221.SPK/BA.17/BA010102/2026,spk-juli-100,Malahayati Baruna,,,Approved,2026-07-31T08:30:00.000Z,,,1221.SPK/BA.17/BA010102/2026,2,sp-juli-1145,Wire Rope Luffing,-,2,2,pcs,0,10,Permintaan SPK 1221.SPK/BA.17/BA010102/2026
TUG5_TUG6,mr6-tug6-101,MR6-2026-000101,,1190.SPK/BA.17/BA010102/2026,spk-juli-101,Srikandi Baruna 2203,,,Approved,2026-07-31T08:30:00.000Z,,,1190.SPK/BA.17/BA010102/2026,1,sp-juli-1146,intercom,-,3,3,unit,0,10,Permintaan SPK 1190.SPK/BA.17/BA010102/2026
TUG5_TUG6,mr6-tug6-101,MR6-2026-000101,,1190.SPK/BA.17/BA010102/2026,spk-juli-101,Srikandi Baruna 2203,,,Approved,2026-07-31T08:30:00.000Z,,,1190.SPK/BA.17/BA010102/2026,2,sp-juli-1147,alarm bell,-,2,2,pcs,0,10,Permintaan SPK 1190.SPK/BA.17/BA010102/2026
TUG5_TUG6,mr6-tug6-101,MR6-2026-000101,,1190.SPK/BA.17/BA010102/2026,spk-juli-101,Srikandi Baruna 2203,,,Approved,2026-07-31T08:30:00.000Z,,,1190.SPK/BA.17/BA010102/2026,3,sp-juli-1148,OMRON,-,4,4,pcs,0,10,Permintaan SPK 1190.SPK/BA.17/BA010102/2026
TUG5_TUG6,mr6-tug6-101,MR6-2026-000101,,1190.SPK/BA.17/BA010102/2026,spk-juli-101,Srikandi Baruna 2203,,,Approved,2026-07-31T08:30:00.000Z,,,1190.SPK/BA.17/BA010102/2026,4,sp-juli-1149,TRAFO POWER,-,1,1,unit,0,10,Permintaan SPK 1190.SPK/BA.17/BA010102/2026
TUG5_TUG6,mr6-tug6-101,MR6-2026-000101,,1190.SPK/BA.17/BA010102/2026,spk-juli-101,Srikandi Baruna 2203,,,Approved,2026-07-31T08:30:00.000Z,,,1190.SPK/BA.17/BA010102/2026,5,sp-juli-1150,FREON R32 KEMASAN 5KG,-,1,1,lot,0,10,Permintaan SPK 1190.SPK/BA.17/BA010102/2026
TUG5_TUG6,mr6-tug6-101,MR6-2026-000101,,1190.SPK/BA.17/BA010102/2026,spk-juli-101,Srikandi Baruna 2203,,,Approved,2026-07-31T08:30:00.000Z,,,1190.SPK/BA.17/BA010102/2026,6,sp-juli-1151,RACOR,-,40,40,pcs,0,10,Permintaan SPK 1190.SPK/BA.17/BA010102/2026
TUG5_TUG6,mr6-tug6-101,MR6-2026-000101,,1190.SPK/BA.17/BA010102/2026,spk-juli-101,Srikandi Baruna 2203,,,Approved,2026-07-31T08:30:00.000Z,,,1190.SPK/BA.17/BA010102/2026,7,sp-juli-1152,LUBE FILTER,-,24,24,pcs,0,10,Permintaan SPK 1190.SPK/BA.17/BA010102/2026
TUG5_TUG6,mr6-tug6-101,MR6-2026-000101,,1190.SPK/BA.17/BA010102/2026,spk-juli-101,Srikandi Baruna 2203,,,Approved,2026-07-31T08:30:00.000Z,,,1190.SPK/BA.17/BA010102/2026,8,sp-juli-1153,LO FILTER BY PASS,-,12,12,pcs,0,10,Permintaan SPK 1190.SPK/BA.17/BA010102/2026
TUG5_TUG6,mr6-tug6-101,MR6-2026-000101,,1190.SPK/BA.17/BA010102/2026,spk-juli-101,Srikandi Baruna 2203,,,Approved,2026-07-31T08:30:00.000Z,,,1190.SPK/BA.17/BA010102/2026,9,sp-juli-1154,LO FILTER,-,24,24,pcs,0,10,Permintaan SPK 1190.SPK/BA.17/BA010102/2026
TUG5_TUG6,mr6-tug6-101,MR6-2026-000101,,1190.SPK/BA.17/BA010102/2026,spk-juli-101,Srikandi Baruna 2203,,,Approved,2026-07-31T08:30:00.000Z,,,1190.SPK/BA.17/BA010102/2026,10,sp-juli-1155,BOLA LAMPU NAVIGASI,-,24,24,pcs,0,10,Permintaan SPK 1190.SPK/BA.17/BA010102/2026
TUG5_TUG6,mr6-tug6-102,MR6-2026-000102,,1188.SPK/BA.17/BA010102/2026,spk-juli-102,Meutia Baruna,,,Approved,2026-07-31T08:30:00.000Z,,,1188.SPK/BA.17/BA010102/2026,1,sp-juli-1156,INVERTER,-,1,1,lot,0,10,Permintaan SPK 1188.SPK/BA.17/BA010102/2026
TUG5_TUG6,mr6-tug6-102,MR6-2026-000102,,1188.SPK/BA.17/BA010102/2026,spk-juli-102,Meutia Baruna,,,Approved,2026-07-31T08:30:00.000Z,,,1188.SPK/BA.17/BA010102/2026,2,sp-juli-1157,591255 HD TOOL,-,50,50,set,0,10,Permintaan SPK 1188.SPK/BA.17/BA010102/2026
TUG5_TUG6,mr6-tug6-102,MR6-2026-000102,,1188.SPK/BA.17/BA010102/2026,spk-juli-102,Meutia Baruna,,,Approved,2026-07-31T08:30:00.000Z,,,1188.SPK/BA.17/BA010102/2026,3,sp-juli-1158,MIYAKO RICE COOKER,-,1,1,pcs,0,10,Permintaan SPK 1188.SPK/BA.17/BA010102/2026
TUG5_TUG6,mr6-tug6-103,MR6-2026-000103,,1303.Pj/BA.301/BA010400/2026,spk-juli-103,Martha Baruna,,,Approved,2026-07-10T08:30:00.000Z,,,1303.Pj/BA.301/BA010400/2026,1,sp-juli-1159,PENGADAAN SPAREPART & JASA GENERAL OVERHAUL,-,1,1,lot,0,10,Permintaan SPK 1303.Pj/BA.301/BA010400/2026
TUG5_TUG6,mr6-tug6-104,MR6-2026-000104,,1291.Pj/BA.301/BA010400/2026,spk-juli-104,Martha Baruna,,,Approved,2026-07-09T08:30:00.000Z,,,1291.Pj/BA.301/BA010400/2026,1,sp-juli-1160,PENGADAAN MATERIAL RUBBER HATCH COVER,-,1,1,lot,0,10,Permintaan SPK 1291.Pj/BA.301/BA010400/2026
